datetime,count
2011-01-20 00:00:00,11.032
2011-01-20 01:00:00,5.52
2011-01-20 02:00:00,3.736
2011-01-20 03:00:00,3.275392857142857
2011-01-20 04:00:00,2.8123428571428573
2011-01-20 05:00:00,5.94
2011-01-20 06:00:00,35.940400000000004
2011-01-20 07:00:00,89.4922
2011-01-20 08:00:00,204.2
2011-01-20 09:00:00,119.22338567251462
2011-01-20 10:00:00,60.58530282494483
2011-01-20 11:00:00,62.27552380170568
2011-01-20 12:00:00,80.86020573038074
2011-01-20 13:00:00,74.76389773539442
2011-01-20 14:00:00,80.5009357758942
2011-01-20 15:00:00,85.58180129795386
2011-01-20 16:00:00,89.66554487382244
2011-01-20 17:00:00,203.126
2011-01-20 18:00:00,173.134
2011-01-20 19:00:00,91.97053607502484
2011-01-20 20:00:00,73.05529305210916
2011-01-20 21:00:00,48.54886929824561
2011-01-20 22:00:00,43.42305263157895
2011-01-20 23:00:00,23.1
2011-01-21 00:00:00,14.332
2011-01-21 01:00:00,6.716
2011-01-21 02:00:00,4.738
2011-01-21 03:00:00,2.92
2011-01-21 04:00:00,2.5068
2011-01-21 05:00:00,4.12
2011-01-21 06:00:00,32.3284
2011-01-21 07:00:00,88.82703333333335
2011-01-21 08:00:00,192.834
2011-01-21 09:00:00,124.2085
2011-01-21 10:00:00,49.377995327377924
2011-01-21 11:00:00,60.24932794541349
2011-01-21 12:00:00,71.87018987038282
2011-01-21 13:00:00,69.6599731572248
2011-01-21 14:00:00,66.47954696674863
2011-01-21 15:00:00,64.5468728466658
2011-01-21 16:00:00,82.24788674151935
2011-01-21 17:00:00,158.988
2011-01-21 18:00:00,152.354
2011-01-21 19:00:00,85.91284444444445
2011-01-21 20:00:00,63.6596
2011-01-21 21:00:00,40.803
2011-01-21 22:00:00,33.333
2011-01-21 23:00:00,20.346
2011-01-22 00:00:00,24.35
2011-01-22 01:00:00,17.008
2011-01-22 02:00:00,14.002
2011-01-22 03:00:00,8.532
2011-01-22 04:00:00,3.288
2011-01-22 06:00:00,4.552
2011-01-22 07:00:00,14.662
2011-01-22 08:00:00,20.206
2011-01-22 09:00:00,32.41
2011-01-22 10:00:00,53.768214285714286
2011-01-22 11:00:00,56.387142857142855
2011-01-22 12:00:00,63.887213553113554
2011-01-22 13:00:00,67.99445586080586
2011-01-22 14:00:00,65.15048608058608
2011-01-22 15:00:00,66.71833131868132
2011-01-22 16:00:00,64.33801782661783
2011-01-22 17:00:00,69.12641538461538
2011-01-22 18:00:00,53.99563492063492
2011-01-22 19:00:00,44.93270952380953
2011-01-22 20:00:00,39.11686608946609
2011-01-22 21:00:00,38.359
2011-01-22 22:00:00,31.676
2011-01-22 23:00:00,16.698
2011-01-23 00:00:00,26.654
2011-01-23 01:00:00,19.974
2011-01-23 02:00:00,14.918
2011-01-23 03:00:00,13.904
2011-01-23 05:00:00,2.736
2011-01-23 06:00:00,2.196
2011-01-23 07:00:00,11.166
2011-01-23 08:00:00,17.084
2011-01-23 09:00:00,29.558
2011-01-23 10:00:00,50.819066666666664
2011-01-23 11:00:00,56.617602005012536
2011-01-23 12:00:00,66.31830476190476
2011-01-23 13:00:00,61.594523809523814
2011-01-23 14:00:00,65.01459682539684
2011-01-23 15:00:00,64.7180634920635
2011-01-23 16:00:00,65.23572857142858
2011-01-23 17:00:00,60.00761111111112
2011-01-23 18:00:00,55.46489682539683
2011-01-23 19:00:00,40.305119047619044
2011-01-23 20:00:00,34.157444444444444
2011-01-23 21:00:00,26.884444444444444
2011-01-23 22:00:00,19.44
2011-01-23 23:00:00,14.344
2011-01-24 00:00:00,9.68
2011-01-24 01:00:00,4.054444444444444
2011-01-24 03:00:00,1.844
2011-01-24 04:00:00,2.365
2011-01-24 05:00:00,5.318
2011-01-24 06:00:00,31.234
2011-01-24 07:00:00,78.896
2011-01-24 08:00:00,187.228
2011-01-24 09:00:00,101.8245
2011-01-24 10:00:00,45.87658092104833
2011-01-24 11:00:00,40.98501376891944
2011-01-24 12:00:00,48.94266749036138
2011-01-24 13:00:00,47.17459399598225
2011-01-24 14:00:00,44.03833791661269
2011-01-24 15:00:00,55.77992066100824
2011-01-24 16:00:00,76.55269336808416
2011-01-24 17:00:00,155.858
2011-01-24 18:00:00,152.52
2011-01-24 19:00:00,91.063822005772
2011-01-24 20:00:00,64.75021168831168
2011-01-24 21:00:00,42.333357142857146
2011-01-24 22:00:00,26.960857142857144
2011-01-24 23:00:00,18.912
2011-01-25 00:00:00,8.318
2011-01-25 01:00:00,3.868
2011-01-25 02:00:00,2.459285714285714
2011-01-25 04:00:00,1.817832327802916
2011-01-25 05:00:00,4.73
2011-01-25 06:00:00,33.984
2011-01-25 07:00:00,74.83968571428571
2011-01-25 08:00:00,187.262
2011-01-25 09:00:00,111.70016666666668
2011-01-25 10:00:00,57.908662638810455
2011-01-25 11:00:00,58.640763466414235
2011-01-25 12:00:00,73.91656735786003
2011-01-25 13:00:00,73.02505075165921
2011-01-25 14:00:00,76.67891786269287
2011-01-25 15:00:00,78.30656404428906
2011-01-25 16:00:00,89.24588080808084
2011-01-25 17:00:00,210.244
2011-01-25 18:00:00,190.198
2011-01-25 19:00:00,99.604578860745
2011-01-25 20:00:00,73.28469931777335
2011-01-25 21:00:00,48.11616929824561
2011-01-25 22:00:00,37.71234310776942
2011-01-25 23:00:00,18.9
2011-01-26 00:00:00,8.288
2011-01-26 01:00:00,5.886
2011-01-26 02:00:00,3.0927777777777776
2011-01-26 05:00:00,3.212
2011-01-26 06:00:00,26.196
2011-01-26 07:00:00,58.41
2011-01-26 08:00:00,155.98
2011-01-26 09:00:00,78.62
2011-01-26 10:00:00,40.426661487050964
2011-01-26 11:00:00,36.850350375939854
2011-01-26 12:00:00,37.79821704260651
2011-01-26 13:00:00,39.38781704260652
2011-01-26 14:00:00,38.661483709273185
2011-01-26 15:00:00,38.843333333333334
2011-01-26 16:00:00,54.402898351648346
2011-01-26 17:00:00,127.226
2011-01-27 16:00:00,75.39559712754871
2011-01-27 17:00:00,170.922
2011-01-27 18:00:00,141.456
2011-01-27 19:00:00,93.04865139700341
2011-01-27 20:00:00,75.29645363525363
2011-01-27 21:00:00,47.49900977443609
2011-01-27 22:00:00,39.340600250626565
2011-01-27 23:00:00,19.04
2011-01-28 00:00:00,13.152
2011-01-28 01:00:00,6.664
2011-01-28 02:00:00,2.556
2011-01-28 03:00:00,2.398666666666667
2011-01-28 05:00:00,6.096
2011-01-28 06:00:00,31.304
2011-01-28 07:00:00,82.946
2011-01-28 08:00:00,191.67
2011-01-28 09:00:00,75.38
2011-01-28 10:00:00,38.262535839598996
2011-01-28 11:00:00,40.97434285714285
2011-01-28 12:00:00,45.92833333333333
2011-01-28 13:00:00,48.70925
2011-01-28 14:00:00,56.385485714285714
2011-01-28 15:00:00,54.38170357142857
2011-01-28 16:00:00,80.3368523809524
2011-01-28 17:00:00,163.168
2011-01-28 18:00:00,153.582
2011-01-28 19:00:00,94.95161063381063
2011-01-28 20:00:00,71.33631501831502
2011-01-28 21:00:00,45.94405263157895
2011-01-28 22:00:00,42.02388596491228
2011-01-28 23:00:00,24.982
2011-01-29 00:00:00,26.008
2011-01-29 01:00:00,21.394
2011-01-29 02:00:00,16.114
2011-01-29 03:00:00,11.578
2011-01-29 04:00:00,2.826
2011-01-29 06:00:00,3.04
2011-01-29 07:00:00,11.532
2011-01-29 08:00:00,21.8395
2011-01-29 09:00:00,38.5402
2011-01-29 10:00:00,60.87940833333333
2011-01-29 11:00:00,60.81180833333334
2011-01-29 12:00:00,76.17048544583214
2011-01-29 13:00:00,78.75089308541477
2011-01-29 14:00:00,75.19956473598641
2011-01-29 15:00:00,80.4189597129393
2011-01-29 16:00:00,80.99374236362195
2011-01-29 17:00:00,76.3324878121878
2011-01-29 18:00:00,69.52577360812562
2011-01-29 19:00:00,66.72671868131867
2011-01-29 20:00:00,49.70020125430127
2011-01-29 21:00:00,40.33405263157895
2011-01-29 22:00:00,31.96740476190476
2011-01-29 23:00:00,18.19
2011-01-30 00:00:00,26.272
2011-01-30 01:00:00,26.744
2011-01-30 02:00:00,20.696
2011-01-30 03:00:00,11.278
2011-01-30 04:00:00,5.096
2011-01-30 05:00:00,4.352
2011-01-30 07:00:00,9.000666666666667
2011-01-30 08:00:00,15.954666666666666
2011-01-30 09:00:00,31.606
2011-01-30 10:00:00,56.85104166666667
2011-01-30 11:00:00,59.035125
2011-01-30 12:00:00,88.37499096459096
2011-01-30 13:00:00,76.0964336155073
2011-01-30 14:00:00,78.22057412587412
2011-01-30 15:00:00,84.68999047619049
2011-01-30 16:00:00,85.01672857142859
2011-01-30 17:00:00,78.24601510682297
2011-01-30 18:00:00,67.92277209982998
2011-01-30 19:00:00,53.94074439420229
2011-01-30 20:00:00,48.58045897435898
2011-01-30 21:00:00,30.534
2011-01-30 22:00:00,21.948
2011-01-30 23:00:00,15.118
2011-01-31 00:00:00,10.68
2011-01-31 01:00:00,3.494
2011-01-31 02:00:00,2.63
2011-01-31 03:00:00,2.432090909090909
2011-01-31 04:00:00,2.114192156862745
2011-01-31 05:00:00,2.428
2011-01-31 06:00:00,33.822
2011-01-31 07:00:00,78.3035
2011-01-31 08:00:00,166.032
2011-01-31 09:00:00,89.43180000000001
2011-01-31 10:00:00,43.71887637140034
2011-01-31 11:00:00,43.22054231656629
2011-01-31 12:00:00,58.23665130601626
2011-01-31 13:00:00,57.90899508938772
2011-01-31 14:00:00,53.55489386591598
2011-01-31 15:00:00,51.2169071400814
2011-01-31 16:00:00,76.08629812220802
2011-01-31 17:00:00,156.062
2011-01-31 18:00:00,151.768
2011-01-31 19:00:00,97.67646814166227
2011-01-31 20:00:00,62.09844761904761
2011-01-31 21:00:00,33.922
2011-01-31 22:00:00,30.243357142857146
2011-01-31 23:00:00,17.414
2011-02-20 00:00:00,35.976
2011-02-20 01:00:00,29.082
2011-02-20 02:00:00,19.108
2011-02-20 03:00:00,9.93
2011-02-20 04:00:00,2.99
2011-02-20 06:00:00,2.8
2011-02-20 07:00:00,15.478
2011-02-20 08:00:00,20.630666666666663
2011-02-20 09:00:00,43.44631428571429
2011-02-20 10:00:00,79.7879434288875
2011-02-20 11:00:00,104.93936785477894
2011-02-20 12:00:00,119.1940206201935
2011-02-20 13:00:00,157.45873658357675
2011-02-20 14:00:00,143.1734468858205
2011-02-20 15:00:00,153.78360319651887
2011-02-20 16:00:00,148.2013585338487
2011-02-20 17:00:00,132.37381953078176
2011-02-20 18:00:00,111.03411981443791
2011-02-20 19:00:00,92.66144456639925
2011-02-20 20:00:00,89.64089285714284
2011-02-20 21:00:00,57.87544444444445
2011-02-20 22:00:00,47.9656
2011-02-20 23:00:00,36.914
2011-02-21 00:00:00,25.148
2011-02-21 01:00:00,20.288
2011-02-21 02:00:00,9.694
2011-02-21 03:00:00,4.607090909090909
2011-02-21 04:00:00,3.9847575757575755
2011-02-21 05:00:00,8.054
2011-02-21 06:00:00,20.58
2011-02-21 07:00:00,93.44466666666666
2011-02-21 08:00:00,87.96130006901312
2011-02-21 09:00:00,108.42035709794911
2011-02-21 10:00:00,80.69966847033575
2011-02-21 11:00:00,77.88527588036189
2011-02-21 12:00:00,83.75746923224749
2011-02-21 13:00:00,60.24264102564102
2011-02-21 14:00:00,86.9420801552008
2011-02-21 15:00:00,88.85310262668044
2011-02-21 16:00:00,68.20783333333333
2011-02-21 17:00:00,84.88522789502494
2011-02-21 18:00:00,83.6635009157509
2011-02-21 19:00:00,82.26547216117214
2011-02-21 20:00:00,51.07351111111112
2011-02-21 21:00:00,40.481497076023395
2011-02-21 22:00:00,28.271941520467838
2011-02-21 23:00:00,19.076
2011-02-22 06:00:00,32.2244
2011-02-22 07:00:00,88.94786666666667
2011-02-22 08:00:00,193.186
2011-02-22 09:00:00,117.29726666666667
2011-02-22 10:00:00,46.89153716809507
2011-02-22 11:00:00,50.18677718787059
2011-02-22 12:00:00,58.871146518952905
2011-02-22 13:00:00,67.04342530959258
2011-02-22 14:00:00,65.11966763823054
2011-02-22 15:00:00,73.61958437305854
2011-02-22 16:00:00,73.67159630375947
2011-02-22 17:00:00,170.896
2011-02-22 18:00:00,161.806
2011-02-22 19:00:00,94.10178310513017
2011-02-22 20:00:00,74.25535062649767
2011-02-22 21:00:00,56.45649707602339
2011-02-22 22:00:00,34.76278571428572
2011-02-22 23:00:00,22.072
2011-02-23 00:00:00,12.144
2011-02-23 01:00:00,5.676444444444444
2011-02-23 02:00:00,2.328
2011-02-23 03:00:00,1.4543333333333333
2011-02-23 05:00:00,5.681333333333334
2011-02-23 06:00:00,30.852
2011-02-23 07:00:00,90.40553333333334
2011-02-23 08:00:00,201.022
2011-02-23 09:00:00,122.98246666666665
2011-02-23 10:00:00,57.74721486740813
2011-02-23 11:00:00,61.73548833281444
2011-02-23 12:00:00,74.65007732127178
2011-02-23 13:00:00,79.63322248586385
2011-02-23 14:00:00,83.34387333411686
2011-02-23 15:00:00,83.93392289283429
2011-02-23 16:00:00,109.1951247407015
2011-02-23 17:00:00,221.324
2011-02-23 18:00:00,206.376
2011-02-23 19:00:00,117.07135753790763
2011-02-23 20:00:00,75.55551236547556
2011-02-23 21:00:00,62.19063333333333
2011-02-23 22:00:00,46.73279047619048
2011-02-23 23:00:00,28.200666666666667
2011-02-24 00:00:00,12.034
2011-02-24 01:00:00,5.605047619047619
2011-02-24 02:00:00,2.443857142857143
2011-02-24 03:00:00,1.8035873015873014
2011-02-24 05:00:00,5.421333333333334
2011-02-24 06:00:00,35.5664
2011-02-24 07:00:00,94.53654523809524
2011-02-24 08:00:00,224.018
2011-02-24 09:00:00,123.21243333333335
2011-02-24 10:00:00,60.518900783177514
2011-02-24 11:00:00,82.45126308307162
2011-02-24 12:00:00,98.76227618092034
2011-02-24 13:00:00,97.57026024916964
2011-02-24 14:00:00,102.8491182634652
2011-02-24 15:00:00,37.608201914751916
2011-02-24 16:00:00,47.708853881625615
2011-02-24 17:00:00,198.948
2011-02-24 18:00:00,170.964
2011-02-24 19:00:00,47.756276190476186
2011-02-24 20:00:00,82.6931374870669
2011-02-24 21:00:00,61.16182857142857
2011-02-24 22:00:00,40.812
2011-02-24 23:00:00,37.14333333333333
2011-02-25 00:00:00,14.16
2011-02-25 01:00:00,11.532
2011-02-25 02:00:00,9.316
2011-02-25 03:00:00,2.3758428571428567
2011-02-25 05:00:00,8.238
2011-02-25 06:00:00,31.65
2011-02-25 07:00:00,58.308
2011-02-25 08:00:00,201.428
2011-02-25 09:00:00,42.292
2011-02-25 10:00:00,29.298
2011-02-25 11:00:00,125.9072
2011-02-25 12:00:00,160.54
2011-02-25 13:00:00,159.80933333333334
2011-02-25 14:00:00,159.992
2011-02-25 15:00:00,158.17086666666663
2011-02-25 16:00:00,107.53229991262276
2011-02-25 17:00:00,191.464
2011-02-25 18:00:00,178.922
2011-02-25 19:00:00,106.64992395547588
2011-02-25 20:00:00,75.22336157916158
2011-02-25 21:00:00,51.98471929824561
2011-02-25 22:00:00,40.97287485380117
2011-02-25 23:00:00,31.471333333333334
2011-02-26 00:00:00,29.934
2011-02-26 01:00:00,24.398
2011-02-26 02:00:00,17.464
2011-02-26 03:00:00,12.416
2011-02-26 04:00:00,2.792
2011-02-26 05:00:00,2.344
2011-02-26 06:00:00,3.126
2011-02-26 07:00:00,10.15
2011-02-26 08:00:00,25.148
2011-02-26 09:00:00,55.49768050847458
2011-02-26 10:00:00,99.84863742547388
2011-02-26 11:00:00,119.13785777994408
2011-02-26 12:00:00,117.32057573407896
2011-02-26 13:00:00,133.51316136245305
2011-02-26 14:00:00,131.06525507839592
2011-02-26 15:00:00,137.06952564880996
2011-02-26 16:00:00,132.6405234745808
2011-02-26 17:00:00,131.81074037975227
2011-02-26 18:00:00,114.30328266254385
2011-02-26 19:00:00,82.81057450925627
2011-02-26 20:00:00,66.02409539546284
2011-02-26 21:00:00,49.476278822055136
2011-02-26 22:00:00,45.117089139515464
2011-02-26 23:00:00,41.658
2011-02-27 00:00:00,35.618
2011-02-27 01:00:00,30.204
2011-02-27 02:00:00,21.672
2011-02-27 03:00:00,12.586
2011-02-27 04:00:00,5.326
2011-02-27 06:00:00,3.238
2011-02-27 07:00:00,12.112666666666668
2011-02-27 08:00:00,35.17666666666667
2011-02-27 09:00:00,54.66453333333334
2011-02-27 10:00:00,85.50076293563794
2011-02-27 11:00:00,133.4357491495519
2011-02-27 12:00:00,149.29063611886377
2011-02-27 13:00:00,159.22384310982602
2011-02-27 14:00:00,184.67799068560097
2011-02-27 15:00:00,217.652
2011-02-27 16:00:00,252.75
2011-02-27 17:00:00,133.89616157877268
2011-02-27 18:00:00,113.15165469600981
2011-02-27 19:00:00,93.10631815291943
2011-02-27 20:00:00,83.2444308080808
2011-02-27 21:00:00,65.87324444444445
2011-02-27 22:00:00,53.934
2011-02-27 23:00:00,41.052
2011-02-28 00:00:00,16.258
2011-02-28 01:00:00,4.97
2011-02-28 03:00:00,2.0901255411255413
2011-02-28 05:00:00,9.032
2011-02-28 06:00:00,39.142
2011-02-28 07:00:00,107.8248
2011-02-28 08:00:00,226.79
2011-02-28 09:00:00,115.8803
2011-02-28 10:00:00,91.1484
2011-02-28 11:00:00,109.5381
2011-02-28 12:00:00,127.5630175824176
2011-02-28 13:00:00,86.706
2011-02-28 14:00:00,37.812
2011-02-28 15:00:00,37.742
2011-02-28 16:00:00,59.412
2011-02-28 17:00:00,180.424
2011-02-28 18:00:00,247.284
2011-02-28 19:00:00,55.7
2011-02-28 20:00:00,55.698
2011-02-28 21:00:00,67.31653529411766
2011-02-28 22:00:00,39.044
2011-02-28 23:00:00,26.078
2011-03-20 00:00:00,37.95
2011-03-20 01:00:00,33.422
2011-03-20 02:00:00,20.372
2011-03-20 03:00:00,11.264
2011-03-20 04:00:00,3.704
2011-03-20 05:00:00,3.382
2011-03-20 06:00:00,2.956
2011-03-20 07:00:00,26.116
2011-03-20 08:00:00,47.94466666666667
2011-03-20 09:00:00,81.2907854811855
2011-03-20 10:00:00,116.80282490448622
2011-03-20 11:00:00,139.53507201839383
2011-03-20 12:00:00,152.7950161905444
2011-03-20 13:00:00,154.4941879336463
2011-03-20 14:00:00,156.11737730878724
2011-03-20 15:00:00,154.27445373801737
2011-03-20 16:00:00,148.91748099399092
2011-03-20 17:00:00,127.57910017143848
2011-03-20 18:00:00,132.71641164007616
2011-03-20 19:00:00,105.68568151619476
2011-03-20 20:00:00,90.64892902222866
2011-03-20 21:00:00,58.904643790849676
2011-03-20 22:00:00,51.406
2011-03-20 23:00:00,35.182
2011-03-21 00:00:00,11.996
2011-03-21 01:00:00,6.6245
2011-03-21 02:00:00,7.485833333333333
2011-03-21 03:00:00,3.422880952380953
2011-03-21 05:00:00,5.11
2011-03-21 06:00:00,40.234
2011-03-21 07:00:00,56.668
2011-03-21 08:00:00,236.216
2011-03-21 09:00:00,116.80642832006704
2011-03-21 10:00:00,74.84880308478988
2011-03-21 11:00:00,84.23413426725992
2011-03-21 12:00:00,91.48916835720611
2011-03-21 13:00:00,126.59049211638035
2011-03-21 14:00:00,125.40031073109895
2011-03-21 15:00:00,142.72940000000003
2011-03-21 16:00:00,166.84633333333332
2011-03-21 17:00:00,350.06
2011-03-21 18:00:00,313.198
2011-03-21 19:00:00,196.484
2011-03-21 20:00:00,164.11
2011-03-21 21:00:00,98.956
2011-03-21 22:00:00,83.72
2011-03-21 23:00:00,70.158
2011-03-22 00:00:00,30.034
2011-03-22 01:00:00,8.0808
2011-03-22 02:00:00,7.290751515151515
2011-03-22 03:00:00,3.515992396492397
2011-03-22 04:00:00,3.3349714285714285
2011-03-22 05:00:00,11.72
2011-03-22 06:00:00,43.492
2011-03-22 07:00:00,122.69842698412698
2011-03-22 08:00:00,272.826
2011-03-22 09:00:00,128.2177921728809
2011-03-22 10:00:00,92.28822720694342
2011-03-22 11:00:00,93.66569567181187
2011-03-22 12:00:00,127.53379285714286
2011-03-22 13:00:00,112.03377844116666
2011-03-22 14:00:00,114.1177359614242
2011-03-22 15:00:00,117.35113984087808
2011-03-22 16:00:00,159.15494999999999
2011-03-22 17:00:00,323.368
2011-03-22 18:00:00,301.37
2011-03-22 19:00:00,156.96647878787877
2011-03-22 20:00:00,136.154
2011-03-22 21:00:00,88.44034545454547
2011-03-22 22:00:00,66.045
2011-03-22 23:00:00,37.304
2011-03-23 00:00:00,15.762
2011-03-23 01:00:00,7.296
2011-03-23 02:00:00,4.841663636363637
2011-03-23 03:00:00,2.862510461760462
2011-03-23 05:00:00,8.038
2011-03-23 06:00:00,46.33
2011-03-23 07:00:00,108.02218333333333
2011-03-23 08:00:00,257.362
2011-03-23 09:00:00,133.12776138870547
2011-03-23 10:00:00,70.6641962556815
2011-03-23 11:00:00,72.76979955582546
2011-03-23 12:00:00,78.34501693540929
2011-03-23 13:00:00,60.620599999999996
2011-03-23 14:00:00,84.37229507291568
2011-03-23 15:00:00,82.71677446721415
2011-03-23 16:00:00,130.67653844292963
2011-03-23 17:00:00,261.58
2011-03-23 18:00:00,183.236
2011-03-23 19:00:00,53.11474285714285
2011-03-23 20:00:00,47.4129
2011-03-23 21:00:00,48.812
2011-03-23 22:00:00,35.284
2011-03-23 23:00:00,27.644
2011-03-24 00:00:00,11.242
2011-03-24 01:00:00,6.58
2011-03-24 02:00:00,5.238
2011-03-24 03:00:00,2.482809523809524
2011-03-24 04:00:00,1.952
2011-03-24 05:00:00,7.004
2011-03-24 06:00:00,40.936
2011-03-24 07:00:00,65.02
2011-03-24 08:00:00,166.302
2011-03-24 09:00:00,139.4866305084746
2011-03-24 10:00:00,59.389524970874916
2011-03-24 11:00:00,70.79673696314354
2011-03-24 12:00:00,87.56522269926599
2011-03-24 13:00:00,90.43705754276917
2011-03-24 14:00:00,88.26534874676159
2011-03-24 15:00:00,83.61542981181289
2011-03-24 16:00:00,98.24621273054781
2011-03-24 17:00:00,236.668
2011-03-24 18:00:00,205.542
2011-03-24 19:00:00,114.71576168946362
2011-03-24 20:00:00,81.39621959221664
2011-03-24 21:00:00,57.353166666666674
2011-03-24 22:00:00,47.09824761904761
2011-03-24 23:00:00,31.39
2011-03-25 00:00:00,14.544
2011-03-25 01:00:00,5.332
2011-03-25 02:00:00,2.742
2011-03-25 03:00:00,2.4646
2011-03-25 04:00:00,1.685520749838397
2011-03-25 05:00:00,7.596
2011-03-25 06:00:00,40.2
2011-03-25 07:00:00,105.01706190476192
2011-03-25 08:00:00,240.942
2011-03-25 09:00:00,140.1645
2011-03-25 10:00:00,76.11574615705929
2011-03-25 11:00:00,86.30502933600289
2011-03-25 12:00:00,93.58102233892613
2011-03-25 13:00:00,92.50581515330501
2011-03-25 14:00:00,105.67898813928527
2011-03-25 15:00:00,99.46887743073287
2011-03-25 16:00:00,119.93219843669
2011-03-25 17:00:00,223.482
2011-03-25 18:00:00,217.6
2011-03-25 19:00:00,115.82178185165603
2011-03-25 20:00:00,88.30589285232311
2011-03-25 21:00:00,60.82528181818182
2011-03-25 22:00:00,45.44178571428571
2011-03-25 23:00:00,32.45333333333333
2011-03-26 00:00:00,32.382
2011-03-26 01:00:00,28.602
2011-03-26 02:00:00,16.544
2011-03-26 03:00:00,9.84
2011-03-26 04:00:00,3.412
2011-03-26 05:00:00,3.166
2011-03-26 06:00:00,5.718
2011-03-26 07:00:00,28.094
2011-03-26 08:00:00,37.236
2011-03-26 09:00:00,62.186099999999996
2011-03-26 10:00:00,88.64499276843685
2011-03-26 11:00:00,94.58902696757103
2011-03-26 12:00:00,114.22404655288763
2011-03-26 13:00:00,125.46444682206297
2011-03-26 14:00:00,140.16810000999766
2011-03-26 15:00:00,147.01954055001318
2011-03-26 16:00:00,137.61266352300626
2011-03-26 17:00:00,118.35070467498852
2011-03-26 18:00:00,110.5705765539266
2011-03-26 19:00:00,70.68769849789257
2011-03-26 20:00:00,63.23798703703704
2011-03-26 21:00:00,52.63133333333333
2011-03-26 22:00:00,44.676519047619045
2011-03-26 23:00:00,33.092
2011-03-27 00:00:00,35.198
2011-03-27 01:00:00,24.622
2011-03-27 02:00:00,19.32
2011-03-27 03:00:00,11.162
2011-03-27 04:00:00,4.742
2011-03-27 06:00:00,5.004
2011-03-27 07:00:00,29.784
2011-03-27 08:00:00,35.02
2011-03-27 09:00:00,54.876
2011-03-27 10:00:00,78.3287261904762
2011-03-27 11:00:00,81.37761781551782
2011-03-27 12:00:00,89.41043165732573
2011-03-27 13:00:00,116.2492620125031
2011-03-27 14:00:00,126.47234751160272
2011-03-27 15:00:00,125.28487922058741
2011-03-27 16:00:00,155.2997247443878
2011-03-27 17:00:00,121.32047374973044
2011-03-27 18:00:00,99.19484634497145
2011-03-27 19:00:00,88.45077753053855
2011-03-27 20:00:00,53.54829147869674
2011-03-27 21:00:00,43.595
2011-03-27 22:00:00,39.4612380952381
2011-03-27 23:00:00,31.656666666666666
2011-03-28 00:00:00,9.99
2011-03-28 01:00:00,4.374444444444444
2011-03-28 02:00:00,2.924
2011-03-28 03:00:00,2.091
2011-03-28 05:00:00,6.36
2011-03-28 06:00:00,40.776
2011-03-28 07:00:00,104.31816666666667
2011-03-28 08:00:00,239.454
2011-03-28 09:00:00,131.40369047619046
2011-03-28 10:00:00,66.65189273309161
2011-03-28 11:00:00,63.05704101393874
2011-03-28 12:00:00,74.24054461645082
2011-03-28 13:00:00,81.53095404264356
2011-03-28 14:00:00,85.68542474339662
2011-03-28 15:00:00,88.12090173972736
2011-03-28 16:00:00,116.55635005075132
2011-03-28 17:00:00,241.482
2011-03-28 18:00:00,226.37
2011-03-28 19:00:00,127.18838561409349
2011-03-28 20:00:00,98.03225793650795
2011-03-28 21:00:00,63.78183333333334
2011-03-28 22:00:00,46.665285714285716
2011-03-28 23:00:00,28.36
2011-03-29 00:00:00,12.01
2011-03-29 01:00:00,2.792
2011-03-29 02:00:00,3.426285714285714
2011-03-29 03:00:00,2.67
2011-03-29 04:00:00,1.7199477124183007
2011-03-29 05:00:00,5.738
2011-03-29 06:00:00,43.11
2011-03-29 07:00:00,108.762
2011-03-29 08:00:00,244.358
2011-03-29 09:00:00,138.97708333333333
2011-03-29 10:00:00,74.47560913779549
2011-03-29 11:00:00,80.12695144844767
2011-03-29 12:00:00,92.37615715862869
2011-03-29 13:00:00,87.07880892735012
2011-03-29 14:00:00,93.43844928630874
2011-03-29 15:00:00,96.7359387478929
2011-03-29 16:00:00,117.30681047833552
2011-03-29 17:00:00,260.864
2011-03-29 18:00:00,242.988
2011-03-29 19:00:00,140.60913140280772
2011-03-29 20:00:00,111.61493672438675
2011-03-29 21:00:00,76.72581212121213
2011-03-29 22:00:00,59.93
2011-03-29 23:00:00,26.818
2011-03-30 00:00:00,14.318
2011-03-30 01:00:00,8.240133333333333
2011-03-30 02:00:00,4.174607142857143
2011-03-30 03:00:00,3.24
2011-03-30 04:00:00,3.2632857142857143
2011-03-30 05:00:00,7.742
2011-03-30 06:00:00,46.844
2011-03-30 07:00:00,126.45886060606061
2011-03-30 08:00:00,268.692
2011-03-30 09:00:00,139.8638591039532
2011-03-30 10:00:00,79.63290076944662
2011-03-30 11:00:00,79.57630710755295
2011-03-30 12:00:00,90.61887350081578
2011-03-30 13:00:00,92.45147263181245
2011-03-30 14:00:00,88.28228597125954
2011-03-30 15:00:00,46.719933333333344
2011-03-30 16:00:00,55.279333333333334
2011-03-30 17:00:00,171.89
2011-03-30 18:00:00,186.188
2011-03-30 19:00:00,90.83008844498251
2011-03-30 20:00:00,49.489
2011-03-30 21:00:00,60.55326666666667
2011-03-30 22:00:00,38.7875
2011-03-30 23:00:00,26.744
2011-03-31 00:00:00,6.608
2011-03-31 01:00:00,4.73
2011-03-31 02:00:00,4.336
2011-03-31 03:00:00,2.9337142857142857
2011-03-31 04:00:00,2.3425714285714285
2011-03-31 05:00:00,8.1
2011-03-31 06:00:00,30.048
2011-03-31 07:00:00,67.91646666666668
2011-03-31 08:00:00,223.818
2011-03-31 09:00:00,84.5
2011-03-31 10:00:00,43.46677777777777
2011-03-31 11:00:00,46.483444444444444
2011-03-31 12:00:00,51.82446666666666
2011-03-31 13:00:00,63.9626
2011-03-31 14:00:00,64.4544
2011-03-31 15:00:00,41.6328
2011-03-31 16:00:00,88.11080697189296
2011-03-31 17:00:00,211.194
2011-03-31 18:00:00,207.004
2011-03-31 19:00:00,104.08366748806749
2011-03-31 20:00:00,48.653
2011-03-31 21:00:00,57.8101
2011-03-31 22:00:00,39.299666666666674
2011-03-31 23:00:00,37.634
2011-04-20 00:00:00,26.73
2011-04-20 01:00:00,7.046171428571429
2011-04-20 02:00:00,7.953302308802308
2011-04-20 03:00:00,3.7711111111111113
2011-04-20 04:00:00,4.126300000000001
2011-04-20 05:00:00,12.646
2011-04-20 06:00:00,46.232
2011-04-20 07:00:00,130.67645714285715
2011-04-20 08:00:00,377.572
2011-04-20 09:00:00,181.16323333333332
2011-04-20 10:00:00,118.2622142857143
2011-04-20 11:00:00,130.67100396825396
2011-04-20 12:00:00,146.18289924812032
2011-04-20 13:00:00,144.70043691045797
2011-04-20 14:00:00,138.95206538069772
2011-04-20 15:00:00,137.86350077030812
2011-04-20 16:00:00,222.844
2011-04-20 17:00:00,373.844
2011-04-20 18:00:00,364.888
2011-04-20 19:00:00,251.83055341880345
2011-04-20 20:00:00,179.422
2011-04-20 21:00:00,151.872
2011-04-20 22:00:00,125.986
2011-04-20 23:00:00,91.21
2011-04-21 00:00:00,34.492
2011-04-21 01:00:00,16.9361
2011-04-21 02:00:00,12.586288302111832
2011-04-21 03:00:00,4.3395
2011-04-21 04:00:00,4.199828571428572
2011-04-21 05:00:00,8.48
2011-04-21 06:00:00,48.496
2011-04-21 07:00:00,152.6764
2011-04-21 08:00:00,287.5
2011-04-21 09:00:00,156.03791848157215
2011-04-21 10:00:00,114.83860836933324
2011-04-21 11:00:00,128.99525821915012
2011-04-21 12:00:00,140.09581305346697
2011-04-21 13:00:00,128.68863016721838
2011-04-21 14:00:00,122.83452735336556
2011-04-21 15:00:00,126.03425275019097
2011-04-21 16:00:00,184.93384523809524
2011-04-21 17:00:00,330.954
2011-04-21 18:00:00,318.16
2011-04-21 19:00:00,193.916
2011-04-21 20:00:00,192.01921904761906
2011-04-21 21:00:00,106.57024444444444
2011-04-21 22:00:00,78.92933333333333
2011-04-21 23:00:00,49.266
2011-04-22 00:00:00,26.034
2011-04-22 01:00:00,19.36
2011-04-22 02:00:00,9.048
2011-04-22 03:00:00,5.970666666666666
2011-04-22 04:00:00,4.658
2011-04-22 05:00:00,8.444
2011-04-22 06:00:00,52.652
2011-04-22 07:00:00,133.42935714285716
2011-04-22 08:00:00,279.02
2011-04-22 09:00:00,101.13041904761904
2011-04-22 10:00:00,117.32663424274384
2011-04-22 11:00:00,91.34899953379956
2011-04-22 12:00:00,105.57802380952383
2011-04-22 13:00:00,60.04503393665158
2011-04-22 14:00:00,27.90577777777778
2011-04-22 15:00:00,61.20120732600732
2011-04-22 16:00:00,92.22240000000001
2011-04-22 17:00:00,157.414
2011-04-22 18:00:00,119.552
2011-04-22 19:00:00,78.646
2011-04-22 20:00:00,73.196
2011-04-22 21:00:00,59.603
2011-04-22 22:00:00,49.584
2011-04-22 23:00:00,48.611333333333334
2011-04-23 00:00:00,31.394
2011-04-23 01:00:00,24.58
2011-04-23 02:00:00,23.208
2011-04-23 03:00:00,17.426
2011-04-23 04:00:00,6.994
2011-04-23 05:00:00,6.862
2011-04-23 06:00:00,14.89
2011-04-23 07:00:00,78.348
2011-04-23 08:00:00,49.798
2011-04-23 09:00:00,79.45927236652237
2011-04-23 10:00:00,145.03303957431464
2011-04-23 11:00:00,113.38955476190476
2011-04-23 12:00:00,129.69497142857145
2011-04-23 13:00:00,139.11897142857143
2011-04-23 14:00:00,237.55691269841267
2011-04-23 15:00:00,264.65838764683593
2011-04-23 16:00:00,300.3747973204956
2011-04-23 17:00:00,278.73186766681596
2011-04-23 18:00:00,221.35814696969697
2011-04-23 19:00:00,176.63652380952382
2011-04-23 20:00:00,139.4743333333333
2011-04-23 21:00:00,128.07
2011-04-23 22:00:00,112.8565
2011-04-23 23:00:00,85.12933333333334
2011-04-24 00:00:00,44.502
2011-04-24 01:00:00,34.558
2011-04-24 02:00:00,29.686
2011-04-24 03:00:00,27.942
2011-04-24 04:00:00,10.371666666666668
2011-04-24 05:00:00,11.3165
2011-04-24 06:00:00,13.806
2011-04-24 07:00:00,73.58
2011-04-24 08:00:00,103.134
2011-04-24 09:00:00,141.1412
2011-04-24 10:00:00,241.19606666666667
2011-04-24 11:00:00,379.33686570945184
2011-04-24 12:00:00,394.28367825420634
2011-04-24 13:00:00,385.34768236317274
2011-04-24 14:00:00,393.44722139876126
2011-04-24 15:00:00,393.85726564324005
2011-04-24 16:00:00,384.85942975802
2011-04-24 17:00:00,394.8319763864799
2011-04-24 18:00:00,362.0636984126984
2011-04-24 19:00:00,192.34543333333332
2011-04-24 20:00:00,166.107
2011-04-24 21:00:00,85.782
2011-04-24 22:00:00,56.834
2011-04-24 23:00:00,59.232
2011-04-25 00:00:00,27.033333333333335
2011-04-25 01:00:00,13.004480769230769
2011-04-25 02:00:00,8.324748051948053
2011-04-25 03:00:00,4.542666666666666
2011-04-25 04:00:00,4.138
2011-04-25 05:00:00,13.944
2011-04-25 06:00:00,56.6
2011-04-25 07:00:00,167.402
2011-04-25 08:00:00,395.356
2011-04-25 09:00:00,158.50788333333333
2011-04-25 10:00:00,116.97935822510823
2011-04-25 11:00:00,130.84882149223324
2011-04-25 12:00:00,144.3328857142857
2011-04-25 13:00:00,149.0086254385965
2011-04-25 14:00:00,150.67522108417904
2011-04-25 15:00:00,148.590100965701
2011-04-25 16:00:00,224.996
2011-04-25 17:00:00,386.684
2011-04-25 18:00:00,380.724
2011-04-25 19:00:00,241.848
2011-04-25 20:00:00,180.8817272727273
2011-04-25 21:00:00,153.6
2011-04-25 22:00:00,97.45
2011-04-25 23:00:00,59.896
2011-04-26 00:00:00,26.69075
2011-04-26 01:00:00,13.247922222222222
2011-04-26 02:00:00,5.718425434654453
2011-04-26 03:00:00,3.6001213932266567
2011-04-26 04:00:00,4.224543859649122
2011-04-26 05:00:00,9.17
2011-04-26 06:00:00,53.396
2011-04-26 07:00:00,186.49466666666666
2011-04-26 08:00:00,401.048
2011-04-26 09:00:00,175.31723333333335
2011-04-26 10:00:00,115.61840457203616
2011-04-26 11:00:00,129.84042675918855
2011-04-26 12:00:00,142.45338734335843
2011-04-26 13:00:00,144.7673471861472
2011-04-26 14:00:00,141.81678549917578
2011-04-26 15:00:00,138.80845822644847
2011-04-26 16:00:00,224.198
2011-04-26 17:00:00,382.914
2011-04-26 18:00:00,378.422
2011-04-26 19:00:00,228.346
2011-04-26 20:00:00,173.186
2011-04-26 21:00:00,147.646
2011-04-26 22:00:00,121.0725
2011-04-26 23:00:00,64.22266666666667
2011-04-27 00:00:00,25.44711111111111
2011-04-27 01:00:00,14.335352991452991
2011-04-27 02:00:00,6.698564468450864
2011-04-27 03:00:00,3.549698412698413
2011-04-27 04:00:00,4.014702589807853
2011-04-27 05:00:00,8.872
2011-04-27 06:00:00,53.296
2011-04-27 07:00:00,178.74586666666667
2011-04-27 08:00:00,386.604
2011-04-27 09:00:00,145.137
2011-04-27 10:00:00,98.24141666666665
2011-04-27 11:00:00,94.54996471861472
2011-04-27 12:00:00,126.311
2011-04-27 13:00:00,110.35386428571428
2011-04-27 14:00:00,133.45984126984126
2011-04-27 15:00:00,136.18597489311514
2011-04-27 16:00:00,221.344
2011-04-27 17:00:00,378.208
2011-04-27 18:00:00,374.3
2011-04-27 19:00:00,210.29312727272725
2011-04-27 20:00:00,161.104
2011-04-27 21:00:00,124.71
2011-04-27 22:00:00,100.82
2011-04-27 23:00:00,58.602
2011-04-28 00:00:00,34.104
2011-04-28 01:00:00,15.778
2011-04-28 02:00:00,8.516666666666666
2011-04-28 03:00:00,4.871714285714285
2011-04-28 04:00:00,4.169623376623377
2011-04-28 05:00:00,9.58
2011-04-28 06:00:00,57.016
2011-04-28 07:00:00,181.72333333333333
2011-04-28 08:00:00,388.884
2011-04-28 09:00:00,144.282
2011-04-28 10:00:00,107.092
2011-04-28 11:00:00,106.40141666666666
2011-04-28 12:00:00,113.46204126984125
2011-04-28 13:00:00,117.43575
2011-04-28 14:00:00,114.74582142857143
2011-04-28 15:00:00,141.02107380952384
2011-04-28 16:00:00,186.4049606060606
2011-04-28 17:00:00,375.196
2011-04-28 18:00:00,371.78
2011-04-28 19:00:00,220.924
2011-04-28 20:00:00,183.293
2011-04-28 21:00:00,152.4869142857143
2011-04-28 22:00:00,114.596
2011-04-28 23:00:00,83.548
2011-04-29 00:00:00,41.966
2011-04-29 01:00:00,23.686
2011-04-29 02:00:00,15.540545454545454
2011-04-29 03:00:00,7.027833333333333
2011-04-29 04:00:00,5.599933333333333
2011-04-29 05:00:00,12.988
2011-04-29 06:00:00,53.788
2011-04-29 07:00:00,199.991
2011-04-29 08:00:00,352.658
2011-04-29 09:00:00,193.373
2011-04-29 10:00:00,146.428
2011-04-29 11:00:00,177.00323333333336
2011-04-29 12:00:00,183.41515850815853
2011-04-29 13:00:00,182.95551088911088
2011-04-29 14:00:00,191.90029523809525
2011-04-29 15:00:00,178.69959487179486
2011-04-29 16:00:00,197.14922222222222
2011-04-29 17:00:00,330.906
2011-04-29 18:00:00,331.388
2011-04-29 19:00:00,198.5846222222222
2011-04-29 20:00:00,163.62667857142858
2011-04-29 21:00:00,133.6806785714286
2011-04-29 22:00:00,90.154
2011-04-29 23:00:00,63.162
2011-04-30 00:00:00,34.44
2011-04-30 01:00:00,29.398
2011-04-30 02:00:00,25.098
2011-04-30 03:00:00,19.382
2011-04-30 04:00:00,6.278
2011-04-30 05:00:00,5.71
2011-04-30 06:00:00,21.008
2011-04-30 07:00:00,61.31231587301587
2011-04-30 08:00:00,83.28108180708182
2011-04-30 09:00:00,171.69162334332333
2011-04-30 10:00:00,249.66070476190478
2011-04-30 11:00:00,274.56061167851755
2011-04-30 12:00:00,310.52121758094836
2011-04-30 13:00:00,312.184477415317
2011-04-30 14:00:00,304.8755215767112
2011-04-30 15:00:00,301.5053860578053
2011-04-30 16:00:00,305.40756268308064
2011-04-30 17:00:00,272.4006569010924
2011-04-30 18:00:00,256.6251108005521
2011-04-30 19:00:00,218.67013302277434
2011-04-30 20:00:00,160.28460541125537
2011-04-30 21:00:00,109.21587301587302
2011-04-30 22:00:00,84.92533333333333
2011-04-30 23:00:00,66.026
2011-05-20 00:00:00,45.284
2011-05-20 01:00:00,24.036
2011-05-20 02:00:00,13.752799999999999
2011-05-20 03:00:00,5.8865864953673785
2011-05-20 04:00:00,5.311112825899593
2011-05-20 05:00:00,24.36403333333333
2011-05-20 06:00:00,86.426
2011-05-20 07:00:00,266.0472259536543
2011-05-20 08:00:00,461.556
2011-05-20 09:00:00,214.30212192334514
2011-05-20 10:00:00,163.83070693288826
2011-05-20 11:00:00,179.90886968882165
2011-05-20 12:00:00,245.33759331983802
2011-05-20 13:00:00,228.62119868742366
2011-05-20 14:00:00,238.33638350669793
2011-05-20 15:00:00,253.0176501019448
2011-05-20 16:00:00,343.92816666666664
2011-05-20 17:00:00,448.477
2011-05-20 18:00:00,481.83085714285716
2011-05-20 19:00:00,346.0304314257964
2011-05-20 20:00:00,219.46737777777778
2011-05-20 21:00:00,197.5448769230769
2011-05-20 22:00:00,141.65113095238095
2011-05-20 23:00:00,113.77916842105263
2011-05-21 00:00:00,96.108
2011-05-21 01:00:00,70.658
2011-05-21 02:00:00,57.466
2011-05-21 03:00:00,27.659
2011-05-21 04:00:00,7.984621428571429
2011-05-21 05:00:00,9.021871428571428
2011-05-21 06:00:00,19.382
2011-05-21 07:00:00,62.30835873015874
2011-05-21 08:00:00,131.5650078144078
2011-05-21 09:00:00,212.010625
2011-05-21 10:00:00,279.177825
2011-05-21 11:00:00,373.438877258452
2011-05-21 12:00:00,383.02380759207944
2011-05-21 13:00:00,392.6207664798317
2011-05-21 14:00:00,392.2201293930438
2011-05-21 15:00:00,400.2478466898735
2011-05-21 16:00:00,385.28344962031656
2011-05-21 17:00:00,384.7919437743477
2011-05-21 18:00:00,355.1404603462945
2011-05-21 19:00:00,324.00654152884147
2011-05-21 20:00:00,226.066
2011-05-21 21:00:00,187.338
2011-05-21 22:00:00,144.4497318563789
2011-05-21 23:00:00,112.468
2011-05-22 00:00:00,104.626
2011-05-22 01:00:00,67.096
2011-05-22 02:00:00,56.376
2011-05-22 03:00:00,31.758
2011-05-22 04:00:00,11.814
2011-05-22 05:00:00,12.819
2011-05-22 06:00:00,13.62
2011-05-22 07:00:00,55.22486666666667
2011-05-22 08:00:00,96.42283333333334
2011-05-22 09:00:00,185.696
2011-05-22 10:00:00,279.1455392857143
2011-05-22 11:00:00,378.8071113343471
2011-05-22 12:00:00,388.63796854503994
2011-05-22 13:00:00,397.71258945168336
2011-05-22 14:00:00,372.13494853929274
2011-05-22 15:00:00,407.53304582168136
2011-05-22 16:00:00,402.3049064368009
2011-05-22 17:00:00,401.85127631061107
2011-05-22 18:00:00,380.6302977472329
2011-05-22 19:00:00,350.76790317460313
2011-05-22 20:00:00,234.044
2011-05-22 21:00:00,173.76
2011-05-22 22:00:00,126.19583333333333
2011-05-22 23:00:00,94.926
2011-05-23 00:00:00,27.392776190476187
2011-05-23 01:00:00,17.470265384615384
2011-05-23 02:00:00,7.136930303030304
2011-05-23 03:00:00,4.582680810773315
2011-05-23 04:00:00,5.641346567811273
2011-05-23 05:00:00,19.5415
2011-05-23 06:00:00,96.982
2011-05-23 07:00:00,231.78117640692642
2011-05-23 08:00:00,378.76
2011-05-23 09:00:00,189.34422525252523
2011-05-23 10:00:00,121.87855708429203
2011-05-23 11:00:00,149.1839666968051
2011-05-23 12:00:00,188.04782187307234
2011-05-23 13:00:00,185.14426876810236
2011-05-23 14:00:00,163.2664098131257
2011-05-23 15:00:00,166.8655385957512
2011-05-23 16:00:00,281.2770144582653
2011-05-23 17:00:00,467.636
2011-05-23 18:00:00,504.7114
2011-05-23 19:00:00,380.4263573453893
2011-05-23 20:00:00,216.6718
2011-05-23 21:00:00,132.68133333333336
2011-05-23 22:00:00,120.264
2011-05-23 23:00:00,67.11666666666666
2011-05-24 00:00:00,30.694
2011-05-24 01:00:00,13.913380952380953
2011-05-24 02:00:00,15.190974203574202
2011-05-24 03:00:00,4.864147540962233
2011-05-24 04:00:00,5.32593702577173
2011-05-24 05:00:00,20.26083333333333
2011-05-24 06:00:00,111.04
2011-05-24 07:00:00,168.712
2011-05-24 08:00:00,432.232
2011-05-24 09:00:00,205.8776127300632
2011-05-24 10:00:00,120.93567381144871
2011-05-24 11:00:00,145.25577114858828
2011-05-24 12:00:00,185.71808336962874
2011-05-24 13:00:00,187.21591150074403
2011-05-24 14:00:00,167.6792516631262
2011-05-24 15:00:00,173.48007979567888
2011-05-24 16:00:00,286.7938106940127
2011-05-24 17:00:00,492.48026666666664
2011-05-24 18:00:00,502.7002333333333
2011-05-24 19:00:00,365.0019025723845
2011-05-24 20:00:00,283.9545857142857
2011-05-24 21:00:00,215.12895
2011-05-24 22:00:00,94.4188
2011-05-24 23:00:00,80.516
2011-05-25 00:00:00,25.27061111111111
2011-05-25 01:00:00,13.752331746031745
2011-05-25 02:00:00,9.920970235320235
2011-05-25 03:00:00,4.775722049745902
2011-05-25 04:00:00,4.975589068691868
2011-05-25 05:00:00,21.92366666666667
2011-05-25 06:00:00,104.00333333333333
2011-05-25 07:00:00,300.16610735930743
2011-05-25 08:00:00,450.716
2011-05-25 09:00:00,206.94772420192464
2011-05-25 10:00:00,125.14857939977243
2011-05-25 11:00:00,145.74145331546487
2011-05-25 12:00:00,192.8203208678716
2011-05-25 13:00:00,186.13873588740387
2011-05-25 14:00:00,163.26984819936672
2011-05-25 15:00:00,168.50831038248086
2011-05-25 16:00:00,292.85373934118263
2011-05-25 17:00:00,542.5945238095237
2011-05-25 18:00:00,521.0158155844156
2011-05-25 19:00:00,394.75334776774486
2011-05-25 20:00:00,312.02523030303036
2011-05-25 21:00:00,196.99075
2011-05-25 22:00:00,144.58310714285716
2011-05-25 23:00:00,84.886
2011-05-26 00:00:00,63.772
2011-05-26 01:00:00,25.976166666666664
2011-05-26 02:00:00,10.742850092253063
2011-05-26 03:00:00,4.898064508339062
2011-05-26 04:00:00,5.165509062314498
2011-05-26 05:00:00,20.426
2011-05-26 06:00:00,86.48
2011-05-26 07:00:00,202.7637
2011-05-26 08:00:00,415.374
2011-05-26 09:00:00,202.04552081544185
2011-05-26 10:00:00,121.4792504528827
2011-05-26 11:00:00,148.98968149329357
2011-05-26 12:00:00,188.62060584143634
2011-05-26 13:00:00,164.62652178358027
2011-05-26 14:00:00,161.4451489185831
2011-05-26 15:00:00,162.0331286052081
2011-05-26 16:00:00,270.6043002027127
2011-05-26 17:00:00,527.8805151515152
2011-05-26 18:00:00,512.2424145021645
2011-05-26 19:00:00,361.25742766955267
2011-05-26 20:00:00,297.6515857142857
2011-05-26 21:00:00,196.10075
2011-05-26 22:00:00,146.4541333333333
2011-05-26 23:00:00,116.47
2011-05-27 00:00:00,65.776
2011-05-27 01:00:00,26.666
2011-05-27 02:00:00,15.020666666666665
2011-05-27 03:00:00,6.0876256302521
2011-05-27 04:00:00,5.80499406040351
2011-05-27 05:00:00,27.477267704517704
2011-05-27 06:00:00,103.638
2011-05-27 07:00:00,284.4933333333334
2011-05-27 08:00:00,457.706
2011-05-27 09:00:00,223.99346153846153
2011-05-27 10:00:00,160.97027142857144
2011-05-27 11:00:00,166.83697857142857
2011-05-27 12:00:00,220.3952800442248
2011-05-27 13:00:00,216.60599401832258
2011-05-27 14:00:00,214.4645474308457
2011-05-27 15:00:00,219.56625198421284
2011-05-27 16:00:00,328.07140000000004
2011-05-27 17:00:00,530.6745
2011-05-27 18:00:00,453.3017142857143
2011-05-27 19:00:00,277.92237222222224
2011-05-27 20:00:00,221.70105396825394
2011-05-27 21:00:00,170.00604104170685
2011-05-27 22:00:00,142.52267947542657
2011-05-27 23:00:00,117.764
2011-05-28 00:00:00,104.388
2011-05-28 01:00:00,83.53
2011-05-28 02:00:00,57.198
2011-05-28 03:00:00,28.3534
2011-05-28 04:00:00,8.823228571428572
2011-05-28 05:00:00,10.332133333333333
2011-05-28 06:00:00,23.826
2011-05-28 07:00:00,67.2308482905983
2011-05-28 08:00:00,113.30609206349206
2011-05-28 09:00:00,219.77
2011-05-28 10:00:00,296.498
2011-05-28 11:00:00,382.9133221816287
2011-05-28 12:00:00,391.12634852710073
2011-05-28 13:00:00,407.49005136712645
2011-05-28 14:00:00,398.1738617977314
2011-05-28 15:00:00,411.0520987100024
2011-05-28 16:00:00,401.4125747550881
2011-05-28 17:00:00,405.0864476865625
2011-05-28 18:00:00,365.0969599405951
2011-05-28 19:00:00,324.58361904761904
2011-05-28 20:00:00,256.0414285714286
2011-05-28 21:00:00,199.54375757575758
2011-05-28 22:00:00,173.70085714285716
2011-05-28 23:00:00,131.908
2011-05-29 00:00:00,111.81
2011-05-29 01:00:00,85.674
2011-05-29 02:00:00,59.024
2011-05-29 03:00:00,28.16
2011-05-29 04:00:00,9.531095238095238
2011-05-29 05:00:00,11.514
2011-05-29 06:00:00,14.752
2011-05-29 07:00:00,41.20833333333333
2011-05-29 08:00:00,70.06842857142858
2011-05-29 09:00:00,118.7704
2011-05-29 10:00:00,230.71366666666668
2011-05-29 11:00:00,258.77088888888886
2011-05-29 12:00:00,295.98454877899877
2011-05-29 13:00:00,412.90067328557814
2011-05-29 14:00:00,399.0843640709278
2011-05-29 15:00:00,398.6781725595406
2011-05-29 16:00:00,396.145455892874
2011-05-29 17:00:00,393.3316273214454
2011-05-29 18:00:00,262.3552741758242
2011-05-29 19:00:00,259.9895
2011-05-29 20:00:00,207.4545238095238
2011-05-29 21:00:00,164.478
2011-05-29 22:00:00,125.1
2011-05-29 23:00:00,118.66
2011-05-30 00:00:00,90.438
2011-05-30 01:00:00,72.668
2011-05-30 02:00:00,43.158
2011-05-30 03:00:00,22.922
2011-05-30 04:00:00,14.612
2011-05-30 05:00:00,11.33
2011-05-30 06:00:00,56.138
2011-05-30 07:00:00,96.944
2011-05-30 08:00:00,145.61533333333333
2011-05-30 09:00:00,210.356
2011-05-30 10:00:00,287.734
2011-05-30 11:00:00,379.7865482589874
2011-05-30 12:00:00,381.5673388601913
2011-05-30 13:00:00,389.88099079065057
2011-05-30 14:00:00,397.0513656038406
2011-05-30 15:00:00,372.37591295738963
2011-05-30 16:00:00,379.809827160492
2011-05-30 17:00:00,379.64341874742814
2011-05-30 18:00:00,370.30811044128984
2011-05-30 19:00:00,276.9743966089466
2011-05-30 20:00:00,365.274
2011-05-30 21:00:00,306.708
2011-05-30 22:00:00,203.12
2011-05-30 23:00:00,119.332
2011-05-31 00:00:00,35.70206666666667
2011-05-31 01:00:00,18.420916666666667
2011-05-31 02:00:00,8.397446065046065
2011-05-31 03:00:00,3.678296171802054
2011-05-31 04:00:00,5.281397553551281
2011-05-31 05:00:00,21.272
2011-05-31 06:00:00,109.87333333333333
2011-05-31 07:00:00,299.592
2011-05-31 08:00:00,447.512
2011-05-31 09:00:00,184.89968998223998
2011-05-31 10:00:00,126.24485683415311
2011-05-31 11:00:00,131.359146031746
2011-05-31 12:00:00,153.97268448499557
2011-05-31 13:00:00,147.40595396431485
2011-05-31 14:00:00,142.57609064785254
2011-05-31 15:00:00,145.7628816960734
2011-05-31 16:00:00,239.0909166666667
2011-05-31 17:00:00,516.4041047619048
2011-05-31 18:00:00,508.2737142857142
2011-05-31 19:00:00,364.5342737047161
2011-05-31 20:00:00,281.24708095238094
2011-05-31 21:00:00,213.02401666666665
2011-05-31 22:00:00,141.29233333333335
2011-05-31 23:00:00,76.67
2011-06-20 00:00:00,31.134833333333333
2011-06-20 01:00:00,15.756956887556887
2011-06-20 02:00:00,7.729324832273631
2011-06-20 03:00:00,4.000779365079365
2011-06-20 04:00:00,5.186980732529119
2011-06-20 05:00:00,21.712
2011-06-20 06:00:00,99.09
2011-06-20 07:00:00,156.894
2011-06-20 08:00:00,426.548
2011-06-20 09:00:00,197.89781377511372
2011-06-20 10:00:00,120.39267340599817
2011-06-20 11:00:00,131.56246518019867
2011-06-20 12:00:00,178.7807065385895
2011-06-20 13:00:00,181.48758935375352
2011-06-20 14:00:00,170.43099661293556
2011-06-20 15:00:00,170.78249041588592
2011-06-20 16:00:00,288.701943112901
2011-06-20 17:00:00,533.3625238095237
2011-06-20 18:00:00,531.2695175380175
2011-06-20 19:00:00,386.9608475408663
2011-06-20 20:00:00,303.942793939394
2011-06-20 21:00:00,198.54799393939393
2011-06-20 22:00:00,126.326
2011-06-20 23:00:00,79.02933333333333
2011-06-21 00:00:00,29.806807142857146
2011-06-21 01:00:00,12.002355703233965
2011-06-21 02:00:00,5.717727202914046
2011-06-21 03:00:00,4.940506267372522
2011-06-21 04:00:00,5.897503110830214
2011-06-21 05:00:00,20.20133333333333
2011-06-21 06:00:00,112.038
2011-06-21 07:00:00,231.0944333333333
2011-06-21 08:00:00,403.686
2011-06-21 09:00:00,193.45888614718612
2011-06-21 10:00:00,120.43879432968295
2011-06-21 11:00:00,126.14170846826893
2011-06-21 12:00:00,165.33727102744837
2011-06-21 13:00:00,167.28678738529723
2011-06-21 14:00:00,160.87500727246115
2011-06-21 15:00:00,170.05440325065638
2011-06-21 16:00:00,277.1283502329395
2011-06-21 17:00:00,547.0814812030075
2011-06-21 18:00:00,510.09514999999993
2011-06-21 19:00:00,350.3040245310244
2011-06-21 20:00:00,243.14012841193897
2011-06-21 21:00:00,229.69199393939397
2011-06-21 22:00:00,157.86233333333334
2011-06-21 23:00:00,73.886
2011-06-22 00:00:00,32.94489682539682
2011-06-22 01:00:00,19.975393820672082
2011-06-22 02:00:00,10.130887144319772
2011-06-22 03:00:00,5.4482942668265295
2011-06-22 04:00:00,5.625770086040228
2011-06-22 05:00:00,23.16825
2011-06-22 06:00:00,109.634
2011-06-22 07:00:00,302.82773333333336
2011-06-22 08:00:00,437.276
2011-06-22 09:00:00,191.5823880759591
2011-06-22 10:00:00,125.5338988742457
2011-06-22 11:00:00,146.27299431451763
2011-06-22 12:00:00,167.5027840471787
2011-06-22 13:00:00,159.59922721572013
2011-06-22 14:00:00,158.39918028353853
2011-06-22 15:00:00,158.79249807191516
2011-06-22 16:00:00,258.83191111111114
2011-06-22 17:00:00,541.6519952380953
2011-06-22 18:00:00,500.1044428571428
2011-06-22 19:00:00,367.6141332323233
2011-06-22 20:00:00,282.8538233766234
2011-06-22 21:00:00,223.79133333333334
2011-06-22 22:00:00,168.60219999999998
2011-06-22 23:00:00,89.068
2011-06-23 00:00:00,43.098
2011-06-23 01:00:00,21.940806349206348
2011-06-23 02:00:00,9.592566703884351
2011-06-23 03:00:00,5.6511558168874805
2011-06-23 04:00:00,6.710980924090218
2011-06-23 05:00:00,25.458558974358976
2011-06-23 06:00:00,122.948
2011-06-23 07:00:00,317.14384523809525
2011-06-23 08:00:00,432.4263333333334
2011-06-23 09:00:00,197.71496591478694
2011-06-23 10:00:00,127.27157275598069
2011-06-23 11:00:00,135.6103990669633
2011-06-23 12:00:00,172.8783150464938
2011-06-23 13:00:00,176.59506503412925
2011-06-23 14:00:00,163.82229379708377
2011-06-23 15:00:00,167.31319843029536
2011-06-23 16:00:00,283.40004551983776
2011-06-23 17:00:00,522.6985833333333
2011-06-23 18:00:00,510.32189285714287
2011-06-23 19:00:00,370.80361781551784
2011-06-23 20:00:00,306.89890503531547
2011-06-23 21:00:00,223.05437424242427
2011-06-23 22:00:00,163.7314166666667
2011-06-23 23:00:00,121.02
2011-06-24 00:00:00,59.146
2011-06-24 01:00:00,23.322
2011-06-24 02:00:00,11.332
2011-06-24 03:00:00,5.876245102508208
2011-06-24 04:00:00,5.535919614436179
2011-06-24 05:00:00,24.134
2011-06-24 06:00:00,101.646
2011-06-24 07:00:00,282.942
2011-06-24 08:00:00,453.984
2011-06-24 09:00:00,223.95926275946275
2011-06-24 10:00:00,143.97093333333333
2011-06-24 11:00:00,163.78259365079364
2011-06-24 12:00:00,217.31700670995662
2011-06-24 13:00:00,216.31662988286217
2011-06-24 14:00:00,222.9190786278306
2011-06-24 15:00:00,212.35556061879296
2011-06-24 16:00:00,337.4336666666667
2011-06-24 17:00:00,553.4167333333332
2011-06-24 18:00:00,493.2133333333333
2011-06-24 19:00:00,384.408093127983
2011-06-24 20:00:00,292.1944904761905
2011-06-24 21:00:00,234.93961666666667
2011-06-24 22:00:00,200.478
2011-06-24 23:00:00,144.336
2011-06-25 00:00:00,124.538
2011-06-25 01:00:00,86.946
2011-06-25 02:00:00,58.962
2011-06-25 03:00:00,33.538
2011-06-25 04:00:00,10.258
2011-06-25 05:00:00,10.065833333333332
2011-06-25 06:00:00,31.552
2011-06-25 07:00:00,78.626
2011-06-25 08:00:00,160.904
2011-06-25 09:00:00,206.09
2011-06-25 10:00:00,290.032
2011-06-25 11:00:00,383.9923083442318
2011-06-25 12:00:00,429.9108366311572
2011-06-25 13:00:00,432.5725533267424
2011-06-25 14:00:00,424.7269946042715
2011-06-25 15:00:00,406.4843085250902
2011-06-25 16:00:00,439.7507012628883
2011-06-25 17:00:00,418.69035402752394
2011-06-25 18:00:00,385.1452783326411
2011-06-25 19:00:00,342.0867738039738
2011-06-25 20:00:00,266.0384210526316
2011-06-25 21:00:00,220.36065
2011-06-25 22:00:00,199.66699999999997
2011-06-25 23:00:00,162.89
2011-06-26 00:00:00,105.034
2011-06-26 01:00:00,91.264
2011-06-26 02:00:00,75.122
2011-06-26 03:00:00,38.22
2011-06-26 04:00:00,11.791866666666667
2011-06-26 05:00:00,12.176666666666666
2011-06-26 06:00:00,26.048
2011-06-26 07:00:00,60.3856
2011-06-26 08:00:00,115.944
2011-06-26 09:00:00,191.282
2011-06-26 10:00:00,295.576
2011-06-26 11:00:00,389.22373829942137
2011-06-26 12:00:00,412.76401858483575
2011-06-26 13:00:00,404.2141980130989
2011-06-26 14:00:00,410.20396974873034
2011-06-26 15:00:00,400.5731473998233
2011-06-26 16:00:00,403.5229646596635
2011-06-26 17:00:00,389.1772424525208
2011-06-26 18:00:00,377.10806718397475
2011-06-26 19:00:00,332.65997856587853
2011-06-26 20:00:00,245.27
2011-06-26 21:00:00,203.418
2011-06-26 22:00:00,191.026
2011-06-26 23:00:00,133.832
2011-06-27 00:00:00,37.71118571428571
2011-06-27 01:00:00,12.495139852418113
2011-06-27 02:00:00,9.238506834369913
2011-06-27 03:00:00,5.45120089390575
2011-06-27 04:00:00,5.710581463998034
2011-06-27 05:00:00,21.0465
2011-06-27 06:00:00,114.47266666666665
2011-06-27 07:00:00,312.749141025641
2011-06-27 08:00:00,406.228
2011-06-27 09:00:00,197.27543888888886
2011-06-27 10:00:00,119.48850582681013
2011-06-27 11:00:00,152.59680935724916
2011-06-27 12:00:00,188.21556354473302
2011-06-27 13:00:00,175.3575931526555
2011-06-27 14:00:00,163.58202212546516
2011-06-27 15:00:00,165.01290267237403
2011-06-27 16:00:00,283.8852129884716
2011-06-27 17:00:00,560.9227583702847
2011-06-27 18:00:00,542.5147805250306
2011-06-27 19:00:00,395.40233973089863
2011-06-27 20:00:00,315.58936666666676
2011-06-27 21:00:00,192.9413166666667
2011-06-27 22:00:00,139.558
2011-06-27 23:00:00,76.74
2011-06-28 00:00:00,31.929444444444446
2011-06-28 01:00:00,17.035554456654456
2011-06-28 02:00:00,10.479400081823146
2011-06-28 03:00:00,6.41384497847279
2011-06-28 04:00:00,6.674958995633124
2011-06-28 05:00:00,22.438459523809527
2011-06-28 06:00:00,111.4128
2011-06-28 07:00:00,298.42182619047617
2011-06-28 08:00:00,437.2893333333334
2011-06-28 09:00:00,191.32546889319826
2011-06-28 10:00:00,119.56160323878926
2011-06-28 11:00:00,143.61202808025308
2011-06-28 12:00:00,166.66034711935032
2011-06-28 13:00:00,162.43859201966467
2011-06-28 14:00:00,151.9738460009619
2011-06-28 15:00:00,153.92212664537595
2011-06-28 16:00:00,249.69296753246755
2011-06-28 17:00:00,403.25
2011-06-28 18:00:00,394.195
2011-06-28 19:00:00,357.16570400432903
2011-06-28 20:00:00,301.4931597402598
2011-06-28 21:00:00,207.53449999999998
2011-06-28 22:00:00,149.993
2011-06-28 23:00:00,89.586
2011-06-29 00:00:00,33.30811111111111
2011-06-29 01:00:00,19.498349206349204
2011-06-29 02:00:00,7.673485746828373
2011-06-29 03:00:00,5.474364004554771
2011-06-29 04:00:00,5.605001512695191
2011-06-29 05:00:00,24.497932539682537
2011-06-29 06:00:00,111.04805555555556
2011-06-29 07:00:00,301.35039102564104
2011-06-29 08:00:00,466.69
2011-06-29 09:00:00,208.69959494949495
2011-06-29 10:00:00,121.4065046532849
2011-06-29 11:00:00,161.41332230399308
2011-06-29 12:00:00,197.13936536289222
2011-06-29 13:00:00,191.6960160913969
2011-06-29 14:00:00,166.97641417298516
2011-06-29 15:00:00,172.90677696644843
2011-06-29 16:00:00,293.6949164449586
2011-06-29 17:00:00,568.6242465965124
2011-06-29 18:00:00,559.17709421556
2011-06-29 19:00:00,384.25063301552257
2011-06-29 20:00:00,302.22946666666667
2011-06-29 21:00:00,225.68806666666669
2011-06-29 22:00:00,170.13083333333333
2011-06-29 23:00:00,96.88266666666665
2011-06-30 00:00:00,46.945666666666675
2011-06-30 01:00:00,19.94785
2011-06-30 02:00:00,8.22481182492634
2011-06-30 03:00:00,6.875391005291006
2011-06-30 04:00:00,6.58435006789574
2011-06-30 05:00:00,27.778693894993893
2011-06-30 06:00:00,121.292
2011-06-30 07:00:00,325.48269999999997
2011-06-30 08:00:00,462.768
2011-06-30 09:00:00,209.34487329892326
2011-06-30 10:00:00,125.8798253533193
2011-06-30 11:00:00,158.61682558115416
2011-06-30 12:00:00,204.1371939432798
2011-06-30 13:00:00,199.01903833950732
2011-06-30 14:00:00,169.69844214205847
2011-06-30 15:00:00,181.1576240570129
2011-06-30 16:00:00,292.7382647119693
2011-06-30 17:00:00,574.9755190162495
2011-06-30 18:00:00,558.5021967978247
2011-06-30 19:00:00,386.14962785991776
2011-06-30 20:00:00,299.10393809523805
2011-06-30 21:00:00,226.21878333333336
2011-06-30 22:00:00,170.5575
2011-06-30 23:00:00,126.68
2011-07-20 00:00:00,32.75085714285714
2011-07-20 01:00:00,16.73397619047619
2011-07-20 02:00:00,6.290914021331643
2011-07-20 03:00:00,5.962874522186214
2011-07-20 04:00:00,6.176172702506977
2011-07-20 05:00:00,31.61794761904762
2011-07-20 06:00:00,120.3095
2011-07-20 07:00:00,301.0273333333334
2011-07-20 08:00:00,430.664
2011-07-20 09:00:00,197.04102290322334
2011-07-20 10:00:00,119.14596859251857
2011-07-20 11:00:00,134.48071840819995
2011-07-20 12:00:00,161.5844907873173
2011-07-20 13:00:00,155.21373250394842
2011-07-20 14:00:00,151.97307809555087
2011-07-20 15:00:00,152.95602713901516
2011-07-20 16:00:00,251.4752
2011-07-20 17:00:00,498.45
2011-07-20 18:00:00,489.7154761904762
2011-07-20 19:00:00,374.80104617049614
2011-07-20 20:00:00,293.88493750284806
2011-07-20 21:00:00,220.24650822510822
2011-07-20 22:00:00,165.74514743589745
2011-07-20 23:00:00,110.55
2011-07-21 00:00:00,46.54
2011-07-21 01:00:00,19.488
2011-07-21 02:00:00,7.714029545454546
2011-07-21 03:00:00,5.844626288521109
2011-07-21 04:00:00,5.858863963375804
2011-07-21 05:00:00,21.904
2011-07-21 06:00:00,122.192
2011-07-21 07:00:00,311.48866666666663
2011-07-21 08:00:00,439.436
2011-07-21 09:00:00,194.0711
2011-07-21 10:00:00,124.24501248104956
2011-07-21 11:00:00,128.40008888888886
2011-07-21 12:00:00,150.74615094983446
2011-07-21 13:00:00,147.41369238296278
2011-07-21 14:00:00,142.89748976657333
2011-07-21 15:00:00,144.44266964925103
2011-07-21 16:00:00,237.968
2011-07-21 17:00:00,460.102
2011-07-21 18:00:00,449.256
2011-07-21 19:00:00,365.8717529304029
2011-07-21 20:00:00,290.07467862838917
2011-07-21 21:00:00,223.2441142857143
2011-07-21 22:00:00,171.13344743589747
2011-07-21 23:00:00,123.728
2011-07-22 00:00:00,58.984
2011-07-22 01:00:00,31.022
2011-07-22 02:00:00,19.358
2011-07-22 03:00:00,6.710739143312828
2011-07-22 04:00:00,7.210085713409398
2011-07-22 05:00:00,24.8982
2011-07-22 06:00:00,108.438
2011-07-22 07:00:00,287.242
2011-07-22 08:00:00,451.914
2011-07-22 09:00:00,222.226
2011-07-22 10:00:00,151.6705
2011-07-22 11:00:00,165.163
2011-07-22 12:00:00,198.26397069597073
2011-07-22 13:00:00,197.3755642857143
2011-07-22 14:00:00,195.1793380952381
2011-07-22 15:00:00,181.35510952380952
2011-07-22 16:00:00,277.78
2011-07-22 17:00:00,470.52
2011-07-22 18:00:00,454.856
2011-07-22 19:00:00,348.2084742857143
2011-07-22 20:00:00,284.6105
2011-07-22 21:00:00,210.118
2011-07-22 22:00:00,194.398
2011-07-22 23:00:00,141.324
2011-07-23 00:00:00,109.95
2011-07-23 01:00:00,85.384
2011-07-23 02:00:00,64.292
2011-07-23 03:00:00,30.954
2011-07-23 04:00:00,11.208
2011-07-23 05:00:00,9.564
2011-07-23 06:00:00,33.748
2011-07-23 07:00:00,104.604
2011-07-23 08:00:00,163.172
2011-07-23 09:00:00,224.336
2011-07-23 10:00:00,291.2155
2011-07-23 11:00:00,340.6955670732829
2011-07-23 12:00:00,374.03855844609006
2011-07-23 13:00:00,360.8957643901462
2011-07-23 14:00:00,374.61199821172784
2011-07-23 15:00:00,376.623438354599
2011-07-23 16:00:00,361.65537472054115
2011-07-23 17:00:00,359.51890686339823
2011-07-23 18:00:00,357.3259606198567
2011-07-23 19:00:00,322.2742888888889
2011-07-23 20:00:00,281.06044962406014
2011-07-23 21:00:00,247.79160000000002
2011-07-23 22:00:00,213.1643333333333
2011-07-23 23:00:00,193.354
2011-07-24 00:00:00,115.18
2011-07-24 01:00:00,90.768
2011-07-24 02:00:00,78.318
2011-07-24 03:00:00,34.462
2011-07-24 04:00:00,10.522
2011-07-24 05:00:00,10.966
2011-07-24 06:00:00,24.6
2011-07-24 07:00:00,68.708
2011-07-24 08:00:00,151.172
2011-07-24 09:00:00,196.238
2011-07-24 10:00:00,289.952
2011-07-24 11:00:00,347.84508588913496
2011-07-24 12:00:00,367.67997728781006
2011-07-24 13:00:00,357.9062545259821
2011-07-24 14:00:00,367.66483625190216
2011-07-24 15:00:00,351.20353813631004
2011-07-24 16:00:00,357.74954454054927
2011-07-24 17:00:00,361.8052730082183
2011-07-24 18:00:00,353.6007483312194
2011-07-24 19:00:00,334.96123290043295
2011-07-24 20:00:00,269.4092
2011-07-24 21:00:00,226.256
2011-07-24 22:00:00,190.586
2011-07-24 23:00:00,143.734
2011-07-25 00:00:00,44.93
2011-07-25 01:00:00,15.272311904761905
2011-07-25 02:00:00,7.346571891180715
2011-07-25 03:00:00,4.990535093795094
2011-07-25 04:00:00,5.416185659242718
2011-07-25 05:00:00,22.62828846153846
2011-07-25 06:00:00,119.426
2011-07-25 07:00:00,308.61133333333333
2011-07-25 08:00:00,410.508
2011-07-25 09:00:00,186.07498888888887
2011-07-25 10:00:00,122.56688347763345
2011-07-25 11:00:00,126.65037503607502
2011-07-25 12:00:00,154.82617777856132
2011-07-25 13:00:00,154.75361821237172
2011-07-25 14:00:00,126.67608295557736
2011-07-25 15:00:00,124.78250017421603
2011-07-25 16:00:00,233.07568658008657
2011-07-25 17:00:00,509.21320000000003
2011-07-25 18:00:00,492.0991666666667
2011-07-25 19:00:00,390.2749067251461
2011-07-25 20:00:00,292.631796969697
2011-07-25 21:00:00,183.462
2011-07-25 22:00:00,131.516
2011-07-25 23:00:00,67.392
2011-07-26 00:00:00,30.01300714285714
2011-07-26 01:00:00,15.353304456654456
2011-07-26 02:00:00,8.230573973315916
2011-07-26 03:00:00,5.701494864619241
2011-07-26 04:00:00,5.798329311111405
2011-07-26 05:00:00,23.92248333333333
2011-07-26 06:00:00,116.883
2011-07-26 07:00:00,307.61586666666665
2011-07-26 08:00:00,439.874
2011-07-26 09:00:00,196.05530606060609
2011-07-26 10:00:00,127.83965937750453
2011-07-26 11:00:00,154.55698133168
2011-07-26 12:00:00,189.616527121623
2011-07-26 13:00:00,192.83589532165865
2011-07-26 14:00:00,172.46619697553024
2011-07-26 15:00:00,161.94620514301653
2011-07-26 16:00:00,278.2222488176881
2011-07-26 17:00:00,563.783529280495
2011-07-26 18:00:00,554.2117597278256
2011-07-26 19:00:00,374.55435153866614
2011-07-26 20:00:00,299.6687401002507
2011-07-26 21:00:00,236.93536666666668
2011-07-26 22:00:00,164.91286666666667
2011-07-26 23:00:00,79.908
2011-07-27 00:00:00,44.94742222222222
2011-07-27 01:00:00,16.735402129569774
2011-07-27 02:00:00,10.695683516419857
2011-07-27 03:00:00,4.498449969465887
2011-07-27 04:00:00,5.26108645914236
2011-07-27 05:00:00,28.3280556998557
2011-07-27 06:00:00,115.89622222222222
2011-07-27 07:00:00,305.58644102564097
2011-07-27 08:00:00,444.47
2011-07-27 09:00:00,202.655996031746
2011-07-27 10:00:00,119.03044915118096
2011-07-27 11:00:00,156.97112718027586
2011-07-27 12:00:00,197.4070553569521
2011-07-27 13:00:00,196.06559194534017
2011-07-27 14:00:00,173.1789589563379
2011-07-27 15:00:00,177.9959331195107
2011-07-27 16:00:00,282.04988367604614
2011-07-27 17:00:00,564.4350237781542
2011-07-27 18:00:00,563.8794688034188
2011-07-27 19:00:00,395.7184029555825
2011-07-27 20:00:00,304.68321428571437
2011-07-27 21:00:00,228.15278333333336
2011-07-27 22:00:00,161.77439999999999
2011-07-27 23:00:00,84.452
2011-07-28 00:00:00,48.48833333333334
2011-07-28 01:00:00,21.077416666666668
2011-07-28 02:00:00,9.790860759507423
2011-07-28 03:00:00,5.4395329004329005
2011-07-28 04:00:00,5.687962568191233
2011-07-28 05:00:00,29.305783333333338
2011-07-28 06:00:00,111.21105555555556
2011-07-28 07:00:00,306.84939523809527
2011-07-28 08:00:00,437.81433333333337
2011-07-28 09:00:00,192.77704126984128
2011-07-28 10:00:00,118.99277099715935
2011-07-28 11:00:00,130.02524285714284
2011-07-28 12:00:00,156.66286734347696
2011-07-28 13:00:00,148.66355133099339
2011-07-28 14:00:00,157.61794965348628
2011-07-28 15:00:00,152.20996443200255
2011-07-28 16:00:00,245.67997705627704
2011-07-28 17:00:00,500.933738095238
2011-07-28 18:00:00,477.90947619047614
2011-07-28 19:00:00,372.02457218781217
2011-07-28 20:00:00,286.5160119617225
2011-07-28 21:00:00,222.13006666666666
2011-07-28 22:00:00,160.36600457875457
2011-07-28 23:00:00,122.918
2011-07-29 00:00:00,56.114
2011-07-29 01:00:00,28.396
2011-07-29 02:00:00,18.852
2011-07-29 03:00:00,7.024958297258297
2011-07-29 04:00:00,6.64426684828759
2011-07-29 05:00:00,24.848
2011-07-29 06:00:00,108.452
2011-07-29 07:00:00,296.2733333333333
2011-07-29 08:00:00,441.232
2011-07-29 09:00:00,221.55
2011-07-29 10:00:00,153.24876666666665
2011-07-29 11:00:00,165.53466666666665
2011-07-29 12:00:00,200.27759047619045
2011-07-29 13:00:00,195.04410317460318
2011-07-29 14:00:00,199.5260904761905
2011-07-29 15:00:00,195.45439523809526
2011-07-29 16:00:00,306.566
2011-07-29 17:00:00,485.396
2011-07-29 18:00:00,453.094
2011-07-29 19:00:00,359.4114874725275
2011-07-29 20:00:00,285.1946210526316
2011-07-29 21:00:00,245.03483333333332
2011-07-29 22:00:00,204.50473333333335
2011-07-29 23:00:00,143.77
2011-07-30 00:00:00,137.294
2011-07-30 01:00:00,85.518
2011-07-30 02:00:00,67.622
2011-07-30 03:00:00,34.133900000000004
2011-07-30 04:00:00,9.938
2011-07-30 05:00:00,10.974
2011-07-30 06:00:00,32.052
2011-07-30 07:00:00,59.382
2011-07-30 08:00:00,140.266
2011-07-30 09:00:00,227.616
2011-07-30 10:00:00,283.1773333333333
2011-07-30 11:00:00,345.26959974222467
2011-07-30 12:00:00,377.16670700746323
2011-07-30 13:00:00,393.85520008386055
2011-07-30 14:00:00,389.8587713947134
2011-07-30 15:00:00,368.6197029363471
2011-07-30 16:00:00,370.7568388892491
2011-07-30 17:00:00,378.25286392948664
2011-07-30 18:00:00,364.0221711989744
2011-07-30 19:00:00,344.38222222222214
2011-07-30 20:00:00,283.7332
2011-07-30 21:00:00,244.062
2011-07-30 22:00:00,231.14666666666665
2011-07-30 23:00:00,203.06
2011-07-31 00:00:00,117.496
2011-07-31 01:00:00,92.164
2011-07-31 02:00:00,80.018
2011-07-31 03:00:00,33.758
2011-07-31 04:00:00,9.447
2011-07-31 05:00:00,10.523
2011-07-31 06:00:00,25.366
2011-07-31 07:00:00,75.256
2011-07-31 08:00:00,147.266
2011-07-31 09:00:00,191.094
2011-07-31 10:00:00,274.38559999999995
2011-07-31 11:00:00,340.94684540749284
2011-07-31 12:00:00,371.80534467131156
2011-07-31 13:00:00,372.35371777715307
2011-07-31 14:00:00,362.7321958932686
2011-07-31 15:00:00,353.3693965695531
2011-07-31 16:00:00,362.4579956823683
2011-07-31 17:00:00,360.2351936288663
2011-07-31 18:00:00,356.94668784781385
2011-07-31 19:00:00,328.4076158064158
2011-07-31 20:00:00,268.4254285714286
2011-07-31 21:00:00,232.206
2011-07-31 22:00:00,157.128
2011-07-31 23:00:00,119.78
2011-08-20 00:00:00,108.058
2011-08-20 01:00:00,81.028
2011-08-20 02:00:00,63.51
2011-08-20 03:00:00,32.063
2011-08-20 04:00:00,9.840428571428573
2011-08-20 05:00:00,15.809714285714286
2011-08-20 06:00:00,21.608
2011-08-20 07:00:00,63.79344444444445
2011-08-20 08:00:00,113.414
2011-08-20 09:00:00,214.042
2011-08-20 10:00:00,272.0
2011-08-20 11:00:00,374.0929351091226
2011-08-20 12:00:00,350.25499576369657
2011-08-20 13:00:00,381.75749527740584
2011-08-20 14:00:00,388.3939115265672
2011-08-20 15:00:00,375.4581831907634
2011-08-20 16:00:00,379.8558149752122
2011-08-20 17:00:00,382.31560356028155
2011-08-20 18:00:00,332.7584786624808
2011-08-20 19:00:00,325.64750106613354
2011-08-20 20:00:00,262.283
2011-08-20 21:00:00,201.86691313131314
2011-08-20 22:00:00,157.16106666666664
2011-08-20 23:00:00,116.698
2011-08-21 00:00:00,118.848
2011-08-21 01:00:00,79.078
2011-08-21 02:00:00,78.726
2011-08-21 03:00:00,37.012
2011-08-21 04:00:00,8.556128571428571
2011-08-21 05:00:00,8.408
2011-08-21 06:00:00,12.31
2011-08-21 07:00:00,56.966
2011-08-21 08:00:00,94.21
2011-08-21 09:00:00,194.958
2011-08-21 10:00:00,241.0911
2011-08-21 11:00:00,350.2813369740381
2011-08-21 12:00:00,380.27414598705525
2011-08-21 13:00:00,403.15961357409583
2011-08-21 14:00:00,266.51
2011-08-21 15:00:00,285.524644017094
2011-08-21 16:00:00,279.1498388888889
2011-08-21 17:00:00,228.49829523809524
2011-08-21 18:00:00,236.96944560439564
2011-08-21 19:00:00,314.80843215654073
2011-08-21 20:00:00,206.81719047619046
2011-08-21 21:00:00,167.20909090909092
2011-08-21 22:00:00,144.0984
2011-08-21 23:00:00,89.29
2011-08-22 00:00:00,30.855235714285715
2011-08-22 01:00:00,18.099335714285715
2011-08-22 02:00:00,11.535496173674224
2011-08-22 03:00:00,5.265206277206994
2011-08-22 04:00:00,6.933960211426001
2011-08-22 05:00:00,27.71940808080808
2011-08-22 06:00:00,105.9085
2011-08-22 07:00:00,291.6771
2011-08-22 08:00:00,401.978
2011-08-22 09:00:00,201.9429022366522
2011-08-22 10:00:00,121.81471933410093
2011-08-22 11:00:00,151.53788801668748
2011-08-22 12:00:00,191.13413676391278
2011-08-22 13:00:00,192.4731563440768
2011-08-22 14:00:00,179.27391711574847
2011-08-22 15:00:00,179.97140411095089
2011-08-22 16:00:00,297.9875961152882
2011-08-22 17:00:00,574.1325396825398
2011-08-22 18:00:00,564.8427126262627
2011-08-22 19:00:00,406.83598616354425
2011-08-22 20:00:00,305.70084242424247
2011-08-22 21:00:00,219.39704761904764
2011-08-22 22:00:00,119.744
2011-08-22 23:00:00,88.55
2011-08-23 00:00:00,34.183685714285716
2011-08-23 01:00:00,16.391804329004323
2011-08-23 02:00:00,10.357707806173421
2011-08-23 03:00:00,4.4817618749161445
2011-08-23 04:00:00,5.208398613898435
2011-08-23 05:00:00,25.930333910533907
2011-08-23 06:00:00,111.23955555555554
2011-08-23 07:00:00,325.13169999999997
2011-08-23 08:00:00,449.714
2011-08-23 09:00:00,201.08381607934547
2011-08-23 10:00:00,122.36671009806004
2011-08-23 11:00:00,150.42155403859795
2011-08-23 12:00:00,206.75184412548208
2011-08-23 13:00:00,202.13891945232766
2011-08-23 14:00:00,178.25747650253157
2011-08-23 15:00:00,180.73378892297646
2011-08-23 16:00:00,300.38177600301754
2011-08-23 17:00:00,582.1729582289056
2011-08-23 18:00:00,574.2232597440571
2011-08-23 19:00:00,387.34847556290293
2011-08-23 20:00:00,292.92393333333337
2011-08-23 21:00:00,211.42433333333335
2011-08-23 22:00:00,161.13466666666667
2011-08-23 23:00:00,78.27866666666665
2011-08-24 00:00:00,37.968
2011-08-24 01:00:00,14.253466666666665
2011-08-24 02:00:00,11.04720235921203
2011-08-24 03:00:00,6.006102755659713
2011-08-24 04:00:00,7.188832938695568
2011-08-24 05:00:00,24.779356132756135
2011-08-24 06:00:00,109.95066666666666
2011-08-24 07:00:00,321.8017333333333
2011-08-24 08:00:00,437.358
2011-08-24 09:00:00,207.3309495599
2011-08-24 10:00:00,124.28441705987555
2011-08-24 11:00:00,156.17027310792062
2011-08-24 12:00:00,187.1676788166171
2011-08-24 13:00:00,186.9139452057756
2011-08-24 14:00:00,178.27996978823964
2011-08-24 15:00:00,179.50609023236544
2011-08-24 16:00:00,278.73099074786995
2011-08-24 17:00:00,566.7442833217755
2011-08-24 18:00:00,544.4705237096238
2011-08-24 19:00:00,372.2259152271277
2011-08-24 20:00:00,288.07750317460324
2011-08-24 21:00:00,201.03242222222224
2011-08-24 22:00:00,155.117
2011-08-24 23:00:00,100.336
2011-08-25 00:00:00,47.64933333333333
2011-08-25 01:00:00,23.671877777777777
2011-08-25 02:00:00,9.074556953137515
2011-08-25 03:00:00,6.319763072113072
2011-08-25 04:00:00,6.104839752077987
2011-08-25 05:00:00,26.263463492063494
2011-08-25 06:00:00,101.064
2011-08-25 07:00:00,280.5355
2011-08-25 08:00:00,434.6263333333334
2011-08-25 09:00:00,212.05183697705797
2011-08-25 10:00:00,125.21910570062077
2011-08-25 11:00:00,110.39142943722942
2011-08-25 12:00:00,117.76544655605834
2011-08-25 13:00:00,127.97050279039416
2011-08-25 14:00:00,156.9726916569546
2011-08-25 15:00:00,163.82224159964295
2011-08-25 16:00:00,223.52561991341992
2011-08-25 17:00:00,419.266
2011-08-25 18:00:00,410.83
2011-08-25 19:00:00,256.47216382623225
2011-08-25 20:00:00,215.75718095238096
2011-08-25 21:00:00,204.96116666666666
2011-08-25 22:00:00,143.82286666666664
2011-08-25 23:00:00,101.682
2011-08-26 00:00:00,49.028
2011-08-26 01:00:00,21.876
2011-08-26 02:00:00,10.424
2011-08-26 03:00:00,6.321367110638721
2011-08-26 04:00:00,6.07973303882818
2011-08-26 05:00:00,19.134
2011-08-26 06:00:00,91.02
2011-08-26 07:00:00,246.473
2011-08-26 08:00:00,405.282
2011-08-26 09:00:00,212.30446153846154
2011-08-26 10:00:00,155.56725714285713
2011-08-26 11:00:00,162.3162642857143
2011-08-26 12:00:00,218.902323306518
2011-08-26 13:00:00,224.88639949699427
2011-08-26 14:00:00,203.347460961261
2011-08-26 15:00:00,203.86015915750914
2011-08-26 16:00:00,310.63290476190474
2011-08-26 17:00:00,509.54840909090905
2011-08-26 18:00:00,439.312
2011-08-26 19:00:00,309.1062926406927
2011-08-26 20:00:00,259.7116212121212
2011-08-26 21:00:00,210.9677142857143
2011-08-26 22:00:00,168.7508
2011-08-26 23:00:00,136.652
2011-08-27 00:00:00,108.1
2011-08-27 01:00:00,77.15885714285714
2011-08-27 02:00:00,64.542
2011-08-27 03:00:00,38.556
2011-08-27 04:00:00,9.183200000000001
2011-08-27 05:00:00,10.193200000000001
2011-08-27 06:00:00,27.2
2011-08-27 07:00:00,54.258
2011-08-27 08:00:00,133.298
2011-08-27 09:00:00,183.56
2011-08-27 10:00:00,210.318
2011-08-27 11:00:00,167.5513095238095
2011-08-27 12:00:00,240.564
2011-08-27 13:00:00,263.946
2011-08-27 14:00:00,158.803
2011-08-27 15:00:00,159.627
2011-08-27 16:00:00,163.268
2011-08-27 17:00:00,150.388
2011-08-28 07:00:00,109.092
2011-08-28 08:00:00,140.042
2011-08-28 09:00:00,193.692
2011-08-28 10:00:00,296.5
2011-08-28 11:00:00,346.8011216826725
2011-08-28 12:00:00,413.49045438198675
2011-08-28 13:00:00,443.0492349556864
2011-08-28 14:00:00,384.76952790175693
2011-08-28 15:00:00,379.776213796659
2011-08-28 16:00:00,366.41398607556596
2011-08-28 17:00:00,420.558500146928
2011-08-28 18:00:00,394.0602387132197
2011-08-28 19:00:00,343.30117791467785
2011-08-28 20:00:00,255.35
2011-08-28 21:00:00,200.38295555555555
2011-08-28 22:00:00,146.25333333333333
2011-08-28 23:00:00,89.2
2011-08-29 00:00:00,35.5750880952381
2011-08-29 01:00:00,13.148766666666667
2011-08-29 02:00:00,8.642708171224188
2011-08-29 03:00:00,6.496637454201097
2011-08-29 04:00:00,5.8963437423617995
2011-08-29 05:00:00,24.60895533910534
2011-08-29 06:00:00,110.30359999999999
2011-08-29 07:00:00,316.7326333333333
2011-08-29 08:00:00,421.172
2011-08-29 09:00:00,208.09124704184703
2011-08-29 10:00:00,124.52922237223927
2011-08-29 11:00:00,154.90654505956198
2011-08-29 12:00:00,197.52650374590564
2011-08-29 13:00:00,208.02786401658497
2011-08-29 14:00:00,182.35130962395692
2011-08-29 15:00:00,183.41948988500397
2011-08-29 16:00:00,303.5719161811727
2011-08-29 17:00:00,557.549219586846
2011-08-29 18:00:00,536.2090612942612
2011-08-29 19:00:00,397.4740987841261
2011-08-29 20:00:00,293.009870995671
2011-08-29 21:00:00,218.88969761904764
2011-08-29 22:00:00,138.307
2011-08-29 23:00:00,79.15
2011-08-30 00:00:00,35.5966380952381
2011-08-30 01:00:00,14.85468179936006
2011-08-30 02:00:00,8.097329197012074
2011-08-30 03:00:00,5.31028859129305
2011-08-30 04:00:00,6.408261065393882
2011-08-30 05:00:00,22.889321067821076
2011-08-30 06:00:00,110.19642857142857
2011-08-30 07:00:00,336.12427935163333
2011-08-30 08:00:00,450.684
2011-08-30 09:00:00,203.02416098999038
2011-08-30 10:00:00,127.98983078562345
2011-08-30 11:00:00,149.0951381399303
2011-08-30 12:00:00,204.47771348396694
2011-08-30 13:00:00,199.65689556815872
2011-08-30 14:00:00,177.94707377896373
2011-08-30 15:00:00,179.33827723135735
2011-08-30 16:00:00,299.2873680380877
2011-08-30 17:00:00,576.6676598162071
2011-08-30 18:00:00,562.4840440170941
2011-08-30 19:00:00,386.9314101227875
2011-08-30 20:00:00,297.33268528138535
2011-08-30 21:00:00,196.13198333333332
2011-08-30 22:00:00,160.57770588235294
2011-08-30 23:00:00,77.506
2011-08-31 00:00:00,32.40533333333333
2011-08-31 01:00:00,14.657733333333333
2011-08-31 02:00:00,8.667483243129354
2011-08-31 03:00:00,6.959913790341831
2011-08-31 04:00:00,7.032440089377073
2011-08-31 05:00:00,25.292339682539687
2011-08-31 06:00:00,107.69709523809523
2011-08-31 07:00:00,331.8426914102564
2011-08-31 08:00:00,433.518
2011-08-31 09:00:00,208.39122817017864
2011-08-31 10:00:00,127.6804405354505
2011-08-31 11:00:00,146.12815906191142
2011-08-31 12:00:00,199.82583192327004
2011-08-31 13:00:00,201.73829899094662
2011-08-31 14:00:00,176.76610506668268
2011-08-31 15:00:00,177.30882698469432
2011-08-31 16:00:00,296.3378008659324
2011-08-31 17:00:00,582.8848380952379
2011-08-31 18:00:00,540.3566949255422
2011-08-31 19:00:00,368.39771374859066
2011-08-31 20:00:00,292.8089593073594
2011-08-31 21:00:00,200.29003888888886
2011-08-31 22:00:00,153.22197254901963
2011-08-31 23:00:00,79.09973333333332
2011-09-20 00:00:00,33.858604761904765
2011-09-20 01:00:00,11.608564174714177
2011-09-20 02:00:00,4.220372661703623
2011-09-20 03:00:00,5.104554683708178
2011-09-20 04:00:00,5.395808605631915
2011-09-20 05:00:00,21.50232735042735
2011-09-20 06:00:00,108.341
2011-09-20 07:00:00,305.640933407181
2011-09-20 08:00:00,243.82
2011-09-20 09:00:00,129.04544285714286
2011-09-20 10:00:00,81.03874047619048
2011-09-20 11:00:00,83.33413116883116
2011-09-20 12:00:00,99.18246901016911
2011-09-20 13:00:00,97.75509202604212
2011-09-20 14:00:00,130.86121684204505
2011-09-20 15:00:00,172.5424719698002
2011-09-20 16:00:00,238.59118073593072
2011-09-20 17:00:00,393.606
2011-09-20 18:00:00,385.016
2011-09-20 19:00:00,254.57868095238092
2011-09-20 20:00:00,179.2899666666667
2011-09-20 21:00:00,118.29833333333333
2011-09-20 22:00:00,125.43573333333333
2011-09-20 23:00:00,64.64473333333333
2011-09-21 00:00:00,21.627333333333333
2011-09-21 01:00:00,10.272383078033078
2011-09-21 02:00:00,6.03980449784134
2011-09-21 03:00:00,4.223254238259732
2011-09-21 04:00:00,4.979364927175222
2011-09-21 05:00:00,15.472
2011-09-21 06:00:00,98.77
2011-09-21 07:00:00,256.6894834360411
2011-09-21 08:00:00,369.304
2011-09-21 09:00:00,140.6179263347763
2011-09-21 10:00:00,85.69510043618543
2011-09-21 11:00:00,114.21008185582532
2011-09-21 12:00:00,165.3507099999753
2011-09-21 13:00:00,166.79997073778935
2011-09-21 14:00:00,159.95777130037322
2011-09-21 15:00:00,163.47811214952569
2011-09-21 16:00:00,280.1948067030989
2011-09-21 17:00:00,429.91
2011-09-21 18:00:00,334.094
2011-09-21 19:00:00,124.01866666666668
2011-09-21 20:00:00,101.28866666666667
2011-09-21 21:00:00,95.53557142857142
2011-09-21 22:00:00,128.838
2011-09-21 23:00:00,63.831
2011-09-22 00:00:00,20.822
2011-09-22 01:00:00,13.576705555555556
2011-09-22 02:00:00,14.491966666666665
2011-09-22 03:00:00,3.971581452860864
2011-09-22 04:00:00,4.040556849686261
2011-09-22 05:00:00,17.062
2011-09-22 06:00:00,85.368
2011-09-22 07:00:00,226.23599999999996
2011-09-22 08:00:00,326.234
2011-09-22 09:00:00,138.3821541125541
2011-09-22 10:00:00,115.47621372679768
2011-09-22 11:00:00,120.25465710835059
2011-09-22 12:00:00,132.8721758212376
2011-09-22 13:00:00,134.7925072871573
2011-09-22 14:00:00,128.98874440221027
2011-09-22 15:00:00,131.77695379561126
2011-09-22 16:00:00,281.03816644335865
2011-09-22 17:00:00,412.1733333333333
2011-09-22 18:00:00,334.72
2011-09-22 19:00:00,207.0001069789859
2011-09-22 20:00:00,126.10318253968255
2011-09-22 21:00:00,113.25923809523809
2011-09-22 22:00:00,118.766
2011-09-22 23:00:00,91.59
2011-09-23 00:00:00,39.634
2011-09-23 01:00:00,15.168
2011-09-23 02:00:00,10.01
2011-09-23 03:00:00,4.652596485540602
2011-09-23 04:00:00,3.8985
2011-09-23 05:00:00,15.852
2011-09-23 06:00:00,78.19
2011-09-23 07:00:00,144.589358974359
2011-09-23 08:00:00,247.65
2011-09-23 09:00:00,113.3160923076923
2011-09-23 10:00:00,85.75958333333331
2011-09-23 11:00:00,85.85758333333331
2011-09-23 12:00:00,100.66919047619048
2011-09-23 13:00:00,91.593
2011-09-23 14:00:00,91.855
2011-09-23 15:00:00,100.68682142857142
2011-09-23 16:00:00,137.622
2011-09-23 17:00:00,298.686
2011-09-23 18:00:00,302.826
2011-09-23 19:00:00,210.07402222222223
2011-09-23 20:00:00,175.56653333333333
2011-09-23 21:00:00,119.876
2011-09-23 22:00:00,125.1616
2011-09-23 23:00:00,105.264
2011-09-24 00:00:00,85.914
2011-09-24 01:00:00,74.138
2011-09-24 02:00:00,58.434
2011-09-24 03:00:00,33.936
2011-09-24 04:00:00,9.537307692307692
2011-09-24 05:00:00,13.167
2011-09-24 06:00:00,17.876
2011-09-24 07:00:00,82.50486666666667
2011-09-24 08:00:00,136.76478571428575
2011-09-24 09:00:00,146.01037680097681
2011-09-24 10:00:00,233.77519743589744
2011-09-24 11:00:00,254.95917581699345
2011-09-24 12:00:00,275.1337424836601
2011-09-24 13:00:00,303.1842180451128
2011-09-24 14:00:00,291.4012333982684
2011-09-24 15:00:00,290.8865667316017
2011-09-24 16:00:00,284.36695714285713
2011-09-24 17:00:00,274.15286872294377
2011-09-24 18:00:00,261.2894714285714
2011-09-24 19:00:00,219.06633333333332
2011-09-24 20:00:00,199.36473333333333
2011-09-24 21:00:00,157.5453333333333
2011-09-24 22:00:00,145.65
2011-09-24 23:00:00,116.688
2011-09-25 00:00:00,102.352
2011-09-25 01:00:00,79.5992
2011-09-25 02:00:00,56.99
2011-09-25 03:00:00,34.218
2011-09-25 04:00:00,9.974
2011-09-25 05:00:00,17.998
2011-09-25 06:00:00,16.086
2011-09-25 07:00:00,57.41
2011-09-25 08:00:00,91.12542857142859
2011-09-25 09:00:00,159.66975714285712
2011-09-25 10:00:00,248.69039999999998
2011-09-25 11:00:00,263.6548333333334
2011-09-25 12:00:00,273.5818561403509
2011-09-25 13:00:00,291.1644751879699
2011-09-25 14:00:00,274.28064
2011-09-25 15:00:00,273.86997333333335
2011-09-25 16:00:00,370.6929471902331
2011-09-25 17:00:00,260.18086785714286
2011-09-25 18:00:00,255.15066785714288
2011-09-25 19:00:00,224.69183333333334
2011-09-25 20:00:00,188.9525
2011-09-25 21:00:00,116.722
2011-09-25 22:00:00,137.144
2011-09-25 23:00:00,115.56
2011-09-26 00:00:00,37.062
2011-09-26 01:00:00,12.202150793650794
2011-09-26 02:00:00,6.194728879015721
2011-09-26 03:00:00,3.751528571428571
2011-09-26 04:00:00,5.1402745098039215
2011-09-26 05:00:00,19.76
2011-09-26 06:00:00,92.328
2011-09-26 07:00:00,241.1966666666667
2011-09-26 08:00:00,354.252
2011-09-26 09:00:00,184.58810764790766
2011-09-26 10:00:00,115.78844614153961
2011-09-26 11:00:00,136.6203554750805
2011-09-26 12:00:00,137.8814876829662
2011-09-26 13:00:00,163.28840134671952
2011-09-26 14:00:00,167.5749312002944
2011-09-26 15:00:00,169.82057162949837
2011-09-26 16:00:00,287.7303017583618
2011-09-26 17:00:00,544.7866621553884
2011-09-26 18:00:00,357.802
2011-09-26 19:00:00,230.33146666666667
2011-09-26 20:00:00,177.06781587301592
2011-09-26 21:00:00,122.71768253968254
2011-09-26 22:00:00,120.078
2011-09-26 23:00:00,64.4675
2011-09-27 00:00:00,32.114
2011-09-27 01:00:00,11.474570202020201
2011-09-27 02:00:00,6.846896200583043
2011-09-27 03:00:00,3.3963723622782442
2011-09-27 04:00:00,3.898946078431373
2011-09-27 05:00:00,15.924
2011-09-27 06:00:00,96.08
2011-09-27 07:00:00,248.22809999999998
2011-09-27 08:00:00,375.764
2011-09-27 09:00:00,164.32829646464646
2011-09-27 10:00:00,94.37574126984128
2011-09-27 11:00:00,115.32366014289772
2011-09-27 12:00:00,134.43055356744702
2011-09-27 13:00:00,164.697844781063
2011-09-27 14:00:00,123.86937901091888
2011-09-27 15:00:00,120.19523811688312
2011-09-27 16:00:00,200.73184372294372
2011-09-27 17:00:00,298.508
2011-09-27 18:00:00,302.122
2011-09-27 19:00:00,217.6233753550543
2011-09-27 20:00:00,224.95053333333334
2011-09-27 21:00:00,168.83432020202022
2011-09-27 22:00:00,132.24742857142854
2011-09-27 23:00:00,66.6545
2011-09-28 00:00:00,29.418
2011-09-28 01:00:00,12.203828388278389
2011-09-28 02:00:00,5.787182325569167
2011-09-28 03:00:00,4.139442271127565
2011-09-28 04:00:00,6.29744284585122
2011-09-28 05:00:00,17.034
2011-09-28 06:00:00,58.108
2011-09-28 07:00:00,120.15389230769232
2011-09-28 08:00:00,248.276
2011-09-28 09:00:00,142.74255897435899
2011-09-28 10:00:00,65.31415
2011-09-28 11:00:00,123.90432301587302
2011-09-28 12:00:00,127.19681828462215
2011-09-28 13:00:00,166.44171133280267
2011-09-28 14:00:00,168.2589259217707
2011-09-28 15:00:00,168.0280728690406
2011-09-28 16:00:00,289.82557658827056
2011-09-28 17:00:00,544.1354478696742
2011-09-28 18:00:00,324.876
2011-09-28 19:00:00,206.33957142857142
2011-09-28 20:00:00,141.88878571428572
2011-09-28 21:00:00,121.24133333333334
2011-09-28 22:00:00,131.81142857142856
2011-09-28 23:00:00,61.90233333333334
2011-09-29 00:00:00,22.182
2011-09-29 01:00:00,14.273333333333333
2011-09-29 02:00:00,12.925941025641027
2011-09-29 03:00:00,4.589604921067923
2011-09-29 04:00:00,5.961347905207968
2011-09-29 05:00:00,21.338
2011-09-29 06:00:00,113.86
2011-09-29 07:00:00,271.8173354341737
2011-09-29 08:00:00,429.768
2011-09-29 09:00:00,211.68825051026383
2011-09-29 10:00:00,129.4556345529924
2011-09-29 11:00:00,157.20062543449794
2011-09-29 12:00:00,199.32974832315733
2011-09-29 13:00:00,195.22161747980704
2011-09-29 14:00:00,182.33005936756211
2011-09-29 15:00:00,183.21448809377307
2011-09-29 16:00:00,297.57459067696567
2011-09-29 17:00:00,557.9214611111111
2011-09-29 18:00:00,535.8943715728716
2011-09-29 19:00:00,365.3064809523809
2011-09-29 20:00:00,275.9369952380952
2011-09-29 21:00:00,194.32341666666667
2011-09-29 22:00:00,145.12739468864467
2011-09-29 23:00:00,98.98690175438597
2011-09-30 00:00:00,51.438
2011-09-30 01:00:00,25.216
2011-09-30 02:00:00,11.125399999999999
2011-09-30 03:00:00,5.908787687933803
2011-09-30 04:00:00,5.842727747000039
2011-09-30 05:00:00,26.145331829573934
2011-09-30 06:00:00,91.72746666666667
2011-09-30 07:00:00,273.2505233871731
2011-09-30 08:00:00,457.864
2011-09-30 09:00:00,217.0355407625825
2011-09-30 10:00:00,172.6089523809524
2011-09-30 11:00:00,187.99948309409885
2011-09-30 12:00:00,246.50786926348502
2011-09-30 13:00:00,236.44263275554854
2011-09-30 14:00:00,243.96464754631336
2011-09-30 15:00:00,243.49055270504346
2011-09-30 16:00:00,344.74743333333333
2011-09-30 17:00:00,529.454909090909
2011-09-30 18:00:00,484.79290909090906
2011-09-30 19:00:00,302.627518153618
2011-09-30 20:00:00,205.33134444444445
2011-09-30 21:00:00,168.13382206959704
2011-09-30 22:00:00,117.02425
2011-09-30 23:00:00,106.932
2011-10-20 00:00:00,21.626
2011-10-20 01:00:00,14.211833333333335
2011-10-20 02:00:00,8.449114590964589
2011-10-20 03:00:00,4.775987036720103
2011-10-20 04:00:00,5.281354465043415
2011-10-20 05:00:00,26.541753258145366
2011-10-20 06:00:00,97.24380000000001
2011-10-20 07:00:00,268.1356511932209
2011-10-20 08:00:00,374.34040000000005
2011-10-20 09:00:00,209.32680660697804
2011-10-20 10:00:00,141.59382715371373
2011-10-20 11:00:00,145.46120207437457
2011-10-20 12:00:00,172.19839509391556
2011-10-20 13:00:00,170.72271784808075
2011-10-20 14:00:00,152.89174174053778
2011-10-20 15:00:00,149.5218773170614
2011-10-20 16:00:00,241.6713873782345
2011-10-20 17:00:00,438.852
2011-10-20 18:00:00,425.572
2011-10-20 19:00:00,262.1518690025276
2011-10-20 20:00:00,215.15493095238097
2011-10-20 21:00:00,132.10513928571427
2011-10-20 22:00:00,112.00121666666666
2011-10-20 23:00:00,88.43858333333333
2011-10-21 00:00:00,52.71
2011-10-21 01:00:00,25.622
2011-10-21 02:00:00,13.642
2011-10-21 03:00:00,6.317786339589578
2011-10-21 04:00:00,5.589354064897581
2011-10-21 05:00:00,22.465083333333336
2011-10-21 06:00:00,88.2908
2011-10-21 07:00:00,237.12391142484964
2011-10-21 08:00:00,448.2004
2011-10-21 09:00:00,209.07550571722314
2011-10-21 10:00:00,163.63122047710132
2011-10-21 11:00:00,181.42334028479615
2011-10-21 12:00:00,216.6961248628409
2011-10-21 13:00:00,206.06685667917355
2011-10-21 14:00:00,213.14409575397337
2011-10-21 15:00:00,213.02998549882025
2011-10-21 16:00:00,309.60251696591683
2011-10-21 17:00:00,448.464
2011-10-21 18:00:00,426.952
2011-10-21 19:00:00,251.05736582792434
2011-10-21 20:00:00,200.95036111111114
2011-10-21 21:00:00,137.1518663165266
2011-10-21 22:00:00,115.45929264069264
2011-10-21 23:00:00,93.24791666666667
2011-10-22 00:00:00,85.276
2011-10-22 01:00:00,69.50685714285714
2011-10-22 02:00:00,59.982
2011-10-22 03:00:00,25.278
2011-10-22 04:00:00,8.2121
2011-10-22 05:00:00,8.1546
2011-10-22 06:00:00,21.068
2011-10-22 07:00:00,66.88851616161617
2011-10-22 08:00:00,87.44051999999998
2011-10-22 09:00:00,156.96405997967003
2011-10-22 10:00:00,234.99597001327194
2011-10-22 11:00:00,258.9606791908983
2011-10-22 12:00:00,318.8918813020558
2011-10-22 13:00:00,348.184104225211
2011-10-22 14:00:00,325.47146694546876
2011-10-22 15:00:00,324.0464074523415
2011-10-22 16:00:00,322.3045024121098
2011-10-22 17:00:00,261.2812503101088
2011-10-22 18:00:00,220.93913237804088
2011-10-22 19:00:00,203.3882131903658
2011-10-22 20:00:00,159.3530888888889
2011-10-22 21:00:00,120.51973774509803
2011-10-22 22:00:00,107.39432121212123
2011-10-22 23:00:00,91.51
2011-10-23 00:00:00,85.074
2011-10-23 01:00:00,75.044
2011-10-23 02:00:00,55.896
2011-10-23 03:00:00,31.624
2011-10-23 04:00:00,9.908642857142857
2011-10-23 05:00:00,8.487142857142857
2011-10-23 06:00:00,17.31
2011-10-23 07:00:00,60.668250793650806
2011-10-23 08:00:00,86.82085714285715
2011-10-23 09:00:00,140.67019380952382
2011-10-23 10:00:00,237.63023454598778
2011-10-23 11:00:00,255.923782984168
2011-10-23 12:00:00,327.64324187427025
2011-10-23 13:00:00,338.94074711899896
2011-10-23 14:00:00,340.31147427535507
2011-10-23 15:00:00,336.6074456864585
2011-10-23 16:00:00,325.89942341809825
2011-10-23 17:00:00,280.48881561133265
2011-10-23 18:00:00,252.70780300702884
2011-10-23 19:00:00,187.3637597735598
2011-10-23 20:00:00,148.5533333333333
2011-10-23 21:00:00,107.7197794117647
2011-10-23 22:00:00,85.74195454545455
2011-10-23 23:00:00,75.09333333333333
2011-10-24 00:00:00,37.41973333333334
2011-10-24 01:00:00,10.948051566080977
2011-10-24 02:00:00,4.709807017543858
2011-10-24 03:00:00,6.776048032033325
2011-10-24 04:00:00,6.5787767903750884
2011-10-24 05:00:00,25.3333583028083
2011-10-24 06:00:00,97.0535
2011-10-24 07:00:00,263.2382618037518
2011-10-24 08:00:00,396.784
2011-10-24 09:00:00,191.66055336537966
2011-10-24 10:00:00,116.19416015916939
2011-10-24 11:00:00,129.93291933573255
2011-10-24 12:00:00,178.13170896849653
2011-10-24 13:00:00,175.7904850170056
2011-10-24 14:00:00,170.96687537849414
2011-10-24 15:00:00,186.90743484690262
2011-10-24 16:00:00,295.4553674583851
2011-10-24 17:00:00,486.7203
2011-10-24 18:00:00,499.78046446886447
2011-10-24 19:00:00,197.1191
2011-10-24 20:00:00,225.57457539682542
2011-10-24 21:00:00,165.56176744595274
2011-10-24 22:00:00,122.81928412698414
2011-10-24 23:00:00,67.7462380952381
2011-10-25 00:00:00,45.60848333333333
2011-10-25 01:00:00,15.82593576521518
2011-10-25 02:00:00,4.765384000364961
2011-10-25 03:00:00,5.861027857039239
2011-10-25 04:00:00,5.806730047819997
2011-10-25 05:00:00,25.841677350427343
2011-10-25 06:00:00,101.762
2011-10-25 07:00:00,283.50570175524064
2011-10-25 08:00:00,450.9368
2011-10-25 09:00:00,206.92282222275747
2011-10-25 10:00:00,130.78604443285693
2011-10-25 11:00:00,138.5681581779387
2011-10-25 12:00:00,187.9101408962821
2011-10-25 13:00:00,180.39928326614609
2011-10-25 14:00:00,168.1759562902134
2011-10-25 15:00:00,179.32594054168987
2011-10-25 16:00:00,303.921296899537
2011-10-25 17:00:00,576.6392999999999
2011-10-25 18:00:00,487.6588952380952
2011-10-25 19:00:00,306.67151108136375
2011-10-25 20:00:00,223.0299968253968
2011-10-25 21:00:00,154.43392107843133
2011-10-25 22:00:00,133.28574217383925
2011-10-25 23:00:00,69.78543809523809
2011-10-26 00:00:00,49.843666666666664
2011-10-26 01:00:00,14.370875468975472
2011-10-26 02:00:00,7.073073515725679
2011-10-26 03:00:00,4.68863015472697
2011-10-26 04:00:00,4.445995912068494
2011-10-26 05:00:00,26.60800737069948
2011-10-26 06:00:00,111.83725555555554
2011-10-26 07:00:00,291.9245240762902
2011-10-26 08:00:00,450.5892
2011-10-26 09:00:00,213.4878710015545
2011-10-26 10:00:00,129.1349119081861
2011-10-26 11:00:00,138.17458881555012
2011-10-26 12:00:00,171.10933949162072
2011-10-26 13:00:00,161.67378390822554
2011-10-26 14:00:00,160.8218436177224
2011-10-26 15:00:00,165.32373808834978
2011-10-26 16:00:00,251.86774235818842
2011-10-26 17:00:00,467.6988
2011-10-26 18:00:00,464.792
2011-10-26 19:00:00,259.4076110223111
2011-10-26 20:00:00,198.03285
2011-10-26 21:00:00,173.48798042790546
2011-10-26 22:00:00,127.36574761904762
2011-10-26 23:00:00,67.02897142857142
2011-10-27 00:00:00,31.57
2011-10-27 01:00:00,10.796138888888889
2011-10-27 02:00:00,8.22097142857143
2011-10-27 03:00:00,4.083312565539036
2011-10-27 04:00:00,4.737448184014128
2011-10-27 05:00:00,20.762400000000003
2011-10-27 06:00:00,69.782
2011-10-27 07:00:00,257.80071460487227
2011-10-27 08:00:00,290.552
2011-10-27 09:00:00,206.71627090638825
2011-10-27 10:00:00,89.6418797979798
2011-10-27 11:00:00,92.81041285120108
2011-10-27 12:00:00,83.64469459723283
2011-10-27 13:00:00,129.24467854067854
2011-10-27 14:00:00,135.21755824891508
2011-10-27 15:00:00,140.08611719836384
2011-10-27 16:00:00,290.43751376049204
2011-10-27 17:00:00,402.082
2011-10-27 18:00:00,381.832
2011-10-27 19:00:00,232.7319786966986
2011-10-27 20:00:00,207.1021196969697
2011-10-27 21:00:00,133.54455595238093
2011-10-27 22:00:00,92.606
2011-10-27 23:00:00,72.60158333333334
2011-10-28 00:00:00,58.824
2011-10-28 01:00:00,18.258
2011-10-28 02:00:00,10.806
2011-10-28 03:00:00,3.617250241545894
2011-10-28 04:00:00,4.0627108476065
2011-10-28 05:00:00,22.53511111111111
2011-10-28 06:00:00,85.414
2011-10-28 07:00:00,204.25630210084032
2011-10-28 08:00:00,400.99
2011-10-28 09:00:00,193.95591298003075
2011-10-28 10:00:00,134.93031497865732
2011-10-28 11:00:00,163.65095568483812
2011-10-28 12:00:00,184.27446452570402
2011-10-28 13:00:00,182.8958436057571
2011-10-28 14:00:00,169.24072369910684
2011-10-28 15:00:00,161.4858304895587
2011-10-28 16:00:00,216.30829324827218
2011-10-28 17:00:00,390.184
2011-10-28 18:00:00,354.152
2011-10-28 19:00:00,224.00908775376675
2011-10-28 20:00:00,137.58978921568627
2011-10-28 21:00:00,92.972
2011-10-28 22:00:00,65.63866666666665
2011-10-28 23:00:00,59.3
2011-10-29 00:00:00,50.976
2011-10-29 01:00:00,39.794
2011-10-29 02:00:00,37.432
2011-10-29 03:00:00,10.806
2011-10-29 04:00:00,6.30825
2011-10-29 05:00:00,4.732
2011-10-29 06:00:00,16.538
2011-10-29 07:00:00,82.4707
2011-10-29 08:00:00,87.6107
2011-10-29 09:00:00,89.53086666666665
2011-10-29 10:00:00,82.4747
2011-10-29 11:00:00,83.93769999999999
2011-10-29 12:00:00,87.999
2011-10-29 13:00:00,88.04333333333334
2011-10-29 14:00:00,89.51333333333335
2011-10-29 15:00:00,89.142
2011-10-29 16:00:00,95.32371428571429
2011-10-29 17:00:00,96.69171428571428
2011-10-29 18:00:00,100.56171428571429
2011-10-29 19:00:00,143.28715789473685
2011-10-29 20:00:00,122.589
2011-10-29 21:00:00,79.289
2011-10-29 22:00:00,75.344
2011-10-29 23:00:00,63.322
2011-10-30 00:00:00,61.17
2011-10-30 01:00:00,45.656
2011-10-30 02:00:00,41.8
2011-10-30 03:00:00,12.102
2011-10-30 04:00:00,4.466
2011-10-30 05:00:00,3.598
2011-10-30 06:00:00,14.398
2011-10-30 07:00:00,38.713783333333325
2011-10-30 08:00:00,84.3462
2011-10-30 09:00:00,142.84909393241168
2011-10-30 10:00:00,223.41532504154722
2011-10-30 11:00:00,243.38338865678136
2011-10-30 12:00:00,317.1310583103222
2011-10-30 13:00:00,325.0088089588583
2011-10-30 14:00:00,335.6208313798046
2011-10-30 15:00:00,342.91570534718204
2011-10-30 16:00:00,322.87262042550157
2011-10-30 17:00:00,265.06235238095235
2011-10-30 18:00:00,205.47550281385284
2011-10-30 19:00:00,258.35174368619903
2011-10-30 20:00:00,158.55770833333332
2011-10-30 21:00:00,93.814
2011-10-30 22:00:00,61.929199999999994
2011-10-30 23:00:00,53.49
2011-10-31 00:00:00,20.594
2011-10-31 01:00:00,8.516019047619046
2011-10-31 02:00:00,3.5074
2011-10-31 03:00:00,4.541244225872168
2011-10-31 04:00:00,4.370050779286073
2011-10-31 05:00:00,21.710171428571424
2011-10-31 06:00:00,93.572
2011-10-31 07:00:00,247.6948219047619
2011-10-31 08:00:00,440.504
2011-10-31 09:00:00,185.98318498168493
2011-10-31 10:00:00,126.98001800891106
2011-10-31 11:00:00,140.64516373810565
2011-10-31 12:00:00,165.8364892670448
2011-10-31 13:00:00,158.26975215053886
2011-10-31 14:00:00,156.1312468286386
2011-10-31 15:00:00,170.9364442106317
2011-10-31 16:00:00,275.2870522581608
2011-10-31 17:00:00,474.0885
2011-10-31 18:00:00,416.328
2011-10-31 19:00:00,263.1991757111784
2011-10-31 20:00:00,200.50247070707078
2011-10-31 21:00:00,128.79466666666664
2011-10-31 22:00:00,97.88654285714287
2011-10-31 23:00:00,57.32986842105263
2011-11-20 00:00:00,80.842
2011-11-20 01:00:00,69.5155
2011-11-20 02:00:00,61.674
2011-11-20 03:00:00,29.598
2011-11-20 04:00:00,8.945571428571428
2011-11-20 05:00:00,7.345
2011-11-20 06:00:00,17.6
2011-11-20 07:00:00,63.67882897753041
2011-11-20 08:00:00,93.74730952380952
2011-11-20 09:00:00,147.3566232059175
2011-11-20 10:00:00,235.16633228905604
2011-11-20 11:00:00,304.8841843308571
2011-11-20 12:00:00,324.7743175685062
2011-11-20 13:00:00,347.3750031978097
2011-11-20 14:00:00,341.6190875348406
2011-11-20 15:00:00,327.20948033192485
2011-11-20 16:00:00,322.51157228181626
2011-11-20 17:00:00,304.3826676039479
2011-11-20 18:00:00,297.7180801580604
2011-11-20 19:00:00,226.56568294930875
2011-11-20 20:00:00,179.55445555555556
2011-11-20 21:00:00,138.83763655462187
2011-11-20 22:00:00,78.29
2011-11-20 23:00:00,64.524
2011-11-21 00:00:00,31.65116666666667
2011-11-21 01:00:00,9.7811
2011-11-21 02:00:00,6.768187969924811
2011-11-21 03:00:00,4.862059367484367
2011-11-21 04:00:00,4.974564129389129
2011-11-21 05:00:00,14.164
2011-11-21 06:00:00,90.112
2011-11-21 07:00:00,261.87449317630086
2011-11-21 08:00:00,401.428
2011-11-21 09:00:00,182.70017214746036
2011-11-21 10:00:00,108.66404092388387
2011-11-21 11:00:00,113.72671327685771
2011-11-21 12:00:00,166.83372429000013
2011-11-21 13:00:00,163.93470824004916
2011-11-21 14:00:00,132.35825576226074
2011-11-21 15:00:00,58.288306069094304
2011-11-21 16:00:00,80.05503015873015
2011-11-21 17:00:00,117.65
2011-11-21 18:00:00,236.802
2011-11-21 19:00:00,138.59773333333334
2011-11-21 20:00:00,131.2825515151515
2011-11-21 21:00:00,95.40466666666667
2011-11-21 22:00:00,71.174
2011-11-21 23:00:00,48.622571428571426
2011-11-22 00:00:00,22.944
2011-11-22 01:00:00,7.722741269841271
2011-11-22 02:00:00,5.121951461988303
2011-11-22 03:00:00,4.509763186578979
2011-11-22 04:00:00,4.201317808427719
2011-11-22 05:00:00,19.484599999999997
2011-11-22 06:00:00,89.756
2011-11-22 07:00:00,105.89766666666667
2011-11-22 08:00:00,186.544
2011-11-22 09:00:00,91.286
2011-11-22 10:00:00,79.303
2011-11-22 11:00:00,80.57949019607844
2011-11-22 12:00:00,78.38865686274511
2011-11-22 13:00:00,57.058752100840344
2011-11-22 14:00:00,56.015752100840345
2011-11-22 15:00:00,56.938628571428566
2011-11-22 16:00:00,79.8252
2011-11-22 17:00:00,168.162
2011-11-22 18:00:00,164.22
2011-11-22 19:00:00,142.24654761904765
2011-11-22 20:00:00,183.235
2011-11-22 21:00:00,119.969
2011-11-22 22:00:00,115.25685714285714
2011-11-22 23:00:00,66.34316666666668
2011-11-23 00:00:00,26.136
2011-11-23 01:00:00,11.808241702741704
2011-11-23 02:00:00,5.7004172161172155
2011-11-23 03:00:00,4.301019599844601
2011-11-23 04:00:00,5.258515608247961
2011-11-23 05:00:00,18.8505
2011-11-23 06:00:00,88.726
2011-11-23 07:00:00,247.85448603344366
2011-11-23 08:00:00,385.908
2011-11-23 09:00:00,179.54657270752824
2011-11-23 10:00:00,106.24207794647882
2011-11-23 11:00:00,131.34509947212086
2011-11-23 12:00:00,167.0721218127327
2011-11-23 13:00:00,152.96506044171164
2011-11-23 14:00:00,160.4847240752613
2011-11-23 15:00:00,158.30442354112677
2011-11-23 16:00:00,228.25559031841024
2011-11-23 17:00:00,288.064
2011-11-23 18:00:00,369.006
2011-11-23 19:00:00,238.13577701780977
2011-11-23 20:00:00,174.6089590909091
2011-11-23 21:00:00,125.31
2011-11-23 22:00:00,96.68194285714286
2011-11-23 23:00:00,54.459
2011-11-24 00:00:00,65.992
2011-11-24 01:00:00,33.348
2011-11-24 02:00:00,16.82
2011-11-24 03:00:00,8.451722222222223
2011-11-24 04:00:00,7.4
2011-11-24 05:00:00,14.2466
2011-11-24 06:00:00,39.968
2011-11-24 07:00:00,155.08657142857143
2011-11-24 08:00:00,186.24789365079366
2011-11-24 09:00:00,190.17103571428572
2011-11-24 10:00:00,201.90987559633547
2011-11-24 11:00:00,225.8662335007675
2011-11-24 12:00:00,240.38405617705877
2011-11-24 13:00:00,247.89912466687076
2011-11-24 14:00:00,254.8196333415295
2011-11-24 15:00:00,246.8923195189721
2011-11-24 16:00:00,283.4532666894907
2011-11-24 17:00:00,274.6006979524308
2011-11-24 18:00:00,244.4437905422624
2011-11-24 19:00:00,226.05620077908432
2011-11-24 20:00:00,154.4785285714286
2011-11-24 21:00:00,114.535
2011-11-24 22:00:00,96.76091480463981
2011-11-24 23:00:00,70.75333333333334
2011-11-25 00:00:00,40.642
2011-11-25 01:00:00,19.538
2011-11-25 02:00:00,10.327333333333334
2011-11-25 03:00:00,4.612803127548779
2011-11-25 04:00:00,4.6489038198824515
2011-11-25 05:00:00,24.39668888888889
2011-11-25 06:00:00,80.194
2011-11-25 07:00:00,219.71877404262406
2011-11-25 08:00:00,392.292
2011-11-25 09:00:00,224.82715774225775
2011-11-25 10:00:00,156.83350423069402
2011-11-25 11:00:00,158.89696855939957
2011-11-25 12:00:00,202.31440878237112
2011-11-25 13:00:00,215.5569242852956
2011-11-25 14:00:00,216.17688124182848
2011-11-25 15:00:00,219.6428757189303
2011-11-25 16:00:00,306.9823698030439
2011-11-25 17:00:00,485.19
2011-11-25 18:00:00,454.2
2011-11-25 19:00:00,252.85641203057796
2011-11-25 20:00:00,189.58466731601732
2011-11-25 21:00:00,135.82323774509806
2011-11-25 22:00:00,106.6498216228216
2011-11-25 23:00:00,75.1526850877193
2011-11-26 00:00:00,77.144
2011-11-26 01:00:00,69.92085714285714
2011-11-26 02:00:00,48.834
2011-11-26 03:00:00,23.716
2011-11-26 04:00:00,7.5615
2011-11-26 05:00:00,6.226138095238095
2011-11-26 06:00:00,17.898
2011-11-26 07:00:00,42.061666666666675
2011-11-26 08:00:00,106.53790028860028
2011-11-26 09:00:00,160.59976241020524
2011-11-26 10:00:00,222.82470651629077
2011-11-26 11:00:00,280.47181962232173
2011-11-26 12:00:00,337.51915434071316
2011-11-26 13:00:00,344.0876366006133
2011-11-26 14:00:00,326.47288606523784
2011-11-26 15:00:00,340.1203091133885
2011-11-26 16:00:00,295.8167592204194
2011-11-26 17:00:00,260.9698101946687
2011-11-26 18:00:00,204.88574495859763
2011-11-26 19:00:00,185.71702955265852
2011-11-26 20:00:00,167.6798512820513
2011-11-26 21:00:00,116.16400560224089
2011-11-26 22:00:00,104.40906043956043
2011-11-26 23:00:00,85.411
2011-11-27 00:00:00,82.6
2011-11-27 01:00:00,77.34
2011-11-27 02:00:00,52.036
2011-11-27 03:00:00,34.19
2011-11-27 04:00:00,7.6174
2011-11-27 05:00:00,6.194916666666666
2011-11-27 06:00:00,14.908
2011-11-27 07:00:00,77.79782777777777
2011-11-27 08:00:00,91.41932476190475
2011-11-27 09:00:00,146.5919998477385
2011-11-27 10:00:00,240.5803041932143
2011-11-27 11:00:00,308.84275972884086
2011-11-27 12:00:00,348.56642672949437
2011-11-27 13:00:00,351.11564422130044
2011-11-27 14:00:00,440.83811187490664
2011-11-27 15:00:00,439.92034519158994
2011-11-27 16:00:00,338.4277715489492
2011-11-27 17:00:00,309.2559935418989
2011-11-27 18:00:00,254.12527968059683
2011-11-27 19:00:00,207.7287921123679
2011-11-27 20:00:00,160.47835555555554
2011-11-27 21:00:00,117.744
2011-11-27 22:00:00,114.12775
2011-11-27 23:00:00,88.91733333333335
2011-11-28 00:00:00,41.72748333333334
2011-11-28 01:00:00,17.117016428995843
2011-11-28 03:00:00,5.5950738222304
2011-11-28 04:00:00,6.958530912033526
2011-11-28 05:00:00,25.198096398046395
2011-11-28 06:00:00,102.0355
2011-11-28 07:00:00,289.3294112840823
2011-11-28 08:00:00,405.28
2011-11-28 09:00:00,191.16044921864918
2011-11-28 10:00:00,122.77255341809321
2011-11-28 11:00:00,131.07944609482317
2011-11-28 12:00:00,191.01365766520385
2011-11-28 13:00:00,183.6952496086144
2011-11-28 14:00:00,182.3649130481484
2011-11-28 15:00:00,184.63678386243456
2011-11-28 16:00:00,288.87868848526847
2011-11-28 17:00:00,551.096861904762
2011-11-28 18:00:00,515.0805666666666
2011-11-28 19:00:00,307.97357640941436
2011-11-28 20:00:00,236.26087857142852
2011-11-28 21:00:00,185.87809755799756
2011-11-28 22:00:00,123.50504945054948
2011-11-28 23:00:00,66.02560651629072
2011-11-29 00:00:00,28.208428571428573
2011-11-29 01:00:00,11.140780242959654
2011-11-29 02:00:00,5.379403970590813
2011-11-29 03:00:00,4.045621045166451
2011-11-29 04:00:00,4.853149175346497
2011-11-29 05:00:00,24.18878131868132
2011-11-29 06:00:00,101.74716666666666
2011-11-29 07:00:00,313.3606361411184
2011-11-29 08:00:00,446.632
2011-11-29 09:00:00,178.36302655414758
2011-11-29 10:00:00,116.52728109083903
2011-11-29 11:00:00,79.85910793650794
2011-11-29 12:00:00,95.2180492063492
2011-11-29 13:00:00,97.37119900654902
2011-11-29 14:00:00,74.35455686274508
2011-11-29 15:00:00,89.86702777777778
2011-11-29 16:00:00,100.21071818181817
2011-11-29 17:00:00,367.554
2011-11-29 18:00:00,372.974
2011-11-29 19:00:00,227.51991575091571
2011-11-29 20:00:00,179.76731818181818
2011-11-29 21:00:00,133.42492941176468
2011-11-29 22:00:00,99.44797619047618
2011-11-29 23:00:00,49.242
2011-11-30 00:00:00,79.786
2011-11-30 01:00:00,17.51511111111111
2011-11-30 02:00:00,5.81025
2011-11-30 03:00:00,4.372040825296708
2011-11-30 04:00:00,5.655007417092713
2011-11-30 05:00:00,20.62591666666667
2011-11-30 06:00:00,90.13
2011-11-30 07:00:00,223.88407142857142
2011-11-30 08:00:00,398.958
2011-11-30 09:00:00,196.99367936507934
2011-11-30 10:00:00,121.40226982086284
2011-11-30 11:00:00,147.79739101436357
2011-11-30 12:00:00,147.37819420952178
2011-11-30 13:00:00,152.67063108784083
2011-11-30 14:00:00,151.27188564772538
2011-11-30 15:00:00,149.87111201387793
2011-11-30 16:00:00,215.3358406694889
2011-11-30 17:00:00,396.056
2011-11-30 18:00:00,373.392
2011-11-30 19:00:00,214.5245967127921
2011-11-30 20:00:00,163.48479376114082
2011-11-30 21:00:00,124.67
2011-11-30 22:00:00,92.97422857142857
2011-11-30 23:00:00,55.4656
2011-12-20 00:00:00,32.4924
2011-12-20 01:00:00,11.182690476190475
2011-12-20 02:00:00,5.16059126984127
2011-12-20 03:00:00,4.889396775773246
2011-12-20 04:00:00,5.343181873539932
2011-12-20 05:00:00,23.37
2011-12-20 06:00:00,92.094
2011-12-20 07:00:00,259.4534749084249
2011-12-20 08:00:00,432.442
2011-12-20 09:00:00,208.44192125603865
2011-12-20 10:00:00,130.1087538791289
2011-12-20 11:00:00,132.37847183655836
2011-12-20 12:00:00,159.43039128802732
2011-12-20 13:00:00,158.08224198245279
2011-12-20 14:00:00,154.3204058942427
2011-12-20 15:00:00,158.3627517823644
2011-12-20 16:00:00,271.6305385005518
2011-12-20 17:00:00,420.34
2011-12-20 18:00:00,387.972
2011-12-20 19:00:00,247.89121396103894
2011-12-20 20:00:00,192.28614610389613
2011-12-20 21:00:00,144.011
2011-12-20 22:00:00,102.11097546897548
2011-12-20 23:00:00,65.1574
2011-12-21 00:00:00,37.252
2011-12-21 01:00:00,14.646933333333335
2011-12-21 02:00:00,6.287481746031746
2011-12-21 03:00:00,5.385220235973177
2011-12-21 04:00:00,5.154014735591205
2011-12-21 05:00:00,24.644833333333334
2011-12-21 06:00:00,92.998
2011-12-21 07:00:00,245.98346748545575
2011-12-21 08:00:00,182.474
2011-12-21 09:00:00,196.33279844394082
2011-12-21 10:00:00,113.59915748670966
2011-12-21 11:00:00,114.23678722453613
2011-12-21 12:00:00,71.66683193277312
2011-12-21 13:00:00,45.8737492063492
2011-12-21 14:00:00,119.88279936619307
2011-12-21 15:00:00,122.64768099678466
2011-12-21 16:00:00,71.97686666666667
2011-12-21 17:00:00,88.434
2011-12-21 18:00:00,280.788
2011-12-21 19:00:00,187.65794871794873
2011-12-21 20:00:00,163.2003333333333
2011-12-21 21:00:00,134.71871025641028
2011-12-21 22:00:00,126.2557976190476
2011-12-21 23:00:00,70.85797142857143
2011-12-22 00:00:00,39.073142857142855
2011-12-22 01:00:00,13.158455555555554
2011-12-22 02:00:00,8.869738095238093
2011-12-22 03:00:00,5.526345401025019
2011-12-22 04:00:00,5.563751030128346
2011-12-22 05:00:00,27.178198412698414
2011-12-22 06:00:00,94.388
2011-12-22 07:00:00,256.8768581453634
2011-12-22 08:00:00,441.27
2011-12-22 09:00:00,201.9281905542843
2011-12-22 10:00:00,111.5216644922213
2011-12-22 11:00:00,123.99355332358444
2011-12-22 12:00:00,168.8040297092254
2011-12-22 13:00:00,153.58638799050286
2011-12-22 14:00:00,149.65117860877348
2011-12-22 15:00:00,154.0244903695918
2011-12-22 16:00:00,250.7541715106789
2011-12-22 17:00:00,423.154
2011-12-22 18:00:00,409.456
2011-12-22 19:00:00,256.02417280383014
2011-12-22 20:00:00,136.97075
2011-12-22 21:00:00,107.43598095238096
2011-12-22 22:00:00,65.15933333333334
2011-12-22 23:00:00,71.158
2011-12-23 00:00:00,45.222
2011-12-23 01:00:00,22.126
2011-12-23 02:00:00,10.9948
2011-12-23 03:00:00,5.690280952380952
2011-12-23 04:00:00,4.529914285714285
2011-12-23 05:00:00,22.47566666666667
2011-12-23 06:00:00,84.22766666666668
2011-12-23 07:00:00,251.6198746122298
2011-12-23 08:00:00,415.474
2011-12-23 09:00:00,221.89958733783266
2011-12-23 10:00:00,147.79059388173403
2011-12-23 11:00:00,167.69089917480187
2011-12-23 12:00:00,194.0108167229285
2011-12-23 13:00:00,193.3538714848333
2011-12-23 14:00:00,190.7796397388015
2011-12-23 15:00:00,187.85435234384346
2011-12-23 16:00:00,228.22126031746035
2011-12-23 17:00:00,383.396
2011-12-23 18:00:00,368.216
2011-12-23 19:00:00,230.49103216965545
2011-12-23 20:00:00,152.84477480465873
2011-12-23 21:00:00,123.72666666666667
2011-12-23 22:00:00,101.42879610389612
2011-12-23 23:00:00,81.5651261904762
2011-12-24 00:00:00,77.092
2011-12-24 01:00:00,82.457
2011-12-24 02:00:00,59.132
2011-12-24 03:00:00,26.784
2011-12-24 04:00:00,6.233428571428572
2011-12-24 05:00:00,5.999828571428571
2011-12-24 06:00:00,16.394
2011-12-24 07:00:00,67.09133333333334
2011-12-24 08:00:00,85.73670000000001
2011-12-24 09:00:00,187.88654431646785
2011-12-24 10:00:00,201.03760804195804
2011-12-24 11:00:00,224.19667254415387
2011-12-24 12:00:00,260.08219811895566
2011-12-24 13:00:00,268.6969439980814
2011-12-24 14:00:00,268.6706392361766
2011-12-24 15:00:00,221.6501735308245
2011-12-24 16:00:00,219.3792870718462
2011-12-24 17:00:00,176.12818217381653
2011-12-24 18:00:00,196.14583354978353
2011-12-24 19:00:00,186.24480079365077
2011-12-24 20:00:00,124.03307424242425
2011-12-24 21:00:00,90.86306666666667
2011-12-24 22:00:00,84.01
2011-12-24 23:00:00,68.42233333333334
2011-12-25 00:00:00,68.824
2011-12-25 01:00:00,58.494
2011-12-25 02:00:00,51.47
2011-12-25 03:00:00,17.12
2011-12-25 05:00:00,5.266400000000001
2011-12-25 06:00:00,9.458
2011-12-25 07:00:00,28.943
2011-12-25 08:00:00,72.092
2011-12-25 09:00:00,112.64908333333334
2011-12-25 10:00:00,155.82274122807016
2011-12-25 11:00:00,190.6258557655117
2011-12-25 12:00:00,206.48125098740553
2011-12-25 13:00:00,212.36782589458664
2011-12-25 14:00:00,236.3771994829178
2011-12-25 15:00:00,238.33757453561338
2011-12-25 16:00:00,270.47589986858117
2011-12-25 17:00:00,209.20275552250092
2011-12-25 18:00:00,175.04074783951197
2011-12-25 19:00:00,180.8549556076277
2011-12-25 20:00:00,141.1491333333333
2011-12-25 21:00:00,77.86439999999999
2011-12-25 22:00:00,62.082
2011-12-25 23:00:00,50.44
2011-12-26 00:00:00,55.816
2011-12-26 01:00:00,38.882
2011-12-26 02:00:00,17.392
2011-12-26 04:00:00,8.064
2011-12-26 05:00:00,12.98
2011-12-26 06:00:00,41.978
2011-12-26 07:00:00,174.4182575757576
2011-12-26 08:00:00,189.35025757575758
2011-12-26 09:00:00,193.85855200413624
2011-12-26 10:00:00,172.93458315018313
2011-12-26 11:00:00,169.6723814117885
2011-12-26 12:00:00,213.58708391301673
2011-12-26 13:00:00,215.68280920953814
2011-12-26 14:00:00,209.37808175094597
2011-12-26 15:00:00,218.08553135581283
2011-12-26 16:00:00,223.5074616939284
2011-12-26 17:00:00,212.59844176119142
2011-12-26 18:00:00,224.82982045454546
2011-12-26 19:00:00,210.6834333333333
2011-12-26 20:00:00,152.50580634920635
2011-12-26 21:00:00,106.688
2011-12-26 22:00:00,82.93
2011-12-26 23:00:00,57.278
2011-12-27 00:00:00,27.428
2011-12-27 01:00:00,12.569057142857144
2011-12-27 02:00:00,4.429142857142857
2011-12-27 03:00:00,4.867651892551893
2011-12-27 04:00:00,5.552061416361417
2011-12-27 05:00:00,22.126
2011-12-27 06:00:00,87.372
2011-12-27 07:00:00,224.90256162464985
2011-12-27 08:00:00,401.836
2011-12-27 09:00:00,122.44116666666667
2011-12-27 10:00:00,123.90143595665037
2011-12-27 11:00:00,107.33103717876328
2011-12-27 12:00:00,98.33405238095239
2011-12-27 13:00:00,67.62931526610645
2011-12-27 14:00:00,90.04625
2011-12-27 15:00:00,88.74575
2011-12-27 16:00:00,87.17997777777778
2011-12-27 17:00:00,291.616
2011-12-27 18:00:00,359.984
2011-12-27 19:00:00,225.01576622807016
2011-12-27 20:00:00,167.03827777777778
2011-12-27 21:00:00,139.62006666666665
2011-12-27 22:00:00,104.718702972028
2011-12-27 23:00:00,57.20670175438597
2011-12-28 00:00:00,22.951666666666668
2011-12-28 01:00:00,14.018623809523811
2011-12-28 02:00:00,5.6082
2011-12-28 03:00:00,4.900963937369821
2011-12-28 05:00:00,22.92911111111111
2011-12-28 06:00:00,86.582
2011-12-28 07:00:00,223.72533891402713
2011-12-28 08:00:00,434.022
2011-12-28 09:00:00,204.72668888888893
2011-12-28 10:00:00,119.53227698282116
2011-12-28 11:00:00,140.18147495837496
2011-12-28 12:00:00,145.33673746151396
2011-12-28 13:00:00,148.8174678644444
2011-12-28 14:00:00,144.13127147194803
2011-12-28 15:00:00,150.9895691730974
2011-12-28 16:00:00,200.9935864661654
2011-12-28 17:00:00,373.312
2011-12-28 18:00:00,377.828
2011-12-28 19:00:00,186.0723124734914
2011-12-28 20:00:00,155.00739047619047
2011-12-28 21:00:00,115.142
2011-12-28 22:00:00,89.8662857142857
2011-12-28 23:00:00,60.096
2011-12-29 00:00:00,33.092
2011-12-29 01:00:00,14.76
2011-12-29 02:00:00,7.331657142857143
2011-12-29 03:00:00,4.6450079365079375
2011-12-29 04:00:00,4.480616161247108
2011-12-29 05:00:00,22.3
2011-12-29 06:00:00,85.542
2011-12-29 07:00:00,212.71992857142854
2011-12-29 08:00:00,399.28
2011-12-29 09:00:00,208.4522
2011-12-29 10:00:00,109.24121137196137
2011-12-29 11:00:00,120.86067842800652
2011-12-29 12:00:00,144.02130899993722
2011-12-29 13:00:00,140.28864432051517
2011-12-29 14:00:00,150.8255143528853
2011-12-29 15:00:00,147.6103489659331
2011-12-29 16:00:00,207.4936751942865
2011-12-29 17:00:00,370.222
2011-12-29 18:00:00,339.614
2011-12-29 19:00:00,221.3827535714286
2011-12-29 20:00:00,161.59573809523812
2011-12-29 21:00:00,140.1626380952381
2011-12-29 22:00:00,97.77122467532469
2011-12-29 23:00:00,76.72998333333334
2011-12-30 00:00:00,37.098
2011-12-30 01:00:00,16.616
2011-12-30 02:00:00,11.237
2011-12-30 03:00:00,4.161886460882112
2011-12-30 04:00:00,3.6663340799297317
2011-12-30 05:00:00,23.004063492063494
2011-12-30 06:00:00,76.576
2011-12-30 07:00:00,203.73533333333333
2011-12-30 08:00:00,392.622
2011-12-30 09:00:00,220.60881818181818
2011-12-30 10:00:00,115.71876643912506
2011-12-30 11:00:00,146.50781392257727
2011-12-30 12:00:00,173.41558970232137
2011-12-30 13:00:00,173.77015627309717
2011-12-30 14:00:00,182.12624347640357
2011-12-30 15:00:00,197.46234117763044
2011-12-30 16:00:00,255.21060684887007
2011-12-30 17:00:00,391.354
2011-12-30 18:00:00,370.32
2011-12-30 19:00:00,211.07991833429733
2011-12-30 20:00:00,169.08311703296704
2011-12-30 21:00:00,132.3228
2011-12-30 22:00:00,104.39176130536131
2011-12-30 23:00:00,84.31164285714286
2011-12-31 00:00:00,77.094
2011-12-31 01:00:00,66.2735
2011-12-31 02:00:00,57.84
2011-12-31 03:00:00,25.534
2011-12-31 04:00:00,7.317
2011-12-31 05:00:00,5.973428571428571
2011-12-31 06:00:00,18.008
2011-12-31 07:00:00,109.9512
2011-12-31 08:00:00,101.1082344155844
2011-12-31 09:00:00,158.76725889724312
2011-12-31 10:00:00,223.89892430050173
2011-12-31 11:00:00,256.69585728330384
2011-12-31 12:00:00,368.82769956013993
2011-12-31 13:00:00,351.65527777124043
2011-12-31 14:00:00,312.9967760807741
2011-12-31 15:00:00,316.4671974740523
2011-12-31 16:00:00,293.6063940072999
2011-12-31 17:00:00,253.83535283663704
2011-12-31 18:00:00,214.34500555555547
2011-12-31 19:00:00,194.4330055555555
2011-12-31 20:00:00,153.0044888888889
2011-12-31 21:00:00,120.07530441176469
2011-12-31 22:00:00,105.85155567765568
2011-12-31 23:00:00,87.78166666666667
2012-01-20 00:00:00,25.368
2012-01-20 01:00:00,11.138
2012-01-20 02:00:00,8.358
2012-01-20 03:00:00,4.92275
2012-01-20 04:00:00,3.510785714285715
2012-01-20 05:00:00,20.492
2012-01-20 06:00:00,79.468
2012-01-20 07:00:00,211.86789829059828
2012-01-20 08:00:00,442.328
2012-01-20 09:00:00,204.5964617297735
2012-01-20 10:00:00,144.40040775532435
2012-01-20 11:00:00,160.32992708885888
2012-01-20 12:00:00,174.23843742962634
2012-01-20 13:00:00,163.81050398627227
2012-01-20 14:00:00,163.86360658681184
2012-01-20 15:00:00,155.17810289723352
2012-01-20 16:00:00,160.75030357812125
2012-01-20 17:00:00,390.668
2012-01-20 18:00:00,357.76
2012-01-20 19:00:00,165.70086716061718
2012-01-20 20:00:00,154.5685818070818
2012-01-20 21:00:00,82.09
2012-01-20 22:00:00,68.392
2012-01-20 23:00:00,47.648
2012-01-21 00:00:00,38.304
2012-01-21 01:00:00,40.476
2012-01-21 02:00:00,42.232
2012-01-21 03:00:00,19.422
2012-01-21 04:00:00,6.358
2012-01-21 05:00:00,5.654
2012-01-21 06:00:00,6.4
2012-01-21 07:00:00,92.62
2012-01-21 08:00:00,99.8912
2012-01-21 09:00:00,129.9842
2012-01-21 10:00:00,136.24220000000003
2012-01-21 11:00:00,159.6924426888427
2012-01-21 12:00:00,175.6032142700393
2012-01-21 13:00:00,178.4023096986347
2012-01-21 14:00:00,125.436
2012-01-21 15:00:00,126.164
2012-01-21 16:00:00,189.51460961538461
2012-01-21 17:00:00,175.9640315018315
2012-01-21 18:00:00,169.7369238095238
2012-01-21 19:00:00,122.59546666666668
2012-01-21 20:00:00,151.90527777777777
2012-01-21 21:00:00,74.118
2012-01-21 22:00:00,63.886
2012-01-21 23:00:00,56.884
2012-01-22 00:00:00,55.422
2012-01-22 01:00:00,47.64
2012-01-22 02:00:00,44.714
2012-01-22 03:00:00,22.004
2012-01-22 04:00:00,5.042
2012-01-22 05:00:00,4.124
2012-01-22 06:00:00,5.558
2012-01-22 07:00:00,81.758
2012-01-22 08:00:00,94.2832
2012-01-22 09:00:00,129.57250769230768
2012-01-22 10:00:00,134.50261904761905
2012-01-22 11:00:00,139.2262
2012-01-22 12:00:00,146.2505076923077
2012-01-22 13:00:00,156.37224398656903
2012-01-22 14:00:00,158.98891193528695
2012-01-22 15:00:00,141.6035076923077
2012-01-22 16:00:00,140.1375076923077
2012-01-22 17:00:00,137.03663333333333
2012-01-22 18:00:00,135.226
2012-01-22 19:00:00,137.444
2012-01-22 20:00:00,124.5972
2012-01-22 21:00:00,69.588
2012-01-22 22:00:00,64.618
2012-01-22 23:00:00,41.394
2012-01-23 00:00:00,17.008
2012-01-23 01:00:00,5.805714285714286
2012-01-23 02:00:00,3.7811999999999997
2012-01-23 03:00:00,3.3086666666666664
2012-01-23 04:00:00,3.4139666666666666
2012-01-23 05:00:00,20.528
2012-01-23 06:00:00,79.62
2012-01-23 07:00:00,120.592
2012-01-23 08:00:00,193.338
2012-01-23 09:00:00,194.43399523809526
2012-01-23 10:00:00,114.65354963545228
2012-01-23 11:00:00,112.6274591592618
2012-01-23 12:00:00,116.68588123718386
2012-01-23 13:00:00,80.18
2012-01-23 14:00:00,70.581
2012-01-23 15:00:00,118.50138962879225
2012-01-23 16:00:00,110.72689134199133
2012-01-23 17:00:00,425.928
2012-01-23 18:00:00,399.952
2012-01-23 19:00:00,120.11526291486291
2012-01-23 20:00:00,119.56795735930734
2012-01-23 21:00:00,90.648
2012-01-23 22:00:00,76.364
2012-01-23 23:00:00,46.192
2012-01-24 00:00:00,20.416
2012-01-24 01:00:00,6.596571428571428
2012-01-24 02:00:00,5.9888
2012-01-24 03:00:00,2.9715333333333334
2012-01-24 04:00:00,3.2176666666666667
2012-01-24 05:00:00,20.416
2012-01-24 06:00:00,80.142
2012-01-24 07:00:00,184.932
2012-01-24 08:00:00,483.8217142857143
2012-01-24 09:00:00,175.97612698412698
2012-01-24 10:00:00,110.27423333333333
2012-01-24 11:00:00,99.01288195970696
2012-01-24 12:00:00,106.38087243589744
2012-01-24 13:00:00,106.08540100732601
2012-01-24 14:00:00,135.1531082706767
2012-01-24 15:00:00,141.10616904761906
2012-01-24 16:00:00,257.5563333333333
2012-01-24 17:00:00,469.92371428571425
2012-01-24 18:00:00,437.054
2012-01-24 19:00:00,280.067632034632
2012-01-24 20:00:00,174.04238333333333
2012-01-24 21:00:00,149.966
2012-01-24 22:00:00,107.46
2012-01-24 23:00:00,60.662
2012-01-25 00:00:00,17.686
2012-01-25 01:00:00,8.151
2012-01-25 02:00:00,6.777422222222222
2012-01-25 03:00:00,3.0256388888888885
2012-01-25 04:00:00,2.882383498854087
2012-01-25 05:00:00,18.854
2012-01-25 06:00:00,74.752
2012-01-25 07:00:00,203.04482600732598
2012-01-25 08:00:00,467.802
2012-01-25 09:00:00,201.42774908015957
2012-01-25 10:00:00,153.56293342359393
2012-01-25 11:00:00,125.77999962986068
2012-01-25 12:00:00,139.54677349570343
2012-01-25 13:00:00,141.99544049449415
2012-01-25 14:00:00,142.83189351288547
2012-01-25 15:00:00,148.79143809523808
2012-01-25 16:00:00,193.46455405179498
2012-01-25 17:00:00,446.656
2012-01-25 18:00:00,447.498
2012-01-25 19:00:00,228.1701666666667
2012-01-25 20:00:00,166.9734341611605
2012-01-25 21:00:00,140.595
2012-01-25 22:00:00,106.618
2012-01-25 23:00:00,56.706
2012-01-26 00:00:00,21.018
2012-01-26 01:00:00,8.7
2012-01-26 02:00:00,7.142
2012-01-26 03:00:00,3.2496666666666667
2012-01-26 04:00:00,3.3806666666666665
2012-01-26 05:00:00,21.123666666666665
2012-01-26 06:00:00,82.344
2012-01-26 07:00:00,193.96509523809524
2012-01-26 08:00:00,492.33171428571427
2012-01-26 09:00:00,188.4313167277167
2012-01-26 10:00:00,128.36570043141026
2012-01-26 11:00:00,115.75283607503609
2012-01-26 12:00:00,139.47089725688494
2012-01-26 13:00:00,148.20065
2012-01-26 14:00:00,148.7713582706767
2012-01-26 15:00:00,160.98891960784312
2012-01-26 16:00:00,263.4186666666667
2012-01-26 17:00:00,470.96
2012-01-26 18:00:00,444.142
2012-01-26 19:00:00,281.183
2012-01-26 20:00:00,204.207
2012-01-26 21:00:00,150.286
2012-01-26 22:00:00,117.54
2012-01-26 23:00:00,79.352
2012-01-27 00:00:00,38.58
2012-01-27 01:00:00,16.514
2012-01-27 02:00:00,7.894
2012-01-27 03:00:00,3.985866666666667
2012-01-27 04:00:00,3.112533333333333
2012-01-27 05:00:00,22.078
2012-01-27 06:00:00,94.258
2012-01-27 07:00:00,235.834
2012-01-27 08:00:00,327.252
2012-01-27 09:00:00,186.352
2012-01-27 10:00:00,136.59
2012-01-27 11:00:00,201.858
2012-01-27 12:00:00,230.86
2012-01-27 13:00:00,258.9936666666667
2012-01-27 14:00:00,266.1656666666667
2012-01-27 15:00:00,268.7684166666666
2012-01-27 16:00:00,267.731
2012-01-27 17:00:00,455.84
2012-01-27 18:00:00,418.4
2012-01-27 19:00:00,260.1498603174603
2012-01-27 20:00:00,172.89749213792743
2012-01-27 21:00:00,131.98
2012-01-27 22:00:00,106.13
2012-01-27 23:00:00,65.438
2012-01-28 00:00:00,65.224
2012-01-28 01:00:00,51.09
2012-01-28 02:00:00,48.068
2012-01-28 03:00:00,21.98
2012-01-28 04:00:00,5.042
2012-01-28 05:00:00,4.17
2012-01-28 06:00:00,7.062
2012-01-28 07:00:00,89.89723076923076
2012-01-28 08:00:00,116.46466666666667
2012-01-28 09:00:00,140.7150857142857
2012-01-28 10:00:00,164.96355325299086
2012-01-28 11:00:00,170.89973438136542
2012-01-28 12:00:00,202.54698122617842
2012-01-28 13:00:00,261.76190314407813
2012-01-28 14:00:00,287.7515333333333
2012-01-28 15:00:00,304.92075555555556
2012-01-28 16:00:00,380.05853333333334
2012-01-28 17:00:00,306.298
2012-01-28 18:00:00,260.68
2012-01-28 19:00:00,233.152
2012-01-28 20:00:00,207.704
2012-01-28 21:00:00,119.163
2012-01-28 22:00:00,108.658
2012-01-28 23:00:00,76.546
2012-01-29 00:00:00,67.994
2012-01-29 01:00:00,57.972
2012-01-29 02:00:00,45.824
2012-01-29 03:00:00,23.27
2012-01-29 04:00:00,5.38
2012-01-29 05:00:00,4.404
2012-01-29 06:00:00,7.066
2012-01-29 07:00:00,83.08473333333333
2012-01-29 08:00:00,97.592
2012-01-29 09:00:00,124.39087269410328
2012-01-29 10:00:00,153.5240573472279
2012-01-29 11:00:00,184.13562116772115
2012-01-29 12:00:00,225.66375784493283
2012-01-29 13:00:00,224.34575784493285
2012-01-29 14:00:00,221.1555102258852
2012-01-29 15:00:00,313.12140903540904
2012-01-29 16:00:00,301.97620903540906
2012-01-29 17:00:00,271.76866031746033
2012-01-29 18:00:00,214.94781587301588
2012-01-29 19:00:00,170.59032222222226
2012-01-29 20:00:00,127.66447096771648
2012-01-29 21:00:00,90.536
2012-01-29 22:00:00,84.202
2012-01-29 23:00:00,46.756
2012-01-30 00:00:00,26.004
2012-01-30 01:00:00,3.576
2012-01-30 02:00:00,4.1033333333333335
2012-01-30 03:00:00,2.746090909090909
2012-01-30 04:00:00,2.5282406417112298
2012-01-30 05:00:00,18.294
2012-01-30 06:00:00,78.13
2012-01-30 07:00:00,180.6886210526316
2012-01-30 08:00:00,368.424
2012-01-30 09:00:00,177.80263600157156
2012-01-30 10:00:00,128.2338008278074
2012-01-30 11:00:00,110.76757277839117
2012-01-30 12:00:00,153.31011812881488
2012-01-30 13:00:00,134.41488743539628
2012-01-30 14:00:00,148.40565503973147
2012-01-30 15:00:00,145.99013940014234
2012-01-30 16:00:00,201.65625616670908
2012-01-30 17:00:00,408.024
2012-01-30 18:00:00,402.674
2012-01-30 19:00:00,174.70901625152624
2012-01-30 20:00:00,165.1332755255855
2012-01-30 21:00:00,130.9502
2012-01-30 22:00:00,86.148
2012-01-30 23:00:00,49.362
2012-01-31 00:00:00,18.116
2012-01-31 01:00:00,5.508
2012-01-31 02:00:00,4.804783333333333
2012-01-31 03:00:00,2.721090909090909
2012-01-31 04:00:00,2.3696060606060607
2012-01-31 05:00:00,17.95
2012-01-31 06:00:00,84.87
2012-01-31 07:00:00,198.1741398617511
2012-01-31 08:00:00,473.052
2012-01-31 09:00:00,175.13065418957163
2012-01-31 10:00:00,131.20599211589067
2012-01-31 11:00:00,124.49993333333333
2012-01-31 12:00:00,144.59762579365082
2012-01-31 13:00:00,174.05778108166345
2012-01-31 14:00:00,191.19339248812304
2012-01-31 15:00:00,204.90950230308906
2012-01-31 16:00:00,302.45428181818187
2012-01-31 17:00:00,484.734
2012-01-31 18:00:00,479.33
2012-01-31 19:00:00,321.6614
2012-01-31 20:00:00,194.045
2012-01-31 21:00:00,171.098
2012-01-31 22:00:00,111.84433333333334
2012-01-31 23:00:00,79.668
2012-02-20 00:00:00,32.4
2012-02-20 01:00:00,28.5
2012-02-20 02:00:00,16.678
2012-02-20 03:00:00,6.052
2012-02-20 05:00:00,7.946
2012-02-20 06:00:00,14.394
2012-02-20 07:00:00,109.58568571428572
2012-02-20 08:00:00,150.7631857142857
2012-02-20 09:00:00,177.93352380952382
2012-02-20 10:00:00,155.9760690931875
2012-02-20 11:00:00,164.51719634942802
2012-02-20 12:00:00,163.34781307597623
2012-02-20 13:00:00,175.8487930034018
2012-02-20 14:00:00,183.17770714285712
2012-02-20 15:00:00,194.96862539682536
2012-02-20 16:00:00,286.7884666666667
2012-02-20 17:00:00,276.6051333333333
2012-02-20 18:00:00,240.71651190476192
2012-02-20 19:00:00,233.6491785714286
2012-02-20 20:00:00,201.98043174603174
2012-02-20 21:00:00,129.5683619047619
2012-02-20 22:00:00,100.842
2012-02-20 23:00:00,64.568
2012-02-21 00:00:00,19.246
2012-02-21 01:00:00,6.197714285714286
2012-02-21 02:00:00,3.3567499999999995
2012-02-21 04:00:00,2.0593440285204987
2012-02-21 05:00:00,19.972
2012-02-21 06:00:00,80.044
2012-02-21 07:00:00,214.43138333333337
2012-02-21 08:00:00,482.3097142857143
2012-02-21 09:00:00,240.78358333333338
2012-02-21 10:00:00,139.7701790112391
2012-02-21 11:00:00,128.48957366787965
2012-02-21 12:00:00,143.74212750209435
2012-02-21 13:00:00,148.01543275613275
2012-02-21 14:00:00,149.93041299550117
2012-02-21 15:00:00,149.5273518037518
2012-02-21 16:00:00,230.06657481021392
2012-02-21 17:00:00,446.846
2012-02-21 18:00:00,426.616
2012-02-21 19:00:00,271.5028936507936
2012-02-21 20:00:00,196.74432222222222
2012-02-21 21:00:00,164.76333333333335
2012-02-21 22:00:00,107.80733333333333
2012-02-21 23:00:00,50.876
2012-02-22 00:00:00,23.026
2012-02-22 01:00:00,9.051304761904763
2012-02-22 02:00:00,4.40775
2012-02-22 03:00:00,2.8189658730158724
2012-02-22 04:00:00,2.1815728715728713
2012-02-22 05:00:00,20.039666666666665
2012-02-22 06:00:00,81.17
2012-02-22 07:00:00,256.6652277777778
2012-02-22 08:00:00,507.6537142857143
2012-02-22 09:00:00,257.6966277777778
2012-02-22 10:00:00,149.73890271512113
2012-02-22 11:00:00,141.9953127939312
2012-02-22 12:00:00,156.68267209179712
2012-02-22 13:00:00,163.31663349673198
2012-02-22 14:00:00,158.70308412698412
2012-02-22 15:00:00,197.95671391207625
2012-02-22 16:00:00,294.3034333333333
2012-02-22 17:00:00,495.458
2012-02-22 18:00:00,479.002
2012-02-22 19:00:00,291.51806060606066
2012-02-22 20:00:00,200.23
2012-02-22 21:00:00,199.309
2012-02-22 22:00:00,115.8845
2012-02-22 23:00:00,81.358
2012-02-23 00:00:00,37.438
2012-02-23 01:00:00,10.379327777777778
2012-02-23 02:00:00,8.706152882383318
2012-02-23 03:00:00,3.445623565323566
2012-02-23 04:00:00,2.61974025974026
2012-02-23 05:00:00,21.314
2012-02-23 06:00:00,85.54
2012-02-23 07:00:00,233.814
2012-02-23 08:00:00,488.496
2012-02-23 09:00:00,228.2082
2012-02-23 10:00:00,146.223401596795
2012-02-23 11:00:00,184.40687626847628
2012-02-23 12:00:00,207.10502401964524
2012-02-23 13:00:00,205.65953049957056
2012-02-23 14:00:00,200.2337003747448
2012-02-23 15:00:00,212.67739305082907
2012-02-23 16:00:00,312.9773142857143
2012-02-23 17:00:00,505.858
2012-02-23 18:00:00,495.084
2012-02-23 19:00:00,318.5868
2012-02-23 20:00:00,203.9
2012-02-23 21:00:00,163.04993333333334
2012-02-23 22:00:00,125.87533333333333
2012-02-23 23:00:00,94.372
2012-02-24 00:00:00,46.144
2012-02-24 01:00:00,20.676
2012-02-24 02:00:00,8.408
2012-02-24 03:00:00,4.512221212121212
2012-02-24 04:00:00,3.130587878787879
2012-02-24 05:00:00,20.844
2012-02-24 06:00:00,81.774
2012-02-24 07:00:00,233.242
2012-02-24 08:00:00,476.784
2012-02-24 09:00:00,160.774
2012-02-24 10:00:00,126.98066666666668
2012-02-24 11:00:00,171.08892063492064
2012-02-24 12:00:00,188.8613634920635
2012-02-24 13:00:00,191.23115238095238
2012-02-24 14:00:00,187.065
2012-02-24 15:00:00,141.68079999999998
2012-02-24 16:00:00,168.8468
2012-02-24 17:00:00,342.66
2012-02-24 18:00:00,455.518
2012-02-24 19:00:00,268.5647272727273
2012-02-24 20:00:00,190.98533333333333
2012-02-24 21:00:00,145.565
2012-02-24 22:00:00,120.78113333333333
2012-02-24 23:00:00,90.36
2012-02-25 00:00:00,72.064
2012-02-25 01:00:00,61.966
2012-02-25 02:00:00,44.796
2012-02-25 03:00:00,16.374
2012-02-25 04:00:00,4.594
2012-02-25 05:00:00,4.226
2012-02-25 06:00:00,8.58
2012-02-25 07:00:00,84.87622160778291
2012-02-25 08:00:00,99.67109365079365
2012-02-25 09:00:00,111.71671428571429
2012-02-25 10:00:00,189.72266180603026
2012-02-25 11:00:00,180.03600396548376
2012-02-25 12:00:00,229.18662502334266
2012-02-25 13:00:00,244.2083453823954
2012-02-25 14:00:00,225.37229169000935
2012-02-25 15:00:00,241.9560096681097
2012-02-25 16:00:00,217.05982502334268
2012-02-25 17:00:00,183.4538038964901
2012-02-25 18:00:00,167.1464716886978
2012-02-25 19:00:00,145.2586409035409
2012-02-25 20:00:00,133.0868349206349
2012-02-25 21:00:00,77.572
2012-02-25 22:00:00,80.462
2012-02-25 23:00:00,54.604
2012-02-26 00:00:00,64.336
2012-02-26 01:00:00,53.272
2012-02-26 02:00:00,43.49
2012-02-26 03:00:00,21.788
2012-02-26 04:00:00,3.944
2012-02-26 05:00:00,3.97
2012-02-26 06:00:00,6.876
2012-02-26 07:00:00,75.11439999999999
2012-02-26 08:00:00,101.39911428571429
2012-02-26 09:00:00,122.91950825298883
2012-02-26 10:00:00,180.8290426684358
2012-02-26 11:00:00,188.7512365015961
2012-02-26 12:00:00,242.03032799847207
2012-02-26 13:00:00,262.76954523809525
2012-02-26 14:00:00,285.3055052287581
2012-02-26 15:00:00,328.753
2012-02-26 16:00:00,309.0409833333333
2012-02-26 17:00:00,277.0639166666666
2012-02-26 18:00:00,218.8209746031746
2012-02-26 19:00:00,207.62936428571427
2012-02-26 20:00:00,173.88828253968256
2012-02-26 21:00:00,102.17493333333333
2012-02-26 22:00:00,96.876
2012-02-26 23:00:00,39.606
2012-02-27 00:00:00,16.244
2012-02-27 01:00:00,6.154
2012-02-27 02:00:00,4.9965
2012-02-27 03:00:00,2.230521067821068
2012-02-27 04:00:00,1.8940291571173928
2012-02-27 05:00:00,18.620545454545457
2012-02-27 06:00:00,81.52
2012-02-27 07:00:00,217.08470093795097
2012-02-27 08:00:00,459.496
2012-02-27 09:00:00,211.90147976190477
2012-02-27 10:00:00,146.283007302175
2012-02-27 11:00:00,143.26916349206357
2012-02-27 12:00:00,156.46508070175435
2012-02-27 13:00:00,161.2884345238095
2012-02-27 14:00:00,158.35076295371294
2012-02-27 15:00:00,203.9978682100579
2012-02-27 16:00:00,304.46358181818186
2012-02-27 17:00:00,498.076
2012-02-27 18:00:00,483.812
2012-02-27 19:00:00,326.70840000000004
2012-02-27 20:00:00,239.628
2012-02-27 21:00:00,172.952
2012-02-27 22:00:00,111.65433333333334
2012-02-27 23:00:00,70.298
2012-02-28 00:00:00,28.232
2012-02-28 01:00:00,9.16152142857143
2012-02-28 02:00:00,7.352050799510087
2012-02-28 03:00:00,3.1391999999999998
2012-02-28 04:00:00,2.5282575757575754
2012-02-28 05:00:00,19.728
2012-02-28 06:00:00,87.458
2012-02-28 07:00:00,186.52677740100927
2012-02-28 08:00:00,438.424
2012-02-28 09:00:00,195.10469413982605
2012-02-28 10:00:00,131.80341945397362
2012-02-28 11:00:00,138.73260814354734
2012-02-28 12:00:00,151.23296562238926
2012-02-28 13:00:00,155.86894206349206
2012-02-28 14:00:00,142.9230761904762
2012-02-28 15:00:00,156.54021759319116
2012-02-28 16:00:00,263.15261904761905
2012-02-28 17:00:00,487.488
2012-02-28 18:00:00,480.702
2012-02-28 19:00:00,282.86161904761906
2012-02-28 20:00:00,192.604
2012-02-28 21:00:00,152.50833333333335
2012-02-28 22:00:00,105.55933333333334
2012-02-28 23:00:00,51.228
2012-02-29 00:00:00,23.184
2012-02-29 01:00:00,8.744704761904762
2012-02-29 02:00:00,4.551879365079365
2012-02-29 03:00:00,2.108589185977421
2012-02-29 05:00:00,20.578
2012-02-29 06:00:00,81.022
2012-02-29 07:00:00,229.98939397430527
2012-02-29 08:00:00,502.242
2012-02-29 09:00:00,73.51
2012-02-29 10:00:00,63.538
2012-02-29 11:00:00,72.202
2012-02-29 12:00:00,75.062
2012-02-29 13:00:00,140.06259285714287
2012-02-29 14:00:00,134.95158333333333
2012-02-29 15:00:00,148.88897142857144
2012-02-29 16:00:00,160.7038
2012-02-29 17:00:00,459.4057142857143
2012-02-29 18:00:00,315.992
2012-02-29 19:00:00,269.64
2012-02-29 20:00:00,155.0395
2012-02-29 21:00:00,120.756
2012-02-29 22:00:00,90.536
2012-02-29 23:00:00,73.33
2012-03-20 00:00:00,28.148
2012-03-20 01:00:00,17.618879254079257
2012-03-20 02:00:00,5.152551498572552
2012-03-20 03:00:00,4.382
2012-03-20 04:00:00,4.0708
2012-03-20 05:00:00,24.904
2012-03-20 06:00:00,119.304
2012-03-20 07:00:00,124.47133333333333
2012-03-20 08:00:00,567.548
2012-03-20 09:00:00,340.197729111676
2012-03-20 10:00:00,151.13272855946946
2012-03-20 11:00:00,163.9292878408314
2012-03-20 12:00:00,216.67488505063565
2012-03-20 13:00:00,222.29771096099972
2012-03-20 14:00:00,212.38704266319263
2012-03-20 15:00:00,251.04535297040854
2012-03-20 16:00:00,356.86593676438093
2012-03-20 17:00:00,691.7526666666668
2012-03-20 18:00:00,676.3606666666667
2012-03-20 19:00:00,456.9561476190476
2012-03-20 20:00:00,348.3153333333334
2012-03-20 21:00:00,226.1968
2012-03-20 22:00:00,168.66226349206346
2012-03-20 23:00:00,84.603
2012-03-21 00:00:00,30.92
2012-03-21 01:00:00,19.401018648018646
2012-03-21 02:00:00,5.604714925546324
2012-03-21 03:00:00,3.9750190476190475
2012-03-21 04:00:00,4.5698
2012-03-21 05:00:00,24.23
2012-03-21 06:00:00,119.948
2012-03-21 07:00:00,148.617
2012-03-21 08:00:00,427.088
2012-03-21 09:00:00,335.1377217246186
2012-03-21 10:00:00,164.08829971054055
2012-03-21 11:00:00,163.6963137982073
2012-03-21 12:00:00,233.1344209729025
2012-03-21 13:00:00,217.22145490842493
2012-03-21 14:00:00,220.17120040557498
2012-03-21 15:00:00,238.02049933621936
2012-03-21 16:00:00,392.72828571428573
2012-03-21 17:00:00,685.0725333333334
2012-03-21 18:00:00,685.6922
2012-03-21 19:00:00,498.41511478815306
2012-03-21 20:00:00,322.56506666666667
2012-03-21 21:00:00,224.353
2012-03-21 22:00:00,183.08777777777777
2012-03-21 23:00:00,107.322
2012-03-22 00:00:00,41.506
2012-03-22 01:00:00,19.94112121212121
2012-03-22 02:00:00,8.534043401796369
2012-03-22 03:00:00,5.8718076923076925
2012-03-22 04:00:00,5.324666666666666
2012-03-22 05:00:00,24.256
2012-03-22 06:00:00,120.592
2012-03-22 07:00:00,314.43063095238097
2012-03-22 08:00:00,582.698
2012-03-22 09:00:00,314.45507680995473
2012-03-22 10:00:00,171.68611317746584
2012-03-22 11:00:00,161.58235424925954
2012-03-22 12:00:00,202.73235
2012-03-22 13:00:00,233.6622775392304
2012-03-22 14:00:00,229.55853587625822
2012-03-22 15:00:00,251.4775138386006
2012-03-22 16:00:00,386.24900057987395
2012-03-22 17:00:00,726.366
2012-03-22 18:00:00,730.119
2012-03-22 19:00:00,500.7073560579943
2012-03-22 20:00:00,345.8958666666666
2012-03-22 21:00:00,244.3664
2012-03-22 22:00:00,188.857
2012-03-22 23:00:00,121.034
2012-03-23 00:00:00,52.282
2012-03-23 01:00:00,26.56
2012-03-23 02:00:00,9.4308
2012-03-23 03:00:00,6.978
2012-03-23 04:00:00,6.494
2012-03-23 05:00:00,26.382
2012-03-23 06:00:00,118.538
2012-03-23 07:00:00,316.3223214285714
2012-03-23 08:00:00,569.494
2012-03-23 09:00:00,320.1986651888341
2012-03-23 10:00:00,195.63067727741816
2012-03-23 11:00:00,239.63430542354104
2012-03-23 12:00:00,326.34818650793653
2012-03-23 13:00:00,369.50793955766454
2012-03-23 14:00:00,361.77021087131817
2012-03-23 15:00:00,363.9381833099907
2012-03-23 16:00:00,467.0540472799131
2012-03-23 17:00:00,732.966
2012-03-23 18:00:00,712.4133333333333
2012-03-23 19:00:00,463.6362477014642
2012-03-23 20:00:00,346.1516555555556
2012-03-23 21:00:00,262.536
2012-03-23 22:00:00,245.568
2012-03-23 23:00:00,165.532
2012-03-24 00:00:00,111.612
2012-03-24 01:00:00,96.699
2012-03-24 02:00:00,57.494
2012-03-24 03:00:00,28.811
2012-03-24 04:00:00,12.75240293040293
2012-03-24 05:00:00,12.4965
2012-03-24 06:00:00,24.834
2012-03-24 07:00:00,111.41827142857143
2012-03-24 08:00:00,224.8365
2012-03-24 09:00:00,298.83535714285716
2012-03-24 10:00:00,390.76741904761906
2012-03-24 11:00:00,463.4683285714286
2012-03-24 12:00:00,299.90634523809524
2012-03-24 13:00:00,297.80966666666666
2012-03-24 14:00:00,293.20891666666665
2012-03-24 15:00:00,303.55905
2012-03-24 16:00:00,229.95571666666663
2012-03-24 17:00:00,218.19081190476192
2012-03-24 18:00:00,160.879
2012-03-24 19:00:00,155.852
2012-03-24 20:00:00,135.254
2012-03-24 21:00:00,123.862
2012-03-24 22:00:00,106.992
2012-03-24 23:00:00,102.406
2012-03-25 00:00:00,86.594
2012-03-25 01:00:00,71.822
2012-03-25 02:00:00,51.69
2012-03-25 03:00:00,20.33
2012-03-25 04:00:00,9.776
2012-03-25 05:00:00,8.484
2012-03-25 06:00:00,12.984
2012-03-25 07:00:00,89.354
2012-03-25 08:00:00,126.545
2012-03-25 09:00:00,183.2269
2012-03-25 10:00:00,246.04593333333332
2012-03-25 11:00:00,290.1555333333333
2012-03-25 12:00:00,373.8377
2012-03-25 13:00:00,418.9225696969697
2012-03-25 14:00:00,439.2521428571428
2012-03-25 15:00:00,418.04347619047616
2012-03-25 16:00:00,455.3966727777778
2012-03-25 17:00:00,511.34242485902985
2012-03-25 18:00:00,431.31698852813855
2012-03-25 19:00:00,326.1650616048281
2012-03-25 20:00:00,219.48
2012-03-25 21:00:00,149.04
2012-03-25 22:00:00,107.4
2012-03-25 23:00:00,63.468
2012-03-26 00:00:00,26.056
2012-03-26 01:00:00,13.762471428571429
2012-03-26 02:00:00,7.391662000547346
2012-03-26 03:00:00,2.8297047619047615
2012-03-26 04:00:00,3.639002164502165
2012-03-26 05:00:00,27.19
2012-03-26 06:00:00,112.912
2012-03-26 07:00:00,352.0584583706523
2012-03-26 08:00:00,602.486
2012-03-26 09:00:00,306.85985957375965
2012-03-26 10:00:00,172.94622167277169
2012-03-26 11:00:00,208.92526867779682
2012-03-26 12:00:00,231.2323469290675
2012-03-26 13:00:00,231.3226338121844
2012-03-26 14:00:00,224.90429794414433
2012-03-26 15:00:00,234.06320058237213
2012-03-26 16:00:00,342.2165957070707
2012-03-26 17:00:00,568.522
2012-03-26 18:00:00,524.394
2012-03-26 19:00:00,286.2640857142857
2012-03-26 20:00:00,223.8002857142857
2012-03-26 21:00:00,174.936
2012-03-26 22:00:00,107.984
2012-03-26 23:00:00,61.3405
2012-03-27 00:00:00,25.624
2012-03-27 01:00:00,7.0035
2012-03-27 02:00:00,4.563833333333334
2012-03-27 03:00:00,2.6565
2012-03-27 04:00:00,2.366
2012-03-27 05:00:00,22.624
2012-03-27 06:00:00,98.604
2012-03-27 07:00:00,241.70676666666668
2012-03-27 08:00:00,467.564
2012-03-27 09:00:00,233.10358946608946
2012-03-27 10:00:00,149.69054401154403
2012-03-27 11:00:00,175.9160740981241
2012-03-27 12:00:00,198.753030952381
2012-03-27 13:00:00,209.55092142857143
2012-03-27 14:00:00,192.47066666666666
2012-03-27 15:00:00,203.76021666666668
2012-03-27 16:00:00,297.4035
2012-03-27 17:00:00,582.454
2012-03-27 18:00:00,511.534
2012-03-27 19:00:00,311.8848
2012-03-27 20:00:00,258.8156
2012-03-27 21:00:00,152.689
2012-03-27 22:00:00,113.92383333333335
2012-03-27 23:00:00,70.91
2012-03-28 00:00:00,25.94
2012-03-28 01:00:00,10.6567
2012-03-28 02:00:00,5.445166666666667
2012-03-28 03:00:00,3.7060999999999997
2012-03-28 04:00:00,2.766931818181818
2012-03-28 05:00:00,24.202
2012-03-28 06:00:00,111.658
2012-03-28 07:00:00,287.8343666666667
2012-03-28 08:00:00,540.062
2012-03-28 09:00:00,310.8017952880453
2012-03-28 10:00:00,177.069736746392
2012-03-28 11:00:00,201.90924892067056
2012-03-28 12:00:00,231.91794938434415
2012-03-28 13:00:00,221.5922800059662
2012-03-28 14:00:00,233.447809687269
2012-03-28 15:00:00,243.8693317638983
2012-03-28 16:00:00,300.2524666666667
2012-03-28 17:00:00,703.823
2012-03-28 18:00:00,703.77365
2012-03-28 19:00:00,483.476667779987
2012-03-28 20:00:00,362.3116
2012-03-28 21:00:00,246.6235
2012-03-28 22:00:00,188.5377777777778
2012-03-28 23:00:00,105.266
2012-03-29 00:00:00,47.528
2012-03-29 01:00:00,21.720022727272728
2012-03-29 02:00:00,12.177836459836458
2012-03-29 03:00:00,5.6036
2012-03-29 04:00:00,6.036333333333334
2012-03-29 05:00:00,27.508
2012-03-29 06:00:00,118.556
2012-03-29 07:00:00,348.7187229437229
2012-03-29 08:00:00,581.336
2012-03-29 09:00:00,331.08764097014097
2012-03-29 10:00:00,170.99497777203305
2012-03-29 11:00:00,201.88614768002103
2012-03-29 12:00:00,223.488655586493
2012-03-29 13:00:00,216.5589607334909
2012-03-29 14:00:00,210.26990398765724
2012-03-29 15:00:00,226.790960084407
2012-03-29 16:00:00,356.7532572758869
2012-03-29 17:00:00,586.966
2012-03-29 18:00:00,570.7976666666666
2012-03-29 19:00:00,357.13266397587927
2012-03-29 20:00:00,251.96308571428577
2012-03-29 21:00:00,178.6555
2012-03-29 22:00:00,133.19354285714286
2012-03-29 23:00:00,89.278
2012-03-30 00:00:00,50.462
2012-03-30 01:00:00,20.838
2012-03-30 02:00:00,7.512
2012-03-30 03:00:00,6.660166666666667
2012-03-30 04:00:00,4.678
2012-03-30 05:00:00,22.638
2012-03-30 06:00:00,88.668
2012-03-30 07:00:00,257.9497871794872
2012-03-30 08:00:00,555.64
2012-03-30 09:00:00,269.9046196819477
2012-03-30 10:00:00,169.1442692546584
2012-03-30 11:00:00,194.81423406593404
2012-03-30 12:00:00,216.63487434787436
2012-03-30 13:00:00,116.63396825396825
2012-03-30 14:00:00,107.93596825396826
2012-03-30 15:00:00,104.11
2012-03-30 16:00:00,98.926
2012-03-30 17:00:00,534.37
2012-03-30 18:00:00,519.652
2012-03-30 19:00:00,304.31480000000005
2012-03-30 20:00:00,218.36624444444445
2012-03-30 21:00:00,157.05783333333332
2012-03-30 22:00:00,125.648
2012-03-30 23:00:00,81.97
2012-03-31 00:00:00,82.65
2012-03-31 01:00:00,67.984
2012-03-31 02:00:00,48.968
2012-03-31 03:00:00,23.422
2012-03-31 04:00:00,9.388
2012-03-31 05:00:00,8.565
2012-03-31 06:00:00,19.802
2012-03-31 07:00:00,70.716
2012-03-31 08:00:00,138.896
2012-03-31 09:00:00,234.50045714285713
2012-03-31 10:00:00,277.3851119047619
2012-03-31 11:00:00,431.6801215728716
2012-03-31 12:00:00,536.0386817460317
2012-03-31 13:00:00,581.8293614098319
2012-03-31 14:00:00,527.7400973644003
2012-03-31 15:00:00,521.5067265019295
2012-03-31 16:00:00,496.998533138367
2012-03-31 17:00:00,449.263411976912
2012-03-31 18:00:00,311.7878
2012-03-31 19:00:00,263.2033333333334
2012-03-31 20:00:00,192.186
2012-03-31 21:00:00,144.7833333333333
2012-03-31 22:00:00,125.85533333333333
2012-03-31 23:00:00,77.202
2012-04-20 00:00:00,54.288
2012-04-20 01:00:00,28.03
2012-04-20 02:00:00,9.260571428571428
2012-04-20 03:00:00,7.427904761904762
2012-04-20 04:00:00,5.4850666666666665
2012-04-20 05:00:00,29.544
2012-04-20 06:00:00,112.798
2012-04-20 07:00:00,361.04695000000004
2012-04-20 08:00:00,610.472
2012-04-20 09:00:00,327.9388826491516
2012-04-20 10:00:00,199.98961166155254
2012-04-20 11:00:00,252.12528294793603
2012-04-20 12:00:00,353.29067153439155
2012-04-20 13:00:00,375.512623051948
2012-04-20 14:00:00,376.0193038905539
2012-04-20 15:00:00,388.87363806471296
2012-04-20 16:00:00,498.77342041143396
2012-04-20 17:00:00,712.0123722222223
2012-04-20 18:00:00,683.6276222222223
2012-04-20 19:00:00,474.3085854366057
2012-04-20 20:00:00,347.9636666666667
2012-04-20 21:00:00,249.84820952380954
2012-04-20 22:00:00,215.87000579420578
2012-04-20 23:00:00,174.46066666666667
2012-04-21 00:00:00,113.834
2012-04-21 01:00:00,101.20750000000001
2012-04-21 02:00:00,61.052
2012-04-21 03:00:00,33.188
2012-04-21 04:00:00,12.033504887218045
2012-04-21 05:00:00,13.040159649122804
2012-04-21 06:00:00,37.774
2012-04-21 07:00:00,107.305
2012-04-21 08:00:00,222.74464285714285
2012-04-21 09:00:00,316.6148238095238
2012-04-21 10:00:00,431.956
2012-04-21 11:00:00,502.3520182413728
2012-04-21 12:00:00,584.3091456857836
2012-04-21 13:00:00,613.4114485750687
2012-04-21 14:00:00,595.6667236561506
2012-04-21 15:00:00,615.5466830214984
2012-04-21 16:00:00,598.215936596122
2012-04-21 17:00:00,594.1793850060826
2012-04-21 18:00:00,453.6985381720431
2012-04-21 19:00:00,257.14275555555554
2012-04-21 20:00:00,142.31466666666668
2012-04-21 21:00:00,124.57639999999999
2012-04-21 22:00:00,181.541
2012-04-21 23:00:00,123.282
2012-04-22 00:00:00,104.52
2012-04-22 01:00:00,96.442
2012-04-22 02:00:00,62.222
2012-04-22 03:00:00,25.696
2012-04-22 04:00:00,11.990666666666668
2012-04-22 05:00:00,11.620666666666668
2012-04-22 06:00:00,30.212
2012-04-22 07:00:00,104.798
2012-04-22 08:00:00,92.0828
2012-04-22 09:00:00,116.7908
2012-04-22 10:00:00,173.958
2012-04-22 11:00:00,172.36
2012-04-22 12:00:00,178.722
2012-04-22 13:00:00,183.912
2012-04-22 14:00:00,177.502
2012-04-22 15:00:00,186.92
2012-04-22 16:00:00,182.176
2012-04-22 17:00:00,189.326
2012-04-22 18:00:00,177.104
2012-04-22 19:00:00,161.16
2012-04-22 20:00:00,146.27
2012-04-22 21:00:00,102.294
2012-04-22 22:00:00,78.408
2012-04-22 23:00:00,63.354
2012-04-23 00:00:00,21.378
2012-04-23 01:00:00,8.356
2012-04-23 02:00:00,6.279666666666666
2012-04-23 03:00:00,2.999630952380952
2012-04-23 04:00:00,2.140181818181818
2012-04-23 05:00:00,18.536
2012-04-23 06:00:00,95.37
2012-04-23 07:00:00,170.171
2012-04-23 08:00:00,565.45
2012-04-23 09:00:00,283.2695385620915
2012-04-23 10:00:00,161.099504427242
2012-04-23 11:00:00,166.2204662612413
2012-04-23 12:00:00,158.00888888888886
2012-04-23 13:00:00,160.82288888888888
2012-04-23 14:00:00,160.51888888888888
2012-04-23 15:00:00,200.84095573870573
2012-04-23 16:00:00,209.5
2012-04-23 17:00:00,421.25
2012-04-23 18:00:00,449.068
2012-04-23 19:00:00,308.6477934065934
2012-04-23 20:00:00,225.91823333333335
2012-04-23 21:00:00,154.408
2012-04-23 22:00:00,121.73666666666666
2012-04-23 23:00:00,68.1425
2012-04-24 00:00:00,23.08
2012-04-24 01:00:00,10.759153246753247
2012-04-24 02:00:00,4.498800000000001
2012-04-24 03:00:00,2.8146309523809525
2012-04-24 04:00:00,1.7325318181818181
2012-04-24 05:00:00,23.288
2012-04-24 06:00:00,100.256
2012-04-24 07:00:00,306.5978219058719
2012-04-24 08:00:00,615.982
2012-04-24 09:00:00,339.0941144757204
2012-04-24 10:00:00,184.71707592288863
2012-04-24 11:00:00,230.60465111605163
2012-04-24 12:00:00,261.11287800609875
2012-04-24 13:00:00,260.08984288117273
2012-04-24 14:00:00,255.49374338873588
2012-04-24 15:00:00,266.73262001879
2012-04-24 16:00:00,412.51004742007217
2012-04-24 17:00:00,674.582
2012-04-24 18:00:00,690.082
2012-04-24 19:00:00,484.1231160522912
2012-04-24 20:00:00,305.32533333333333
2012-04-24 21:00:00,235.09076984126986
2012-04-24 22:00:00,158.85514285714288
2012-04-24 23:00:00,101.3
2012-04-25 00:00:00,35.912
2012-04-25 01:00:00,11.133566666666667
2012-04-25 02:00:00,6.152990476190476
2012-04-25 03:00:00,2.242834640522876
2012-04-25 04:00:00,1.9018160813043166
2012-04-25 05:00:00,26.648
2012-04-25 06:00:00,104.386
2012-04-25 07:00:00,362.57992727272733
2012-04-25 08:00:00,643.1315999999999
2012-04-25 09:00:00,356.0027327922077
2012-04-25 10:00:00,194.08278987401485
2012-04-25 11:00:00,236.73280487780946
2012-04-25 12:00:00,270.62364838049535
2012-04-25 13:00:00,277.8150933320783
2012-04-25 14:00:00,253.9789762087619
2012-04-25 15:00:00,297.61977143061364
2012-04-25 16:00:00,406.3175457100249
2012-04-25 17:00:00,746.5116666666667
2012-04-25 18:00:00,747.8910000000001
2012-04-25 19:00:00,481.2365920280699
2012-04-25 20:00:00,370.90340000000003
2012-04-25 21:00:00,251.87676984126986
2012-04-25 22:00:00,197.48147619047617
2012-04-25 23:00:00,113.6052
2012-04-26 00:00:00,42.766
2012-04-26 01:00:00,16.545222222222222
2012-04-26 02:00:00,10.29036221245299
2012-04-26 03:00:00,5.46984126984127
2012-04-26 04:00:00,5.896066666666668
2012-04-26 05:00:00,24.384
2012-04-26 06:00:00,126.43
2012-04-26 07:00:00,219.22
2012-04-26 08:00:00,538.978
2012-04-26 09:00:00,162.43679999999998
2012-04-26 10:00:00,185.75111922142187
2012-04-26 11:00:00,187.3414304397357
2012-04-26 12:00:00,227.62483298864618
2012-04-26 13:00:00,223.0223054600519
2012-04-26 14:00:00,223.69562434705222
2012-04-26 15:00:00,229.74432478637308
2012-04-26 16:00:00,314.77412770562773
2012-04-26 17:00:00,704.056
2012-04-26 18:00:00,669.126
2012-04-26 19:00:00,443.06022205572197
2012-04-26 20:00:00,328.17866666666663
2012-04-26 21:00:00,228.0932404761905
2012-04-26 22:00:00,212.33545353535354
2012-04-26 23:00:00,130.0642
2012-04-27 00:00:00,54.202
2012-04-27 01:00:00,29.716
2012-04-27 02:00:00,13.82
2012-04-27 03:00:00,6.797971428571428
2012-04-27 04:00:00,5.091066666666666
2012-04-27 05:00:00,28.648
2012-04-27 06:00:00,102.824
2012-04-27 07:00:00,322.6491526610645
2012-04-27 08:00:00,651.16
2012-04-27 09:00:00,333.03608366339546
2012-04-27 10:00:00,215.41273053401824
2012-04-27 11:00:00,254.5379544169114
2012-04-27 12:00:00,350.81471586337636
2012-04-27 13:00:00,369.6890317363922
2012-04-27 14:00:00,372.92094602210653
2012-04-27 15:00:00,414.61306262626255
2012-04-27 16:00:00,467.43064721252097
2012-04-27 17:00:00,653.652
2012-04-27 18:00:00,623.476
2012-04-27 19:00:00,459.6604503350593
2012-04-27 20:00:00,274.28180000000003
2012-04-27 21:00:00,195.01233333333332
2012-04-27 22:00:00,156.09834285714282
2012-04-27 23:00:00,118.53766666666667
2012-04-28 00:00:00,86.734
2012-04-28 01:00:00,61.068
2012-04-28 02:00:00,50.328
2012-04-28 03:00:00,25.022
2012-04-28 04:00:00,10.198
2012-04-28 05:00:00,9.490666666666666
2012-04-28 06:00:00,29.552
2012-04-28 07:00:00,92.40410980392157
2012-04-28 08:00:00,150.9677431372549
2012-04-28 09:00:00,253.81873333333334
2012-04-28 10:00:00,323.92472359307357
2012-04-28 11:00:00,391.4704872294373
2012-04-28 12:00:00,409.9107070462871
2012-04-28 13:00:00,470.66674981684974
2012-04-28 14:00:00,497.11645553113556
2012-04-28 15:00:00,461.1184486491288
2012-04-28 16:00:00,485.07765469079936
2012-04-28 17:00:00,430.984678280543
2012-04-28 18:00:00,176.684
2012-04-28 19:00:00,182.608
2012-04-28 20:00:00,204.0736
2012-04-28 21:00:00,150.422
2012-04-28 22:00:00,160.16378571428572
2012-04-28 23:00:00,149.735
2012-04-29 00:00:00,47.41
2012-04-29 01:00:00,71.832
2012-04-29 02:00:00,64.566
2012-04-29 03:00:00,24.162
2012-04-29 04:00:00,11.422571428571427
2012-04-29 05:00:00,11.58206917293233
2012-04-29 06:00:00,31.818
2012-04-29 07:00:00,74.393
2012-04-29 08:00:00,125.3328761904762
2012-04-29 09:00:00,236.57216406926412
2012-04-29 10:00:00,341.10571904761906
2012-04-29 11:00:00,440.8205218614719
2012-04-29 12:00:00,560.0335730555435
2012-04-29 13:00:00,575.257001655738
2012-04-29 14:00:00,577.5862432666098
2012-04-29 15:00:00,596.0494559888672
2012-04-29 16:00:00,498.8953698308825
2012-04-29 17:00:00,461.7267340704816
2012-04-29 18:00:00,397.1105616897595
2012-04-29 19:00:00,372.1365306493506
2012-04-29 20:00:00,264.2696666666667
2012-04-29 21:00:00,158.52
2012-04-29 22:00:00,122.164
2012-04-29 23:00:00,71.482
2012-04-30 00:00:00,36.124
2012-04-30 01:00:00,12.998366666666668
2012-04-30 02:00:00,9.489086410974643
2012-04-30 03:00:00,3.3744402597402594
2012-04-30 04:00:00,2.770553688141924
2012-04-30 05:00:00,27.426
2012-04-30 06:00:00,111.63
2012-04-30 07:00:00,346.21133999872677
2012-04-30 08:00:00,634.83
2012-04-30 09:00:00,321.8329963384655
2012-04-30 10:00:00,200.84256260109288
2012-04-30 11:00:00,205.3830649948217
2012-04-30 12:00:00,242.7068261500155
2012-04-30 13:00:00,256.69205377335345
2012-04-30 14:00:00,247.72674929398377
2012-04-30 15:00:00,262.3453110053963
2012-04-30 16:00:00,391.56754832884985
2012-04-30 17:00:00,741.153
2012-04-30 18:00:00,727.012
2012-04-30 19:00:00,482.0240807310424
2012-04-30 20:00:00,302.27636666666666
2012-04-30 21:00:00,230.31680555555556
2012-04-30 22:00:00,154.8552380952381
2012-04-30 23:00:00,79.416
2012-05-20 00:00:00,147.392
2012-05-20 01:00:00,102.71613333333333
2012-05-20 02:00:00,73.116
2012-05-20 03:00:00,34.622
2012-05-20 04:00:00,14.263902930402931
2012-05-20 05:00:00,13.012926315789475
2012-05-20 06:00:00,21.12
2012-05-20 07:00:00,56.437
2012-05-20 08:00:00,146.3322
2012-05-20 09:00:00,275.516
2012-05-20 10:00:00,423.7315
2012-05-20 11:00:00,558.6225307939388
2012-05-20 12:00:00,658.4889434134224
2012-05-20 13:00:00,651.7972517015594
2012-05-20 14:00:00,614.202610296725
2012-05-20 15:00:00,604.8618724935719
2012-05-20 16:00:00,572.7652546642215
2012-05-20 17:00:00,531.8913781092318
2012-05-20 18:00:00,447.3851825672877
2012-05-20 19:00:00,359.7504564801238
2012-05-20 20:00:00,269.298
2012-05-20 21:00:00,211.698
2012-05-20 22:00:00,130.028
2012-05-20 23:00:00,83.428
2012-05-21 00:00:00,35.912
2012-05-21 01:00:00,18.244
2012-05-21 02:00:00,7.79797619047619
2012-05-21 03:00:00,4.500716076217689
2012-05-21 04:00:00,4.522896825396826
2012-05-21 05:00:00,17.814
2012-05-21 06:00:00,66.132
2012-05-21 07:00:00,168.604
2012-05-21 08:00:00,241.706
2012-05-21 09:00:00,120.1678
2012-05-21 10:00:00,114.484
2012-05-21 11:00:00,152.41337007526357
2012-05-21 12:00:00,192.95674194102273
2012-05-21 13:00:00,141.8808
2012-05-21 14:00:00,153.282
2012-05-21 15:00:00,212.53974593894625
2012-05-21 16:00:00,340.49142724236543
2012-05-21 17:00:00,689.1746666666667
2012-05-21 18:00:00,697.2066666666666
2012-05-21 19:00:00,508.8122176900819
2012-05-21 20:00:00,344.2564333333333
2012-05-21 21:00:00,268.9680833333333
2012-05-21 22:00:00,161.51957142857142
2012-05-21 23:00:00,85.22
2012-05-22 00:00:00,37.016
2012-05-22 01:00:00,19.092773881673878
2012-05-22 02:00:00,8.197151074411494
2012-05-22 03:00:00,5.527295724411945
2012-05-22 04:00:00,4.961439491691105
2012-05-22 05:00:00,17.456
2012-05-22 06:00:00,74.734
2012-05-22 07:00:00,159.5875333333333
2012-05-22 08:00:00,528.126
2012-05-22 09:00:00,337.54548135110315
2012-05-22 10:00:00,175.63207588703295
2012-05-22 11:00:00,207.94207275269156
2012-05-22 12:00:00,205.22277479409476
2012-05-22 13:00:00,232.86372558107618
2012-05-22 14:00:00,207.84716188239435
2012-05-22 15:00:00,266.8771720969951
2012-05-22 16:00:00,391.7068206900942
2012-05-22 17:00:00,729.6766666666666
2012-05-22 18:00:00,719.4931166666668
2012-05-22 19:00:00,502.7224474604907
2012-05-22 20:00:00,373.6906833333333
2012-05-22 21:00:00,269.1322857142857
2012-05-22 22:00:00,186.6068
2012-05-22 23:00:00,104.826
2012-05-23 00:00:00,47.4795
2012-05-23 01:00:00,21.03026330891331
2012-05-23 02:00:00,9.229021637182056
2012-05-23 03:00:00,5.998506377370242
2012-05-23 04:00:00,5.332288294711826
2012-05-23 05:00:00,20.408
2012-05-23 06:00:00,141.462
2012-05-23 07:00:00,432.1331969348659
2012-05-23 08:00:00,611.032
2012-05-23 09:00:00,330.74407609541123
2012-05-23 10:00:00,178.5937075574094
2012-05-23 11:00:00,219.0202149480911
2012-05-23 12:00:00,275.7740569734079
2012-05-23 13:00:00,222.56605695242075
2012-05-23 14:00:00,251.6268417828066
2012-05-23 15:00:00,281.7739767418626
2012-05-23 16:00:00,325.08529206349203
2012-05-23 17:00:00,632.302
2012-05-23 18:00:00,642.414
2012-05-23 19:00:00,350.06135151515156
2012-05-23 20:00:00,300.984
2012-05-23 21:00:00,198.802
2012-05-23 22:00:00,192.84437896825395
2012-05-23 23:00:00,118.03267619047618
2012-05-24 00:00:00,65.94271428571429
2012-05-24 01:00:00,22.416
2012-05-24 02:00:00,11.8153651528755
2012-05-24 03:00:00,6.401950110425972
2012-05-24 04:00:00,4.994016883116883
2012-05-24 05:00:00,26.03
2012-05-24 06:00:00,138.824
2012-05-24 07:00:00,437.90055407772303
2012-05-24 08:00:00,685.7709666666666
2012-05-24 09:00:00,330.1933554358163
2012-05-24 10:00:00,184.10256260210377
2012-05-24 11:00:00,230.37129520254592
2012-05-24 12:00:00,293.00529331410814
2012-05-24 13:00:00,286.18812671856347
2012-05-24 14:00:00,258.5739385853394
2012-05-24 15:00:00,275.3054143626668
2012-05-24 16:00:00,391.5929495959597
2012-05-24 17:00:00,749.6526666666666
2012-05-24 18:00:00,744.8113333333332
2012-05-24 19:00:00,550.6922620393497
2012-05-24 20:00:00,373.7728666666667
2012-05-24 21:00:00,147.766
2012-05-24 22:00:00,206.978225
2012-05-24 23:00:00,157.63
2012-05-25 00:00:00,81.6907142857143
2012-05-25 01:00:00,40.784
2012-05-25 02:00:00,12.074
2012-05-25 03:00:00,7.337187878787878
2012-05-25 04:00:00,6.7463999999999995
2012-05-25 05:00:00,26.982
2012-05-25 06:00:00,137.644
2012-05-25 07:00:00,390.96443809523805
2012-05-25 08:00:00,662.315
2012-05-25 09:00:00,297.4415206349206
2012-05-25 10:00:00,221.3836309523809
2012-05-25 11:00:00,245.9632
2012-05-25 12:00:00,309.3364158730159
2012-05-25 13:00:00,323.33746587301584
2012-05-25 14:00:00,317.06741031746026
2012-05-25 15:00:00,312.39089206349206
2012-05-25 16:00:00,463.85330816128317
2012-05-25 17:00:00,662.5213333333332
2012-05-25 18:00:00,660.8913333333333
2012-05-25 19:00:00,508.68008070679343
2012-05-25 20:00:00,358.6273333333333
2012-05-25 21:00:00,275.0476666666667
2012-05-25 22:00:00,276.544
2012-05-25 23:00:00,203.074
2012-05-26 00:00:00,144.496
2012-05-26 01:00:00,101.90586666666667
2012-05-26 02:00:00,71.05
2012-05-26 03:00:00,29.01
2012-05-26 04:00:00,11.0093
2012-05-26 05:00:00,12.2564
2012-05-26 06:00:00,43.958
2012-05-26 07:00:00,82.68377142857143
2012-05-26 08:00:00,187.73714285714283
2012-05-26 09:00:00,284.3514619047619
2012-05-26 10:00:00,436.8633333333333
2012-05-26 11:00:00,471.9305982683982
2012-05-26 12:00:00,509.36197755022863
2012-05-26 13:00:00,502.76828749453847
2012-05-26 14:00:00,495.70192588281685
2012-05-26 15:00:00,487.46531208550294
2012-05-26 16:00:00,507.0687313815996
2012-05-26 17:00:00,514.8290452358157
2012-05-26 18:00:00,479.00148432541266
2012-05-26 19:00:00,393.5641012265512
2012-05-26 20:00:00,281.884
2012-05-26 21:00:00,250.156
2012-05-26 22:00:00,265.889
2012-05-26 23:00:00,200.732
2012-05-27 00:00:00,149.264
2012-05-27 01:00:00,114.94783333333334
2012-05-27 02:00:00,78.72
2012-05-27 03:00:00,35.682
2012-05-27 04:00:00,10.647625152625151
2012-05-27 05:00:00,11.5349
2012-05-27 06:00:00,26.186
2012-05-27 07:00:00,63.61433333333333
2012-05-27 08:00:00,155.67433333333335
2012-05-27 09:00:00,264.122
2012-05-27 10:00:00,409.998
2012-05-27 11:00:00,454.9391564623829
2012-05-27 12:00:00,490.457480256133
2012-05-27 13:00:00,512.4180648277581
2012-05-27 14:00:00,508.15080440504374
2012-05-27 15:00:00,511.3446694446076
2012-05-27 16:00:00,499.207176487307
2012-05-27 17:00:00,501.17307013167436
2012-05-27 18:00:00,456.2880731739605
2012-05-27 19:00:00,362.7014221092505
2012-05-27 20:00:00,286.5946666666667
2012-05-27 21:00:00,199.492
2012-05-27 22:00:00,116.66
2012-05-27 23:00:00,104.076
2012-05-28 00:00:00,98.512
2012-05-28 01:00:00,56.448
2012-05-28 02:00:00,36.886
2012-05-28 03:00:00,18.46325
2012-05-28 04:00:00,12.104577777777777
2012-05-28 05:00:00,25.4228
2012-05-28 06:00:00,82.33
2012-05-28 07:00:00,311.6948802681992
2012-05-28 08:00:00,215.566
2012-05-28 09:00:00,274.04720000000003
2012-05-28 10:00:00,313.02526666666665
2012-05-28 11:00:00,351.6117058130323
2012-05-28 12:00:00,420.09682017206046
2012-05-28 13:00:00,399.003976751738
2012-05-28 14:00:00,397.8166392701029
2012-05-28 15:00:00,407.9224439756312
2012-05-28 16:00:00,413.06524216450214
2012-05-28 17:00:00,478.0792614285715
2012-05-28 18:00:00,475.73452683261183
2012-05-28 19:00:00,472.5769523448773
2012-05-28 20:00:00,357.4285
2012-05-28 21:00:00,266.8505
2012-05-28 22:00:00,230.184
2012-05-28 23:00:00,122.312
2012-05-29 00:00:00,46.8255
2012-05-29 01:00:00,19.30727619047619
2012-05-29 02:00:00,9.594246467244785
2012-05-29 03:00:00,5.045179365079365
2012-05-29 04:00:00,6.130901226551227
2012-05-29 05:00:00,25.614
2012-05-29 06:00:00,154.115
2012-05-29 07:00:00,380.83549999999997
2012-05-29 08:00:00,662.4442222222223
2012-05-29 09:00:00,332.96313289259757
2012-05-29 10:00:00,181.59723173493174
2012-05-29 11:00:00,225.82915424506862
2012-05-29 12:00:00,265.55871617623785
2012-05-29 13:00:00,261.8152663878023
2012-05-29 14:00:00,256.8252588716256
2012-05-29 15:00:00,263.70242293988855
2012-05-29 16:00:00,380.3653576449367
2012-05-29 17:00:00,760.5592465811966
2012-05-29 18:00:00,754.674452991453
2012-05-29 19:00:00,551.9471672133423
2012-05-29 20:00:00,330.50933333333336
2012-05-29 21:00:00,151.531
2012-05-29 22:00:00,163.98666666666668
2012-05-29 23:00:00,86.952
2012-05-30 00:00:00,46.2775
2012-05-30 01:00:00,18.06517857142857
2012-05-30 02:00:00,9.534564102564103
2012-05-30 03:00:00,5.021008893557422
2012-05-30 04:00:00,5.32421571307949
2012-05-30 05:00:00,28.554
2012-05-30 06:00:00,150.924
2012-05-30 07:00:00,240.314
2012-05-30 08:00:00,682.1762222222222
2012-05-30 09:00:00,353.0285109821551
2012-05-30 10:00:00,174.3312485272897
2012-05-30 11:00:00,224.2057351373171
2012-05-30 12:00:00,303.66307805978215
2012-05-30 13:00:00,297.1686770961422
2012-05-30 14:00:00,266.3407363913755
2012-05-30 15:00:00,272.5323904468131
2012-05-30 16:00:00,394.3128545846671
2012-05-30 17:00:00,747.7889380952381
2012-05-30 18:00:00,810.2338083333333
2012-05-30 19:00:00,514.1411944554885
2012-05-30 20:00:00,353.05576666666667
2012-05-30 21:00:00,314.65216666666663
2012-05-30 22:00:00,271.36
2012-05-30 23:00:00,148.13146666666668
2012-05-31 00:00:00,70.5927142857143
2012-05-31 01:00:00,25.08766161616162
2012-05-31 02:00:00,10.676850731266345
2012-05-31 03:00:00,6.601341269841268
2012-05-31 04:00:00,6.582065043290043
2012-05-31 05:00:00,29.43
2012-05-31 06:00:00,156.2433333333333
2012-05-31 07:00:00,477.93939523809524
2012-05-31 08:00:00,687.6043666666667
2012-05-31 09:00:00,327.7000555875497
2012-05-31 10:00:00,196.75347841602843
2012-05-31 11:00:00,243.17390935746752
2012-05-31 12:00:00,306.236678428778
2012-05-31 13:00:00,296.05377813877914
2012-05-31 14:00:00,262.62836639598146
2012-05-31 15:00:00,276.5677302822153
2012-05-31 16:00:00,442.9254129918471
2012-05-31 17:00:00,812.861183982684
2012-05-31 18:00:00,803.0031723189092
2012-05-31 19:00:00,534.1955809305974
2012-05-31 20:00:00,374.3186888888889
2012-05-31 21:00:00,298.2568809523809
2012-05-31 22:00:00,284.60453333333334
2012-05-31 23:00:00,183.92
2012-06-20 00:00:00,47.2075
2012-06-20 01:00:00,23.740673137973136
2012-06-20 02:00:00,8.459523158548654
2012-06-20 03:00:00,7.091549069671211
2012-06-20 04:00:00,7.914845526387249
2012-06-20 05:00:00,38.83486190476191
2012-06-20 06:00:00,161.404
2012-06-20 07:00:00,397.9230833333333
2012-06-20 08:00:00,659.5902619047619
2012-06-20 09:00:00,349.2717836635588
2012-06-20 10:00:00,183.77886051987227
2012-06-20 11:00:00,215.25710675607158
2012-06-20 12:00:00,264.2735428843114
2012-06-20 13:00:00,265.52182553403765
2012-06-20 14:00:00,238.8689634846511
2012-06-20 15:00:00,258.3551994038756
2012-06-20 16:00:00,411.8387174603174
2012-06-20 17:00:00,751.0459666666667
2012-06-20 18:00:00,745.6153
2012-06-20 19:00:00,534.5213430087458
2012-06-20 20:00:00,445.96255238095233
2012-06-20 21:00:00,336.77269523809525
2012-06-20 22:00:00,289.31333333333333
2012-06-20 23:00:00,142.27079999999998
2012-06-21 00:00:00,67.63
2012-06-21 01:00:00,24.922838095238095
2012-06-21 02:00:00,9.447855152363978
2012-06-21 03:00:00,6.0609161494396675
2012-06-21 04:00:00,7.36450628326013
2012-06-21 05:00:00,37.338
2012-06-21 06:00:00,181.974
2012-06-21 07:00:00,475.4234525974026
2012-06-21 08:00:00,617.3950666666667
2012-06-21 09:00:00,309.5903851037852
2012-06-21 10:00:00,179.33107354508235
2012-06-21 11:00:00,226.1255811055776
2012-06-21 12:00:00,275.1972827383187
2012-06-21 13:00:00,268.73971302879556
2012-06-21 14:00:00,237.69429034058507
2012-06-21 15:00:00,251.9177942383978
2012-06-21 16:00:00,409.64086084656094
2012-06-21 17:00:00,737.6647666666668
2012-06-21 18:00:00,765.6867142857142
2012-06-21 19:00:00,501.1452012579038
2012-06-21 20:00:00,428.36941904761903
2012-06-21 21:00:00,323.6757692564745
2012-06-21 22:00:00,253.4124666666667
2012-06-21 23:00:00,150.83679999999998
2012-06-22 00:00:00,86.228
2012-06-22 01:00:00,40.62
2012-06-22 02:00:00,18.876
2012-06-22 03:00:00,8.348704344193818
2012-06-22 04:00:00,8.052169444444443
2012-06-22 05:00:00,35.686
2012-06-22 06:00:00,145.914
2012-06-22 07:00:00,419.7696363636364
2012-06-22 08:00:00,649.384
2012-06-22 09:00:00,357.11833438228444
2012-06-22 10:00:00,242.7700888888889
2012-06-22 11:00:00,271.2559095238095
2012-06-22 12:00:00,338.80904898989894
2012-06-22 13:00:00,345.72391183261186
2012-06-22 14:00:00,341.22828167388167
2012-06-22 15:00:00,307.57335
2012-06-22 16:00:00,435.95630699485696
2012-06-22 17:00:00,777.0804102564101
2012-06-22 18:00:00,682.3493333333332
2012-06-22 19:00:00,505.20317932067934
2012-06-22 20:00:00,376.314
2012-06-22 21:00:00,239.54857142857142
2012-06-22 22:00:00,259.14756666666665
2012-06-22 23:00:00,195.38
2012-06-23 00:00:00,159.154
2012-06-23 01:00:00,104.66433333333333
2012-06-23 02:00:00,80.636
2012-06-23 03:00:00,31.01
2012-06-23 04:00:00,10.56
2012-06-23 05:00:00,10.538
2012-06-23 06:00:00,37.152
2012-06-23 07:00:00,67.13033333333334
2012-06-23 08:00:00,175.75
2012-06-23 09:00:00,283.312
2012-06-23 10:00:00,433.1537333333333
2012-06-23 11:00:00,518.0392250336266
2012-06-23 12:00:00,541.2710292846025
2012-06-23 13:00:00,545.4983994024896
2012-06-23 14:00:00,569.6856516470716
2012-06-23 15:00:00,534.9603143297035
2012-06-23 16:00:00,517.2889424599068
2012-06-23 17:00:00,506.27543138469014
2012-06-23 18:00:00,471.1748523015874
2012-06-23 19:00:00,398.77992217782213
2012-06-23 20:00:00,349.266
2012-06-23 21:00:00,288.7113619047619
2012-06-23 22:00:00,262.434
2012-06-23 23:00:00,210.42
2012-06-24 00:00:00,179.548
2012-06-24 01:00:00,124.25166666666665
2012-06-24 02:00:00,96.308
2012-06-24 03:00:00,36.724
2012-06-24 04:00:00,12.393061904761904
2012-06-24 05:00:00,12.765833333333333
2012-06-24 06:00:00,21.62
2012-06-24 07:00:00,45.022
2012-06-24 08:00:00,141.614
2012-06-24 09:00:00,241.844
2012-06-24 10:00:00,413.39375238095244
2012-06-24 11:00:00,494.18680472141835
2012-06-24 12:00:00,528.6010677619767
2012-06-24 13:00:00,540.5624136280387
2012-06-24 14:00:00,505.81417476567293
2012-06-24 15:00:00,492.0957544144382
2012-06-24 16:00:00,488.78568961763375
2012-06-24 17:00:00,486.04282847044766
2012-06-24 18:00:00,474.40572398957715
2012-06-24 19:00:00,413.1997575276575
2012-06-24 20:00:00,337.81640000000004
2012-06-24 21:00:00,226.072
2012-06-24 22:00:00,154.528
2012-06-24 23:00:00,108.114
2012-06-25 00:00:00,42.6856126984127
2012-06-25 01:00:00,22.006226421404683
2012-06-25 02:00:00,11.318562307435572
2012-06-25 03:00:00,6.961344111228938
2012-06-25 04:00:00,7.889831682419192
2012-06-25 05:00:00,38.858466666666665
2012-06-25 06:00:00,152.786
2012-06-25 07:00:00,473.2195485125986
2012-06-25 08:00:00,662.114
2012-06-25 09:00:00,335.1003956290442
2012-06-25 10:00:00,182.32165854619234
2012-06-25 11:00:00,232.31043731831699
2012-06-25 12:00:00,265.06250030827414
2012-06-25 13:00:00,266.6863134319092
2012-06-25 14:00:00,253.00625487987304
2012-06-25 15:00:00,264.6067966625993
2012-06-25 16:00:00,429.84091853551695
2012-06-25 17:00:00,774.4153333333334
2012-06-25 18:00:00,773.6180717948719
2012-06-25 19:00:00,590.2019078261608
2012-06-25 20:00:00,419.4997333333333
2012-06-25 21:00:00,277.5845
2012-06-25 22:00:00,204.2722380952381
2012-06-25 23:00:00,120.16
2012-06-26 00:00:00,42.975
2012-06-26 01:00:00,15.626066666666668
2012-06-26 02:00:00,11.007113191555153
2012-06-26 03:00:00,8.254499232684527
2012-06-26 04:00:00,10.136307352342644
2012-06-26 05:00:00,42.999333333333325
2012-06-26 06:00:00,158.726
2012-06-26 07:00:00,488.19005064935067
2012-06-26 08:00:00,681.4
2012-06-26 09:00:00,324.4719927394243
2012-06-26 10:00:00,195.84254291264298
2012-06-26 11:00:00,235.7846366455744
2012-06-26 12:00:00,274.9449752240532
2012-06-26 13:00:00,270.33911778038436
2012-06-26 14:00:00,265.9417952289658
2012-06-26 15:00:00,275.11418483972335
2012-06-26 16:00:00,427.8652018078001
2012-06-26 17:00:00,801.9528358974359
2012-06-26 18:00:00,784.3856358974359
2012-06-26 19:00:00,584.2472150725208
2012-06-26 20:00:00,420.2676619047619
2012-06-26 21:00:00,289.6522476190476
2012-06-26 22:00:00,209.6842380952381
2012-06-26 23:00:00,137.554
2012-06-27 00:00:00,44.649
2012-06-27 01:00:00,16.319161738261737
2012-06-27 02:00:00,10.608612711679285
2012-06-27 03:00:00,7.868565351409978
2012-06-27 04:00:00,9.132215655150949
2012-06-27 05:00:00,39.398
2012-06-27 06:00:00,160.484
2012-06-27 07:00:00,455.2247142857143
2012-06-27 08:00:00,670.5772
2012-06-27 09:00:00,320.542096031746
2012-06-27 10:00:00,199.0606533473063
2012-06-27 11:00:00,236.32862995917256
2012-06-27 12:00:00,284.4075115827416
2012-06-27 13:00:00,277.23619107873213
2012-06-27 14:00:00,296.3679710973373
2012-06-27 15:00:00,276.74458245898006
2012-06-27 16:00:00,439.48676162465
2012-06-27 17:00:00,778.4658000000001
2012-06-27 18:00:00,781.242605128205
2012-06-27 19:00:00,591.0533317460316
2012-06-27 20:00:00,459.77329999999995
2012-06-27 21:00:00,333.46793333333335
2012-06-27 22:00:00,265.0288
2012-06-27 23:00:00,154.382
2012-06-28 00:00:00,65.37093333333334
2012-06-28 01:00:00,22.076761616161615
2012-06-28 02:00:00,10.672362556727439
2012-06-28 03:00:00,7.953220727747198
2012-06-28 04:00:00,7.200628145977838
2012-06-28 05:00:00,36.51
2012-06-28 06:00:00,161.03
2012-06-28 07:00:00,491.59897532467534
2012-06-28 08:00:00,665.616
2012-06-28 09:00:00,337.74859185259186
2012-06-28 10:00:00,203.32988099939277
2012-06-28 11:00:00,230.9555895406967
2012-06-28 12:00:00,292.9907561603502
2012-06-28 13:00:00,282.83606997581194
2012-06-28 14:00:00,280.6284858821823
2012-06-28 15:00:00,291.7944746349769
2012-06-28 16:00:00,466.18206017316015
2012-06-28 17:00:00,724.028
2012-06-28 18:00:00,725.9688571428571
2012-06-28 19:00:00,546.2456861471861
2012-06-28 20:00:00,475.1927666666666
2012-06-28 21:00:00,335.7630105263158
2012-06-28 22:00:00,285.9358
2012-06-28 23:00:00,189.872
2012-06-29 00:00:00,83.992
2012-06-29 01:00:00,35.282
2012-06-29 02:00:00,16.734666666666666
2012-06-29 03:00:00,7.820173160173159
2012-06-29 04:00:00,8.246098374231133
2012-06-29 05:00:00,35.79
2012-06-29 06:00:00,140.656
2012-06-29 07:00:00,417.91763636363635
2012-06-29 08:00:00,682.9903333333333
2012-06-29 09:00:00,363.35257637362645
2012-06-29 10:00:00,239.142
2012-06-29 11:00:00,271.83317619047614
2012-06-29 12:00:00,312.36445000000003
2012-06-29 13:00:00,308.6497833333334
2012-06-29 14:00:00,301.69295
2012-06-29 15:00:00,305.12445
2012-06-29 16:00:00,411.594
2012-06-29 17:00:00,652.862
2012-06-29 18:00:00,623.216
2012-06-29 19:00:00,458.16194179894177
2012-06-29 20:00:00,374.31
2012-06-29 21:00:00,388.3965714285714
2012-06-29 22:00:00,236.5068
2012-06-29 23:00:00,155.936
2012-06-30 00:00:00,154.776
2012-06-30 01:00:00,114.39
2012-06-30 02:00:00,77.37
2012-06-30 03:00:00,31.95
2012-06-30 04:00:00,13.3565
2012-06-30 05:00:00,10.864
2012-06-30 06:00:00,35.28
2012-06-30 07:00:00,70.453
2012-06-30 08:00:00,178.771
2012-06-30 09:00:00,281.9852619047619
2012-06-30 10:00:00,398.39155555555556
2012-06-30 11:00:00,469.84099981162626
2012-06-30 12:00:00,502.4940195904714
2012-06-30 13:00:00,508.07132491260035
2012-06-30 14:00:00,509.70228249501787
2012-06-30 15:00:00,502.89900587719126
2012-06-30 16:00:00,452.2800368307991
2012-06-30 17:00:00,467.2882080846244
2012-06-30 18:00:00,447.0658621905161
2012-06-30 19:00:00,419.11640182780184
2012-06-30 20:00:00,308.7356666666667
2012-06-30 21:00:00,286.9015428571429
2012-06-30 22:00:00,254.08813333333333
2012-06-30 23:00:00,203.59
2012-07-20 00:00:00,78.334
2012-07-20 01:00:00,35.13
2012-07-20 02:00:00,11.362
2012-07-20 03:00:00,7.580563131313131
2012-07-20 04:00:00,8.111934937611407
2012-07-20 05:00:00,40.17913333333333
2012-07-20 06:00:00,150.916
2012-07-20 07:00:00,420.72053479853486
2012-07-20 08:00:00,649.161
2012-07-20 09:00:00,350.8068311032106
2012-07-20 10:00:00,224.60296984126984
2012-07-20 11:00:00,247.93
2012-07-20 12:00:00,235.09
2012-07-20 13:00:00,234.338
2012-07-20 14:00:00,223.206
2012-07-20 15:00:00,288.82
2012-07-20 16:00:00,400.1968
2012-07-20 17:00:00,599.158
2012-07-20 18:00:00,594.4825
2012-07-20 19:00:00,325.7125833333333
2012-07-20 20:00:00,116.506
2012-07-20 21:00:00,167.466
2012-07-20 22:00:00,207.93101785714282
2012-07-20 23:00:00,187.35
2012-07-21 00:00:00,165.128
2012-07-21 01:00:00,119.556
2012-07-21 02:00:00,64.844
2012-07-21 03:00:00,27.066
2012-07-21 04:00:00,11.032200000000001
2012-07-21 05:00:00,12.0487
2012-07-21 06:00:00,33.79
2012-07-21 07:00:00,77.45193333333333
2012-07-21 08:00:00,190.333
2012-07-21 09:00:00,284.88421428571434
2012-07-21 10:00:00,237.1488
2012-07-21 11:00:00,430.9872142857143
2012-07-21 12:00:00,273.68315897435895
2012-07-21 13:00:00,230.6064923076923
2012-07-21 14:00:00,418.1954880952381
2012-07-21 15:00:00,246.7135142857143
2012-07-21 16:00:00,164.5284923076923
2012-07-21 17:00:00,170.6024923076923
2012-07-21 18:00:00,328.682
2012-07-21 19:00:00,293.658
2012-07-21 20:00:00,158.379
2012-07-21 21:00:00,178.13
2012-07-21 22:00:00,175.93229166666666
2012-07-21 23:00:00,157.53466666666665
2012-07-22 00:00:00,118.27
2012-07-22 01:00:00,108.426
2012-07-22 02:00:00,88.548
2012-07-22 03:00:00,34.002
2012-07-22 04:00:00,13.733761904761904
2012-07-22 05:00:00,14.649
2012-07-22 06:00:00,21.406
2012-07-22 07:00:00,62.31666666666666
2012-07-22 08:00:00,157.936
2012-07-22 09:00:00,267.872
2012-07-22 10:00:00,394.85428571428577
2012-07-22 11:00:00,429.46937142857143
2012-07-22 12:00:00,477.3302896103896
2012-07-22 13:00:00,477.42267135642135
2012-07-22 14:00:00,486.6824406082317
2012-07-22 15:00:00,476.32566873565986
2012-07-22 16:00:00,460.5409837410795
2012-07-22 17:00:00,467.0843182746746
2012-07-22 18:00:00,405.56686258151143
2012-07-22 19:00:00,336.9276277097902
2012-07-22 20:00:00,270.29
2012-07-22 21:00:00,211.47
2012-07-22 22:00:00,141.56
2012-07-22 23:00:00,109.39
2012-07-23 00:00:00,45.522
2012-07-23 01:00:00,17.982128571428568
2012-07-23 02:00:00,8.72825945165945
2012-07-23 03:00:00,7.188269180926244
2012-07-23 04:00:00,8.346207372651504
2012-07-23 05:00:00,39.0241
2012-07-23 06:00:00,151.868
2012-07-23 07:00:00,452.77412470307473
2012-07-23 08:00:00,629.8302
2012-07-23 09:00:00,329.38460965145975
2012-07-23 10:00:00,181.60101025641032
2012-07-23 11:00:00,226.85125257131574
2012-07-23 12:00:00,265.19783017235966
2012-07-23 13:00:00,265.97853352759466
2012-07-23 14:00:00,250.54604420972385
2012-07-23 15:00:00,263.564817331093
2012-07-23 16:00:00,389.30297298107115
2012-07-23 17:00:00,801.7495952380953
2012-07-23 18:00:00,788.9689959706958
2012-07-23 19:00:00,568.2162831885437
2012-07-23 20:00:00,443.5288515873016
2012-07-23 21:00:00,299.3515152882206
2012-07-23 22:00:00,199.09657142857142
2012-07-23 23:00:00,133.028
2012-07-24 00:00:00,53.07235714285714
2012-07-24 01:00:00,22.057138088055734
2012-07-24 02:00:00,8.818153292500792
2012-07-24 03:00:00,6.241313652770942
2012-07-24 04:00:00,7.288279749811194
2012-07-24 05:00:00,41.2866217948718
2012-07-24 06:00:00,175.20860000000002
2012-07-24 07:00:00,501.1131339340399
2012-07-24 08:00:00,616.2707555555555
2012-07-24 09:00:00,304.7667714285714
2012-07-24 10:00:00,180.2399969834088
2012-07-24 11:00:00,199.71694350050532
2012-07-24 12:00:00,254.3913070021122
2012-07-24 13:00:00,246.01413328693337
2012-07-24 14:00:00,235.24525879559076
2012-07-24 15:00:00,262.6363065595597
2012-07-24 16:00:00,381.30987961038966
2012-07-24 17:00:00,789.3487182151182
2012-07-24 18:00:00,720.1226493506493
2012-07-24 19:00:00,556.9178323050703
2012-07-24 20:00:00,444.167569047619
2012-07-24 21:00:00,307.7374714285715
2012-07-24 22:00:00,210.69
2012-07-24 23:00:00,130.856
2012-07-25 00:00:00,48.7404
2012-07-25 01:00:00,22.83698149464914
2012-07-25 02:00:00,9.224034450393948
2012-07-25 03:00:00,6.415831144544932
2012-07-25 04:00:00,6.231167307733457
2012-07-25 05:00:00,38.96408333333333
2012-07-25 06:00:00,165.367
2012-07-25 07:00:00,450.57627792207796
2012-07-25 08:00:00,645.652
2012-07-25 09:00:00,318.9108676767676
2012-07-25 10:00:00,200.25727554667557
2012-07-25 11:00:00,238.99689661195853
2012-07-25 12:00:00,299.5867996884661
2012-07-25 13:00:00,278.60935780196513
2012-07-25 14:00:00,258.18749690357896
2012-07-25 15:00:00,276.78590738831235
2012-07-25 16:00:00,430.3932945206428
2012-07-25 17:00:00,793.3923380952381
2012-07-25 18:00:00,794.3224506493505
2012-07-25 19:00:00,594.9785435337764
2012-07-25 20:00:00,460.8111666666666
2012-07-25 21:00:00,342.25881428571427
2012-07-25 22:00:00,247.4051916666666
2012-07-25 23:00:00,145.664
2012-07-26 00:00:00,64.70291428571429
2012-07-26 01:00:00,23.81497272727273
2012-07-26 02:00:00,10.27056685645463
2012-07-26 03:00:00,7.626189592981778
2012-07-26 04:00:00,6.104534281055362
2012-07-26 05:00:00,39.46946666666667
2012-07-26 06:00:00,172.38733333333332
2012-07-26 07:00:00,493.47378564213574
2012-07-26 08:00:00,650.0868000000002
2012-07-26 09:00:00,334.67954556897354
2012-07-26 10:00:00,198.86262704517705
2012-07-26 11:00:00,211.1354067862917
2012-07-26 12:00:00,270.58096908762417
2012-07-26 13:00:00,264.8561395840895
2012-07-26 14:00:00,213.7879218256327
2012-07-26 15:00:00,216.83297218115052
2012-07-26 16:00:00,408.69625028860025
2012-07-26 17:00:00,695.9729523809524
2012-07-26 18:00:00,688.048
2012-07-26 19:00:00,514.9664322751323
2012-07-26 20:00:00,442.4072666666666
2012-07-26 21:00:00,340.37955238095236
2012-07-26 22:00:00,272.6266666666666
2012-07-26 23:00:00,162.4768
2012-07-27 00:00:00,83.4947142857143
2012-07-27 01:00:00,43.158
2012-07-27 02:00:00,19.842142857142857
2012-07-27 03:00:00,7.181752464494568
2012-07-27 04:00:00,8.236838046985278
2012-07-27 05:00:00,36.116
2012-07-27 06:00:00,156.918
2012-07-27 07:00:00,430.40376969696973
2012-07-27 08:00:00,665.9101666666668
2012-07-27 09:00:00,335.67159999999996
2012-07-27 10:00:00,243.9545
2012-07-27 11:00:00,267.2489095238095
2012-07-27 12:00:00,335.3717704795204
2012-07-27 13:00:00,338.3842061938062
2012-07-27 14:00:00,332.22713159063153
2012-07-27 15:00:00,346.64390244200246
2012-07-27 16:00:00,438.20804764309764
2012-07-27 17:00:00,687.1645666666667
2012-07-27 18:00:00,676.0084102564102
2012-07-27 19:00:00,475.9944634920635
2012-07-27 20:00:00,384.2726666666666
2012-07-27 21:00:00,303.83352539682545
2012-07-27 22:00:00,260.5301333333333
2012-07-27 23:00:00,197.396
2012-07-28 00:00:00,164.864
2012-07-28 01:00:00,97.85266666666665
2012-07-28 02:00:00,75.456
2012-07-28 03:00:00,32.958
2012-07-28 04:00:00,9.016
2012-07-28 05:00:00,11.835177777777776
2012-07-28 06:00:00,35.748
2012-07-28 07:00:00,65.394
2012-07-28 08:00:00,168.654
2012-07-28 09:00:00,264.232
2012-07-28 10:00:00,411.93368888888887
2012-07-28 11:00:00,502.00309038379925
2012-07-28 12:00:00,515.5286717865063
2012-07-28 13:00:00,522.2187011547045
2012-07-28 14:00:00,516.410929492117
2012-07-28 15:00:00,506.4216828195472
2012-07-28 16:00:00,486.51224633252076
2012-07-28 17:00:00,457.66392399485034
2012-07-28 18:00:00,469.75954249037454
2012-07-28 19:00:00,364.01672208013633
2012-07-28 20:00:00,242.314
2012-07-28 21:00:00,271.5803333333334
2012-07-28 22:00:00,234.829125
2012-07-28 23:00:00,197.272
2012-07-29 00:00:00,154.124
2012-07-29 01:00:00,107.452
2012-07-29 02:00:00,84.33
2012-07-29 03:00:00,42.026
2012-07-29 04:00:00,10.052819597069597
2012-07-29 05:00:00,10.663233333333332
2012-07-29 06:00:00,21.004
2012-07-29 07:00:00,51.276
2012-07-29 08:00:00,129.644
2012-07-29 09:00:00,245.7132
2012-07-29 10:00:00,406.30275238095237
2012-07-29 11:00:00,485.4444496792384
2012-07-29 12:00:00,532.1126162271213
2012-07-29 13:00:00,520.0489808013119
2012-07-29 14:00:00,528.4722164954843
2012-07-29 15:00:00,524.8527144108326
2012-07-29 16:00:00,502.25302235033337
2012-07-29 17:00:00,472.6706353125163
2012-07-29 18:00:00,473.79156072526837
2012-07-29 19:00:00,363.20330182456433
2012-07-29 20:00:00,282.228
2012-07-29 21:00:00,214.148
2012-07-29 22:00:00,146.088
2012-07-29 23:00:00,107.316
2012-07-30 00:00:00,51.94755555555555
2012-07-30 01:00:00,18.323836996336993
2012-07-30 02:00:00,12.946366647355179
2012-07-30 03:00:00,6.547777460587039
2012-07-30 04:00:00,8.773121747655585
2012-07-30 05:00:00,39.72663846153846
2012-07-30 06:00:00,151.536
2012-07-30 07:00:00,473.9771191475192
2012-07-30 08:00:00,661.2459555555555
2012-07-30 09:00:00,339.7099946904402
2012-07-30 10:00:00,186.22218631368634
2012-07-30 11:00:00,226.29236622745657
2012-07-30 12:00:00,267.89382260368416
2012-07-30 13:00:00,265.5766474812345
2012-07-30 14:00:00,252.49655300689966
2012-07-30 15:00:00,265.320564609437
2012-07-30 16:00:00,399.50549137509546
2012-07-30 17:00:00,774.2177874458874
2012-07-30 18:00:00,741.5916493506493
2012-07-30 19:00:00,565.3136462460743
2012-07-30 20:00:00,421.01228571428567
2012-07-30 21:00:00,289.6129732247285
2012-07-30 22:00:00,185.98
2012-07-30 23:00:00,123.496
2012-07-31 00:00:00,46.733357142857145
2012-07-31 01:00:00,23.02122039072039
2012-07-31 02:00:00,8.768252931750434
2012-07-31 03:00:00,6.721976040359755
2012-07-31 04:00:00,7.288279749811194
2012-07-31 05:00:00,40.59075
2012-07-31 06:00:00,167.915
2012-07-31 07:00:00,468.7637109181669
2012-07-31 08:00:00,640.911
2012-07-31 09:00:00,332.58369318802113
2012-07-31 10:00:00,196.70744949494954
2012-07-31 11:00:00,222.0102178374854
2012-07-31 12:00:00,281.16615252533364
2012-07-31 13:00:00,261.48155675535526
2012-07-31 14:00:00,250.68465023098128
2012-07-31 15:00:00,265.2938039712728
2012-07-31 16:00:00,376.27179772005786
2012-07-31 17:00:00,833.2037515484515
2012-07-31 18:00:00,774.0689356754356
2012-07-31 19:00:00,508.87809471802706
2012-07-31 20:00:00,393.5686333333333
2012-07-31 21:00:00,270.2880581453635
2012-07-31 22:00:00,191.96057142857143
2012-07-31 23:00:00,144.416
2012-08-20 00:00:00,35.172
2012-08-20 01:00:00,18.966519746919744
2012-08-20 02:00:00,7.820831261269104
2012-08-20 03:00:00,6.955545502208056
2012-08-20 04:00:00,9.303197359606777
2012-08-20 05:00:00,39.27117179487179
2012-08-20 06:00:00,154.11742857142858
2012-08-20 07:00:00,471.8588952158953
2012-08-20 08:00:00,692.4005333333332
2012-08-20 09:00:00,350.07317942792497
2012-08-20 10:00:00,216.1815696969697
2012-08-20 11:00:00,236.73442041325714
2012-08-20 12:00:00,289.506315008497
2012-08-20 13:00:00,284.9091160815228
2012-08-20 14:00:00,267.7453624969478
2012-08-20 15:00:00,281.0435587275445
2012-08-20 16:00:00,461.10711936507926
2012-08-20 17:00:00,848.3479444444445
2012-08-20 18:00:00,726.718
2012-08-20 19:00:00,427.4441823842823
2012-08-20 20:00:00,296.981
2012-08-20 21:00:00,210.096
2012-08-20 22:00:00,153.57
2012-08-20 23:00:00,94.271
2012-08-21 00:00:00,34.815
2012-08-21 01:00:00,18.93996993006993
2012-08-21 02:00:00,6.349741681491777
2012-08-21 03:00:00,6.6694211742865885
2012-08-21 04:00:00,7.193519093219302
2012-08-21 05:00:00,40.19790512820512
2012-08-21 06:00:00,176.34204444444444
2012-08-21 07:00:00,492.33136798887404
2012-08-21 08:00:00,692.8371999999999
2012-08-21 09:00:00,351.09236234566094
2012-08-21 10:00:00,208.08976347247534
2012-08-21 11:00:00,235.67128898743175
2012-08-21 12:00:00,297.26198347187295
2012-08-21 13:00:00,295.06136361356386
2012-08-21 14:00:00,267.0222188724072
2012-08-21 15:00:00,292.91685026092273
2012-08-21 16:00:00,491.34180578033073
2012-08-21 17:00:00,843.9577492063493
2012-08-21 18:00:00,840.6746225441224
2012-08-21 19:00:00,307.3301023809523
2012-08-21 20:00:00,419.4615
2012-08-21 21:00:00,286.04562078272596
2012-08-21 22:00:00,169.948
2012-08-21 23:00:00,102.253
2012-08-22 00:00:00,46.7315
2012-08-22 01:00:00,19.202557808857808
2012-08-22 02:00:00,9.645327702932358
2012-08-22 03:00:00,6.68966374367307
2012-08-22 04:00:00,7.241813345900494
2012-08-22 05:00:00,39.10320238095238
2012-08-22 06:00:00,177.6316
2012-08-22 07:00:00,493.2775076714136
2012-08-22 08:00:00,703.7453666666667
2012-08-22 09:00:00,351.478650861067
2012-08-22 10:00:00,209.72072775818958
2012-08-22 11:00:00,237.6226341929628
2012-08-22 12:00:00,299.64469584520407
2012-08-22 13:00:00,286.8626899282785
2012-08-22 14:00:00,263.8327509136607
2012-08-22 15:00:00,279.60124525902
2012-08-22 16:00:00,415.3420218614718
2012-08-22 17:00:00,838.9390641025641
2012-08-22 18:00:00,841.6395
2012-08-22 19:00:00,524.9317657509157
2012-08-22 20:00:00,432.10389696969696
2012-08-22 21:00:00,326.02665570336086
2012-08-22 22:00:00,253.664
2012-08-22 23:00:00,130.4172
2012-08-23 00:00:00,67.50871428571429
2012-08-23 01:00:00,25.159
2012-08-23 02:00:00,10.654993154453429
2012-08-23 03:00:00,7.162617253347047
2012-08-23 04:00:00,7.385267215846436
2012-08-23 05:00:00,41.5446344932845
2012-08-23 06:00:00,165.942
2012-08-23 07:00:00,450.99578174603164
2012-08-23 08:00:00,695.9399999999998
2012-08-23 09:00:00,355.33163804773653
2012-08-23 10:00:00,208.41561066417248
2012-08-23 11:00:00,241.88637007268963
2012-08-23 12:00:00,305.5608813969774
2012-08-23 13:00:00,285.2330864661308
2012-08-23 14:00:00,259.3237119742418
2012-08-23 15:00:00,276.24020182671353
2012-08-23 16:00:00,440.7337108499016
2012-08-23 17:00:00,841.1026999999999
2012-08-23 18:00:00,838.0236166666665
2012-08-23 19:00:00,611.394222833131
2012-08-23 20:00:00,446.932893001443
2012-08-23 21:00:00,328.9623636398689
2012-08-23 22:00:00,250.03136666666663
2012-08-23 23:00:00,171.206
2012-08-24 00:00:00,83.804
2012-08-24 01:00:00,45.21
2012-08-24 02:00:00,18.11221212121212
2012-08-24 03:00:00,9.159856236745709
2012-08-24 04:00:00,8.148202017809776
2012-08-24 05:00:00,40.40433846153846
2012-08-24 06:00:00,153.404
2012-08-24 07:00:00,420.57171428571434
2012-08-24 08:00:00,685.3928333333332
2012-08-24 09:00:00,383.04802380952384
2012-08-24 10:00:00,260.1275
2012-08-24 11:00:00,278.9921666666666
2012-08-24 12:00:00,370.75757165497896
2012-08-24 13:00:00,369.1854682278505
2012-08-24 14:00:00,365.4489126722951
2012-08-24 15:00:00,363.43956923795156
2012-08-24 16:00:00,487.44184445554447
2012-08-24 17:00:00,790.7475111111111
2012-08-24 18:00:00,707.504
2012-08-24 19:00:00,525.3633869130869
2012-08-24 20:00:00,386.684
2012-08-24 21:00:00,300.4694047619048
2012-08-24 22:00:00,247.86255357142858
2012-08-24 23:00:00,197.65
2012-08-25 00:00:00,157.522
2012-08-25 01:00:00,117.53333333333333
2012-08-25 02:00:00,92.746
2012-08-25 03:00:00,33.2055
2012-08-25 04:00:00,11.248561904761903
2012-08-25 05:00:00,11.512683333333335
2012-08-25 06:00:00,32.38
2012-08-25 07:00:00,64.64233333333334
2012-08-25 08:00:00,172.922
2012-08-25 09:00:00,278.04
2012-08-25 10:00:00,446.382
2012-08-25 11:00:00,494.4108947796213
2012-08-25 12:00:00,544.7337220426635
2012-08-25 13:00:00,565.535275530664
2012-08-25 14:00:00,431.83815879466937
2012-08-25 15:00:00,384.633628738513
2012-08-25 16:00:00,431.35330074925076
2012-08-25 17:00:00,428.5195968531469
2012-08-25 18:00:00,435.3584142135642
2012-08-25 19:00:00,361.81345
2012-08-25 20:00:00,186.488
2012-08-25 21:00:00,215.122
2012-08-25 22:00:00,199.59713333333332
2012-08-25 23:00:00,180.626
2012-08-26 00:00:00,153.092
2012-08-26 01:00:00,107.952
2012-08-26 02:00:00,91.428
2012-08-26 03:00:00,36.25
2012-08-26 04:00:00,11.728
2012-08-26 05:00:00,10.6465
2012-08-26 06:00:00,18.496
2012-08-26 07:00:00,63.443
2012-08-26 08:00:00,131.424
2012-08-26 09:00:00,257.268
2012-08-26 10:00:00,409.255
2012-08-26 11:00:00,477.11484734742373
2012-08-26 12:00:00,443.4750833333334
2012-08-26 13:00:00,353.42657142857144
2012-08-26 14:00:00,363.57794828282834
2012-08-26 15:00:00,241.788
2012-08-26 16:00:00,221.92
2012-08-26 17:00:00,334.09434857142855
2012-08-26 18:00:00,323.882
2012-08-26 19:00:00,287.796
2012-08-26 20:00:00,209.998
2012-08-26 21:00:00,165.222
2012-08-26 22:00:00,138.43
2012-08-26 23:00:00,104.144
2012-08-27 00:00:00,44.674
2012-08-27 01:00:00,17.343953224553225
2012-08-27 02:00:00,7.776732090683703
2012-08-27 03:00:00,7.029959637893159
2012-08-27 04:00:00,8.758304136475688
2012-08-27 05:00:00,38.3319717948718
2012-08-27 06:00:00,154.936
2012-08-27 07:00:00,291.5791777777778
2012-08-27 08:00:00,567.1304
2012-08-27 09:00:00,320.29911037296046
2012-08-27 10:00:00,200.9083666666667
2012-08-27 11:00:00,233.68197764944205
2012-08-27 12:00:00,286.31440255518976
2012-08-27 13:00:00,274.51008727856885
2012-08-27 14:00:00,265.86415365982714
2012-08-27 15:00:00,270.6934700502023
2012-08-27 16:00:00,452.800182099567
2012-08-27 17:00:00,840.660561904762
2012-08-27 18:00:00,828.698357142857
2012-08-27 19:00:00,577.7256661511691
2012-08-27 20:00:00,434.2892826839826
2012-08-27 21:00:00,289.9118096716149
2012-08-27 22:00:00,173.128
2012-08-27 23:00:00,123.02
2012-08-28 00:00:00,44.724
2012-08-28 01:00:00,19.828474725274727
2012-08-28 02:00:00,9.056002020097589
2012-08-28 03:00:00,6.857988817069155
2012-08-28 04:00:00,7.356321937253381
2012-08-28 05:00:00,41.18847893772893
2012-08-28 06:00:00,168.8136
2012-08-28 07:00:00,334.94782808857815
2012-08-28 08:00:00,638.4550666666667
2012-08-28 09:00:00,340.33366478064414
2012-08-28 10:00:00,209.5095384419502
2012-08-28 11:00:00,233.0707676286449
2012-08-28 12:00:00,277.05338952923006
2012-08-28 13:00:00,273.1160864807197
2012-08-28 14:00:00,254.90187905655966
2012-08-28 15:00:00,268.3391352799657
2012-08-28 16:00:00,450.80668721112227
2012-08-28 17:00:00,847.2791666666667
2012-08-28 18:00:00,834.5212333333332
2012-08-28 19:00:00,596.199268556117
2012-08-28 20:00:00,434.95294285714283
2012-08-28 21:00:00,307.9302914786967
2012-08-28 22:00:00,217.0026666666667
2012-08-28 23:00:00,147.39
2012-08-29 00:00:00,51.5696
2012-08-29 01:00:00,19.14847897277488
2012-08-29 02:00:00,8.651318664670733
2012-08-29 03:00:00,7.279287663334889
2012-08-29 04:00:00,5.711805521008283
2012-08-29 05:00:00,38.950799999999994
2012-08-29 06:00:00,175.03
2012-08-29 07:00:00,472.92147409387997
2012-08-29 08:00:00,692.395
2012-08-29 09:00:00,339.94145873293377
2012-08-29 10:00:00,207.74701007032198
2012-08-29 11:00:00,244.0852459601664
2012-08-29 12:00:00,299.383942022905
2012-08-29 13:00:00,299.6568229158489
2012-08-29 14:00:00,265.4447441329759
2012-08-29 15:00:00,277.50049542660093
2012-08-29 16:00:00,484.91476022477514
2012-08-29 17:00:00,870.1234952380953
2012-08-29 18:00:00,847.8648749999999
2012-08-29 19:00:00,621.7284359983967
2012-08-29 20:00:00,449.68554126984134
2012-08-29 21:00:00,335.4062914786967
2012-08-29 22:00:00,260.0353333333333
2012-08-29 23:00:00,151.932
2012-08-30 00:00:00,66.21431428571428
2012-08-30 01:00:00,22.186533044733046
2012-08-30 02:00:00,9.602922100881127
2012-08-30 03:00:00,6.955643233697531
2012-08-30 04:00:00,6.456090507125297
2012-08-30 05:00:00,40.77275
2012-08-30 06:00:00,172.32377777777776
2012-08-30 07:00:00,481.1895046176046
2012-08-30 08:00:00,693.8631666666668
2012-08-30 09:00:00,349.0645234459985
2012-08-30 10:00:00,198.84671340881346
2012-08-30 11:00:00,245.55496552723505
2012-08-30 12:00:00,293.30671760925367
2012-08-30 13:00:00,287.89746225870715
2012-08-30 14:00:00,262.61623153623844
2012-08-30 15:00:00,274.5092873228908
2012-08-30 16:00:00,437.4556698214855
2012-08-30 17:00:00,871.1318333333334
2012-08-30 18:00:00,833.5595321428569
2012-08-30 19:00:00,626.284278511766
2012-08-30 20:00:00,469.0366803030302
2012-08-30 21:00:00,329.0981199890753
2012-08-30 22:00:00,247.32432500000002
2012-08-30 23:00:00,164.02
2012-08-31 00:00:00,81.81671428571428
2012-08-31 01:00:00,40.616
2012-08-31 02:00:00,11.292
2012-08-31 03:00:00,7.783086940836941
2012-08-31 04:00:00,8.127398862575333
2012-08-31 05:00:00,39.073433333333334
2012-08-31 06:00:00,150.816
2012-08-31 07:00:00,414.43252380952384
2012-08-31 08:00:00,678.7115285714285
2012-08-31 09:00:00,366.2703095238096
2012-08-31 10:00:00,240.3272777777778
2012-08-31 11:00:00,250.5523333333333
2012-08-31 12:00:00,334.62358333333333
2012-08-31 13:00:00,332.0843333333333
2012-08-31 14:00:00,301.932
2012-08-31 15:00:00,305.85375
2012-08-31 16:00:00,466.4764696969697
2012-08-31 17:00:00,783.546
2012-08-31 18:00:00,757.2273333333333
2012-08-31 19:00:00,504.67450144300136
2012-08-31 20:00:00,389.6608
2012-08-31 21:00:00,302.05338095238096
2012-08-31 22:00:00,265.1436
2012-08-31 23:00:00,205.284
2012-09-20 00:00:00,53.18004761904762
2012-09-20 01:00:00,27.17192222222222
2012-09-20 02:00:00,10.941307404916028
2012-09-20 03:00:00,8.003712078940458
2012-09-20 04:00:00,7.190146395814968
2012-09-20 05:00:00,44.00145750915752
2012-09-20 06:00:00,186.572
2012-09-20 07:00:00,508.01339920634916
2012-09-20 08:00:00,775.7166666666667
2012-09-20 09:00:00,338.5827709251274
2012-09-20 10:00:00,199.1321284609955
2012-09-20 11:00:00,239.3835846580824
2012-09-20 12:00:00,314.1951564054195
2012-09-20 13:00:00,307.6647969087315
2012-09-20 14:00:00,294.87966369573405
2012-09-20 15:00:00,326.0996512323723
2012-09-20 16:00:00,475.19277619602605
2012-09-20 17:00:00,878.7459999999999
2012-09-20 18:00:00,854.3508333333334
2012-09-20 19:00:00,554.7519932591028
2012-09-20 20:00:00,412.858165079365
2012-09-20 21:00:00,293.73999597069604
2012-09-20 22:00:00,233.66556813186813
2012-09-20 23:00:00,156.04608333333334
2012-09-21 00:00:00,78.90471428571429
2012-09-21 01:00:00,38.83
2012-09-21 02:00:00,20.862571428571428
2012-09-21 03:00:00,10.486528787878786
2012-09-21 04:00:00,10.800644211237264
2012-09-21 05:00:00,45.07092735042735
2012-09-21 06:00:00,161.36
2012-09-21 07:00:00,468.31748080808075
2012-09-21 08:00:00,746.5306666666668
2012-09-21 09:00:00,346.25232961921114
2012-09-21 10:00:00,240.06404761904764
2012-09-21 11:00:00,282.2643547619048
2012-09-21 12:00:00,360.45620317460316
2012-09-21 13:00:00,397.81255139582646
2012-09-21 14:00:00,383.5046468559219
2012-09-21 15:00:00,388.8444087606838
2012-09-21 16:00:00,537.6367596403595
2012-09-21 17:00:00,824.3160634920634
2012-09-21 18:00:00,801.096
2012-09-21 19:00:00,571.9657871170496
2012-09-21 20:00:00,386.532
2012-09-21 21:00:00,274.734
2012-09-21 22:00:00,246.74985384615383
2012-09-21 23:00:00,194.705
2012-09-22 00:00:00,157.56
2012-09-22 01:00:00,120.79933333333332
2012-09-22 02:00:00,78.92
2012-09-22 03:00:00,36.136
2012-09-22 04:00:00,13.56025
2012-09-22 05:00:00,16.17
2012-09-22 06:00:00,36.68
2012-09-22 07:00:00,73.11993333333332
2012-09-22 08:00:00,192.7115
2012-09-22 09:00:00,309.27
2012-09-22 10:00:00,455.182
2012-09-22 11:00:00,558.8716228715729
2012-09-22 12:00:00,589.5842814951924
2012-09-22 13:00:00,578.8681405879562
2012-09-22 14:00:00,565.2104225477738
2012-09-22 15:00:00,572.0771286979138
2012-09-22 16:00:00,566.9854466632819
2012-09-22 17:00:00,568.5792889424587
2012-09-22 18:00:00,507.1859429101696
2012-09-22 19:00:00,426.4323270604396
2012-09-22 20:00:00,286.0588333333334
2012-09-22 21:00:00,283.2668666666667
2012-09-22 22:00:00,252.9522
2012-09-22 23:00:00,212.112
2012-09-23 00:00:00,177.618
2012-09-23 01:00:00,117.69916666666667
2012-09-23 02:00:00,81.766
2012-09-23 03:00:00,37.472
2012-09-23 04:00:00,11.439166666666669
2012-09-23 05:00:00,11.845166666666666
2012-09-23 06:00:00,22.272
2012-09-23 07:00:00,80.59014285714285
2012-09-23 08:00:00,137.66320000000002
2012-09-23 09:00:00,256.20824025974025
2012-09-23 10:00:00,418.5578
2012-09-23 11:00:00,513.7754888816739
2012-09-23 12:00:00,633.5026409474583
2012-09-23 13:00:00,646.8089563878971
2012-09-23 14:00:00,636.2963333739704
2012-09-23 15:00:00,637.9667596914511
2012-09-23 16:00:00,625.6650730280411
2012-09-23 17:00:00,576.581560240958
2012-09-23 18:00:00,488.5382926219726
2012-09-23 19:00:00,374.7687928258762
2012-09-23 20:00:00,249.12466666666668
2012-09-23 21:00:00,166.788
2012-09-23 22:00:00,132.506
2012-09-23 23:00:00,74.194
2012-09-24 00:00:00,47.6786126984127
2012-09-24 01:00:00,23.419627232684906
2012-09-24 02:00:00,11.858825239083018
2012-09-24 03:00:00,5.704565265139562
2012-09-24 04:00:00,9.275400288718286
2012-09-24 05:00:00,42.023205128205134
2012-09-24 06:00:00,158.102
2012-09-24 07:00:00,480.1473098039216
2012-09-24 08:00:00,789.58
2012-09-24 09:00:00,342.55976944721937
2012-09-24 10:00:00,201.12251657677606
2012-09-24 11:00:00,264.78383018424523
2012-09-24 12:00:00,321.8210587737645
2012-09-24 13:00:00,314.1289502423077
2012-09-24 14:00:00,292.07348577930395
2012-09-24 15:00:00,301.04168440142786
2012-09-24 16:00:00,459.15684512172425
2012-09-24 17:00:00,874.992
2012-09-24 18:00:00,841.8038333333333
2012-09-24 19:00:00,511.40316702234975
2012-09-24 20:00:00,355.04757460317467
2012-09-24 21:00:00,248.78156507936504
2012-09-24 22:00:00,146.05566666666667
2012-09-24 23:00:00,88.318
2012-09-25 00:00:00,48.08835714285714
2012-09-25 01:00:00,21.378476294733968
2012-09-25 02:00:00,7.832071008974118
2012-09-25 03:00:00,4.766328052909504
2012-09-25 04:00:00,7.130953611677955
2012-09-25 05:00:00,41.42648333333333
2012-09-25 06:00:00,169.334
2012-09-25 07:00:00,486.67222362278244
2012-09-25 08:00:00,785.8083333333333
2012-09-25 09:00:00,353.99347295920444
2012-09-25 10:00:00,204.4113169186587
2012-09-25 11:00:00,239.52532313507353
2012-09-25 12:00:00,318.3177722591571
2012-09-25 13:00:00,314.57814350634817
2012-09-25 14:00:00,307.5494538840638
2012-09-25 15:00:00,332.05812836160857
2012-09-25 16:00:00,497.70620527950314
2012-09-25 17:00:00,908.6421111111111
2012-09-25 18:00:00,899.831
2012-09-25 19:00:00,573.4664269235593
2012-09-25 20:00:00,420.0623142857142
2012-09-25 21:00:00,266.3249
2012-09-25 22:00:00,217.108
2012-09-25 23:00:00,121.828
2012-09-26 00:00:00,41.38206666666667
2012-09-26 01:00:00,20.678819713619717
2012-09-26 02:00:00,8.794302024090412
2012-09-26 03:00:00,5.516070280545165
2012-09-26 04:00:00,7.110220505141899
2012-09-26 05:00:00,41.53185
2012-09-26 06:00:00,172.566
2012-09-26 07:00:00,523.6742638188608
2012-09-26 08:00:00,777.8586666666666
2012-09-26 09:00:00,349.2609032787473
2012-09-26 10:00:00,190.2920356865357
2012-09-26 11:00:00,233.15363595587414
2012-09-26 12:00:00,326.3952184683161
2012-09-26 13:00:00,307.4017311842389
2012-09-26 14:00:00,286.3869032969356
2012-09-26 15:00:00,309.4278937926994
2012-09-26 16:00:00,477.3036180641041
2012-09-26 17:00:00,866.9475944444443
2012-09-26 18:00:00,856.00875
2012-09-26 19:00:00,587.7492137348762
2012-09-26 20:00:00,444.727496969697
2012-09-26 21:00:00,321.5223914786967
2012-09-26 22:00:00,240.4345
2012-09-26 23:00:00,118.59
2012-09-27 00:00:00,66.0307142857143
2012-09-27 01:00:00,22.141094949494953
2012-09-27 02:00:00,12.61229355290912
2012-09-27 03:00:00,7.889189793142322
2012-09-27 04:00:00,7.771527401128284
2012-09-27 05:00:00,40.88518687423687
2012-09-27 06:00:00,167.576
2012-09-27 07:00:00,494.73235079365077
2012-09-27 08:00:00,733.8336666666667
2012-09-27 09:00:00,350.589863012641
2012-09-27 10:00:00,206.69137786168088
2012-09-27 11:00:00,240.59327043141744
2012-09-27 12:00:00,301.3464875320295
2012-09-27 13:00:00,291.70443363656443
2012-09-27 14:00:00,275.16125147129196
2012-09-27 15:00:00,302.4971522064393
2012-09-27 16:00:00,474.9723161464139
2012-09-27 17:00:00,832.445
2012-09-27 18:00:00,822.6612857142857
2012-09-27 19:00:00,580.7617197455321
2012-09-27 20:00:00,411.29976666666664
2012-09-27 21:00:00,204.699
2012-09-27 22:00:00,153.918
2012-09-27 23:00:00,120.4
2012-09-28 00:00:00,73.6
2012-09-28 01:00:00,26.824
2012-09-28 02:00:00,10.534
2012-09-28 03:00:00,6.306131962481962
2012-09-28 04:00:00,7.4600964646464645
2012-09-28 05:00:00,38.38619401709401
2012-09-28 06:00:00,144.38
2012-09-28 07:00:00,411.4650476190477
2012-09-28 08:00:00,629.74
2012-09-28 09:00:00,353.2373545565546
2012-09-28 10:00:00,214.689896031746
2012-09-28 11:00:00,271.1243214285714
2012-09-28 12:00:00,408.59140499778
2012-09-28 13:00:00,409.64333198190695
2012-09-28 14:00:00,399.19044960317456
2012-09-28 15:00:00,398.43559722222227
2012-09-28 16:00:00,552.121568127766
2012-09-28 17:00:00,834.1937777777778
2012-09-28 18:00:00,819.898
2012-09-28 19:00:00,498.53781395319663
2012-09-28 20:00:00,375.068
2012-09-28 21:00:00,237.95006666666666
2012-09-28 22:00:00,222.16845436507933
2012-09-28 23:00:00,174.7526666666667
2012-09-29 00:00:00,160.692
2012-09-29 01:00:00,114.86333333333334
2012-09-29 02:00:00,74.232
2012-09-29 03:00:00,41.062
2012-09-29 04:00:00,19.558666666666664
2012-09-29 05:00:00,16.902571428571427
2012-09-29 06:00:00,34.756
2012-09-29 07:00:00,88.16483333333333
2012-09-29 08:00:00,194.91070000000002
2012-09-29 09:00:00,312.10191558441556
2012-09-29 10:00:00,429.01185238095235
2012-09-29 11:00:00,526.4471461038962
2012-09-29 12:00:00,646.5900180435934
2012-09-29 13:00:00,652.2828462075863
2012-09-29 14:00:00,635.0847217423499
2012-09-29 15:00:00,622.5724619655566
2012-09-29 16:00:00,620.7820549080374
2012-09-29 17:00:00,606.4716516916482
2012-09-29 18:00:00,485.51088618390685
2012-09-29 19:00:00,374.789655804401
2012-09-29 20:00:00,259.8111666666667
2012-09-29 21:00:00,236.59274603174603
2012-09-29 22:00:00,216.07406190476192
2012-09-29 23:00:00,188.78213333333332
2012-09-30 00:00:00,161.898
2012-09-30 01:00:00,110.77928095238097
2012-09-30 02:00:00,68.78
2012-09-30 03:00:00,33.992
2012-09-30 04:00:00,10.901704761904762
2012-09-30 05:00:00,11.037026315789474
2012-09-30 06:00:00,26.832
2012-09-30 07:00:00,88.302
2012-09-30 08:00:00,131.1242
2012-09-30 09:00:00,264.2610800865801
2012-09-30 10:00:00,431.1548333333333
2012-09-30 11:00:00,544.3228059596543
2012-09-30 12:00:00,630.5782997320804
2012-09-30 13:00:00,636.6034763000223
2012-09-30 14:00:00,619.7905379718474
2012-09-30 15:00:00,640.3455856262201
2012-09-30 16:00:00,642.4940009982912
2012-09-30 17:00:00,595.768406403603
2012-09-30 18:00:00,455.1047130952381
2012-09-30 19:00:00,275.2502333333333
2012-09-30 20:00:00,234.4
2012-09-30 21:00:00,169.23
2012-09-30 22:00:00,119.61
2012-09-30 23:00:00,77.008
2012-10-20 00:00:00,141.11866666666668
2012-10-20 01:00:00,106.14816666666667
2012-10-20 02:00:00,63.574
2012-10-20 03:00:00,27.532
2012-10-20 04:00:00,10.26120510366826
2012-10-20 05:00:00,10.130571770334928
2012-10-20 06:00:00,29.462
2012-10-20 07:00:00,115.166
2012-10-20 08:00:00,193.42587647058824
2012-10-20 09:00:00,322.3105277056277
2012-10-20 10:00:00,427.2857238095238
2012-10-20 11:00:00,538.5010553353079
2012-10-20 12:00:00,629.788159052595
2012-10-20 13:00:00,640.8627554121681
2012-10-20 14:00:00,635.2012520470299
2012-10-20 15:00:00,617.2469505679021
2012-10-20 16:00:00,595.2022762254406
2012-10-20 17:00:00,578.4958346848473
2012-10-20 18:00:00,503.2951943980651
2012-10-20 19:00:00,367.2200805296758
2012-10-20 20:00:00,242.8886666666667
2012-10-20 21:00:00,227.95872222222224
2012-10-20 22:00:00,183.4704
2012-10-20 23:00:00,171.90013333333334
2012-10-21 00:00:00,136.347
2012-10-21 01:00:00,111.396
2012-10-21 02:00:00,69.546
2012-10-21 03:00:00,36.492
2012-10-21 04:00:00,11.142738437001595
2012-10-21 05:00:00,10.370383549783552
2012-10-21 06:00:00,24.374
2012-10-21 07:00:00,89.4135
2012-10-21 08:00:00,143.082
2012-10-21 09:00:00,246.92168571428573
2012-10-21 10:00:00,409.49333333333334
2012-10-21 11:00:00,503.5911597077588
2012-10-21 12:00:00,588.9560605963976
2012-10-21 13:00:00,628.149154893997
2012-10-21 14:00:00,640.1465388462763
2012-10-21 15:00:00,624.5753522343521
2012-10-21 16:00:00,616.5370191376362
2012-10-21 17:00:00,556.9119862278397
2012-10-21 18:00:00,474.9027549319756
2012-10-21 19:00:00,357.9655502488454
2012-10-21 20:00:00,244.8526666666667
2012-10-21 21:00:00,146.3
2012-10-21 22:00:00,120.874
2012-10-21 23:00:00,93.618
2012-10-22 00:00:00,42.524
2012-10-22 01:00:00,15.85691515151515
2012-10-22 02:00:00,8.631957878295028
2012-10-22 03:00:00,6.498979805808002
2012-10-22 04:00:00,8.44157122518717
2012-10-22 05:00:00,34.58
2012-10-22 06:00:00,151.742
2012-10-22 07:00:00,395.71264264069254
2012-10-22 08:00:00,774.964
2012-10-22 09:00:00,340.57427803454715
2012-10-22 10:00:00,194.94340334295333
2012-10-22 11:00:00,266.66438624429634
2012-10-22 12:00:00,319.26403441605555
2012-10-22 13:00:00,318.37228470785624
2012-10-22 14:00:00,307.6884500801326
2012-10-22 15:00:00,326.4717801803961
2012-10-22 16:00:00,501.53374896214905
2012-10-22 17:00:00,896.917
2012-10-22 18:00:00,746.8025
2012-10-22 19:00:00,507.594878702173
2012-10-22 20:00:00,356.0920055555556
2012-10-22 21:00:00,221.227
2012-10-22 22:00:00,137.972
2012-10-22 23:00:00,95.505
2012-10-23 00:00:00,43.1545
2012-10-23 01:00:00,17.294482229861647
2012-10-23 02:00:00,6.38150059254471
2012-10-23 03:00:00,5.812497147103684
2012-10-23 04:00:00,7.484551280091413
2012-10-23 05:00:00,40.27202179487179
2012-10-23 06:00:00,166.572
2012-10-23 07:00:00,479.7186066760037
2012-10-23 08:00:00,785.454
2012-10-23 09:00:00,361.276019354476
2012-10-23 10:00:00,194.59321176786176
2012-10-23 11:00:00,234.00089868854772
2012-10-23 12:00:00,310.78483397771816
2012-10-23 13:00:00,302.2415876166706
2012-10-23 14:00:00,290.7425729641476
2012-10-23 15:00:00,321.1743033762437
2012-10-23 16:00:00,494.2076213412191
2012-10-23 17:00:00,906.943
2012-10-23 18:00:00,861.5423333333332
2012-10-23 19:00:00,563.2734861416358
2012-10-23 20:00:00,417.8737263347763
2012-10-23 21:00:00,248.07
2012-10-23 22:00:00,201.86169682539682
2012-10-23 23:00:00,101.13714285714285
2012-10-24 00:00:00,45.9845
2012-10-24 01:00:00,19.370679453879458
2012-10-24 02:00:00,8.863986578411332
2012-10-24 03:00:00,6.637755965915295
2012-10-24 04:00:00,6.854709317691098
2012-10-24 05:00:00,41.849405921855926
2012-10-24 06:00:00,178.32644444444443
2012-10-24 07:00:00,471.81368842203534
2012-10-24 08:00:00,637.616
2012-10-24 09:00:00,363.8352993911059
2012-10-24 10:00:00,195.50756292596293
2012-10-24 11:00:00,250.78324485981858
2012-10-24 12:00:00,319.4764514436371
2012-10-24 13:00:00,309.4309579848706
2012-10-24 14:00:00,296.89892888784095
2012-10-24 15:00:00,314.30009098158877
2012-10-24 16:00:00,505.8598562637363
2012-10-24 17:00:00,906.0456666666666
2012-10-24 18:00:00,914.6564523809523
2012-10-24 19:00:00,568.1759567044065
2012-10-24 20:00:00,423.27988888888893
2012-10-24 21:00:00,287.83997777777785
2012-10-24 22:00:00,234.64119999999997
2012-10-24 23:00:00,125.292
2012-10-25 00:00:00,57.6372
2012-10-25 01:00:00,23.56143939393939
2012-10-25 02:00:00,9.906875104263788
2012-10-25 03:00:00,6.814409606820273
2012-10-25 04:00:00,7.688087398476637
2012-10-25 05:00:00,41.436616666666666
2012-10-25 06:00:00,161.84
2012-10-25 07:00:00,453.56270508870205
2012-10-25 08:00:00,642.756
2012-10-25 09:00:00,364.21143809523807
2012-10-25 10:00:00,184.7954855144855
2012-10-25 11:00:00,184.6054715007215
2012-10-25 12:00:00,248.1752930448861
2012-10-25 13:00:00,238.81155649502824
2012-10-25 14:00:00,256.08638749881385
2012-10-25 15:00:00,322.2996680267055
2012-10-25 16:00:00,443.1827439449438
2012-10-25 17:00:00,809.493
2012-10-25 18:00:00,411.306
2012-10-25 19:00:00,331.47613924408927
2012-10-25 20:00:00,295.89466666666664
2012-10-25 21:00:00,241.53614285714283
2012-10-25 22:00:00,218.58336666666665
2012-10-25 23:00:00,142.308
2012-10-26 00:00:00,73.302
2012-10-26 01:00:00,32.54
2012-10-26 02:00:00,10.6934
2012-10-26 03:00:00,7.335577478077477
2012-10-26 04:00:00,7.4822066995659275
2012-10-26 05:00:00,39.24526068376068
2012-10-26 06:00:00,142.934
2012-10-26 07:00:00,417.34721540616243
2012-10-26 08:00:00,572.944
2012-10-26 09:00:00,366.1189174381173
2012-10-26 10:00:00,211.77624372294375
2012-10-26 11:00:00,244.1115142585357
2012-10-26 12:00:00,326.7956086602286
2012-10-26 13:00:00,341.80426046953033
2012-10-26 14:00:00,356.93304523809525
2012-10-26 15:00:00,374.4920476190476
2012-10-26 16:00:00,473.94028672993676
2012-10-26 17:00:00,770.138
2012-10-26 18:00:00,713.8526666666668
2012-10-26 19:00:00,314.39502972027975
2012-10-26 20:00:00,284.11
2012-10-26 21:00:00,249.64314285714283
2012-10-26 22:00:00,214.29585
2012-10-26 23:00:00,167.7788
2012-10-27 00:00:00,160.5486666666667
2012-10-27 01:00:00,111.12
2012-10-27 02:00:00,66.82
2012-10-27 03:00:00,42.438
2012-10-27 04:00:00,14.604012121212119
2012-10-27 05:00:00,18.718012121212123
2012-10-27 06:00:00,30.876
2012-10-27 07:00:00,94.9655
2012-10-27 08:00:00,195.8467
2012-10-27 09:00:00,314.81150389610383
2012-10-27 10:00:00,423.3375857142857
2012-10-27 11:00:00,516.4438572150073
2012-10-27 12:00:00,622.8964309839271
2012-10-27 13:00:00,641.5433859080382
2012-10-27 14:00:00,612.34205354594
2012-10-27 15:00:00,539.9052274747394
2012-10-27 16:00:00,526.7916773030819
2012-10-27 17:00:00,537.8014839908386
2012-10-27 18:00:00,483.624691406299
2012-10-27 19:00:00,379.34600468975475
2012-10-27 20:00:00,254.9908333333333
2012-10-27 21:00:00,224.72533095238097
2012-10-27 22:00:00,215.45666666666668
2012-10-27 23:00:00,163.886
2012-10-28 00:00:00,143.374
2012-10-28 01:00:00,116.65783333333333
2012-10-28 02:00:00,81.542
2012-10-28 03:00:00,39.502
2012-10-28 04:00:00,14.944666666666667
2012-10-28 05:00:00,18.922666666666665
2012-10-28 06:00:00,24.64
2012-10-28 07:00:00,64.33
2012-10-28 08:00:00,132.142
2012-10-28 09:00:00,241.54421904761907
2012-10-28 10:00:00,374.42261904761904
2012-10-28 11:00:00,475.1337774531025
2012-10-28 12:00:00,525.3734986374736
2012-10-28 13:00:00,529.344297021859
2012-10-28 14:00:00,532.6771925846296
2012-10-28 15:00:00,530.2650770451771
2012-10-28 16:00:00,379.78455213675215
2012-10-28 17:00:00,291.032
2012-10-28 18:00:00,215.314
2012-10-28 19:00:00,210.668
2012-10-28 20:00:00,206.942
2012-10-28 21:00:00,127.194
2012-10-28 22:00:00,101.38
2012-10-28 23:00:00,82.838
2012-10-29 00:00:00,36.136
2012-10-30 13:00:00,176.36955873015873
2012-10-30 14:00:00,175.9642253968254
2012-10-30 15:00:00,214.892
2012-10-30 16:00:00,265.0806666666667
2012-10-30 17:00:00,374.428
2012-10-30 18:00:00,435.264
2012-10-30 19:00:00,503.0414165249784
2012-10-30 20:00:00,245.1840868686869
2012-10-30 21:00:00,180.7193333333333
2012-10-30 22:00:00,136.29666666666668
2012-10-30 23:00:00,107.0805
2012-10-31 00:00:00,33.258
2012-10-31 01:00:00,16.23569134199134
2012-10-31 02:00:00,6.710183333333334
2012-10-31 03:00:00,5.56676986822985
2012-10-31 04:00:00,6.9501426094760586
2012-10-31 05:00:00,33.15601190476191
2012-10-31 06:00:00,152.484
2012-10-31 07:00:00,309.33523008658005
2012-10-31 08:00:00,680.8216
2012-10-31 09:00:00,325.41314037678006
2012-10-31 10:00:00,171.90134756830582
2012-10-31 11:00:00,176.91822906818933
2012-10-31 12:00:00,237.13949403897837
2012-10-31 13:00:00,231.21665653018908
2012-10-31 14:00:00,214.69574996616487
2012-10-31 15:00:00,240.31819937279326
2012-10-31 16:00:00,393.8146356065503
2012-10-31 17:00:00,615.314
2012-10-31 18:00:00,621.982
2012-10-31 19:00:00,434.7964506859155
2012-10-31 20:00:00,323.3849285714286
2012-10-31 21:00:00,217.7415142857143
2012-10-31 22:00:00,159.75716666666665
2012-10-31 23:00:00,114.8485
2012-11-20 00:00:00,34.3255
2012-11-20 01:00:00,15.195046103896104
2012-11-20 02:00:00,5.848833333333333
2012-11-20 03:00:00,4.782263584794458
2012-11-20 04:00:00,8.263303671841562
2012-11-20 05:00:00,39.20641666666667
2012-11-20 06:00:00,135.51
2012-11-20 07:00:00,348.58842373737366
2012-11-20 08:00:00,658.2591
2012-11-20 09:00:00,340.8546985930736
2012-11-20 10:00:00,186.09587814107462
2012-11-20 11:00:00,202.88660734025743
2012-11-20 12:00:00,236.58300246862072
2012-11-20 13:00:00,242.2525835782518
2012-11-20 14:00:00,225.8418456217638
2012-11-20 15:00:00,256.35882501849824
2012-11-20 16:00:00,376.2499888888889
2012-11-20 17:00:00,577.552
2012-11-20 18:00:00,540.898
2012-11-20 19:00:00,394.2885055555555
2012-11-20 20:00:00,292.57383333333337
2012-11-20 21:00:00,210.49133333333333
2012-11-20 22:00:00,166.01417142857142
2012-11-20 23:00:00,111.1545
2012-11-21 00:00:00,35.806
2012-11-21 01:00:00,16.877958008658005
2012-11-21 02:00:00,6.143728571428571
2012-11-21 03:00:00,6.112807564621926
2012-11-21 04:00:00,6.3653778227324995
2012-11-21 05:00:00,31.674678571428572
2012-11-21 06:00:00,134.552
2012-11-21 07:00:00,310.3322283549783
2012-11-21 08:00:00,651.2416
2012-11-21 09:00:00,317.516286365243
2012-11-21 10:00:00,194.64446738763672
2012-11-21 11:00:00,204.39248485623676
2012-11-21 12:00:00,234.36465328243756
2012-11-21 13:00:00,239.81136032831202
2012-11-21 14:00:00,257.2823509085899
2012-11-21 15:00:00,280.07470835017796
2012-11-21 16:00:00,433.905852406417
2012-11-21 17:00:00,609.0686666666667
2012-11-21 18:00:00,537.576
2012-11-21 19:00:00,392.05172720612717
2012-11-21 20:00:00,270.41184502164504
2012-11-21 21:00:00,216.62616666666668
2012-11-21 22:00:00,153.83880952380952
2012-11-21 23:00:00,144.8235
2012-11-22 00:00:00,81.00871428571429
2012-11-22 01:00:00,61.04
2012-11-22 02:00:00,22.475666666666665
2012-11-22 03:00:00,9.937666666666667
2012-11-22 04:00:00,8.830839826839826
2012-11-22 05:00:00,19.416
2012-11-22 06:00:00,37.094
2012-11-22 07:00:00,245.75790419808945
2012-11-22 08:00:00,273.2484875314228
2012-11-22 09:00:00,293.43164000721504
2012-11-22 10:00:00,282.7871214836333
2012-11-22 11:00:00,401.81716110556124
2012-11-22 12:00:00,529.4341333333333
2012-11-22 13:00:00,576.6264565656564
2012-11-22 14:00:00,549.1497015113541
2012-11-22 15:00:00,526.0828111794638
2012-11-22 16:00:00,545.1238089466088
2012-11-22 17:00:00,483.5923333333334
2012-11-22 18:00:00,373.8575333333333
2012-11-22 19:00:00,294.0821333333333
2012-11-22 20:00:00,235.7746
2012-11-22 21:00:00,186.15408333333332
2012-11-22 22:00:00,164.26783809523812
2012-11-22 23:00:00,143.8455
2012-11-23 00:00:00,50.654
2012-11-23 01:00:00,24.078
2012-11-23 02:00:00,11.063571428571427
2012-11-23 03:00:00,8.746013553113553
2012-11-23 04:00:00,8.981915390165392
2012-11-23 05:00:00,32.87
2012-11-23 06:00:00,135.31
2012-11-23 07:00:00,328.8738156565656
2012-11-23 08:00:00,617.792
2012-11-23 09:00:00,320.0859083006862
2012-11-23 10:00:00,195.67548341786207
2012-11-23 11:00:00,236.02103060259572
2012-11-23 12:00:00,281.59878791338735
2012-11-23 13:00:00,294.07997565533884
2012-11-23 14:00:00,391.4333595977123
2012-11-23 15:00:00,399.7172476190476
2012-11-23 16:00:00,491.21093985507247
2012-11-23 17:00:00,777.836
2012-11-23 18:00:00,712.668
2012-11-23 19:00:00,471.2720619302267
2012-11-23 20:00:00,326.41898095238093
2012-11-23 21:00:00,238.01588095238094
2012-11-23 22:00:00,171.5424
2012-11-23 23:00:00,117.97426666666667
2012-11-24 00:00:00,117.05166666666666
2012-11-24 01:00:00,99.08383333333335
2012-11-24 02:00:00,46.246
2012-11-24 03:00:00,18.752
2012-11-24 04:00:00,7.514
2012-11-24 05:00:00,7.636
2012-11-24 06:00:00,21.266
2012-11-24 07:00:00,87.72
2012-11-24 08:00:00,170.96
2012-11-24 09:00:00,230.0513333333333
2012-11-24 10:00:00,273.0716333333333
2012-11-24 11:00:00,302.9610848484848
2012-11-24 12:00:00,367.482
2012-11-24 13:00:00,374.5414238095237
2012-11-24 14:00:00,371.3857333333333
2012-11-24 15:00:00,368.67161111111113
2012-11-24 16:00:00,358.5273977591037
2012-11-24 17:00:00,326.7904882352941
2012-11-24 18:00:00,291.3085
2012-11-24 19:00:00,250.10067777777775
2012-11-24 20:00:00,200.68439999999998
2012-11-24 21:00:00,152.56
2012-11-24 22:00:00,126.7598
2012-11-24 23:00:00,100.774
2012-11-25 00:00:00,113.7
2012-11-25 01:00:00,109.98633333333335
2012-11-25 02:00:00,50.668
2012-11-25 03:00:00,25.13
2012-11-25 04:00:00,7.704
2012-11-25 05:00:00,9.096
2012-11-25 06:00:00,17.358
2012-11-25 07:00:00,61.364
2012-11-25 08:00:00,139.29066666666665
2012-11-25 09:00:00,197.0021333333333
2012-11-25 10:00:00,252.61378459383752
2012-11-25 11:00:00,291.8576238095238
2012-11-25 12:00:00,348.0369
2012-11-25 13:00:00,348.4401666666667
2012-11-25 14:00:00,356.3089047619047
2012-11-25 15:00:00,337.92227507002804
2012-11-25 16:00:00,331.31638459383754
2012-11-25 17:00:00,282.525694117647
2012-11-25 18:00:00,236.0409607843137
2012-11-25 19:00:00,221.15756666666664
2012-11-25 20:00:00,163.472
2012-11-25 21:00:00,117.522
2012-11-25 22:00:00,98.724
2012-11-25 23:00:00,73.866
2012-11-26 00:00:00,30.872
2012-11-26 01:00:00,13.086200000000002
2012-11-26 02:00:00,4.960916666666667
2012-11-26 03:00:00,5.652395689439808
2012-11-26 04:00:00,7.345598386416035
2012-11-26 05:00:00,38.285
2012-11-26 06:00:00,140.596
2012-11-26 07:00:00,357.87463311688316
2012-11-26 08:00:00,674.9
2012-11-26 09:00:00,305.24003849206355
2012-11-26 10:00:00,188.10040567758435
2012-11-26 11:00:00,224.06540122679738
2012-11-26 12:00:00,245.1764398712399
2012-11-26 13:00:00,240.5299257372257
2012-11-26 14:00:00,235.0081549302549
2012-11-26 15:00:00,248.3542321308321
2012-11-26 16:00:00,437.08273333333335
2012-11-26 17:00:00,617.082
2012-11-26 18:00:00,563.218
2012-11-26 19:00:00,361.3371743145743
2012-11-26 20:00:00,278.0605545454546
2012-11-26 21:00:00,202.7166666666667
2012-11-26 22:00:00,134.64
2012-11-26 23:00:00,87.398
2012-11-27 00:00:00,31.844
2012-11-27 01:00:00,15.620505483405482
2012-11-27 02:00:00,5.637705555555555
2012-11-27 03:00:00,5.098359352684353
2012-11-27 04:00:00,6.242224685778621
2012-11-27 05:00:00,31.56
2012-11-27 06:00:00,131.132
2012-11-27 07:00:00,185.47116666666668
2012-11-27 08:00:00,451.946
2012-11-27 09:00:00,308.66587692307695
2012-11-27 10:00:00,142.9520661111111
2012-11-27 11:00:00,147.808755
2012-11-27 12:00:00,188.396
2012-11-27 13:00:00,196.35
2012-11-27 14:00:00,193.356
2012-11-27 15:00:00,215.81478961306894
2012-11-27 16:00:00,303.7073711843712
2012-11-27 17:00:00,527.078
2012-11-27 18:00:00,489.504
2012-11-27 19:00:00,345.3657013708513
2012-11-27 20:00:00,244.87283333333335
2012-11-27 21:00:00,163.794
2012-11-27 22:00:00,128.456
2012-11-27 23:00:00,96.744
2012-11-28 00:00:00,69.132
2012-11-28 01:00:00,29.26862857142857
2012-11-28 02:00:00,7.550133333333334
2012-11-28 03:00:00,4.514354840933908
2012-11-28 04:00:00,7.09113212032806
2012-11-28 05:00:00,35.28991666666667
2012-11-28 06:00:00,138.284
2012-11-28 07:00:00,376.5090986425338
2012-11-28 08:00:00,641.416
2012-11-28 09:00:00,324.9475599501947
2012-11-28 10:00:00,181.49066821206836
2012-11-28 11:00:00,188.36457955737083
2012-11-28 12:00:00,220.6772037389858
2012-11-28 13:00:00,239.11087707397553
2012-11-28 14:00:00,225.55330702969346
2012-11-28 15:00:00,256.2231339544806
2012-11-28 16:00:00,349.75096124431127
2012-11-28 17:00:00,590.9975
2012-11-28 18:00:00,535.568
2012-11-28 19:00:00,366.38442937617936
2012-11-28 20:00:00,249.68456075036082
2012-11-28 21:00:00,190.642
2012-11-28 22:00:00,123.57583333333335
2012-11-28 23:00:00,92.875
2012-11-29 00:00:00,39.946
2012-11-29 01:00:00,19.0905
2012-11-29 02:00:00,7.855916666666666
2012-11-29 04:00:00,6.7898338892495635
2012-11-29 05:00:00,35.59975
2012-11-29 06:00:00,144.268
2012-11-29 07:00:00,357.3117847041846
2012-11-29 08:00:00,639.424
2012-11-29 09:00:00,323.64235945165944
2012-11-29 10:00:00,172.73937723433914
2012-11-29 11:00:00,196.9449463904247
2012-11-29 12:00:00,244.7306148385513
2012-11-29 13:00:00,241.60464011174003
2012-11-29 14:00:00,224.36237434848576
2012-11-29 15:00:00,262.7676409684344
2012-11-29 16:00:00,361.46686708846715
2012-11-29 17:00:00,588.4715
2012-11-29 18:00:00,559.468
2012-11-29 19:00:00,370.80426655011655
2012-11-29 20:00:00,262.4045233766234
2012-11-29 21:00:00,177.861
2012-11-29 22:00:00,150.35060000000001
2012-11-29 23:00:00,140.9535
2012-11-30 00:00:00,47.092
2012-11-30 01:00:00,24.648
2012-11-30 02:00:00,10.736
2012-11-30 03:00:00,9.142213553113553
2012-11-30 04:00:00,8.645452442002442
2012-11-30 05:00:00,33.066
2012-11-30 06:00:00,133.954
2012-11-30 07:00:00,326.611148989899
2012-11-30 08:00:00,628.454
2012-11-30 09:00:00,321.87297088467074
2012-11-30 10:00:00,190.2507292276211
2012-11-30 11:00:00,208.86059506378123
2012-11-30 12:00:00,266.22930099493095
2012-11-30 13:00:00,275.369230761344
2012-11-30 14:00:00,265.93069853801177
2012-11-30 15:00:00,276.0476333333333
2012-11-30 16:00:00,430.9219237017884
2012-11-30 17:00:00,590.0185
2012-11-30 18:00:00,509.89
2012-11-30 19:00:00,351.1120463536464
2012-11-30 20:00:00,250.29795454545456
2012-11-30 21:00:00,182.32466666666667
2012-11-30 22:00:00,157.36957142857142
2012-11-30 23:00:00,141.09033333333335
2012-12-20 00:00:00,46.523914285714284
2012-12-20 01:00:00,17.856
2012-12-20 02:00:00,10.751702380952382
2012-12-20 03:00:00,5.201017245562875
2012-12-20 04:00:00,6.8546540155882925
2012-12-20 05:00:00,34.77566666666667
2012-12-20 06:00:00,142.578
2012-12-20 07:00:00,356.33983268398265
2012-12-20 08:00:00,680.4155999999999
2012-12-20 09:00:00,314.09647651515155
2012-12-20 10:00:00,172.6121184429671
2012-12-20 11:00:00,176.6351680506448
2012-12-20 12:00:00,234.12481474252382
2012-12-20 13:00:00,232.3500232137385
2012-12-20 14:00:00,225.69569929130842
2012-12-20 15:00:00,253.97482535943584
2012-12-20 16:00:00,318.74436904761905
2012-12-20 17:00:00,574.7305
2012-12-20 18:00:00,546.106
2012-12-20 19:00:00,289.16420512820514
2012-12-20 20:00:00,241.1864
2012-12-20 21:00:00,166.58
2012-12-20 22:00:00,111.502
2012-12-20 23:00:00,105.763
2012-12-21 00:00:00,56.63
2012-12-21 01:00:00,26.626
2012-12-21 02:00:00,13.6008
2012-12-21 03:00:00,8.647821428571428
2012-12-21 04:00:00,8.122168051556288
2012-12-21 05:00:00,31.376
2012-12-21 06:00:00,105.346
2012-12-21 07:00:00,340.4170990365843
2012-12-21 08:00:00,616.3214285714286
2012-12-21 09:00:00,312.67407380952375
2012-12-21 10:00:00,203.53713869731806
2012-12-21 11:00:00,202.5068815544609
2012-12-21 12:00:00,230.27152685360616
2012-12-21 13:00:00,235.463669710749
2012-12-21 14:00:00,235.91796336154266
2012-12-21 15:00:00,254.88386433834364
2012-12-21 16:00:00,305.0406349206349
2012-12-21 17:00:00,545.854
2012-12-21 18:00:00,494.16
2012-12-21 19:00:00,316.38175353535354
2012-12-21 20:00:00,230.38696464646466
2012-12-21 21:00:00,179.048
2012-12-21 22:00:00,128.232
2012-12-21 23:00:00,99.784
2012-12-22 00:00:00,107.456
2012-12-22 01:00:00,98.6615
2012-12-22 02:00:00,48.912
2012-12-22 03:00:00,21.972
2012-12-22 04:00:00,8.844
2012-12-22 05:00:00,8.416
2012-12-22 06:00:00,21.708
2012-12-22 07:00:00,97.564
2012-12-22 08:00:00,166.5
2012-12-22 09:00:00,218.70133333333334
2012-12-22 10:00:00,261.2212575757576
2012-12-22 11:00:00,296.17246666666665
2012-12-22 12:00:00,344.96866666666665
2012-12-22 13:00:00,359.5393095238095
2012-12-22 14:00:00,359.0781666666666
2012-12-22 15:00:00,355.56333333333333
2012-12-22 16:00:00,346.8949206349206
2012-12-22 17:00:00,310.9665052287582
2012-12-22 18:00:00,282.6304
2012-12-22 19:00:00,258.9171222222222
2012-12-22 20:00:00,185.59683333333334
2012-12-22 21:00:00,152.22
2012-12-22 22:00:00,119.98957777777778
2012-12-22 23:00:00,100.77
2012-12-23 00:00:00,111.982
2012-12-23 01:00:00,106.43833333333335
2012-12-23 02:00:00,55.474
2012-12-23 03:00:00,34.926
2012-12-23 04:00:00,11.394
2012-12-23 05:00:00,7.962
2012-12-23 06:00:00,15.038
2012-12-23 07:00:00,61.934
2012-12-23 08:00:00,132.084
2012-12-23 09:00:00,189.5004607843137
2012-12-23 10:00:00,247.87765126050417
2012-12-23 11:00:00,280.8757845938375
2012-12-23 12:00:00,343.356683006536
2012-12-23 13:00:00,346.8769830065359
2012-12-23 14:00:00,379.7525274509803
2012-12-23 15:00:00,385.49407947118243
2012-12-23 16:00:00,383.29762651302946
2012-12-23 17:00:00,304.2663996732026
2012-12-23 18:00:00,254.31486237161528
2012-12-23 19:00:00,221.3389317460317
2012-12-23 20:00:00,166.944
2012-12-23 21:00:00,119.398
2012-12-23 22:00:00,93.156
2012-12-23 23:00:00,76.738
2012-12-24 00:00:00,32.334
2012-12-24 01:00:00,13.091
2012-12-24 02:00:00,5.735666666666666
2012-12-24 03:00:00,5.758413638157756
2012-12-24 05:00:00,34.017428571428574
2012-12-24 06:00:00,131.992
2012-12-24 07:00:00,337.1140999999999
2012-12-24 08:00:00,646.748
2012-12-24 09:00:00,293.41898333333336
2012-12-24 10:00:00,166.25780781803644
2012-12-24 11:00:00,166.20011641296864
2012-12-24 12:00:00,195.91244896809303
2012-12-24 13:00:00,188.19066666666666
2012-12-24 14:00:00,190.312
2012-12-24 15:00:00,211.562
2012-12-24 16:00:00,251.78533333333334
2012-12-24 17:00:00,439.734
2012-12-24 18:00:00,471.282
2012-12-24 19:00:00,299.40236666666664
2012-12-24 20:00:00,221.036
2012-12-24 21:00:00,150.72
2012-12-24 22:00:00,111.208
2012-12-24 23:00:00,99.01
2012-12-25 00:00:00,60.57
2012-12-25 01:00:00,38.084
2012-12-25 02:00:00,20.294
2012-12-25 04:00:00,8.575238095238095
2012-12-25 05:00:00,13.144
2012-12-25 06:00:00,38.658
2012-12-25 07:00:00,225.79420000000002
2012-12-25 08:00:00,261.42016666666666
2012-12-25 09:00:00,256.0796307692308
2012-12-25 10:00:00,246.78664121667805
2012-12-25 11:00:00,266.550854203691
2012-12-25 12:00:00,328.8360475468976
2012-12-25 13:00:00,410.21203822750704
2012-12-25 14:00:00,404.98847282168805
2012-12-25 15:00:00,339.5985206911217
2012-12-25 16:00:00,363.0068689329385
2012-12-25 17:00:00,336.70996428571425
2012-12-25 18:00:00,331.5728888888889
2012-12-25 19:00:00,313.07638888888886
2012-12-25 20:00:00,226.14261111111114
2012-12-25 21:00:00,174.027
2012-12-25 22:00:00,131.40623333333335
2012-12-25 23:00:00,79.84
2012-12-26 00:00:00,55.924
2012-12-26 01:00:00,31.435
2012-12-26 02:00:00,18.19
2012-12-26 03:00:00,5.9543253968253955
2012-12-26 04:00:00,7.805066671106673
2012-12-26 05:00:00,34.29
2012-12-26 06:00:00,124.438
2012-12-26 07:00:00,174.1065
2012-12-26 08:00:00,329.448
2012-12-26 09:00:00,169.8885
2012-12-26 10:00:00,155.5643661111111
2012-12-26 11:00:00,160.306
2012-12-26 12:00:00,190.398
2012-12-26 13:00:00,193.236
2012-12-26 14:00:00,191.592
2012-12-26 15:00:00,208.004
2012-12-26 16:00:00,239.578
2012-12-26 17:00:00,420.332
2012-12-26 18:00:00,433.454
2012-12-26 19:00:00,253.60666666666668
2012-12-26 20:00:00,210.732
2012-12-26 21:00:00,167.762
2012-12-26 22:00:00,91.19
2012-12-26 23:00:00,62.27
2012-12-27 00:00:00,37.504
2012-12-27 01:00:00,13.482
2012-12-27 02:00:00,15.99
2012-12-27 03:00:00,4.156001149353791
2012-12-27 04:00:00,7.817361624649862
2012-12-27 05:00:00,34.322
2012-12-27 06:00:00,113.36
2012-12-27 07:00:00,352.4690710978564
2012-12-27 08:00:00,631.858
2012-12-27 09:00:00,333.14581633986927
2012-12-27 10:00:00,179.99080786435786
2012-12-27 11:00:00,178.49793853662678
2012-12-27 12:00:00,210.76678798136726
2012-12-27 13:00:00,209.20468798136724
2012-12-27 14:00:00,201.0226147741148
2012-12-27 15:00:00,230.09791880341882
2012-12-27 16:00:00,298.62526190476194
2012-12-27 17:00:00,548.631
2012-12-27 18:00:00,512.228
2012-12-27 19:00:00,327.90179797979795
2012-12-27 20:00:00,233.98206565656568
2012-12-27 21:00:00,171.606
2012-12-27 22:00:00,130.574
2012-12-27 23:00:00,97.804
2012-12-28 00:00:00,50.532
2012-12-28 01:00:00,23.548
2012-12-28 02:00:00,12.176
2012-12-28 03:00:00,6.590809523809524
2012-12-28 04:00:00,7.805070848759085
2012-12-28 05:00:00,32.06
2012-12-28 06:00:00,114.112
2012-12-28 07:00:00,335.36960944284465
2012-12-28 08:00:00,619.336
2012-12-28 09:00:00,320.6790777777778
2012-12-28 10:00:00,188.39520987501064
2012-12-28 11:00:00,192.20306869371052
2012-12-28 12:00:00,224.30632410406812
2012-12-28 13:00:00,225.26032410406813
2012-12-28 14:00:00,222.88881775486178
2012-12-28 15:00:00,260.57867052104984
2012-12-28 16:00:00,332.4020542630572
2012-12-28 17:00:00,585.352
2012-12-28 18:00:00,484.448
2012-12-28 19:00:00,321.77472857142857
2012-12-28 20:00:00,221.5605575757576
2012-12-28 21:00:00,167.256
2012-12-28 22:00:00,133.26933333333335
2012-12-28 23:00:00,116.278
2012-12-29 00:00:00,105.748
2012-12-29 01:00:00,96.91
2012-12-29 02:00:00,51.216
2012-12-29 03:00:00,26.35
2012-12-29 04:00:00,8.946
2012-12-29 05:00:00,9.208
2012-12-29 06:00:00,21.192
2012-12-29 07:00:00,79.49066666666667
2012-12-29 08:00:00,145.184
2012-12-29 09:00:00,209.45233333333334
2012-12-29 10:00:00,209.33
2012-12-29 11:00:00,222.25333333333333
2012-12-29 12:00:00,234.75533333333334
2012-12-29 13:00:00,237.52533333333335
2012-12-29 14:00:00,318.77959999999996
2012-12-29 15:00:00,314.2136
2012-12-29 16:00:00,326.2451670995672
2012-12-29 17:00:00,290.7441111111111
2012-12-29 18:00:00,269.2690239156268
2012-12-29 19:00:00,257.71522979797976
2012-12-29 20:00:00,209.046
2012-12-29 21:00:00,157.784
2012-12-29 22:00:00,126.694
2012-12-29 23:00:00,116.35
2012-12-30 00:00:00,112.846
2012-12-30 01:00:00,106.09
2012-12-30 02:00:00,55.282
2012-12-30 03:00:00,26.276
2012-12-30 04:00:00,9.056
2012-12-30 05:00:00,8.172
2012-12-30 06:00:00,18.184
2012-12-30 07:00:00,77.472
2012-12-30 08:00:00,143.998
2012-12-30 09:00:00,199.033
2012-12-30 10:00:00,254.04
2012-12-30 11:00:00,284.4145882352941
2012-12-30 12:00:00,328.9302549019607
2012-12-30 13:00:00,331.1436666666666
2012-12-30 14:00:00,333.6841666666666
2012-12-30 15:00:00,325.1859999999999
2012-12-30 16:00:00,317.4715882352941
2012-12-30 17:00:00,276.1060882352941
2012-12-30 18:00:00,251.2505
2012-12-30 19:00:00,215.3659611111111
2012-12-30 20:00:00,174.434
2012-12-30 21:00:00,99.812
2012-12-30 22:00:00,84.56
2012-12-30 23:00:00,58.844
2012-12-31 00:00:00,32.472
2012-12-31 01:00:00,15.198
2012-12-31 02:00:00,6.055666666666667
2012-12-31 03:00:00,7.023575471698113
2012-12-31 04:00:00,8.422832303856264
2012-12-31 05:00:00,36.488
2012-12-31 06:00:00,125.174
2012-12-31 07:00:00,342.9896339960692
2012-12-31 08:00:00,617.238
2012-12-31 09:00:00,293.40315000000004
2012-12-31 10:00:00,161.48791839709565
2012-12-31 11:00:00,166.6235862542385
2012-12-31 12:00:00,181.61139366515837
2012-12-31 13:00:00,195.14792213113682
2012-12-31 14:00:00,193.64657190071594
2012-12-31 15:00:00,224.03943336376273
2012-12-31 16:00:00,321.06305880230883
2012-12-31 17:00:00,578.386
2012-12-31 18:00:00,499.238
2012-12-31 19:00:00,346.5720871295371
2012-12-31 20:00:00,234.57235353535356
2012-12-31 21:00:00,166.686
2012-12-31 22:00:00,114.71166666666666
2012-12-31 23:00:00,69.018
