datetime,count
2011-01-20 00:00:00,10.48
2011-01-20 01:00:00,5.3725
2011-01-20 02:00:00,3.97
2011-01-20 03:00:00,3.3675
2011-01-20 04:00:00,2.955
2011-01-20 05:00:00,6.2525
2011-01-20 06:00:00,35.88
2011-01-20 07:00:00,89.9125
2011-01-20 08:00:00,203.8125
2011-01-20 09:00:00,119.6675
2011-01-20 10:00:00,60.135
2011-01-20 11:00:00,58.8875
2011-01-20 12:00:00,83.1075
2011-01-20 13:00:00,74.7125
2011-01-20 14:00:00,80.685
2011-01-20 15:00:00,85.53
2011-01-20 16:00:00,90.68
2011-01-20 17:00:00,204.4275
2011-01-20 18:00:00,173.6775
2011-01-20 19:00:00,94.3025
2011-01-20 20:00:00,72.8925
2011-01-20 21:00:00,48.78
2011-01-20 22:00:00,42.765
2011-01-20 23:00:00,23.1825
2011-01-21 00:00:00,14.55
2011-01-21 01:00:00,6.7225
2011-01-21 02:00:00,4.47
2011-01-21 03:00:00,2.9125
2011-01-21 04:00:00,2.5525
2011-01-21 05:00:00,3.805
2011-01-21 06:00:00,32.6275
2011-01-21 07:00:00,89.9025
2011-01-21 08:00:00,193.165
2011-01-21 09:00:00,125.82
2011-01-21 10:00:00,49.615
2011-01-21 11:00:00,61.9775
2011-01-21 12:00:00,72.81
2011-01-21 13:00:00,70.4225
2011-01-21 14:00:00,67.29
2011-01-21 15:00:00,65.3825
2011-01-21 16:00:00,82.8025
2011-01-21 17:00:00,158.555
2011-01-21 18:00:00,150.215
2011-01-21 19:00:00,84.2675
2011-01-21 20:00:00,62.08
2011-01-21 21:00:00,40.865
2011-01-21 22:00:00,32.79
2011-01-21 23:00:00,19.1575
2011-01-22 00:00:00,24.855
2011-01-22 01:00:00,17.6725
2011-01-22 02:00:00,14.02
2011-01-22 03:00:00,8.32
2011-01-22 04:00:00,3.405
2011-01-22 06:00:00,4.7675
2011-01-22 07:00:00,15.945
2011-01-22 08:00:00,21.0
2011-01-22 09:00:00,31.42
2011-01-22 10:00:00,53.6225
2011-01-22 11:00:00,57.18
2011-01-22 12:00:00,65.9175
2011-01-22 13:00:00,70.4775
2011-01-22 14:00:00,67.06
2011-01-22 15:00:00,70.64
2011-01-22 16:00:00,66.2725
2011-01-22 17:00:00,71.315
2011-01-22 18:00:00,52.215
2011-01-22 19:00:00,43.7725
2011-01-22 20:00:00,36.7575
2011-01-22 21:00:00,38.795
2011-01-22 22:00:00,31.605
2011-01-22 23:00:00,16.8675
2011-01-23 00:00:00,26.8375
2011-01-23 01:00:00,20.6
2011-01-23 02:00:00,15.19
2011-01-23 03:00:00,13.68
2011-01-23 05:00:00,3.015
2011-01-23 06:00:00,2.365
2011-01-23 07:00:00,11.23
2011-01-23 08:00:00,17.1275
2011-01-23 09:00:00,28.69
2011-01-23 10:00:00,51.7175
2011-01-23 11:00:00,55.815
2011-01-23 12:00:00,66.6375
2011-01-23 13:00:00,63.3625
2011-01-23 14:00:00,65.6325
2011-01-23 15:00:00,65.4875
2011-01-23 16:00:00,66.135
2011-01-23 17:00:00,60.165
2011-01-23 18:00:00,54.7375
2011-01-23 19:00:00,39.6875
2011-01-23 20:00:00,34.395
2011-01-23 21:00:00,27.3525
2011-01-23 22:00:00,20.4025
2011-01-23 23:00:00,13.6525
2011-01-24 00:00:00,9.885
2011-01-24 01:00:00,4.0925
2011-01-24 03:00:00,1.9475
2011-01-24 04:00:00,2.39
2011-01-24 05:00:00,5.3675
2011-01-24 06:00:00,31.1125
2011-01-24 07:00:00,78.9825
2011-01-24 08:00:00,187.9475
2011-01-24 09:00:00,100.335
2011-01-24 10:00:00,44.155
2011-01-24 11:00:00,40.8275
2011-01-24 12:00:00,49.0575
2011-01-24 13:00:00,46.6275
2011-01-24 14:00:00,44.0
2011-01-24 15:00:00,56.4725
2011-01-24 16:00:00,76.7
2011-01-24 17:00:00,155.1425
2011-01-24 18:00:00,151.7325
2011-01-24 19:00:00,91.3325
2011-01-24 20:00:00,64.255
2011-01-24 21:00:00,42.2375
2011-01-24 22:00:00,27.675
2011-01-24 23:00:00,19.055
2011-01-25 00:00:00,8.5425
2011-01-25 01:00:00,3.835
2011-01-25 02:00:00,2.4125
2011-01-25 04:00:00,1.8375
2011-01-25 05:00:00,4.9625
2011-01-25 06:00:00,33.535
2011-01-25 07:00:00,76.97
2011-01-25 08:00:00,186.01
2011-01-25 09:00:00,111.9525
2011-01-25 10:00:00,57.0025
2011-01-25 11:00:00,57.2675
2011-01-25 12:00:00,73.4125
2011-01-25 13:00:00,72.215
2011-01-25 14:00:00,77.8575
2011-01-25 15:00:00,78.7525
2011-01-25 16:00:00,90.5625
2011-01-25 17:00:00,208.2375
2011-01-25 18:00:00,190.8175
2011-01-25 19:00:00,101.3475
2011-01-25 20:00:00,72.0875
2011-01-25 21:00:00,48.5475
2011-01-25 22:00:00,38.0125
2011-01-25 23:00:00,18.7925
2011-01-26 00:00:00,8.4075
2011-01-26 01:00:00,5.96
2011-01-26 02:00:00,2.995
2011-01-26 05:00:00,3.305
2011-01-26 06:00:00,26.0475
2011-01-26 07:00:00,58.725
2011-01-26 08:00:00,155.2725
2011-01-26 09:00:00,79.9075
2011-01-26 10:00:00,42.975
2011-01-26 11:00:00,39.6675
2011-01-26 12:00:00,40.3225
2011-01-26 13:00:00,42.625
2011-01-26 14:00:00,41.3325
2011-01-26 15:00:00,40.33
2011-01-26 16:00:00,59.2975
2011-01-26 17:00:00,127.9775
2011-01-27 16:00:00,75.46
2011-01-27 17:00:00,170.085
2011-01-27 18:00:00,141.245
2011-01-27 19:00:00,95.2075
2011-01-27 20:00:00,75.9625
2011-01-27 21:00:00,47.9575
2011-01-27 22:00:00,38.8225
2011-01-27 23:00:00,19.715
2011-01-28 00:00:00,13.715
2011-01-28 01:00:00,6.685
2011-01-28 02:00:00,2.5475
2011-01-28 03:00:00,2.3325
2011-01-28 05:00:00,5.995
2011-01-28 06:00:00,31.22
2011-01-28 07:00:00,84.29
2011-01-28 08:00:00,191.1025
2011-01-28 09:00:00,79.93
2011-01-28 10:00:00,40.1525
2011-01-28 11:00:00,41.6725
2011-01-28 12:00:00,44.9125
2011-01-28 13:00:00,48.4475
2011-01-28 14:00:00,58.155
2011-01-28 15:00:00,52.1025
2011-01-28 16:00:00,82.735
2011-01-28 17:00:00,163.565
2011-01-28 18:00:00,153.7325
2011-01-28 19:00:00,97.5275
2011-01-28 20:00:00,70.4575
2011-01-28 21:00:00,46.0525
2011-01-28 22:00:00,41.675
2011-01-28 23:00:00,23.67
2011-01-29 00:00:00,26.08
2011-01-29 01:00:00,20.995
2011-01-29 02:00:00,15.73
2011-01-29 03:00:00,11.2375
2011-01-29 04:00:00,2.8675
2011-01-29 06:00:00,3.0525
2011-01-29 07:00:00,12.18
2011-01-29 08:00:00,23.0175
2011-01-29 09:00:00,34.95
2011-01-29 10:00:00,59.5525
2011-01-29 11:00:00,61.37
2011-01-29 12:00:00,80.185
2011-01-29 13:00:00,80.66
2011-01-29 14:00:00,77.455
2011-01-29 15:00:00,79.76
2011-01-29 16:00:00,83.8525
2011-01-29 17:00:00,76.975
2011-01-29 18:00:00,69.7875
2011-01-29 19:00:00,64.605
2011-01-29 20:00:00,47.85
2011-01-29 21:00:00,40.8675
2011-01-29 22:00:00,31.3325
2011-01-29 23:00:00,19.0475
2011-01-30 00:00:00,26.315
2011-01-30 01:00:00,26.815
2011-01-30 02:00:00,20.4175
2011-01-30 03:00:00,11.165
2011-01-30 04:00:00,5.2525
2011-01-30 05:00:00,4.4275
2011-01-30 07:00:00,9.475
2011-01-30 08:00:00,16.455
2011-01-30 09:00:00,30.8225
2011-01-30 10:00:00,55.875
2011-01-30 11:00:00,61.0075
2011-01-30 12:00:00,91.1925
2011-01-30 13:00:00,79.555
2011-01-30 14:00:00,79.7575
2011-01-30 15:00:00,89.4525
2011-01-30 16:00:00,89.0475
2011-01-30 17:00:00,78.605
2011-01-30 18:00:00,68.19
2011-01-30 19:00:00,50.9725
2011-01-30 20:00:00,44.1275
2011-01-30 21:00:00,31.03
2011-01-30 22:00:00,22.0325
2011-01-30 23:00:00,15.1125
2011-01-31 00:00:00,9.8875
2011-01-31 01:00:00,3.3325
2011-01-31 02:00:00,2.6525
2011-01-31 03:00:00,2.47
2011-01-31 04:00:00,2.08
2011-01-31 05:00:00,2.4375
2011-01-31 06:00:00,33.57
2011-01-31 07:00:00,78.8775
2011-01-31 08:00:00,162.4075
2011-01-31 09:00:00,88.8
2011-01-31 10:00:00,43.015
2011-01-31 11:00:00,42.9
2011-01-31 12:00:00,57.6775
2011-01-31 13:00:00,56.555
2011-01-31 14:00:00,54.88
2011-01-31 15:00:00,51.6675
2011-01-31 16:00:00,76.15
2011-01-31 17:00:00,154.2325
2011-01-31 18:00:00,152.835
2011-01-31 19:00:00,97.6975
2011-01-31 20:00:00,60.8175
2011-01-31 21:00:00,33.3825
2011-01-31 22:00:00,30.6925
2011-01-31 23:00:00,17.8825
2011-02-20 00:00:00,37.765
2011-02-20 01:00:00,29.2025
2011-02-20 02:00:00,18.5875
2011-02-20 03:00:00,9.0475
2011-02-20 04:00:00,2.9375
2011-02-20 06:00:00,2.98
2011-02-20 07:00:00,14.765
2011-02-20 08:00:00,20.2825
2011-02-20 09:00:00,42.3225
2011-02-20 10:00:00,81.4675
2011-02-20 11:00:00,104.31
2011-02-20 12:00:00,117.4925
2011-02-20 13:00:00,153.7925
2011-02-20 14:00:00,139.0775
2011-02-20 15:00:00,155.6475
2011-02-20 16:00:00,147.8075
2011-02-20 17:00:00,126.765
2011-02-20 18:00:00,114.2225
2011-02-20 19:00:00,101.65
2011-02-20 20:00:00,92.7425
2011-02-20 21:00:00,58.0375
2011-02-20 22:00:00,49.775
2011-02-20 23:00:00,37.355
2011-02-21 00:00:00,24.2725
2011-02-21 01:00:00,20.385
2011-02-21 02:00:00,9.7425
2011-02-21 03:00:00,4.7225
2011-02-21 04:00:00,3.82
2011-02-21 05:00:00,8.465
2011-02-21 06:00:00,18.1575
2011-02-21 07:00:00,95.2575
2011-02-21 08:00:00,83.9775
2011-02-21 09:00:00,106.805
2011-02-21 10:00:00,82.725
2011-02-21 11:00:00,81.8425
2011-02-21 12:00:00,84.875
2011-02-21 13:00:00,63.7875
2011-02-21 14:00:00,87.3575
2011-02-21 15:00:00,88.845
2011-02-21 16:00:00,69.0925
2011-02-21 17:00:00,84.675
2011-02-21 18:00:00,81.92
2011-02-21 19:00:00,79.2575
2011-02-21 20:00:00,46.57
2011-02-21 21:00:00,40.6425
2011-02-21 22:00:00,29.3975
2011-02-21 23:00:00,19.8625
2011-02-22 06:00:00,32.46
2011-02-22 07:00:00,90.555
2011-02-22 08:00:00,191.44
2011-02-22 09:00:00,117.985
2011-02-22 10:00:00,46.6075
2011-02-22 11:00:00,49.4775
2011-02-22 12:00:00,59.555
2011-02-22 13:00:00,69.265
2011-02-22 14:00:00,66.4675
2011-02-22 15:00:00,73.585
2011-02-22 16:00:00,73.2825
2011-02-22 17:00:00,170.5325
2011-02-22 18:00:00,161.8025
2011-02-22 19:00:00,95.0475
2011-02-22 20:00:00,74.27
2011-02-22 21:00:00,55.7275
2011-02-22 22:00:00,34.5775
2011-02-22 23:00:00,22.5475
2011-02-23 00:00:00,12.2325
2011-02-23 01:00:00,5.98
2011-02-23 02:00:00,2.305
2011-02-23 03:00:00,1.405
2011-02-23 05:00:00,5.6625
2011-02-23 06:00:00,31.0275
2011-02-23 07:00:00,89.6275
2011-02-23 08:00:00,201.58
2011-02-23 09:00:00,122.5075
2011-02-23 10:00:00,56.6375
2011-02-23 11:00:00,61.7875
2011-02-23 12:00:00,76.1825
2011-02-23 13:00:00,79.8575
2011-02-23 14:00:00,82.635
2011-02-23 15:00:00,85.6025
2011-02-23 16:00:00,109.865
2011-02-23 17:00:00,221.73
2011-02-23 18:00:00,206.85
2011-02-23 19:00:00,115.1175
2011-02-23 20:00:00,75.3325
2011-02-23 21:00:00,62.555
2011-02-23 22:00:00,45.825
2011-02-23 23:00:00,27.485
2011-02-24 00:00:00,12.0
2011-02-24 01:00:00,5.465
2011-02-24 02:00:00,2.5525
2011-02-24 03:00:00,1.73
2011-02-24 05:00:00,5.3925
2011-02-24 06:00:00,35.5925
2011-02-24 07:00:00,96.1075
2011-02-24 08:00:00,222.7
2011-02-24 09:00:00,124.2825
2011-02-24 10:00:00,60.885
2011-02-24 11:00:00,83.3175
2011-02-24 12:00:00,102.075
2011-02-24 13:00:00,101.5975
2011-02-24 14:00:00,104.52
2011-02-24 15:00:00,40.7225
2011-02-24 16:00:00,50.4675
2011-02-24 17:00:00,192.395
2011-02-24 18:00:00,172.18
2011-02-24 19:00:00,49.66
2011-02-24 20:00:00,83.9725
2011-02-24 21:00:00,63.6525
2011-02-24 22:00:00,40.245
2011-02-24 23:00:00,36.3425
2011-02-25 00:00:00,13.835
2011-02-25 01:00:00,11.23
2011-02-25 02:00:00,9.195
2011-02-25 03:00:00,2.2175
2011-02-25 05:00:00,8.3125
2011-02-25 06:00:00,32.4575
2011-02-25 07:00:00,55.9975
2011-02-25 08:00:00,198.2025
2011-02-25 09:00:00,44.2375
2011-02-25 10:00:00,29.6575
2011-02-25 11:00:00,126.15
2011-02-25 12:00:00,156.84
2011-02-25 13:00:00,154.97
2011-02-25 14:00:00,157.4475
2011-02-25 15:00:00,153.125
2011-02-25 16:00:00,108.475
2011-02-25 17:00:00,189.78
2011-02-25 18:00:00,177.5575
2011-02-25 19:00:00,106.625
2011-02-25 20:00:00,74.5675
2011-02-25 21:00:00,52.6625
2011-02-25 22:00:00,41.575
2011-02-25 23:00:00,31.985
2011-02-26 00:00:00,30.9825
2011-02-26 01:00:00,24.565
2011-02-26 02:00:00,17.01
2011-02-26 03:00:00,11.6275
2011-02-26 04:00:00,3.0525
2011-02-26 05:00:00,2.4275
2011-02-26 06:00:00,3.0575
2011-02-26 07:00:00,11.1925
2011-02-26 08:00:00,26.005
2011-02-26 09:00:00,51.7325
2011-02-26 10:00:00,102.565
2011-02-26 11:00:00,120.8575
2011-02-26 12:00:00,121.455
2011-02-26 13:00:00,133.635
2011-02-26 14:00:00,129.6675
2011-02-26 15:00:00,133.23
2011-02-26 16:00:00,131.3575
2011-02-26 17:00:00,129.01
2011-02-26 18:00:00,116.9125
2011-02-26 19:00:00,84.4125
2011-02-26 20:00:00,64.06
2011-02-26 21:00:00,50.1075
2011-02-26 22:00:00,45.0475
2011-02-26 23:00:00,41.5825
2011-02-27 00:00:00,35.19
2011-02-27 01:00:00,30.68
2011-02-27 02:00:00,21.365
2011-02-27 03:00:00,12.325
2011-02-27 04:00:00,5.495
2011-02-27 06:00:00,3.1975
2011-02-27 07:00:00,12.31
2011-02-27 08:00:00,33.9925
2011-02-27 09:00:00,52.86
2011-02-27 10:00:00,84.305
2011-02-27 11:00:00,129.895
2011-02-27 12:00:00,145.0075
2011-02-27 13:00:00,159.385
2011-02-27 14:00:00,183.66
2011-02-27 15:00:00,215.0225
2011-02-27 16:00:00,254.825
2011-02-27 17:00:00,134.815
2011-02-27 18:00:00,112.3825
2011-02-27 19:00:00,95.465
2011-02-27 20:00:00,82.49
2011-02-27 21:00:00,64.4025
2011-02-27 22:00:00,53.84
2011-02-27 23:00:00,40.4775
2011-02-28 00:00:00,15.9725
2011-02-28 01:00:00,4.8475
2011-02-28 03:00:00,2.0125
2011-02-28 05:00:00,9.18
2011-02-28 06:00:00,39.995
2011-02-28 07:00:00,104.565
2011-02-28 08:00:00,227.155
2011-02-28 09:00:00,114.2225
2011-02-28 10:00:00,91.9225
2011-02-28 11:00:00,107.9075
2011-02-28 12:00:00,128.9725
2011-02-28 13:00:00,82.9925
2011-02-28 14:00:00,38.3425
2011-02-28 15:00:00,38.2075
2011-02-28 16:00:00,56.2275
2011-02-28 17:00:00,173.2075
2011-02-28 18:00:00,247.515
2011-02-28 19:00:00,56.655
2011-02-28 20:00:00,57.87
2011-02-28 21:00:00,65.015
2011-02-28 22:00:00,39.06
2011-02-28 23:00:00,26.2075
2011-03-20 00:00:00,39.2075
2011-03-20 01:00:00,34.3925
2011-03-20 02:00:00,20.805
2011-03-20 03:00:00,11.3075
2011-03-20 04:00:00,3.6
2011-03-20 05:00:00,3.45
2011-03-20 06:00:00,3.0075
2011-03-20 07:00:00,24.7525
2011-03-20 08:00:00,48.0325
2011-03-20 09:00:00,80.7675
2011-03-20 10:00:00,118.5325
2011-03-20 11:00:00,135.07
2011-03-20 12:00:00,149.05
2011-03-20 13:00:00,149.195
2011-03-20 14:00:00,152.7675
2011-03-20 15:00:00,150.115
2011-03-20 16:00:00,146.8525
2011-03-20 17:00:00,123.4925
2011-03-20 18:00:00,126.62
2011-03-20 19:00:00,102.1575
2011-03-20 20:00:00,89.2075
2011-03-20 21:00:00,59.5825
2011-03-20 22:00:00,53.155
2011-03-20 23:00:00,37.155
2011-03-21 00:00:00,11.4075
2011-03-21 01:00:00,6.685
2011-03-21 02:00:00,7.1325
2011-03-21 03:00:00,3.525
2011-03-21 05:00:00,5.205
2011-03-21 06:00:00,37.405
2011-03-21 07:00:00,60.715
2011-03-21 08:00:00,233.7375
2011-03-21 09:00:00,109.9875
2011-03-21 10:00:00,75.86
2011-03-21 11:00:00,86.8075
2011-03-21 12:00:00,98.135
2011-03-21 13:00:00,128.51
2011-03-21 14:00:00,127.395
2011-03-21 15:00:00,140.8025
2011-03-21 16:00:00,163.8825
2011-03-21 17:00:00,354.8325
2011-03-21 18:00:00,314.21
2011-03-21 19:00:00,199.965
2011-03-21 20:00:00,172.3175
2011-03-21 21:00:00,101.6825
2011-03-21 22:00:00,87.7375
2011-03-21 23:00:00,67.225
2011-03-22 00:00:00,27.0675
2011-03-22 01:00:00,7.93
2011-03-22 02:00:00,7.4075
2011-03-22 03:00:00,3.66
2011-03-22 04:00:00,3.495
2011-03-22 05:00:00,11.785
2011-03-22 06:00:00,43.64
2011-03-22 07:00:00,123.195
2011-03-22 08:00:00,271.73
2011-03-22 09:00:00,126.835
2011-03-22 10:00:00,94.985
2011-03-22 11:00:00,97.135
2011-03-22 12:00:00,130.1825
2011-03-22 13:00:00,113.28
2011-03-22 14:00:00,114.3975
2011-03-22 15:00:00,117.11
2011-03-22 16:00:00,158.4
2011-03-22 17:00:00,322.105
2011-03-22 18:00:00,300.9725
2011-03-22 19:00:00,159.68
2011-03-22 20:00:00,138.23
2011-03-22 21:00:00,88.98
2011-03-22 22:00:00,66.6825
2011-03-22 23:00:00,35.4175
2011-03-23 00:00:00,16.57
2011-03-23 01:00:00,7.075
2011-03-23 02:00:00,4.91
2011-03-23 03:00:00,3.03
2011-03-23 05:00:00,8.0125
2011-03-23 06:00:00,45.7825
2011-03-23 07:00:00,106.1525
2011-03-23 08:00:00,255.8075
2011-03-23 09:00:00,130.1
2011-03-23 10:00:00,71.02
2011-03-23 11:00:00,75.485
2011-03-23 12:00:00,79.53
2011-03-23 13:00:00,64.1325
2011-03-23 14:00:00,84.895
2011-03-23 15:00:00,84.715
2011-03-23 16:00:00,131.98
2011-03-23 17:00:00,262.82
2011-03-23 18:00:00,179.25
2011-03-23 19:00:00,54.85
2011-03-23 20:00:00,49.2825
2011-03-23 21:00:00,50.8225
2011-03-23 22:00:00,36.47
2011-03-23 23:00:00,29.89
2011-03-24 00:00:00,10.7225
2011-03-24 01:00:00,6.3625
2011-03-24 02:00:00,5.32
2011-03-24 03:00:00,2.6325
2011-03-24 04:00:00,2.1125
2011-03-24 05:00:00,6.98
2011-03-24 06:00:00,40.3525
2011-03-24 07:00:00,67.3425
2011-03-24 08:00:00,155.6375
2011-03-24 09:00:00,137.6875
2011-03-24 10:00:00,61.3325
2011-03-24 11:00:00,71.2075
2011-03-24 12:00:00,88.635
2011-03-24 13:00:00,93.505
2011-03-24 14:00:00,88.74
2011-03-24 15:00:00,85.395
2011-03-24 16:00:00,99.4425
2011-03-24 17:00:00,238.44
2011-03-24 18:00:00,205.78
2011-03-24 19:00:00,114.17
2011-03-24 20:00:00,79.8725
2011-03-24 21:00:00,56.9475
2011-03-24 22:00:00,47.065
2011-03-24 23:00:00,31.5975
2011-03-25 00:00:00,14.9675
2011-03-25 01:00:00,5.2175
2011-03-25 02:00:00,2.6075
2011-03-25 03:00:00,2.3925
2011-03-25 04:00:00,1.76
2011-03-25 05:00:00,7.74
2011-03-25 06:00:00,39.075
2011-03-25 07:00:00,105.3075
2011-03-25 08:00:00,236.235
2011-03-25 09:00:00,138.6625
2011-03-25 10:00:00,76.8275
2011-03-25 11:00:00,85.755
2011-03-25 12:00:00,92.9025
2011-03-25 13:00:00,90.3475
2011-03-25 14:00:00,102.1425
2011-03-25 15:00:00,96.625
2011-03-25 16:00:00,116.5375
2011-03-25 17:00:00,224.1075
2011-03-25 18:00:00,220.11
2011-03-25 19:00:00,110.9325
2011-03-25 20:00:00,86.48
2011-03-25 21:00:00,62.755
2011-03-25 22:00:00,45.6025
2011-03-25 23:00:00,32.2775
2011-03-26 00:00:00,33.7275
2011-03-26 01:00:00,28.3925
2011-03-26 02:00:00,16.7125
2011-03-26 03:00:00,9.405
2011-03-26 04:00:00,3.4325
2011-03-26 05:00:00,3.08
2011-03-26 06:00:00,5.6825
2011-03-26 07:00:00,26.6775
2011-03-26 08:00:00,37.695
2011-03-26 09:00:00,60.2975
2011-03-26 10:00:00,89.575
2011-03-26 11:00:00,91.6425
2011-03-26 12:00:00,111.9675
2011-03-26 13:00:00,122.42
2011-03-26 14:00:00,135.69
2011-03-26 15:00:00,139.7575
2011-03-26 16:00:00,128.5275
2011-03-26 17:00:00,114.68
2011-03-26 18:00:00,104.965
2011-03-26 19:00:00,67.155
2011-03-26 20:00:00,59.855
2011-03-26 21:00:00,52.725
2011-03-26 22:00:00,45.59
2011-03-26 23:00:00,32.8825
2011-03-27 00:00:00,36.0275
2011-03-27 01:00:00,25.3625
2011-03-27 02:00:00,19.345
2011-03-27 03:00:00,10.36
2011-03-27 04:00:00,5.12
2011-03-27 06:00:00,5.355
2011-03-27 07:00:00,30.25
2011-03-27 08:00:00,33.165
2011-03-27 09:00:00,53.3325
2011-03-27 10:00:00,77.92
2011-03-27 11:00:00,83.3475
2011-03-27 12:00:00,88.325
2011-03-27 13:00:00,114.7025
2011-03-27 14:00:00,124.2375
2011-03-27 15:00:00,121.8425
2011-03-27 16:00:00,147.77
2011-03-27 17:00:00,119.995
2011-03-27 18:00:00,97.5325
2011-03-27 19:00:00,82.7825
2011-03-27 20:00:00,50.205
2011-03-27 21:00:00,41.5875
2011-03-27 22:00:00,39.7875
2011-03-27 23:00:00,31.8625
2011-03-28 00:00:00,9.79
2011-03-28 01:00:00,4.6275
2011-03-28 02:00:00,2.9775
2011-03-28 03:00:00,1.92
2011-03-28 05:00:00,6.5525
2011-03-28 06:00:00,39.515
2011-03-28 07:00:00,102.8925
2011-03-28 08:00:00,241.5475
2011-03-28 09:00:00,131.9975
2011-03-28 10:00:00,63.4775
2011-03-28 11:00:00,63.1725
2011-03-28 12:00:00,73.29
2011-03-28 13:00:00,80.1575
2011-03-28 14:00:00,82.2675
2011-03-28 15:00:00,84.52
2011-03-28 16:00:00,113.0125
2011-03-28 17:00:00,242.59
2011-03-28 18:00:00,227.75
2011-03-28 19:00:00,122.4725
2011-03-28 20:00:00,95.495
2011-03-28 21:00:00,63.5225
2011-03-28 22:00:00,47.3225
2011-03-28 23:00:00,27.5375
2011-03-29 00:00:00,11.685
2011-03-29 01:00:00,2.6775
2011-03-29 02:00:00,3.7
2011-03-29 03:00:00,2.65
2011-03-29 04:00:00,1.5375
2011-03-29 05:00:00,5.9275
2011-03-29 06:00:00,41.465
2011-03-29 07:00:00,108.4225
2011-03-29 08:00:00,242.0175
2011-03-29 09:00:00,138.105
2011-03-29 10:00:00,72.13
2011-03-29 11:00:00,78.545
2011-03-29 12:00:00,90.9
2011-03-29 13:00:00,85.68
2011-03-29 14:00:00,93.005
2011-03-29 15:00:00,96.025
2011-03-29 16:00:00,112.0175
2011-03-29 17:00:00,259.515
2011-03-29 18:00:00,246.545
2011-03-29 19:00:00,132.8
2011-03-29 20:00:00,108.8775
2011-03-29 21:00:00,76.1575
2011-03-29 22:00:00,59.965
2011-03-29 23:00:00,28.0875
2011-03-30 00:00:00,14.7425
2011-03-30 01:00:00,8.0525
2011-03-30 02:00:00,4.29
2011-03-30 03:00:00,3.32
2011-03-30 04:00:00,3.315
2011-03-30 05:00:00,7.58
2011-03-30 06:00:00,45.0275
2011-03-30 07:00:00,125.385
2011-03-30 08:00:00,267.26
2011-03-30 09:00:00,138.9175
2011-03-30 10:00:00,82.81
2011-03-30 11:00:00,82.1825
2011-03-30 12:00:00,92.225
2011-03-30 13:00:00,95.4825
2011-03-30 14:00:00,88.2725
2011-03-30 15:00:00,49.7525
2011-03-30 16:00:00,60.785
2011-03-30 17:00:00,164.4325
2011-03-30 18:00:00,189.8025
2011-03-30 19:00:00,89.5125
2011-03-30 20:00:00,51.395
2011-03-30 21:00:00,61.9475
2011-03-30 22:00:00,37.9175
2011-03-30 23:00:00,26.0175
2011-03-31 00:00:00,6.185
2011-03-31 01:00:00,4.8525
2011-03-31 02:00:00,4.3075
2011-03-31 03:00:00,2.72
2011-03-31 04:00:00,2.29
2011-03-31 05:00:00,8.11
2011-03-31 06:00:00,29.31
2011-03-31 07:00:00,67.68
2011-03-31 08:00:00,222.145
2011-03-31 09:00:00,83.97
2011-03-31 10:00:00,44.5475
2011-03-31 11:00:00,46.2425
2011-03-31 12:00:00,51.5425
2011-03-31 13:00:00,63.8725
2011-03-31 14:00:00,65.3725
2011-03-31 15:00:00,44.8475
2011-03-31 16:00:00,90.105
2011-03-31 17:00:00,216.8425
2011-03-31 18:00:00,212.745
2011-03-31 19:00:00,103.01
2011-03-31 20:00:00,51.2975
2011-03-31 21:00:00,60.095
2011-03-31 22:00:00,40.0775
2011-03-31 23:00:00,37.2225
2011-04-20 00:00:00,27.0375
2011-04-20 01:00:00,6.54
2011-04-20 02:00:00,8.1625
2011-04-20 03:00:00,3.9725
2011-04-20 04:00:00,3.9925
2011-04-20 05:00:00,12.32
2011-04-20 06:00:00,46.75
2011-04-20 07:00:00,126.1275
2011-04-20 08:00:00,376.735
2011-04-20 09:00:00,181.3325
2011-04-20 10:00:00,116.965
2011-04-20 11:00:00,130.1275
2011-04-20 12:00:00,144.26
2011-04-20 13:00:00,142.37
2011-04-20 14:00:00,139.61
2011-04-20 15:00:00,138.1575
2011-04-20 16:00:00,220.255
2011-04-20 17:00:00,371.4925
2011-04-20 18:00:00,366.1625
2011-04-20 19:00:00,256.09
2011-04-20 20:00:00,182.645
2011-04-20 21:00:00,155.4825
2011-04-20 22:00:00,126.5425
2011-04-20 23:00:00,90.2675
2011-04-21 00:00:00,33.6375
2011-04-21 01:00:00,16.8825
2011-04-21 02:00:00,12.71
2011-04-21 03:00:00,4.5175
2011-04-21 04:00:00,4.3925
2011-04-21 05:00:00,8.2225
2011-04-21 06:00:00,48.375
2011-04-21 07:00:00,144.385
2011-04-21 08:00:00,281.255
2011-04-21 09:00:00,152.945
2011-04-21 10:00:00,113.2075
2011-04-21 11:00:00,126.8775
2011-04-21 12:00:00,140.28
2011-04-21 13:00:00,124.33
2011-04-21 14:00:00,120.875
2011-04-21 15:00:00,126.485
2011-04-21 16:00:00,189.1
2011-04-21 17:00:00,331.95
2011-04-21 18:00:00,320.8025
2011-04-21 19:00:00,191.725
2011-04-21 20:00:00,187.5325
2011-04-21 21:00:00,108.175
2011-04-21 22:00:00,80.0925
2011-04-21 23:00:00,49.45
2011-04-22 00:00:00,25.68
2011-04-22 01:00:00,19.0225
2011-04-22 02:00:00,8.9975
2011-04-22 03:00:00,5.9675
2011-04-22 04:00:00,4.4325
2011-04-22 05:00:00,8.4125
2011-04-22 06:00:00,52.0575
2011-04-22 07:00:00,124.0825
2011-04-22 08:00:00,269.3175
2011-04-22 09:00:00,93.4725
2011-04-22 10:00:00,119.35
2011-04-22 11:00:00,89.615
2011-04-22 12:00:00,109.2175
2011-04-22 13:00:00,65.155
2011-04-22 14:00:00,28.88
2011-04-22 15:00:00,67.2375
2011-04-22 16:00:00,100.0275
2011-04-22 17:00:00,146.9225
2011-04-22 18:00:00,110.6925
2011-04-22 19:00:00,78.7875
2011-04-22 20:00:00,74.43
2011-04-22 21:00:00,61.475
2011-04-22 22:00:00,50.3075
2011-04-22 23:00:00,50.195
2011-04-23 00:00:00,31.18
2011-04-23 01:00:00,24.4275
2011-04-23 02:00:00,23.9925
2011-04-23 03:00:00,17.755
2011-04-23 04:00:00,7.205
2011-04-23 05:00:00,7.0825
2011-04-23 06:00:00,15.495
2011-04-23 07:00:00,78.9775
2011-04-23 08:00:00,49.3025
2011-04-23 09:00:00,77.2425
2011-04-23 10:00:00,144.385
2011-04-23 11:00:00,116.615
2011-04-23 12:00:00,121.4525
2011-04-23 13:00:00,127.925
2011-04-23 14:00:00,242.005
2011-04-23 15:00:00,266.2625
2011-04-23 16:00:00,303.745
2011-04-23 17:00:00,287.035
2011-04-23 18:00:00,227.6775
2011-04-23 19:00:00,177.88
2011-04-23 20:00:00,143.3175
2011-04-23 21:00:00,128.955
2011-04-23 22:00:00,113.36
2011-04-23 23:00:00,86.3475
2011-04-24 00:00:00,43.805
2011-04-24 01:00:00,34.635
2011-04-24 02:00:00,29.8325
2011-04-24 03:00:00,27.89
2011-04-24 04:00:00,9.975
2011-04-24 05:00:00,10.71
2011-04-24 06:00:00,15.955
2011-04-24 07:00:00,71.6475
2011-04-24 08:00:00,102.8
2011-04-24 09:00:00,139.595
2011-04-24 10:00:00,240.9
2011-04-24 11:00:00,384.095
2011-04-24 12:00:00,393.775
2011-04-24 13:00:00,388.32
2011-04-24 14:00:00,390.4075
2011-04-24 15:00:00,398.425
2011-04-24 16:00:00,386.9897500000001
2011-04-24 17:00:00,400.525
2011-04-24 18:00:00,371.24
2011-04-24 19:00:00,200.55
2011-04-24 20:00:00,173.1825
2011-04-24 21:00:00,94.305
2011-04-24 22:00:00,54.8
2011-04-24 23:00:00,55.8525
2011-04-25 00:00:00,26.78
2011-04-25 01:00:00,13.23
2011-04-25 02:00:00,8.4875
2011-04-25 03:00:00,4.6075
2011-04-25 04:00:00,4.2375
2011-04-25 05:00:00,14.0
2011-04-25 06:00:00,56.6375
2011-04-25 07:00:00,166.5025
2011-04-25 08:00:00,391.5775
2011-04-25 09:00:00,164.785
2011-04-25 10:00:00,116.5025
2011-04-25 11:00:00,131.88
2011-04-25 12:00:00,143.785
2011-04-25 13:00:00,145.08
2011-04-25 14:00:00,148.67
2011-04-25 15:00:00,148.8725
2011-04-25 16:00:00,225.0825
2011-04-25 17:00:00,386.9675
2011-04-25 18:00:00,383.8
2011-04-25 19:00:00,240.4725
2011-04-25 20:00:00,180.5425
2011-04-25 21:00:00,151.8525
2011-04-25 22:00:00,96.3775
2011-04-25 23:00:00,60.0925
2011-04-26 00:00:00,25.44
2011-04-26 01:00:00,12.55
2011-04-26 02:00:00,5.3475
2011-04-26 03:00:00,3.69
2011-04-26 04:00:00,4.525
2011-04-26 05:00:00,9.0
2011-04-26 06:00:00,54.2325
2011-04-26 07:00:00,184.55
2011-04-26 08:00:00,399.72
2011-04-26 09:00:00,176.1725
2011-04-26 10:00:00,114.825
2011-04-26 11:00:00,128.26
2011-04-26 12:00:00,140.5825
2011-04-26 13:00:00,144.775
2011-04-26 14:00:00,140.2925
2011-04-26 15:00:00,137.445
2011-04-26 16:00:00,222.65
2011-04-26 17:00:00,386.0725
2011-04-26 18:00:00,381.3675
2011-04-26 19:00:00,227.85
2011-04-26 20:00:00,175.1325
2011-04-26 21:00:00,147.8
2011-04-26 22:00:00,121.1725
2011-04-26 23:00:00,64.6325
2011-04-27 00:00:00,25.7175
2011-04-27 01:00:00,14.6325
2011-04-27 02:00:00,6.62
2011-04-27 03:00:00,3.7375
2011-04-27 04:00:00,4.1275
2011-04-27 05:00:00,8.905
2011-04-27 06:00:00,53.8075
2011-04-27 07:00:00,175.18
2011-04-27 08:00:00,384.6625
2011-04-27 09:00:00,147.88
2011-04-27 10:00:00,99.6475
2011-04-27 11:00:00,99.105
2011-04-27 12:00:00,128.87
2011-04-27 13:00:00,116.9975
2011-04-27 14:00:00,134.84
2011-04-27 15:00:00,134.165
2011-04-27 16:00:00,220.4425
2011-04-27 17:00:00,381.4025
2011-04-27 18:00:00,377.805
2011-04-27 19:00:00,211.605
2011-04-27 20:00:00,165.075
2011-04-27 21:00:00,129.1075
2011-04-27 22:00:00,100.4975
2011-04-27 23:00:00,62.9425
2011-04-28 00:00:00,32.1
2011-04-28 01:00:00,16.49
2011-04-28 02:00:00,8.63
2011-04-28 03:00:00,5.2625
2011-04-28 04:00:00,4.5825
2011-04-28 05:00:00,8.9225
2011-04-28 06:00:00,56.3675
2011-04-28 07:00:00,173.56
2011-04-28 08:00:00,385.4825
2011-04-28 09:00:00,148.3975
2011-04-28 10:00:00,111.52
2011-04-28 11:00:00,108.36
2011-04-28 12:00:00,116.49
2011-04-28 13:00:00,116.8325
2011-04-28 14:00:00,113.085
2011-04-28 15:00:00,140.6575
2011-04-28 16:00:00,189.12
2011-04-28 17:00:00,376.6225
2011-04-28 18:00:00,373.7975
2011-04-28 19:00:00,219.575
2011-04-28 20:00:00,188.3775
2011-04-28 21:00:00,154.6275
2011-04-28 22:00:00,113.5025
2011-04-28 23:00:00,85.4425
2011-04-29 00:00:00,40.73
2011-04-29 01:00:00,23.585
2011-04-29 02:00:00,16.185
2011-04-29 03:00:00,6.7025
2011-04-29 04:00:00,4.9675
2011-04-29 05:00:00,12.5675
2011-04-29 06:00:00,53.3975
2011-04-29 07:00:00,197.6925
2011-04-29 08:00:00,353.6675
2011-04-29 09:00:00,195.4725
2011-04-29 10:00:00,144.2425
2011-04-29 11:00:00,177.4825
2011-04-29 12:00:00,180.9575
2011-04-29 13:00:00,182.455
2011-04-29 14:00:00,193.6475
2011-04-29 15:00:00,176.355
2011-04-29 16:00:00,192.8925
2011-04-29 17:00:00,330.56
2011-04-29 18:00:00,335.6075
2011-04-29 19:00:00,199.4675
2011-04-29 20:00:00,162.1725
2011-04-29 21:00:00,131.2875
2011-04-29 22:00:00,90.9225
2011-04-29 23:00:00,59.98
2011-04-30 00:00:00,36.0825
2011-04-30 01:00:00,29.695
2011-04-30 02:00:00,25.9975
2011-04-30 03:00:00,19.38
2011-04-30 04:00:00,6.195
2011-04-30 05:00:00,5.845
2011-04-30 06:00:00,20.745
2011-04-30 07:00:00,63.3575
2011-04-30 08:00:00,82.145
2011-04-30 09:00:00,176.9325
2011-04-30 10:00:00,251.6275
2011-04-30 11:00:00,272.9825
2011-04-30 12:00:00,307.8425
2011-04-30 13:00:00,316.5275
2011-04-30 14:00:00,311.51
2011-04-30 15:00:00,312.1625
2011-04-30 16:00:00,318.3675
2011-04-30 17:00:00,272.3725
2011-04-30 18:00:00,259.4525
2011-04-30 19:00:00,222.015
2011-04-30 20:00:00,154.705
2011-04-30 21:00:00,107.96
2011-04-30 22:00:00,83.205
2011-04-30 23:00:00,66.3375
2011-05-20 00:00:00,47.1175
2011-05-20 01:00:00,24.095
2011-05-20 02:00:00,14.3275
2011-05-20 03:00:00,6.12
2011-05-20 04:00:00,5.3875
2011-05-20 05:00:00,24.2575
2011-05-20 06:00:00,87.6625
2011-05-20 07:00:00,264.8175
2011-05-20 08:00:00,467.3325
2011-05-20 09:00:00,212.075
2011-05-20 10:00:00,161.0575
2011-05-20 11:00:00,179.5525
2011-05-20 12:00:00,242.55
2011-05-20 13:00:00,228.1925
2011-05-20 14:00:00,240.2925
2011-05-20 15:00:00,249.675
2011-05-20 16:00:00,348.9625
2011-05-20 17:00:00,452.825
2011-05-20 18:00:00,479.1425
2011-05-20 19:00:00,354.055
2011-05-20 20:00:00,222.97
2011-05-20 21:00:00,200.6
2011-05-20 22:00:00,140.46
2011-05-20 23:00:00,114.51
2011-05-21 00:00:00,95.9875
2011-05-21 01:00:00,69.61166666666666
2011-05-21 02:00:00,56.6325
2011-05-21 03:00:00,27.325
2011-05-21 04:00:00,7.6075
2011-05-21 05:00:00,8.84
2011-05-21 06:00:00,18.905
2011-05-21 07:00:00,62.7075
2011-05-21 08:00:00,129.2025
2011-05-21 09:00:00,213.1175
2011-05-21 10:00:00,280.47
2011-05-21 11:00:00,373.47
2011-05-21 12:00:00,384.40875
2011-05-21 13:00:00,395.07
2011-05-21 14:00:00,392.3716666666667
2011-05-21 15:00:00,400.2608333333334
2011-05-21 16:00:00,388.4766666666667
2011-05-21 17:00:00,388.598125
2011-05-21 18:00:00,356.6235416666667
2011-05-21 19:00:00,330.21625
2011-05-21 20:00:00,234.0325
2011-05-21 21:00:00,189.67
2011-05-21 22:00:00,141.6075
2011-05-21 23:00:00,112.86
2011-05-22 00:00:00,104.2625
2011-05-22 01:00:00,66.935
2011-05-22 02:00:00,55.88
2011-05-22 03:00:00,31.33
2011-05-22 04:00:00,11.8125
2011-05-22 05:00:00,12.3825
2011-05-22 06:00:00,13.95
2011-05-22 07:00:00,60.02
2011-05-22 08:00:00,96.04
2011-05-22 09:00:00,185.8325
2011-05-22 10:00:00,271.45
2011-05-22 11:00:00,381.0875
2011-05-22 12:00:00,386.5275
2011-05-22 13:00:00,394.4925
2011-05-22 14:00:00,375.8125
2011-05-22 15:00:00,408.6775
2011-05-22 16:00:00,403.045
2011-05-22 17:00:00,402.7375
2011-05-22 18:00:00,383.4475
2011-05-22 19:00:00,353.895
2011-05-22 20:00:00,244.0925
2011-05-22 21:00:00,170.46
2011-05-22 22:00:00,125.4625
2011-05-22 23:00:00,93.755
2011-05-23 00:00:00,28.8225
2011-05-23 01:00:00,15.985
2011-05-23 02:00:00,6.7075
2011-05-23 03:00:00,4.54
2011-05-23 04:00:00,5.4975
2011-05-23 05:00:00,20.03
2011-05-23 06:00:00,94.315
2011-05-23 07:00:00,232.33
2011-05-23 08:00:00,385.99
2011-05-23 09:00:00,187.0
2011-05-23 10:00:00,121.4125
2011-05-23 11:00:00,151.21
2011-05-23 12:00:00,188.4925
2011-05-23 13:00:00,183.235
2011-05-23 14:00:00,164.1675
2011-05-23 15:00:00,166.6875
2011-05-23 16:00:00,282.015
2011-05-23 17:00:00,460.2325
2011-05-23 18:00:00,504.5075
2011-05-23 19:00:00,378.9825
2011-05-23 20:00:00,212.275
2011-05-23 21:00:00,138.9125
2011-05-23 22:00:00,119.3075
2011-05-23 23:00:00,67.335
2011-05-24 00:00:00,28.0
2011-05-24 01:00:00,14.4925
2011-05-24 02:00:00,17.5375
2011-05-24 03:00:00,4.8975
2011-05-24 04:00:00,5.345
2011-05-24 05:00:00,20.705
2011-05-24 06:00:00,109.4125
2011-05-24 07:00:00,164.185
2011-05-24 08:00:00,434.8825
2011-05-24 09:00:00,205.2125
2011-05-24 10:00:00,119.8425
2011-05-24 11:00:00,146.6025
2011-05-24 12:00:00,185.0425
2011-05-24 13:00:00,188.6375
2011-05-24 14:00:00,165.915
2011-05-24 15:00:00,172.3925
2011-05-24 16:00:00,286.1375
2011-05-24 17:00:00,508.9825
2011-05-24 18:00:00,506.1525
2011-05-24 19:00:00,359.8425
2011-05-24 20:00:00,286.5275
2011-05-24 21:00:00,215.7325
2011-05-24 22:00:00,88.2025
2011-05-24 23:00:00,81.97
2011-05-25 00:00:00,25.425
2011-05-25 01:00:00,13.21
2011-05-25 02:00:00,9.6475
2011-05-25 03:00:00,4.8525
2011-05-25 04:00:00,5.115
2011-05-25 05:00:00,21.6
2011-05-25 06:00:00,104.9675
2011-05-25 07:00:00,301.985
2011-05-25 08:00:00,451.0075
2011-05-25 09:00:00,207.1475
2011-05-25 10:00:00,124.895
2011-05-25 11:00:00,147.1
2011-05-25 12:00:00,192.3225
2011-05-25 13:00:00,182.2975
2011-05-25 14:00:00,161.4775
2011-05-25 15:00:00,167.67
2011-05-25 16:00:00,291.7525
2011-05-25 17:00:00,541.78
2011-05-25 18:00:00,519.3275
2011-05-25 19:00:00,397.165
2011-05-25 20:00:00,315.3975
2011-05-25 21:00:00,200.1725
2011-05-25 22:00:00,144.62
2011-05-25 23:00:00,84.6125
2011-05-26 00:00:00,56.88
2011-05-26 01:00:00,23.4675
2011-05-26 02:00:00,10.6425
2011-05-26 03:00:00,4.895
2011-05-26 04:00:00,5.1725
2011-05-26 05:00:00,20.2125
2011-05-26 06:00:00,86.0225
2011-05-26 07:00:00,199.105
2011-05-26 08:00:00,416.16
2011-05-26 09:00:00,205.825
2011-05-26 10:00:00,119.4175
2011-05-26 11:00:00,148.86
2011-05-26 12:00:00,187.5875
2011-05-26 13:00:00,165.0875
2011-05-26 14:00:00,161.7675
2011-05-26 15:00:00,161.7225
2011-05-26 16:00:00,267.685
2011-05-26 17:00:00,522.355
2011-05-26 18:00:00,509.125
2011-05-26 19:00:00,361.75
2011-05-26 20:00:00,299.0725
2011-05-26 21:00:00,200.92
2011-05-26 22:00:00,145.9825
2011-05-26 23:00:00,118.765
2011-05-27 00:00:00,65.3875
2011-05-27 01:00:00,25.4225
2011-05-27 02:00:00,15.4125
2011-05-27 03:00:00,6.1308333333333325
2011-05-27 04:00:00,5.88
2011-05-27 05:00:00,27.0975
2011-05-27 06:00:00,102.325
2011-05-27 07:00:00,281.8225
2011-05-27 08:00:00,463.9875
2011-05-27 09:00:00,221.6925
2011-05-27 10:00:00,159.1975
2011-05-27 11:00:00,166.375
2011-05-27 12:00:00,219.445
2011-05-27 13:00:00,219.6925
2011-05-27 14:00:00,214.145
2011-05-27 15:00:00,218.0725
2011-05-27 16:00:00,327.9275
2011-05-27 17:00:00,524.575
2011-05-27 18:00:00,462.015
2011-05-27 19:00:00,275.1775
2011-05-27 20:00:00,220.4425
2011-05-27 21:00:00,171.8225
2011-05-27 22:00:00,139.91
2011-05-27 23:00:00,118.825
2011-05-28 00:00:00,104.51
2011-05-28 01:00:00,82.8225
2011-05-28 02:00:00,57.1275
2011-05-28 03:00:00,27.7
2011-05-28 04:00:00,9.1525
2011-05-28 05:00:00,10.8525
2011-05-28 06:00:00,25.0175
2011-05-28 07:00:00,67.805
2011-05-28 08:00:00,118.09
2011-05-28 09:00:00,218.5625
2011-05-28 10:00:00,290.4825
2011-05-28 11:00:00,384.615
2011-05-28 12:00:00,388.6525
2011-05-28 13:00:00,412.9375
2011-05-28 14:00:00,401.1725
2011-05-28 15:00:00,411.725
2011-05-28 16:00:00,403.9275
2011-05-28 17:00:00,403.7927083333333
2011-05-28 18:00:00,366.1525
2011-05-28 19:00:00,327.35
2011-05-28 20:00:00,259.63
2011-05-28 21:00:00,200.745
2011-05-28 22:00:00,173.6425
2011-05-28 23:00:00,132.98
2011-05-29 00:00:00,111.365
2011-05-29 01:00:00,85.5125
2011-05-29 02:00:00,59.4675
2011-05-29 03:00:00,27.95
2011-05-29 04:00:00,9.345
2011-05-29 05:00:00,10.5275
2011-05-29 06:00:00,15.0975
2011-05-29 07:00:00,42.65
2011-05-29 08:00:00,76.3
2011-05-29 09:00:00,122.59
2011-05-29 10:00:00,227.2425
2011-05-29 11:00:00,256.275
2011-05-29 12:00:00,297.67
2011-05-29 13:00:00,412.3525
2011-05-29 14:00:00,402.58
2011-05-29 15:00:00,401.2725
2011-05-29 16:00:00,397.475
2011-05-29 17:00:00,396.6975
2011-05-29 18:00:00,259.6275
2011-05-29 19:00:00,258.0125
2011-05-29 20:00:00,208.13
2011-05-29 21:00:00,163.6
2011-05-29 22:00:00,122.115
2011-05-29 23:00:00,119.1025
2011-05-30 00:00:00,92.115
2011-05-30 01:00:00,77.195
2011-05-30 02:00:00,44.7175
2011-05-30 03:00:00,23.9975
2011-05-30 04:00:00,14.5925
2011-05-30 05:00:00,10.7075
2011-05-30 06:00:00,52.96
2011-05-30 07:00:00,100.825
2011-05-30 08:00:00,148.095
2011-05-30 09:00:00,211.8525
2011-05-30 10:00:00,291.0775
2011-05-30 11:00:00,383.4025
2011-05-30 12:00:00,382.8225
2011-05-30 13:00:00,390.8575
2011-05-30 14:00:00,402.7975
2011-05-30 15:00:00,374.865
2011-05-30 16:00:00,383.465
2011-05-30 17:00:00,381.005
2011-05-30 18:00:00,373.67
2011-05-30 19:00:00,275.315
2011-05-30 20:00:00,370.7125
2011-05-30 21:00:00,309.33
2011-05-30 22:00:00,207.2
2011-05-30 23:00:00,124.58
2011-05-31 00:00:00,33.65
2011-05-31 01:00:00,17.7325
2011-05-31 02:00:00,8.645
2011-05-31 03:00:00,3.6475
2011-05-31 04:00:00,5.445
2011-05-31 05:00:00,21.575
2011-05-31 06:00:00,109.56
2011-05-31 07:00:00,302.3
2011-05-31 08:00:00,446.32
2011-05-31 09:00:00,187.545
2011-05-31 10:00:00,125.8425
2011-05-31 11:00:00,133.905
2011-05-31 12:00:00,153.0975
2011-05-31 13:00:00,148.7125
2011-05-31 14:00:00,140.835
2011-05-31 15:00:00,146.48
2011-05-31 16:00:00,241.1475
2011-05-31 17:00:00,508.74
2011-05-31 18:00:00,502.5825
2011-05-31 19:00:00,365.8525
2011-05-31 20:00:00,283.275
2011-05-31 21:00:00,214.2825
2011-05-31 22:00:00,139.155
2011-05-31 23:00:00,77.155
2011-06-20 00:00:00,30.415
2011-06-20 01:00:00,16.1225
2011-06-20 02:00:00,7.7
2011-06-20 03:00:00,4.105
2011-06-20 04:00:00,5.035
2011-06-20 05:00:00,21.275
2011-06-20 06:00:00,101.2075
2011-06-20 07:00:00,156.705
2011-06-20 08:00:00,432.1075
2011-06-20 09:00:00,194.4425
2011-06-20 10:00:00,120.5475
2011-06-20 11:00:00,129.275
2011-06-20 12:00:00,177.7875
2011-06-20 13:00:00,181.635
2011-06-20 14:00:00,171.66
2011-06-20 15:00:00,168.77
2011-06-20 16:00:00,289.6625
2011-06-20 17:00:00,538.1525
2011-06-20 18:00:00,530.3575
2011-06-20 19:00:00,386.2125
2011-06-20 20:00:00,305.895
2011-06-20 21:00:00,199.085
2011-06-20 22:00:00,125.2525
2011-06-20 23:00:00,76.4175
2011-06-21 00:00:00,29.6825
2011-06-21 01:00:00,11.61
2011-06-21 02:00:00,5.91
2011-06-21 03:00:00,5.0675
2011-06-21 04:00:00,6.08
2011-06-21 05:00:00,19.8825
2011-06-21 06:00:00,111.695
2011-06-21 07:00:00,226.8025
2011-06-21 08:00:00,398.7075
2011-06-21 09:00:00,192.5075
2011-06-21 10:00:00,124.925
2011-06-21 11:00:00,127.7725
2011-06-21 12:00:00,162.85
2011-06-21 13:00:00,163.1925
2011-06-21 14:00:00,161.885
2011-06-21 15:00:00,171.575
2011-06-21 16:00:00,277.6575
2011-06-21 17:00:00,543.27
2011-06-21 18:00:00,512.8075
2011-06-21 19:00:00,352.5575
2011-06-21 20:00:00,252.4625
2011-06-21 21:00:00,227.6175
2011-06-21 22:00:00,158.195
2011-06-21 23:00:00,73.435
2011-06-22 00:00:00,32.68
2011-06-22 01:00:00,21.225
2011-06-22 02:00:00,10.2875
2011-06-22 03:00:00,5.6175
2011-06-22 04:00:00,5.8025
2011-06-22 05:00:00,22.9525
2011-06-22 06:00:00,109.7775
2011-06-22 07:00:00,301.9
2011-06-22 08:00:00,436.845
2011-06-22 09:00:00,190.06
2011-06-22 10:00:00,125.9575
2011-06-22 11:00:00,144.5775
2011-06-22 12:00:00,166.655
2011-06-22 13:00:00,159.2825
2011-06-22 14:00:00,157.2725
2011-06-22 15:00:00,158.64
2011-06-22 16:00:00,256.9825
2011-06-22 17:00:00,540.945
2011-06-22 18:00:00,500.01
2011-06-22 19:00:00,364.255
2011-06-22 20:00:00,280.945
2011-06-22 21:00:00,225.435
2011-06-22 22:00:00,168.955
2011-06-22 23:00:00,88.265
2011-06-23 00:00:00,44.8675
2011-06-23 01:00:00,21.94
2011-06-23 02:00:00,9.4625
2011-06-23 03:00:00,5.63
2011-06-23 04:00:00,6.54
2011-06-23 05:00:00,25.095
2011-06-23 06:00:00,122.82
2011-06-23 07:00:00,316.195
2011-06-23 08:00:00,429.57
2011-06-23 09:00:00,199.5175
2011-06-23 10:00:00,127.7575
2011-06-23 11:00:00,130.8425
2011-06-23 12:00:00,175.5675
2011-06-23 13:00:00,176.855
2011-06-23 14:00:00,164.9625
2011-06-23 15:00:00,165.4525
2011-06-23 16:00:00,283.19
2011-06-23 17:00:00,519.995
2011-06-23 18:00:00,515.715
2011-06-23 19:00:00,366.9925
2011-06-23 20:00:00,307.8575
2011-06-23 21:00:00,221.3175
2011-06-23 22:00:00,163.14
2011-06-23 23:00:00,121.5525
2011-06-24 00:00:00,59.765
2011-06-24 01:00:00,21.94
2011-06-24 02:00:00,11.7875
2011-06-24 03:00:00,5.915
2011-06-24 04:00:00,5.48
2011-06-24 05:00:00,23.8075
2011-06-24 06:00:00,100.8825
2011-06-24 07:00:00,276.9725
2011-06-24 08:00:00,452.9575
2011-06-24 09:00:00,224.16
2011-06-24 10:00:00,143.37
2011-06-24 11:00:00,163.9075
2011-06-24 12:00:00,214.3
2011-06-24 13:00:00,211.7525
2011-06-24 14:00:00,220.7425
2011-06-24 15:00:00,209.115
2011-06-24 16:00:00,335.7575
2011-06-24 17:00:00,552.855
2011-06-24 18:00:00,501.465
2011-06-24 19:00:00,383.83
2011-06-24 20:00:00,289.7225
2011-06-24 21:00:00,234.54
2011-06-24 22:00:00,202.34
2011-06-24 23:00:00,145.415
2011-06-25 00:00:00,120.9925
2011-06-25 01:00:00,86.4775
2011-06-25 02:00:00,60.5
2011-06-25 03:00:00,34.135
2011-06-25 04:00:00,10.8575
2011-06-25 05:00:00,10.53
2011-06-25 06:00:00,31.79
2011-06-25 07:00:00,76.2325
2011-06-25 08:00:00,164.8525
2011-06-25 09:00:00,207.14
2011-06-25 10:00:00,285.155
2011-06-25 11:00:00,387.63125
2011-06-25 12:00:00,432.795
2011-06-25 13:00:00,434.7
2011-06-25 14:00:00,427.845
2011-06-25 15:00:00,412.7038333333333
2011-06-25 16:00:00,437.0775
2011-06-25 17:00:00,425.5783333333334
2011-06-25 18:00:00,389.21166666666664
2011-06-25 19:00:00,347.83875
2011-06-25 20:00:00,270.7825
2011-06-25 21:00:00,226.38
2011-06-25 22:00:00,202.25
2011-06-25 23:00:00,161.8575
2011-06-26 00:00:00,103.4025
2011-06-26 01:00:00,91.695
2011-06-26 02:00:00,75.2025
2011-06-26 03:00:00,37.935
2011-06-26 04:00:00,11.8225
2011-06-26 05:00:00,12.17
2011-06-26 06:00:00,25.655
2011-06-26 07:00:00,59.7775
2011-06-26 08:00:00,113.235
2011-06-26 09:00:00,192.025
2011-06-26 10:00:00,292.815
2011-06-26 11:00:00,389.35770833333333
2011-06-26 12:00:00,413.16354166666673
2011-06-26 13:00:00,405.0758750000001
2011-06-26 14:00:00,409.0660416666667
2011-06-26 15:00:00,402.51179166666674
2011-06-26 16:00:00,403.7549166666667
2011-06-26 17:00:00,390.5459583333334
2011-06-26 18:00:00,379.32791666666674
2011-06-26 19:00:00,336.3375
2011-06-26 20:00:00,248.8675
2011-06-26 21:00:00,209.21
2011-06-26 22:00:00,195.455
2011-06-26 23:00:00,131.595
2011-06-27 00:00:00,38.85
2011-06-27 01:00:00,11.3475
2011-06-27 02:00:00,8.78
2011-06-27 03:00:00,5.52
2011-06-27 04:00:00,5.8875
2011-06-27 05:00:00,21.0225
2011-06-27 06:00:00,114.665
2011-06-27 07:00:00,313.645
2011-06-27 08:00:00,402.585
2011-06-27 09:00:00,198.835
2011-06-27 10:00:00,118.48
2011-06-27 11:00:00,154.3125
2011-06-27 12:00:00,185.7875
2011-06-27 13:00:00,171.7975
2011-06-27 14:00:00,163.3
2011-06-27 15:00:00,163.69
2011-06-27 16:00:00,284.2925
2011-06-27 17:00:00,561.205
2011-06-27 18:00:00,541.85
2011-06-27 19:00:00,395.3525
2011-06-27 20:00:00,319.0075
2011-06-27 21:00:00,193.515
2011-06-27 22:00:00,140.0325
2011-06-27 23:00:00,77.3775
2011-06-28 00:00:00,31.3625
2011-06-28 01:00:00,17.585
2011-06-28 02:00:00,10.565
2011-06-28 03:00:00,6.4725
2011-06-28 04:00:00,6.9525
2011-06-28 05:00:00,22.2575
2011-06-28 06:00:00,111.2925
2011-06-28 07:00:00,295.435
2011-06-28 08:00:00,433.935
2011-06-28 09:00:00,191.215
2011-06-28 10:00:00,120.54
2011-06-28 11:00:00,145.095
2011-06-28 12:00:00,166.4975
2011-06-28 13:00:00,163.9875
2011-06-28 14:00:00,151.5725
2011-06-28 15:00:00,153.88
2011-06-28 16:00:00,250.6375
2011-06-28 17:00:00,400.21
2011-06-28 18:00:00,388.9525
2011-06-28 19:00:00,350.065
2011-06-28 20:00:00,303.0325
2011-06-28 21:00:00,207.36
2011-06-28 22:00:00,152.635
2011-06-28 23:00:00,90.905
2011-06-29 00:00:00,34.4175
2011-06-29 01:00:00,19.845
2011-06-29 02:00:00,7.59
2011-06-29 03:00:00,5.585
2011-06-29 04:00:00,5.655
2011-06-29 05:00:00,23.66
2011-06-29 06:00:00,109.6575
2011-06-29 07:00:00,303.425
2011-06-29 08:00:00,465.9275
2011-06-29 09:00:00,208.0325
2011-06-29 10:00:00,122.8625
2011-06-29 11:00:00,163.7525
2011-06-29 12:00:00,197.6925
2011-06-29 13:00:00,190.895
2011-06-29 14:00:00,165.7475
2011-06-29 15:00:00,174.195
2011-06-29 16:00:00,292.7925
2011-06-29 17:00:00,565.8225
2011-06-29 18:00:00,558.7775
2011-06-29 19:00:00,382.7175
2011-06-29 20:00:00,303.16
2011-06-29 21:00:00,225.505
2011-06-29 22:00:00,172.435
2011-06-29 23:00:00,98.615
2011-06-30 00:00:00,46.785
2011-06-30 01:00:00,20.5125
2011-06-30 02:00:00,8.235
2011-06-30 03:00:00,6.685
2011-06-30 04:00:00,6.965
2011-06-30 05:00:00,27.525
2011-06-30 06:00:00,121.7625
2011-06-30 07:00:00,325.5525
2011-06-30 08:00:00,459.55
2011-06-30 09:00:00,209.66
2011-06-30 10:00:00,127.05
2011-06-30 11:00:00,157.71
2011-06-30 12:00:00,206.4275
2011-06-30 13:00:00,200.0325
2011-06-30 14:00:00,168.1075
2011-06-30 15:00:00,182.365
2011-06-30 16:00:00,293.81
2011-06-30 17:00:00,575.32
2011-06-30 18:00:00,558.75
2011-06-30 19:00:00,383.4175
2011-06-30 20:00:00,299.1575
2011-06-30 21:00:00,224.745
2011-06-30 22:00:00,173.25
2011-06-30 23:00:00,126.1875
2011-07-20 00:00:00,34.1225
2011-07-20 01:00:00,16.9025
2011-07-20 02:00:00,6.21
2011-07-20 03:00:00,5.84
2011-07-20 04:00:00,6.1925
2011-07-20 05:00:00,31.5325
2011-07-20 06:00:00,120.98
2011-07-20 07:00:00,299.39
2011-07-20 08:00:00,432.155
2011-07-20 09:00:00,197.795
2011-07-20 10:00:00,116.4975
2011-07-20 11:00:00,134.8
2011-07-20 12:00:00,162.5175
2011-07-20 13:00:00,156.5825
2011-07-20 14:00:00,153.0075
2011-07-20 15:00:00,154.705
2011-07-20 16:00:00,249.6225
2011-07-20 17:00:00,500.01
2011-07-20 18:00:00,490.825
2011-07-20 19:00:00,375.7675
2011-07-20 20:00:00,293.04
2011-07-20 21:00:00,218.9425
2011-07-20 22:00:00,166.4625
2011-07-20 23:00:00,111.0375
2011-07-21 00:00:00,46.41
2011-07-21 01:00:00,19.715
2011-07-21 02:00:00,7.42
2011-07-21 03:00:00,6.145
2011-07-21 04:00:00,5.7525
2011-07-21 05:00:00,22.25
2011-07-21 06:00:00,121.315
2011-07-21 07:00:00,306.2625
2011-07-21 08:00:00,439.75
2011-07-21 09:00:00,197.31
2011-07-21 10:00:00,125.42
2011-07-21 11:00:00,128.3325
2011-07-21 12:00:00,150.455
2011-07-21 13:00:00,146.8825
2011-07-21 14:00:00,142.97
2011-07-21 15:00:00,144.6275
2011-07-21 16:00:00,240.9875
2011-07-21 17:00:00,460.285
2011-07-21 18:00:00,451.8275
2011-07-21 19:00:00,365.3775
2011-07-21 20:00:00,288.96
2011-07-21 21:00:00,222.9125
2011-07-21 22:00:00,170.455
2011-07-21 23:00:00,126.0725
2011-07-22 00:00:00,58.145
2011-07-22 01:00:00,30.735
2011-07-22 02:00:00,19.965
2011-07-22 03:00:00,6.6825
2011-07-22 04:00:00,7.0625
2011-07-22 05:00:00,24.51
2011-07-22 06:00:00,106.4
2011-07-22 07:00:00,288.165
2011-07-22 08:00:00,456.5025
2011-07-22 09:00:00,222.385
2011-07-22 10:00:00,154.405
2011-07-22 11:00:00,166.715
2011-07-22 12:00:00,199.59
2011-07-22 13:00:00,198.8825
2011-07-22 14:00:00,195.81
2011-07-22 15:00:00,182.4475
2011-07-22 16:00:00,285.3025
2011-07-22 17:00:00,467.13
2011-07-22 18:00:00,451.88
2011-07-22 19:00:00,350.4
2011-07-22 20:00:00,283.46
2011-07-22 21:00:00,209.2775
2011-07-22 22:00:00,194.735
2011-07-22 23:00:00,142.5775
2011-07-23 00:00:00,109.665
2011-07-23 01:00:00,86.5075
2011-07-23 02:00:00,65.725
2011-07-23 03:00:00,30.8175
2011-07-23 04:00:00,11.0725
2011-07-23 05:00:00,9.6525
2011-07-23 06:00:00,32.73
2011-07-23 07:00:00,104.2225
2011-07-23 08:00:00,163.74
2011-07-23 09:00:00,222.5975
2011-07-23 10:00:00,292.24
2011-07-23 11:00:00,344.2725
2011-07-23 12:00:00,372.6175
2011-07-23 13:00:00,365.89
2011-07-23 14:00:00,377.89
2011-07-23 15:00:00,378.8075
2011-07-23 16:00:00,365.655
2011-07-23 17:00:00,362.8
2011-07-23 18:00:00,357.295
2011-07-23 19:00:00,324.705
2011-07-23 20:00:00,286.1725
2011-07-23 21:00:00,251.9225
2011-07-23 22:00:00,216.1975
2011-07-23 23:00:00,187.4875
2011-07-24 00:00:00,117.305
2011-07-24 01:00:00,90.48
2011-07-24 02:00:00,79.2475
2011-07-24 03:00:00,34.5625
2011-07-24 04:00:00,10.265
2011-07-24 05:00:00,10.6425
2011-07-24 06:00:00,24.6075
2011-07-24 07:00:00,67.82
2011-07-24 08:00:00,147.33
2011-07-24 09:00:00,193.4375
2011-07-24 10:00:00,290.52
2011-07-24 11:00:00,347.89
2011-07-24 12:00:00,367.5725
2011-07-24 13:00:00,363.0125
2011-07-24 14:00:00,367.12
2011-07-24 15:00:00,349.9275
2011-07-24 16:00:00,357.8875
2011-07-24 17:00:00,361.0075
2011-07-24 18:00:00,350.875
2011-07-24 19:00:00,329.675
2011-07-24 20:00:00,274.35
2011-07-24 21:00:00,229.245
2011-07-24 22:00:00,191.7825
2011-07-24 23:00:00,139.325
2011-07-25 00:00:00,43.4825
2011-07-25 01:00:00,15.0525
2011-07-25 02:00:00,7.27
2011-07-25 03:00:00,5.6875
2011-07-25 04:00:00,5.7375
2011-07-25 05:00:00,22.51
2011-07-25 06:00:00,118.9125
2011-07-25 07:00:00,307.4475
2011-07-25 08:00:00,410.935
2011-07-25 09:00:00,187.01
2011-07-25 10:00:00,120.7025
2011-07-25 11:00:00,126.235
2011-07-25 12:00:00,155.995
2011-07-25 13:00:00,153.06
2011-07-25 14:00:00,125.5125
2011-07-25 15:00:00,124.9325
2011-07-25 16:00:00,231.99
2011-07-25 17:00:00,507.3825
2011-07-25 18:00:00,493.3725
2011-07-25 19:00:00,391.2175
2011-07-25 20:00:00,290.955
2011-07-25 21:00:00,184.3225
2011-07-25 22:00:00,131.1625
2011-07-25 23:00:00,67.515
2011-07-26 00:00:00,30.1525
2011-07-26 01:00:00,15.4425
2011-07-26 02:00:00,8.45
2011-07-26 03:00:00,5.535
2011-07-26 04:00:00,6.005
2011-07-26 05:00:00,23.25
2011-07-26 06:00:00,116.0175
2011-07-26 07:00:00,306.365
2011-07-26 08:00:00,437.3875
2011-07-26 09:00:00,197.8825
2011-07-26 10:00:00,127.0325
2011-07-26 11:00:00,153.6075
2011-07-26 12:00:00,190.765
2011-07-26 13:00:00,192.625
2011-07-26 14:00:00,172.4975
2011-07-26 15:00:00,163.02
2011-07-26 16:00:00,278.9825
2011-07-26 17:00:00,563.8875
2011-07-26 18:00:00,553.79
2011-07-26 19:00:00,375.8075
2011-07-26 20:00:00,299.15
2011-07-26 21:00:00,237.4975
2011-07-26 22:00:00,167.395
2011-07-26 23:00:00,77.6275
2011-07-27 00:00:00,44.7275
2011-07-27 01:00:00,16.3475
2011-07-27 02:00:00,10.3925
2011-07-27 03:00:00,4.4375
2011-07-27 04:00:00,5.3325
2011-07-27 05:00:00,28.06
2011-07-27 06:00:00,116.785
2011-07-27 07:00:00,306.205
2011-07-27 08:00:00,440.3475
2011-07-27 09:00:00,204.5775
2011-07-27 10:00:00,117.275
2011-07-27 11:00:00,156.4325
2011-07-27 12:00:00,197.335
2011-07-27 13:00:00,195.4
2011-07-27 14:00:00,174.4725
2011-07-27 15:00:00,180.495
2011-07-27 16:00:00,285.04
2011-07-27 17:00:00,562.235
2011-07-27 18:00:00,555.46
2011-07-27 19:00:00,394.0275
2011-07-27 20:00:00,302.32
2011-07-27 21:00:00,227.415
2011-07-27 22:00:00,162.925
2011-07-27 23:00:00,85.1325
2011-07-28 00:00:00,48.1575
2011-07-28 01:00:00,20.145
2011-07-28 02:00:00,9.4375
2011-07-28 03:00:00,5.54
2011-07-28 04:00:00,5.795
2011-07-28 05:00:00,28.73
2011-07-28 06:00:00,111.2675
2011-07-28 07:00:00,305.8425
2011-07-28 08:00:00,437.3
2011-07-28 09:00:00,192.12
2011-07-28 10:00:00,116.9625
2011-07-28 11:00:00,129.49
2011-07-28 12:00:00,157.16
2011-07-28 13:00:00,148.81
2011-07-28 14:00:00,158.9175
2011-07-28 15:00:00,153.58
2011-07-28 16:00:00,245.91
2011-07-28 17:00:00,504.28
2011-07-28 18:00:00,483.195
2011-07-28 19:00:00,368.77
2011-07-28 20:00:00,284.435
2011-07-28 21:00:00,221.1625
2011-07-28 22:00:00,161.8175
2011-07-28 23:00:00,125.17
2011-07-29 00:00:00,55.88
2011-07-29 01:00:00,27.9175
2011-07-29 02:00:00,19.6725
2011-07-29 03:00:00,7.05
2011-07-29 04:00:00,6.605
2011-07-29 05:00:00,24.8325
2011-07-29 06:00:00,106.975
2011-07-29 07:00:00,293.9625
2011-07-29 08:00:00,442.7875
2011-07-29 09:00:00,219.975
2011-07-29 10:00:00,155.2275
2011-07-29 11:00:00,167.82
2011-07-29 12:00:00,197.67
2011-07-29 13:00:00,194.295
2011-07-29 14:00:00,196.7925
2011-07-29 15:00:00,195.1575
2011-07-29 16:00:00,301.5075
2011-07-29 17:00:00,486.16
2011-07-29 18:00:00,453.7375
2011-07-29 19:00:00,357.7225
2011-07-29 20:00:00,284.46
2011-07-29 21:00:00,245.5075
2011-07-29 22:00:00,202.91
2011-07-29 23:00:00,143.12
2011-07-30 00:00:00,135.615
2011-07-30 01:00:00,85.11166666666666
2011-07-30 02:00:00,68.72
2011-07-30 03:00:00,34.225
2011-07-30 04:00:00,9.5375
2011-07-30 05:00:00,11.0475
2011-07-30 06:00:00,31.0
2011-07-30 07:00:00,58.95
2011-07-30 08:00:00,140.8625
2011-07-30 09:00:00,227.11
2011-07-30 10:00:00,284.425
2011-07-30 11:00:00,350.74
2011-07-30 12:00:00,376.6725
2011-07-30 13:00:00,394.6675
2011-07-30 14:00:00,389.4425
2011-07-30 15:00:00,369.9225
2011-07-30 16:00:00,371.755
2011-07-30 17:00:00,377.665
2011-07-30 18:00:00,363.92
2011-07-30 19:00:00,346.97125
2011-07-30 20:00:00,287.0675
2011-07-30 21:00:00,249.92
2011-07-30 22:00:00,229.935
2011-07-30 23:00:00,198.84
2011-07-31 00:00:00,120.335
2011-07-31 01:00:00,92.0825
2011-07-31 02:00:00,81.1675
2011-07-31 03:00:00,33.64
2011-07-31 04:00:00,9.4425
2011-07-31 05:00:00,10.9275
2011-07-31 06:00:00,24.405
2011-07-31 07:00:00,74.1075
2011-07-31 08:00:00,147.0525
2011-07-31 09:00:00,192.5675
2011-07-31 10:00:00,275.175
2011-07-31 11:00:00,345.975
2011-07-31 12:00:00,374.2225
2011-07-31 13:00:00,374.28
2011-07-31 14:00:00,361.8625
2011-07-31 15:00:00,353.6125
2011-07-31 16:00:00,361.9125
2011-07-31 17:00:00,358.36125
2011-07-31 18:00:00,355.5075
2011-07-31 19:00:00,327.725
2011-07-31 20:00:00,271.3875
2011-07-31 21:00:00,235.7525
2011-07-31 22:00:00,159.3875
2011-07-31 23:00:00,112.51
2011-08-20 00:00:00,107.3625
2011-08-20 01:00:00,81.02
2011-08-20 02:00:00,64.245
2011-08-20 03:00:00,31.5325
2011-08-20 04:00:00,9.94
2011-08-20 05:00:00,15.84
2011-08-20 06:00:00,21.1725
2011-08-20 07:00:00,62.1475
2011-08-20 08:00:00,115.5275
2011-08-20 09:00:00,215.1075
2011-08-20 10:00:00,274.5375
2011-08-20 11:00:00,374.72
2011-08-20 12:00:00,351.3725
2011-08-20 13:00:00,386.2775
2011-08-20 14:00:00,392.3425
2011-08-20 15:00:00,374.4125
2011-08-20 16:00:00,379.636875
2011-08-20 17:00:00,381.755
2011-08-20 18:00:00,337.1475
2011-08-20 19:00:00,326.81
2011-08-20 20:00:00,259.955
2011-08-20 21:00:00,203.2875
2011-08-20 22:00:00,155.605
2011-08-20 23:00:00,116.6325
2011-08-21 00:00:00,118.2
2011-08-21 01:00:00,78.98
2011-08-21 02:00:00,76.9925
2011-08-21 03:00:00,37.085
2011-08-21 04:00:00,8.5875
2011-08-21 05:00:00,8.5075
2011-08-21 06:00:00,13.625
2011-08-21 07:00:00,53.1175
2011-08-21 08:00:00,95.2275
2011-08-21 09:00:00,191.77
2011-08-21 10:00:00,256.0925
2011-08-21 11:00:00,357.0625
2011-08-21 12:00:00,381.3125
2011-08-21 13:00:00,405.59
2011-08-21 14:00:00,269.61
2011-08-21 15:00:00,284.8425
2011-08-21 16:00:00,280.31
2011-08-21 17:00:00,227.44
2011-08-21 18:00:00,234.1675
2011-08-21 19:00:00,319.0075
2011-08-21 20:00:00,200.55
2011-08-21 21:00:00,168.155
2011-08-21 22:00:00,143.2325
2011-08-21 23:00:00,89.035
2011-08-22 00:00:00,31.64
2011-08-22 01:00:00,17.65
2011-08-22 02:00:00,10.99
2011-08-22 03:00:00,5.3
2011-08-22 04:00:00,6.96
2011-08-22 05:00:00,27.5475
2011-08-22 06:00:00,104.7625
2011-08-22 07:00:00,291.7325
2011-08-22 08:00:00,403.22
2011-08-22 09:00:00,201.855
2011-08-22 10:00:00,120.4925
2011-08-22 11:00:00,153.7025
2011-08-22 12:00:00,188.1825
2011-08-22 13:00:00,192.0925
2011-08-22 14:00:00,180.3025
2011-08-22 15:00:00,180.03
2011-08-22 16:00:00,296.86
2011-08-22 17:00:00,569.035
2011-08-22 18:00:00,562.0375
2011-08-22 19:00:00,406.91
2011-08-22 20:00:00,305.815
2011-08-22 21:00:00,219.875
2011-08-22 22:00:00,121.5925
2011-08-22 23:00:00,87.3175
2011-08-23 00:00:00,34.255
2011-08-23 01:00:00,16.485
2011-08-23 02:00:00,10.005
2011-08-23 03:00:00,4.5075
2011-08-23 04:00:00,5.3425
2011-08-23 05:00:00,25.8775
2011-08-23 06:00:00,111.13
2011-08-23 07:00:00,326.4625
2011-08-23 08:00:00,451.8075
2011-08-23 09:00:00,201.8875
2011-08-23 10:00:00,121.1875
2011-08-23 11:00:00,147.61
2011-08-23 12:00:00,206.76
2011-08-23 13:00:00,203.44
2011-08-23 14:00:00,182.3075
2011-08-23 15:00:00,182.0175
2011-08-23 16:00:00,301.6325
2011-08-23 17:00:00,582.4375
2011-08-23 18:00:00,572.455
2011-08-23 19:00:00,386.975
2011-08-23 20:00:00,293.4975
2011-08-23 21:00:00,210.7575
2011-08-23 22:00:00,162.5825
2011-08-23 23:00:00,77.6575
2011-08-24 00:00:00,37.5775
2011-08-24 01:00:00,14.295
2011-08-24 02:00:00,10.5525
2011-08-24 03:00:00,6.095
2011-08-24 04:00:00,7.205
2011-08-24 05:00:00,24.6025
2011-08-24 06:00:00,109.77
2011-08-24 07:00:00,321.73
2011-08-24 08:00:00,437.2575
2011-08-24 09:00:00,206.0275
2011-08-24 10:00:00,123.1725
2011-08-24 11:00:00,157.955
2011-08-24 12:00:00,185.725
2011-08-24 13:00:00,188.4075
2011-08-24 14:00:00,178.475
2011-08-24 15:00:00,178.585
2011-08-24 16:00:00,278.215
2011-08-24 17:00:00,568.695
2011-08-24 18:00:00,543.705
2011-08-24 19:00:00,369.435
2011-08-24 20:00:00,286.0
2011-08-24 21:00:00,202.8875
2011-08-24 22:00:00,158.335
2011-08-24 23:00:00,100.8675
2011-08-25 00:00:00,47.505
2011-08-25 01:00:00,24.205
2011-08-25 02:00:00,8.9625
2011-08-25 03:00:00,6.37
2011-08-25 04:00:00,6.4125
2011-08-25 05:00:00,26.36
2011-08-25 06:00:00,101.2225
2011-08-25 07:00:00,281.665
2011-08-25 08:00:00,434.075
2011-08-25 09:00:00,213.4175
2011-08-25 10:00:00,125.97
2011-08-25 11:00:00,111.65
2011-08-25 12:00:00,120.9625
2011-08-25 13:00:00,128.7675
2011-08-25 14:00:00,156.45
2011-08-25 15:00:00,162.9325
2011-08-25 16:00:00,222.63
2011-08-25 17:00:00,417.3025
2011-08-25 18:00:00,410.3125
2011-08-25 19:00:00,254.0275
2011-08-25 20:00:00,213.4475
2011-08-25 21:00:00,204.53
2011-08-25 22:00:00,143.4125
2011-08-25 23:00:00,105.2825
2011-08-26 00:00:00,47.025
2011-08-26 01:00:00,21.8275
2011-08-26 02:00:00,10.24
2011-08-26 03:00:00,6.305
2011-08-26 04:00:00,5.9225
2011-08-26 05:00:00,19.485
2011-08-26 06:00:00,91.2575
2011-08-26 07:00:00,248.51
2011-08-26 08:00:00,405.03
2011-08-26 09:00:00,211.4525
2011-08-26 10:00:00,155.915
2011-08-26 11:00:00,161.2975
2011-08-26 12:00:00,217.3675
2011-08-26 13:00:00,223.88
2011-08-26 14:00:00,202.285
2011-08-26 15:00:00,204.2825
2011-08-26 16:00:00,317.0575
2011-08-26 17:00:00,508.6475
2011-08-26 18:00:00,437.4175
2011-08-26 19:00:00,311.2975
2011-08-26 20:00:00,261.2225
2011-08-26 21:00:00,209.92
2011-08-26 22:00:00,167.595
2011-08-26 23:00:00,133.9925
2011-08-27 00:00:00,108.6525
2011-08-27 01:00:00,76.0825
2011-08-27 02:00:00,63.2725
2011-08-27 03:00:00,38.4725
2011-08-27 04:00:00,9.5025
2011-08-27 05:00:00,10.645
2011-08-27 06:00:00,28.375
2011-08-27 07:00:00,53.2125
2011-08-27 08:00:00,132.9425
2011-08-27 09:00:00,178.1275
2011-08-27 10:00:00,202.37
2011-08-27 11:00:00,171.295
2011-08-27 12:00:00,246.5025
2011-08-27 13:00:00,262.3575
2011-08-27 14:00:00,165.1225
2011-08-27 15:00:00,166.595
2011-08-27 16:00:00,164.6075
2011-08-27 17:00:00,152.19
2011-08-28 07:00:00,104.6775
2011-08-28 08:00:00,132.8975
2011-08-28 09:00:00,192.56
2011-08-28 10:00:00,295.505
2011-08-28 11:00:00,338.33
2011-08-28 12:00:00,414.04166666666674
2011-08-28 13:00:00,441.7245833333334
2011-08-28 14:00:00,379.51041666666674
2011-08-28 15:00:00,376.58041666666674
2011-08-28 16:00:00,363.10125
2011-08-28 17:00:00,418.51625000000007
2011-08-28 18:00:00,393.3997916666667
2011-08-28 19:00:00,343.8104166666667
2011-08-28 20:00:00,255.885
2011-08-28 21:00:00,201.74
2011-08-28 22:00:00,147.375
2011-08-28 23:00:00,92.845
2011-08-29 00:00:00,36.6175
2011-08-29 01:00:00,12.4225
2011-08-29 02:00:00,8.2525
2011-08-29 03:00:00,6.6675
2011-08-29 04:00:00,5.885
2011-08-29 05:00:00,24.7325
2011-08-29 06:00:00,109.6475
2011-08-29 07:00:00,314.8225
2011-08-29 08:00:00,423.5925
2011-08-29 09:00:00,207.765
2011-08-29 10:00:00,125.4475
2011-08-29 11:00:00,155.795
2011-08-29 12:00:00,196.5625
2011-08-29 13:00:00,211.0375
2011-08-29 14:00:00,185.5725
2011-08-29 15:00:00,184.66
2011-08-29 16:00:00,301.4575
2011-08-29 17:00:00,560.6925
2011-08-29 18:00:00,540.8375
2011-08-29 19:00:00,397.9725
2011-08-29 20:00:00,293.61
2011-08-29 21:00:00,219.61
2011-08-29 22:00:00,139.95
2011-08-29 23:00:00,76.865
2011-08-30 00:00:00,35.255
2011-08-30 01:00:00,14.8625
2011-08-30 02:00:00,8.075
2011-08-30 03:00:00,5.35
2011-08-30 04:00:00,6.6175
2011-08-30 05:00:00,22.6075
2011-08-30 06:00:00,109.4325
2011-08-30 07:00:00,337.2375
2011-08-30 08:00:00,454.5625
2011-08-30 09:00:00,201.7
2011-08-30 10:00:00,128.795
2011-08-30 11:00:00,148.635
2011-08-30 12:00:00,205.43
2011-08-30 13:00:00,200.255
2011-08-30 14:00:00,178.7925
2011-08-30 15:00:00,178.6
2011-08-30 16:00:00,298.4875
2011-08-30 17:00:00,577.8575
2011-08-30 18:00:00,561.955
2011-08-30 19:00:00,387.0875
2011-08-30 20:00:00,297.02
2011-08-30 21:00:00,196.7575
2011-08-30 22:00:00,157.9925
2011-08-30 23:00:00,76.6425
2011-08-31 00:00:00,32.6475
2011-08-31 01:00:00,14.0125
2011-08-31 02:00:00,8.9375
2011-08-31 03:00:00,6.9175
2011-08-31 04:00:00,6.95
2011-08-31 05:00:00,25.29
2011-08-31 06:00:00,107.1
2011-08-31 07:00:00,327.8475
2011-08-31 08:00:00,433.89
2011-08-31 09:00:00,208.22
2011-08-31 10:00:00,127.865
2011-08-31 11:00:00,142.51
2011-08-31 12:00:00,200.8625
2011-08-31 13:00:00,202.6375
2011-08-31 14:00:00,178.1875
2011-08-31 15:00:00,178.1
2011-08-31 16:00:00,296.67
2011-08-31 17:00:00,582.485
2011-08-31 18:00:00,542.2575
2011-08-31 19:00:00,369.65
2011-08-31 20:00:00,293.77
2011-08-31 21:00:00,201.425
2011-08-31 22:00:00,152.395
2011-08-31 23:00:00,79.685
2011-09-20 00:00:00,34.74
2011-09-20 01:00:00,11.335
2011-09-20 02:00:00,4.1375
2011-09-20 03:00:00,5.3925
2011-09-20 04:00:00,5.5475
2011-09-20 05:00:00,21.46
2011-09-20 06:00:00,107.9
2011-09-20 07:00:00,298.345
2011-09-20 08:00:00,251.415
2011-09-20 09:00:00,124.48
2011-09-20 10:00:00,83.275
2011-09-20 11:00:00,83.885
2011-09-20 12:00:00,97.68
2011-09-20 13:00:00,94.4925
2011-09-20 14:00:00,130.0625
2011-09-20 15:00:00,175.0975
2011-09-20 16:00:00,230.735
2011-09-20 17:00:00,395.8025
2011-09-20 18:00:00,386.8725
2011-09-20 19:00:00,260.735
2011-09-20 20:00:00,177.5925
2011-09-20 21:00:00,123.0025
2011-09-20 22:00:00,125.435
2011-09-20 23:00:00,66.0225
2011-09-21 00:00:00,21.8425
2011-09-21 01:00:00,10.1975
2011-09-21 02:00:00,6.1325
2011-09-21 03:00:00,4.21
2011-09-21 04:00:00,4.905
2011-09-21 05:00:00,14.97
2011-09-21 06:00:00,97.2225
2011-09-21 07:00:00,247.215
2011-09-21 08:00:00,376.7525
2011-09-21 09:00:00,136.2925
2011-09-21 10:00:00,92.7625
2011-09-21 11:00:00,113.49
2011-09-21 12:00:00,164.8675
2011-09-21 13:00:00,166.9125
2011-09-21 14:00:00,159.0675
2011-09-21 15:00:00,163.95
2011-09-21 16:00:00,277.2175
2011-09-21 17:00:00,425.4375
2011-09-21 18:00:00,333.285
2011-09-21 19:00:00,127.045
2011-09-21 20:00:00,98.825
2011-09-21 21:00:00,98.2475
2011-09-21 22:00:00,129.45
2011-09-21 23:00:00,63.7825
2011-09-22 00:00:00,21.1825
2011-09-22 01:00:00,14.1275
2011-09-22 02:00:00,16.2475
2011-09-22 03:00:00,4.1
2011-09-22 04:00:00,4.315
2011-09-22 05:00:00,17.1825
2011-09-22 06:00:00,85.8
2011-09-22 07:00:00,219.4875
2011-09-22 08:00:00,334.3175
2011-09-22 09:00:00,128.68
2011-09-22 10:00:00,117.645
2011-09-22 11:00:00,121.0875
2011-09-22 12:00:00,132.1175
2011-09-22 13:00:00,133.1125
2011-09-22 14:00:00,126.8775
2011-09-22 15:00:00,132.04
2011-09-22 16:00:00,279.945
2011-09-22 17:00:00,390.425
2011-09-22 18:00:00,334.0225
2011-09-22 19:00:00,207.565
2011-09-22 20:00:00,123.9225
2011-09-22 21:00:00,120.845
2011-09-22 22:00:00,119.9975
2011-09-22 23:00:00,91.515
2011-09-23 00:00:00,35.5275
2011-09-23 01:00:00,14.4825
2011-09-23 02:00:00,11.05
2011-09-23 03:00:00,4.5025
2011-09-23 04:00:00,3.94
2011-09-23 05:00:00,15.82
2011-09-23 06:00:00,79.9525
2011-09-23 07:00:00,140.9825
2011-09-23 08:00:00,246.6675
2011-09-23 09:00:00,114.13
2011-09-23 10:00:00,88.615
2011-09-23 11:00:00,89.695
2011-09-23 12:00:00,101.0725
2011-09-23 13:00:00,94.5125
2011-09-23 14:00:00,95.79
2011-09-23 15:00:00,102.5475
2011-09-23 16:00:00,135.7475
2011-09-23 17:00:00,303.34
2011-09-23 18:00:00,308.4625
2011-09-23 19:00:00,208.8675
2011-09-23 20:00:00,167.9625
2011-09-23 21:00:00,128.3525
2011-09-23 22:00:00,129.535
2011-09-23 23:00:00,103.7275
2011-09-24 00:00:00,84.185
2011-09-24 01:00:00,73.0825
2011-09-24 02:00:00,57.7975
2011-09-24 03:00:00,33.8125
2011-09-24 04:00:00,9.415
2011-09-24 05:00:00,13.6325
2011-09-24 06:00:00,17.8575
2011-09-24 07:00:00,75.6175
2011-09-24 08:00:00,131.52
2011-09-24 09:00:00,142.19
2011-09-24 10:00:00,228.4375
2011-09-24 11:00:00,251.665
2011-09-24 12:00:00,271.64
2011-09-24 13:00:00,302.5975
2011-09-24 14:00:00,292.5575
2011-09-24 15:00:00,290.9
2011-09-24 16:00:00,285.98
2011-09-24 17:00:00,271.285
2011-09-24 18:00:00,263.71
2011-09-24 19:00:00,224.8925
2011-09-24 20:00:00,203.0625
2011-09-24 21:00:00,159.28
2011-09-24 22:00:00,145.805
2011-09-24 23:00:00,114.0425
2011-09-25 00:00:00,101.6425
2011-09-25 01:00:00,77.435
2011-09-25 02:00:00,58.16
2011-09-25 03:00:00,34.6075
2011-09-25 04:00:00,9.54
2011-09-25 05:00:00,17.1325
2011-09-25 06:00:00,15.845
2011-09-25 07:00:00,57.62
2011-09-25 08:00:00,91.215
2011-09-25 09:00:00,164.17
2011-09-25 10:00:00,245.6575
2011-09-25 11:00:00,263.6375
2011-09-25 12:00:00,274.155
2011-09-25 13:00:00,288.8275
2011-09-25 14:00:00,277.775
2011-09-25 15:00:00,275.215
2011-09-25 16:00:00,375.5075
2011-09-25 17:00:00,258.255
2011-09-25 18:00:00,255.1525
2011-09-25 19:00:00,219.33
2011-09-25 20:00:00,183.625
2011-09-25 21:00:00,119.4125
2011-09-25 22:00:00,133.5825
2011-09-25 23:00:00,113.0075
2011-09-26 00:00:00,32.4375
2011-09-26 01:00:00,12.8925
2011-09-26 02:00:00,5.875
2011-09-26 03:00:00,3.75
2011-09-26 04:00:00,5.1975
2011-09-26 05:00:00,20.29
2011-09-26 06:00:00,93.9125
2011-09-26 07:00:00,234.425
2011-09-26 08:00:00,359.4525
2011-09-26 09:00:00,186.4825
2011-09-26 10:00:00,119.4175
2011-09-26 11:00:00,134.5075
2011-09-26 12:00:00,137.77
2011-09-26 13:00:00,160.7
2011-09-26 14:00:00,167.1075
2011-09-26 15:00:00,169.4
2011-09-26 16:00:00,287.9075
2011-09-26 17:00:00,538.6725
2011-09-26 18:00:00,356.265
2011-09-26 19:00:00,224.82
2011-09-26 20:00:00,175.2575
2011-09-26 21:00:00,129.8
2011-09-26 22:00:00,118.9175
2011-09-26 23:00:00,63.8225
2011-09-27 00:00:00,29.3025
2011-09-27 01:00:00,11.5425
2011-09-27 02:00:00,6.7475
2011-09-27 03:00:00,3.3225
2011-09-27 04:00:00,3.765
2011-09-27 05:00:00,15.7225
2011-09-27 06:00:00,97.9475
2011-09-27 07:00:00,240.5325
2011-09-27 08:00:00,374.35
2011-09-27 09:00:00,165.165
2011-09-27 10:00:00,97.4125
2011-09-27 11:00:00,113.47
2011-09-27 12:00:00,133.8
2011-09-27 13:00:00,162.5725
2011-09-27 14:00:00,125.555
2011-09-27 15:00:00,122.4475
2011-09-27 16:00:00,193.0375
2011-09-27 17:00:00,302.7975
2011-09-27 18:00:00,301.2875
2011-09-27 19:00:00,213.125
2011-09-27 20:00:00,221.8325
2011-09-27 21:00:00,166.8475
2011-09-27 22:00:00,132.2775
2011-09-27 23:00:00,66.72
2011-09-28 00:00:00,29.6475
2011-09-28 01:00:00,12.8075
2011-09-28 02:00:00,5.5025
2011-09-28 03:00:00,4.125
2011-09-28 04:00:00,6.1925
2011-09-28 05:00:00,17.06
2011-09-28 06:00:00,57.605
2011-09-28 07:00:00,119.2175
2011-09-28 08:00:00,247.805
2011-09-28 09:00:00,143.525
2011-09-28 10:00:00,64.4025
2011-09-28 11:00:00,124.7175
2011-09-28 12:00:00,128.2125
2011-09-28 13:00:00,165.9425
2011-09-28 14:00:00,169.8025
2011-09-28 15:00:00,169.1475
2011-09-28 16:00:00,291.215
2011-09-28 17:00:00,546.9475
2011-09-28 18:00:00,323.57
2011-09-28 19:00:00,204.1975
2011-09-28 20:00:00,143.0625
2011-09-28 21:00:00,117.0625
2011-09-28 22:00:00,133.6675
2011-09-28 23:00:00,62.82
2011-09-29 00:00:00,21.685
2011-09-29 01:00:00,14.6775
2011-09-29 02:00:00,14.885
2011-09-29 03:00:00,4.8375
2011-09-29 04:00:00,6.0575
2011-09-29 05:00:00,21.175
2011-09-29 06:00:00,113.745
2011-09-29 07:00:00,272.5675
2011-09-29 08:00:00,430.2775
2011-09-29 09:00:00,211.535
2011-09-29 10:00:00,130.7075
2011-09-29 11:00:00,160.4625
2011-09-29 12:00:00,201.505
2011-09-29 13:00:00,196.7975
2011-09-29 14:00:00,182.865
2011-09-29 15:00:00,183.4
2011-09-29 16:00:00,296.72
2011-09-29 17:00:00,550.7275
2011-09-29 18:00:00,533.27
2011-09-29 19:00:00,360.9025
2011-09-29 20:00:00,276.5675
2011-09-29 21:00:00,195.7775
2011-09-29 22:00:00,144.18
2011-09-29 23:00:00,98.04
2011-09-30 00:00:00,50.7525
2011-09-30 01:00:00,25.1675
2011-09-30 02:00:00,10.945
2011-09-30 03:00:00,5.69625
2011-09-30 04:00:00,5.71625
2011-09-30 05:00:00,25.9225
2011-09-30 06:00:00,91.5875
2011-09-30 07:00:00,270.5175
2011-09-30 08:00:00,455.0275
2011-09-30 09:00:00,219.2325
2011-09-30 10:00:00,169.9375
2011-09-30 11:00:00,190.5525
2011-09-30 12:00:00,245.1975
2011-09-30 13:00:00,230.085
2011-09-30 14:00:00,237.985
2011-09-30 15:00:00,242.355
2011-09-30 16:00:00,348.98
2011-09-30 17:00:00,525.43
2011-09-30 18:00:00,484.565
2011-09-30 19:00:00,300.315
2011-09-30 20:00:00,206.82
2011-09-30 21:00:00,169.145
2011-09-30 22:00:00,119.1075
2011-09-30 23:00:00,104.3875
2011-10-20 00:00:00,20.18
2011-10-20 01:00:00,14.7825
2011-10-20 02:00:00,8.67
2011-10-20 03:00:00,4.4825
2011-10-20 04:00:00,5.0
2011-10-20 05:00:00,26.5275
2011-10-20 06:00:00,98.6
2011-10-20 07:00:00,266.6575
2011-10-20 08:00:00,380.4125
2011-10-20 09:00:00,210.565
2011-10-20 10:00:00,142.4775
2011-10-20 11:00:00,149.17
2011-10-20 12:00:00,175.0625
2011-10-20 13:00:00,172.0825
2011-10-20 14:00:00,150.2125
2011-10-20 15:00:00,150.815
2011-10-20 16:00:00,241.735
2011-10-20 17:00:00,444.6225
2011-10-20 18:00:00,427.265
2011-10-20 19:00:00,262.1825
2011-10-20 20:00:00,218.8325
2011-10-20 21:00:00,133.365
2011-10-20 22:00:00,110.895
2011-10-20 23:00:00,86.2175
2011-10-21 00:00:00,53.16
2011-10-21 01:00:00,25.6575
2011-10-21 02:00:00,13.5825
2011-10-21 03:00:00,6.250833333333333
2011-10-21 04:00:00,5.49125
2011-10-21 05:00:00,22.5275
2011-10-21 06:00:00,89.265
2011-10-21 07:00:00,233.9525
2011-10-21 08:00:00,445.845
2011-10-21 09:00:00,207.8425
2011-10-21 10:00:00,162.1375
2011-10-21 11:00:00,179.7875
2011-10-21 12:00:00,214.6675
2011-10-21 13:00:00,206.61
2011-10-21 14:00:00,212.4325
2011-10-21 15:00:00,213.9025
2011-10-21 16:00:00,313.605
2011-10-21 17:00:00,449.7925
2011-10-21 18:00:00,426.185
2011-10-21 19:00:00,250.04
2011-10-21 20:00:00,199.5975
2011-10-21 21:00:00,138.0525
2011-10-21 22:00:00,115.9375
2011-10-21 23:00:00,92.7875
2011-10-22 00:00:00,84.0575
2011-10-22 01:00:00,68.875
2011-10-22 02:00:00,62.1725
2011-10-22 03:00:00,24.99
2011-10-22 04:00:00,7.9075
2011-10-22 05:00:00,8.0125
2011-10-22 06:00:00,19.5475
2011-10-22 07:00:00,66.9725
2011-10-22 08:00:00,91.6975
2011-10-22 09:00:00,153.5825
2011-10-22 10:00:00,232.7625
2011-10-22 11:00:00,260.1425
2011-10-22 12:00:00,315.215
2011-10-22 13:00:00,342.565
2011-10-22 14:00:00,325.51
2011-10-22 15:00:00,315.015
2011-10-22 16:00:00,322.0325
2011-10-22 17:00:00,263.865
2011-10-22 18:00:00,220.89
2011-10-22 19:00:00,201.9
2011-10-22 20:00:00,161.7925
2011-10-22 21:00:00,123.71
2011-10-22 22:00:00,107.145
2011-10-22 23:00:00,93.9775
2011-10-23 00:00:00,85.6975
2011-10-23 01:00:00,73.55
2011-10-23 02:00:00,57.11
2011-10-23 03:00:00,32.2275
2011-10-23 04:00:00,9.695
2011-10-23 05:00:00,8.4
2011-10-23 06:00:00,17.3825
2011-10-23 07:00:00,61.92
2011-10-23 08:00:00,88.68
2011-10-23 09:00:00,139.62
2011-10-23 10:00:00,241.995
2011-10-23 11:00:00,257.4325
2011-10-23 12:00:00,324.4675
2011-10-23 13:00:00,339.085
2011-10-23 14:00:00,339.54
2011-10-23 15:00:00,336.3475
2011-10-23 16:00:00,326.285
2011-10-23 17:00:00,280.9075
2011-10-23 18:00:00,253.3
2011-10-23 19:00:00,189.7025
2011-10-23 20:00:00,150.715
2011-10-23 21:00:00,108.5675
2011-10-23 22:00:00,86.6025
2011-10-23 23:00:00,78.015
2011-10-24 00:00:00,39.6375
2011-10-24 01:00:00,10.065
2011-10-24 02:00:00,4.7675
2011-10-24 03:00:00,6.5775
2011-10-24 04:00:00,6.6475
2011-10-24 05:00:00,25.3125
2011-10-24 06:00:00,99.535
2011-10-24 07:00:00,260.105
2011-10-24 08:00:00,409.5225
2011-10-24 09:00:00,185.105
2011-10-24 10:00:00,116.3125
2011-10-24 11:00:00,129.3175
2011-10-24 12:00:00,179.68
2011-10-24 13:00:00,175.9925
2011-10-24 14:00:00,172.57
2011-10-24 15:00:00,192.835
2011-10-24 16:00:00,295.6675
2011-10-24 17:00:00,492.005
2011-10-24 18:00:00,504.5875
2011-10-24 19:00:00,197.66
2011-10-24 20:00:00,227.5175
2011-10-24 21:00:00,167.0775
2011-10-24 22:00:00,124.37
2011-10-24 23:00:00,68.3925
2011-10-25 00:00:00,45.2375
2011-10-25 01:00:00,16.0125
2011-10-25 02:00:00,4.64
2011-10-25 03:00:00,6.0875
2011-10-25 04:00:00,5.8425
2011-10-25 05:00:00,25.5725
2011-10-25 06:00:00,101.9
2011-10-25 07:00:00,278.915
2011-10-25 08:00:00,455.21
2011-10-25 09:00:00,207.4375
2011-10-25 10:00:00,128.5675
2011-10-25 11:00:00,138.2275
2011-10-25 12:00:00,189.875
2011-10-25 13:00:00,181.7125
2011-10-25 14:00:00,164.93
2011-10-25 15:00:00,180.36
2011-10-25 16:00:00,303.4525
2011-10-25 17:00:00,577.7025
2011-10-25 18:00:00,494.9225
2011-10-25 19:00:00,309.795
2011-10-25 20:00:00,226.2525
2011-10-25 21:00:00,155.3225
2011-10-25 22:00:00,134.065
2011-10-25 23:00:00,70.045
2011-10-26 00:00:00,52.2575
2011-10-26 01:00:00,14.0825
2011-10-26 02:00:00,6.8225
2011-10-26 03:00:00,4.545
2011-10-26 04:00:00,4.4125
2011-10-26 05:00:00,25.995
2011-10-26 06:00:00,110.8475
2011-10-26 07:00:00,288.1825
2011-10-26 08:00:00,445.18
2011-10-26 09:00:00,211.865
2011-10-26 10:00:00,129.035
2011-10-26 11:00:00,141.48
2011-10-26 12:00:00,169.06
2011-10-26 13:00:00,157.98
2011-10-26 14:00:00,164.515
2011-10-26 15:00:00,170.495
2011-10-26 16:00:00,246.5325
2011-10-26 17:00:00,465.2325
2011-10-26 18:00:00,462.4075
2011-10-26 19:00:00,266.555
2011-10-26 20:00:00,201.7475
2011-10-26 21:00:00,172.1525
2011-10-26 22:00:00,129.1675
2011-10-26 23:00:00,66.5525
2011-10-27 00:00:00,30.6425
2011-10-27 01:00:00,11.675
2011-10-27 02:00:00,8.4275
2011-10-27 03:00:00,4.04
2011-10-27 04:00:00,4.545
2011-10-27 05:00:00,20.34
2011-10-27 06:00:00,70.02
2011-10-27 07:00:00,253.115
2011-10-27 08:00:00,297.8075
2011-10-27 09:00:00,206.715
2011-10-27 10:00:00,92.9175
2011-10-27 11:00:00,90.6725
2011-10-27 12:00:00,84.325
2011-10-27 13:00:00,132.3275
2011-10-27 14:00:00,133.0075
2011-10-27 15:00:00,139.625
2011-10-27 16:00:00,293.31
2011-10-27 17:00:00,399.2225
2011-10-27 18:00:00,390.275
2011-10-27 19:00:00,231.7125
2011-10-27 20:00:00,209.5275
2011-10-27 21:00:00,135.1375
2011-10-27 22:00:00,90.3375
2011-10-27 23:00:00,71.3675
2011-10-28 00:00:00,52.3925
2011-10-28 01:00:00,19.27
2011-10-28 02:00:00,10.7275
2011-10-28 03:00:00,3.6504166666666675
2011-10-28 04:00:00,3.8854166666666674
2011-10-28 05:00:00,22.7025
2011-10-28 06:00:00,87.3375
2011-10-28 07:00:00,199.7225
2011-10-28 08:00:00,403.225
2011-10-28 09:00:00,193.355
2011-10-28 10:00:00,143.1175
2011-10-28 11:00:00,162.53
2011-10-28 12:00:00,185.79
2011-10-28 13:00:00,183.765
2011-10-28 14:00:00,170.64
2011-10-28 15:00:00,161.49
2011-10-28 16:00:00,217.99
2011-10-28 17:00:00,388.53
2011-10-28 18:00:00,358.85
2011-10-28 19:00:00,221.1225
2011-10-28 20:00:00,133.075
2011-10-28 21:00:00,90.1625
2011-10-28 22:00:00,65.2975
2011-10-28 23:00:00,65.2675
2011-10-29 00:00:00,49.9575
2011-10-29 01:00:00,37.7975
2011-10-29 02:00:00,36.285
2011-10-29 03:00:00,10.4425
2011-10-29 04:00:00,6.26
2011-10-29 05:00:00,4.72
2011-10-29 06:00:00,16.5625
2011-10-29 07:00:00,83.295
2011-10-29 08:00:00,88.7675
2011-10-29 09:00:00,88.115
2011-10-29 10:00:00,79.125
2011-10-29 11:00:00,81.065
2011-10-29 12:00:00,87.7625
2011-10-29 13:00:00,89.5
2011-10-29 14:00:00,90.395
2011-10-29 15:00:00,85.6025
2011-10-29 16:00:00,93.5125
2011-10-29 17:00:00,94.5675
2011-10-29 18:00:00,98.68
2011-10-29 19:00:00,142.8725
2011-10-29 20:00:00,124.2275
2011-10-29 21:00:00,80.905
2011-10-29 22:00:00,72.88
2011-10-29 23:00:00,63.095
2011-10-30 00:00:00,62.3875
2011-10-30 01:00:00,45.8425
2011-10-30 02:00:00,40.285
2011-10-30 03:00:00,11.6675
2011-10-30 04:00:00,4.0975
2011-10-30 05:00:00,3.38
2011-10-30 06:00:00,13.6725
2011-10-30 07:00:00,40.0875
2011-10-30 08:00:00,83.4
2011-10-30 09:00:00,139.8275
2011-10-30 10:00:00,224.7175
2011-10-30 11:00:00,248.0575
2011-10-30 12:00:00,315.3525
2011-10-30 13:00:00,326.1225
2011-10-30 14:00:00,340.8775
2011-10-30 15:00:00,342.8075
2011-10-30 16:00:00,321.73
2011-10-30 17:00:00,266.6775
2011-10-30 18:00:00,208.4075
2011-10-30 19:00:00,264.1625
2011-10-30 20:00:00,159.5025
2011-10-30 21:00:00,95.1375
2011-10-30 22:00:00,62.88
2011-10-30 23:00:00,54.2325
2011-10-31 00:00:00,19.9225
2011-10-31 01:00:00,8.92
2011-10-31 02:00:00,3.365
2011-10-31 03:00:00,4.489184523809524
2011-10-31 04:00:00,4.399208333333333
2011-10-31 05:00:00,21.7725
2011-10-31 06:00:00,94.3675
2011-10-31 07:00:00,237.7825
2011-10-31 08:00:00,441.2075
2011-10-31 09:00:00,185.1325
2011-10-31 10:00:00,129.1675
2011-10-31 11:00:00,139.82
2011-10-31 12:00:00,169.31
2011-10-31 13:00:00,161.785
2011-10-31 14:00:00,157.0525
2011-10-31 15:00:00,175.1675
2011-10-31 16:00:00,274.245
2011-10-31 17:00:00,472.04
2011-10-31 18:00:00,420.8625
2011-10-31 19:00:00,266.3125
2011-10-31 20:00:00,203.2875
2011-10-31 21:00:00,130.695
2011-10-31 22:00:00,97.7475
2011-10-31 23:00:00,57.6075
2011-11-20 00:00:00,81.4
2011-11-20 01:00:00,69.0175
2011-11-20 02:00:00,63.9125
2011-11-20 03:00:00,30.015
2011-11-20 04:00:00,8.36
2011-11-20 05:00:00,6.76
2011-11-20 06:00:00,16.5575
2011-11-20 07:00:00,68.1025
2011-11-20 08:00:00,99.1225
2011-11-20 09:00:00,145.7225
2011-11-20 10:00:00,236.4525
2011-11-20 11:00:00,305.95
2011-11-20 12:00:00,326.0375
2011-11-20 13:00:00,345.3325
2011-11-20 14:00:00,342.6475
2011-11-20 15:00:00,328.92
2011-11-20 16:00:00,324.0675
2011-11-20 17:00:00,305.3025
2011-11-20 18:00:00,294.695
2011-11-20 19:00:00,218.96
2011-11-20 20:00:00,178.7975
2011-11-20 21:00:00,139.155
2011-11-20 22:00:00,76.93
2011-11-20 23:00:00,64.665
2011-11-21 00:00:00,30.5075
2011-11-21 01:00:00,9.645
2011-11-21 02:00:00,6.6775
2011-11-21 03:00:00,4.1675
2011-11-21 04:00:00,4.565
2011-11-21 05:00:00,13.7125
2011-11-21 06:00:00,86.95
2011-11-21 07:00:00,256.2175
2011-11-21 08:00:00,404.6675
2011-11-21 09:00:00,178.385
2011-11-21 10:00:00,111.91
2011-11-21 11:00:00,115.485
2011-11-21 12:00:00,170.1
2011-11-21 13:00:00,166.4525
2011-11-21 14:00:00,128.965
2011-11-21 15:00:00,59.25
2011-11-21 16:00:00,76.7325
2011-11-21 17:00:00,108.6775
2011-11-21 18:00:00,231.08
2011-11-21 19:00:00,137.4975
2011-11-21 20:00:00,129.56
2011-11-21 21:00:00,100.765
2011-11-21 22:00:00,71.6325
2011-11-21 23:00:00,49.5775
2011-11-22 00:00:00,23.185
2011-11-22 01:00:00,7.91
2011-11-22 02:00:00,5.375
2011-11-22 03:00:00,4.31
2011-11-22 04:00:00,4.03
2011-11-22 05:00:00,19.36
2011-11-22 06:00:00,87.5125
2011-11-22 07:00:00,96.4825
2011-11-22 08:00:00,176.285
2011-11-22 09:00:00,83.02
2011-11-22 10:00:00,72.06
2011-11-22 11:00:00,72.5975
2011-11-22 12:00:00,72.1575
2011-11-22 13:00:00,53.7875
2011-11-22 14:00:00,53.245
2011-11-22 15:00:00,57.1125
2011-11-22 16:00:00,77.9575
2011-11-22 17:00:00,160.7325
2011-11-22 18:00:00,155.245
2011-11-22 19:00:00,140.0325
2011-11-22 20:00:00,180.89
2011-11-22 21:00:00,119.9825
2011-11-22 22:00:00,116.995
2011-11-22 23:00:00,65.4075
2011-11-23 00:00:00,26.5175
2011-11-23 01:00:00,11.635
2011-11-23 02:00:00,5.4725
2011-11-23 03:00:00,4.03
2011-11-23 04:00:00,5.13
2011-11-23 05:00:00,18.6975
2011-11-23 06:00:00,85.2975
2011-11-23 07:00:00,245.3725
2011-11-23 08:00:00,396.0725
2011-11-23 09:00:00,174.4825
2011-11-23 10:00:00,105.565
2011-11-23 11:00:00,131.19
2011-11-23 12:00:00,171.43
2011-11-23 13:00:00,154.0625
2011-11-23 14:00:00,161.0075
2011-11-23 15:00:00,159.25
2011-11-23 16:00:00,229.545
2011-11-23 17:00:00,297.2675
2011-11-23 18:00:00,372.395
2011-11-23 19:00:00,238.27
2011-11-23 20:00:00,172.2625
2011-11-23 21:00:00,126.0475
2011-11-23 22:00:00,95.1525
2011-11-23 23:00:00,53.0175
2011-11-24 00:00:00,62.655
2011-11-24 01:00:00,33.3675
2011-11-24 02:00:00,16.345
2011-11-24 03:00:00,7.81
2011-11-24 04:00:00,7.28
2011-11-24 05:00:00,14.1575
2011-11-24 06:00:00,39.32
2011-11-24 07:00:00,150.515
2011-11-24 08:00:00,185.5125
2011-11-24 09:00:00,193.4125
2011-11-24 10:00:00,201.3225
2011-11-24 11:00:00,213.41
2011-11-24 12:00:00,240.635
2011-11-24 13:00:00,252.5275
2011-11-24 14:00:00,259.75
2011-11-24 15:00:00,245.105
2011-11-24 16:00:00,280.4525
2011-11-24 17:00:00,274.045
2011-11-24 18:00:00,247.7375
2011-11-24 19:00:00,228.4175
2011-11-24 20:00:00,157.4125
2011-11-24 21:00:00,115.4275
2011-11-24 22:00:00,97.2475
2011-11-24 23:00:00,72.84
2011-11-25 00:00:00,39.275
2011-11-25 01:00:00,19.2025
2011-11-25 02:00:00,9.98
2011-11-25 03:00:00,4.6250148809523814
2011-11-25 04:00:00,4.540208333333334
2011-11-25 05:00:00,24.745
2011-11-25 06:00:00,80.4675
2011-11-25 07:00:00,216.9025
2011-11-25 08:00:00,389.53
2011-11-25 09:00:00,228.17
2011-11-25 10:00:00,159.8475
2011-11-25 11:00:00,159.62
2011-11-25 12:00:00,202.3675
2011-11-25 13:00:00,217.7125
2011-11-25 14:00:00,218.0025
2011-11-25 15:00:00,218.825
2011-11-25 16:00:00,307.805
2011-11-25 17:00:00,487.06
2011-11-25 18:00:00,455.315
2011-11-25 19:00:00,255.385
2011-11-25 20:00:00,190.4475
2011-11-25 21:00:00,134.4575
2011-11-25 22:00:00,106.63
2011-11-25 23:00:00,77.5625
2011-11-26 00:00:00,78.205
2011-11-26 01:00:00,68.175
2011-11-26 02:00:00,48.59
2011-11-26 03:00:00,23.4675
2011-11-26 04:00:00,7.3825
2011-11-26 05:00:00,5.76
2011-11-26 06:00:00,18.395
2011-11-26 07:00:00,39.4075
2011-11-26 08:00:00,108.175
2011-11-26 09:00:00,162.055
2011-11-26 10:00:00,224.65
2011-11-26 11:00:00,281.5
2011-11-26 12:00:00,336.5625
2011-11-26 13:00:00,338.515
2011-11-26 14:00:00,329.8
2011-11-26 15:00:00,331.495
2011-11-26 16:00:00,297.1225
2011-11-26 17:00:00,263.1625
2011-11-26 18:00:00,203.26
2011-11-26 19:00:00,184.6975
2011-11-26 20:00:00,166.5475
2011-11-26 21:00:00,117.71
2011-11-26 22:00:00,104.375
2011-11-26 23:00:00,88.0175
2011-11-27 00:00:00,83.2175
2011-11-27 01:00:00,75.86
2011-11-27 02:00:00,51.4275
2011-11-27 03:00:00,34.765
2011-11-27 04:00:00,7.36
2011-11-27 05:00:00,6.37
2011-11-27 06:00:00,13.8625
2011-11-27 07:00:00,82.07
2011-11-27 08:00:00,94.5475
2011-11-27 09:00:00,146.8125
2011-11-27 10:00:00,247.37
2011-11-27 11:00:00,309.55
2011-11-27 12:00:00,349.13
2011-11-27 13:00:00,349.0
2011-11-27 14:00:00,435.985
2011-11-27 15:00:00,437.4725
2011-11-27 16:00:00,342.865
2011-11-27 17:00:00,311.78
2011-11-27 18:00:00,251.04
2011-11-27 19:00:00,206.93
2011-11-27 20:00:00,160.0175
2011-11-27 21:00:00,119.055
2011-11-27 22:00:00,114.19
2011-11-27 23:00:00,87.22
2011-11-28 00:00:00,40.42
2011-11-28 01:00:00,20.1925
2011-11-28 03:00:00,5.74
2011-11-28 04:00:00,7.29
2011-11-28 05:00:00,25.0125
2011-11-28 06:00:00,99.02
2011-11-28 07:00:00,288.625
2011-11-28 08:00:00,412.935
2011-11-28 09:00:00,195.0425
2011-11-28 10:00:00,123.9875
2011-11-28 11:00:00,130.595
2011-11-28 12:00:00,193.2775
2011-11-28 13:00:00,185.5625
2011-11-28 14:00:00,182.8675
2011-11-28 15:00:00,187.58
2011-11-28 16:00:00,291.6925
2011-11-28 17:00:00,549.92
2011-11-28 18:00:00,514.5075
2011-11-28 19:00:00,308.9475
2011-11-28 20:00:00,236.615
2011-11-28 21:00:00,187.6
2011-11-28 22:00:00,125.225
2011-11-28 23:00:00,66.3625
2011-11-29 00:00:00,28.7525
2011-11-29 01:00:00,10.975
2011-11-29 02:00:00,5.11
2011-11-29 03:00:00,4.04
2011-11-29 04:00:00,4.9975
2011-11-29 05:00:00,23.8125
2011-11-29 06:00:00,102.9575
2011-11-29 07:00:00,313.3425
2011-11-29 08:00:00,439.7825
2011-11-29 09:00:00,178.415
2011-11-29 10:00:00,117.295
2011-11-29 11:00:00,82.8575
2011-11-29 12:00:00,95.63
2011-11-29 13:00:00,99.2525
2011-11-29 14:00:00,69.6725
2011-11-29 15:00:00,86.26
2011-11-29 16:00:00,96.3275
2011-11-29 17:00:00,360.2425
2011-11-29 18:00:00,367.845
2011-11-29 19:00:00,235.6875
2011-11-29 20:00:00,178.3775
2011-11-29 21:00:00,135.9475
2011-11-29 22:00:00,98.01
2011-11-29 23:00:00,48.9075
2011-11-30 00:00:00,80.48
2011-11-30 01:00:00,17.615
2011-11-30 02:00:00,5.845
2011-11-30 03:00:00,4.6775
2011-11-30 04:00:00,5.6775
2011-11-30 05:00:00,20.31
2011-11-30 06:00:00,90.625
2011-11-30 07:00:00,219.5425
2011-11-30 08:00:00,392.5475
2011-11-30 09:00:00,197.6375
2011-11-30 10:00:00,125.0375
2011-11-30 11:00:00,142.8325
2011-11-30 12:00:00,150.225
2011-11-30 13:00:00,155.205
2011-11-30 14:00:00,154.4675
2011-11-30 15:00:00,153.5625
2011-11-30 16:00:00,214.135
2011-11-30 17:00:00,394.47
2011-11-30 18:00:00,373.68
2011-11-30 19:00:00,213.15
2011-11-30 20:00:00,166.145
2011-11-30 21:00:00,122.0425
2011-11-30 22:00:00,91.9475
2011-11-30 23:00:00,53.0525
2011-12-20 00:00:00,32.295
2011-12-20 01:00:00,11.5475
2011-12-20 02:00:00,5.7475
2011-12-20 03:00:00,4.955
2011-12-20 04:00:00,5.265833333333332
2011-12-20 05:00:00,24.165
2011-12-20 06:00:00,92.0775
2011-12-20 07:00:00,259.07
2011-12-20 08:00:00,430.7225
2011-12-20 09:00:00,211.635
2011-12-20 10:00:00,127.75
2011-12-20 11:00:00,133.4625
2011-12-20 12:00:00,160.7425
2011-12-20 13:00:00,159.4575
2011-12-20 14:00:00,154.6325
2011-12-20 15:00:00,162.2825
2011-12-20 16:00:00,273.39
2011-12-20 17:00:00,412.0875
2011-12-20 18:00:00,383.295
2011-12-20 19:00:00,248.7325
2011-12-20 20:00:00,191.7875
2011-12-20 21:00:00,146.3075
2011-12-20 22:00:00,100.85
2011-12-20 23:00:00,65.575
2011-12-21 00:00:00,37.0275
2011-12-21 01:00:00,15.475
2011-12-21 02:00:00,6.4925
2011-12-21 03:00:00,5.355
2011-12-21 04:00:00,5.228333333333333
2011-12-21 05:00:00,25.1025
2011-12-21 06:00:00,92.8925
2011-12-21 07:00:00,247.33
2011-12-21 08:00:00,174.7525
2011-12-21 09:00:00,197.4125
2011-12-21 10:00:00,112.5525
2011-12-21 11:00:00,114.8075
2011-12-21 12:00:00,71.6475
2011-12-21 13:00:00,46.235
2011-12-21 14:00:00,117.4175
2011-12-21 15:00:00,120.015
2011-12-21 16:00:00,67.9025
2011-12-21 17:00:00,87.0775
2011-12-21 18:00:00,279.8025
2011-12-21 19:00:00,178.465
2011-12-21 20:00:00,161.04
2011-12-21 21:00:00,139.9325
2011-12-21 22:00:00,126.9925
2011-12-21 23:00:00,71.41
2011-12-22 00:00:00,38.3575
2011-12-22 01:00:00,12.935
2011-12-22 02:00:00,9.155
2011-12-22 03:00:00,5.4825
2011-12-22 04:00:00,5.4875
2011-12-22 05:00:00,27.2975
2011-12-22 06:00:00,94.485
2011-12-22 07:00:00,255.8475
2011-12-22 08:00:00,441.7275
2011-12-22 09:00:00,205.6975
2011-12-22 10:00:00,108.7625
2011-12-22 11:00:00,125.0475
2011-12-22 12:00:00,172.54
2011-12-22 13:00:00,153.955
2011-12-22 14:00:00,148.6
2011-12-22 15:00:00,154.0025
2011-12-22 16:00:00,250.4775
2011-12-22 17:00:00,415.35
2011-12-22 18:00:00,405.6325
2011-12-22 19:00:00,255.85
2011-12-22 20:00:00,134.8175
2011-12-22 21:00:00,108.075
2011-12-22 22:00:00,66.285
2011-12-22 23:00:00,71.135
2011-12-23 00:00:00,44.115
2011-12-23 01:00:00,22.09
2011-12-23 02:00:00,11.3175
2011-12-23 03:00:00,5.55625
2011-12-23 04:00:00,4.4225
2011-12-23 05:00:00,22.455
2011-12-23 06:00:00,85.035
2011-12-23 07:00:00,251.25
2011-12-23 08:00:00,412.7175
2011-12-23 09:00:00,221.395
2011-12-23 10:00:00,149.16
2011-12-23 11:00:00,166.2625
2011-12-23 12:00:00,192.295
2011-12-23 13:00:00,191.7875
2011-12-23 14:00:00,189.7425
2011-12-23 15:00:00,187.895
2011-12-23 16:00:00,227.8275
2011-12-23 17:00:00,382.7775
2011-12-23 18:00:00,372.9
2011-12-23 19:00:00,235.19
2011-12-23 20:00:00,156.255
2011-12-23 21:00:00,123.51
2011-12-23 22:00:00,101.47
2011-12-23 23:00:00,82.0575
2011-12-24 00:00:00,77.3925
2011-12-24 01:00:00,80.1525
2011-12-24 02:00:00,58.9475
2011-12-24 03:00:00,26.84
2011-12-24 04:00:00,6.035
2011-12-24 05:00:00,5.7325
2011-12-24 06:00:00,16.5575
2011-12-24 07:00:00,67.3775
2011-12-24 08:00:00,85.06
2011-12-24 09:00:00,185.6625
2011-12-24 10:00:00,203.53
2011-12-24 11:00:00,222.1725
2011-12-24 12:00:00,262.6175
2011-12-24 13:00:00,269.1725
2011-12-24 14:00:00,269.2875
2011-12-24 15:00:00,222.84
2011-12-24 16:00:00,222.64
2011-12-24 17:00:00,175.27
2011-12-24 18:00:00,193.905
2011-12-24 19:00:00,186.81
2011-12-24 20:00:00,127.255
2011-12-24 21:00:00,93.09
2011-12-24 22:00:00,83.4625
2011-12-24 23:00:00,68.365
2011-12-25 00:00:00,68.205
2011-12-25 01:00:00,59.4375
2011-12-25 02:00:00,51.1475
2011-12-25 03:00:00,17.3225
2011-12-25 05:00:00,5.38
2011-12-25 06:00:00,9.04
2011-12-25 07:00:00,29.525
2011-12-25 08:00:00,77.9
2011-12-25 09:00:00,113.8175
2011-12-25 10:00:00,159.6275
2011-12-25 11:00:00,196.3575
2011-12-25 12:00:00,207.775
2011-12-25 13:00:00,209.6625
2011-12-25 14:00:00,240.47
2011-12-25 15:00:00,242.12
2011-12-25 16:00:00,272.1775
2011-12-25 17:00:00,212.025
2011-12-25 18:00:00,175.885
2011-12-25 19:00:00,183.145
2011-12-25 20:00:00,145.0225
2011-12-25 21:00:00,79.775
2011-12-25 22:00:00,61.6125
2011-12-25 23:00:00,49.68
2011-12-26 00:00:00,56.5225
2011-12-26 01:00:00,38.9425
2011-12-26 02:00:00,15.92
2011-12-26 04:00:00,7.285
2011-12-26 05:00:00,12.545
2011-12-26 06:00:00,41.0425
2011-12-26 07:00:00,180.0825
2011-12-26 08:00:00,187.05
2011-12-26 09:00:00,186.75
2011-12-26 10:00:00,173.1375
2011-12-26 11:00:00,171.49
2011-12-26 12:00:00,212.0775
2011-12-26 13:00:00,206.5475
2011-12-26 14:00:00,203.11
2011-12-26 15:00:00,213.1575
2011-12-26 16:00:00,216.5075
2011-12-26 17:00:00,209.0875
2011-12-26 18:00:00,222.2
2011-12-26 19:00:00,210.585
2011-12-26 20:00:00,153.4625
2011-12-26 21:00:00,108.155
2011-12-26 22:00:00,82.5725
2011-12-26 23:00:00,56.5425
2011-12-27 00:00:00,25.605
2011-12-27 01:00:00,13.0925
2011-12-27 02:00:00,4.675
2011-12-27 03:00:00,4.91
2011-12-27 04:00:00,5.4175
2011-12-27 05:00:00,21.9975
2011-12-27 06:00:00,88.5825
2011-12-27 07:00:00,223.1225
2011-12-27 08:00:00,402.17
2011-12-27 09:00:00,122.885
2011-12-27 10:00:00,118.715
2011-12-27 11:00:00,106.1475
2011-12-27 12:00:00,96.3775
2011-12-27 13:00:00,63.735
2011-12-27 14:00:00,89.215
2011-12-27 15:00:00,88.755
2011-12-27 16:00:00,90.8
2011-12-27 17:00:00,290.9325
2011-12-27 18:00:00,353.735
2011-12-27 19:00:00,225.64
2011-12-27 20:00:00,163.3325
2011-12-27 21:00:00,141.585
2011-12-27 22:00:00,105.245
2011-12-27 23:00:00,57.4325
2011-12-28 00:00:00,22.8125
2011-12-28 01:00:00,14.1575
2011-12-28 02:00:00,6.06
2011-12-28 03:00:00,4.855
2011-12-28 05:00:00,22.37
2011-12-28 06:00:00,86.7275
2011-12-28 07:00:00,224.3425
2011-12-28 08:00:00,435.3275
2011-12-28 09:00:00,211.035
2011-12-28 10:00:00,119.75
2011-12-28 11:00:00,137.0475
2011-12-28 12:00:00,147.9725
2011-12-28 13:00:00,150.62
2011-12-28 14:00:00,146.195
2011-12-28 15:00:00,151.2875
2011-12-28 16:00:00,202.87
2011-12-28 17:00:00,366.4825
2011-12-28 18:00:00,375.41
2011-12-28 19:00:00,187.1675
2011-12-28 20:00:00,159.785
2011-12-28 21:00:00,114.345
2011-12-28 22:00:00,88.9325
2011-12-28 23:00:00,55.2125
2011-12-29 00:00:00,33.4525
2011-12-29 01:00:00,14.9275
2011-12-29 02:00:00,7.3875
2011-12-29 03:00:00,4.482916666666666
2011-12-29 04:00:00,4.4279166666666665
2011-12-29 05:00:00,22.3375
2011-12-29 06:00:00,84.355
2011-12-29 07:00:00,205.99
2011-12-29 08:00:00,397.0925
2011-12-29 09:00:00,206.01
2011-12-29 10:00:00,114.6775
2011-12-29 11:00:00,128.795
2011-12-29 12:00:00,148.1725
2011-12-29 13:00:00,140.9925
2011-12-29 14:00:00,152.5975
2011-12-29 15:00:00,148.645
2011-12-29 16:00:00,206.5875
2011-12-29 17:00:00,366.445
2011-12-29 18:00:00,337.7325
2011-12-29 19:00:00,224.97
2011-12-29 20:00:00,160.4625
2011-12-29 21:00:00,137.0375
2011-12-29 22:00:00,98.1675
2011-12-29 23:00:00,74.0
2011-12-30 00:00:00,37.85
2011-12-30 01:00:00,16.175
2011-12-30 02:00:00,11.49
2011-12-30 03:00:00,4.081723214285714
2011-12-30 04:00:00,3.6084196428571436
2011-12-30 05:00:00,22.9
2011-12-30 06:00:00,76.88
2011-12-30 07:00:00,199.995
2011-12-30 08:00:00,391.65
2011-12-30 09:00:00,219.1925
2011-12-30 10:00:00,119.6325
2011-12-30 11:00:00,145.5025
2011-12-30 12:00:00,175.5375
2011-12-30 13:00:00,174.245
2011-12-30 14:00:00,184.89
2011-12-30 15:00:00,195.835
2011-12-30 16:00:00,254.83
2011-12-30 17:00:00,387.4075
2011-12-30 18:00:00,370.09
2011-12-30 19:00:00,212.7275
2011-12-30 20:00:00,171.5375
2011-12-30 21:00:00,131.8825
2011-12-30 22:00:00,105.115
2011-12-30 23:00:00,83.62
2011-12-31 00:00:00,75.5925
2011-12-31 01:00:00,64.82
2011-12-31 02:00:00,60.135
2011-12-31 03:00:00,25.915
2011-12-31 04:00:00,7.6025
2011-12-31 05:00:00,6.0025
2011-12-31 06:00:00,16.95
2011-12-31 07:00:00,108.285
2011-12-31 08:00:00,104.045
2011-12-31 09:00:00,160.0525
2011-12-31 10:00:00,227.3575
2011-12-31 11:00:00,256.615
2011-12-31 12:00:00,368.37
2011-12-31 13:00:00,346.2225
2011-12-31 14:00:00,309.5075
2011-12-31 15:00:00,311.5625
2011-12-31 16:00:00,296.6875
2011-12-31 17:00:00,254.38
2011-12-31 18:00:00,209.3725
2011-12-31 19:00:00,189.335
2011-12-31 20:00:00,152.9
2011-12-31 21:00:00,118.7025
2011-12-31 22:00:00,103.2875
2011-12-31 23:00:00,89.1975
2012-01-20 00:00:00,26.2025
2012-01-20 01:00:00,11.0325
2012-01-20 02:00:00,8.1075
2012-01-20 03:00:00,4.7675
2012-01-20 04:00:00,3.585
2012-01-20 05:00:00,20.3725
2012-01-20 06:00:00,78.7875
2012-01-20 07:00:00,217.5525
2012-01-20 08:00:00,440.7025
2012-01-20 09:00:00,200.1675
2012-01-20 10:00:00,147.3525
2012-01-20 11:00:00,162.2575
2012-01-20 12:00:00,177.055
2012-01-20 13:00:00,167.0675
2012-01-20 14:00:00,164.57
2012-01-20 15:00:00,160.32
2012-01-20 16:00:00,162.8575
2012-01-20 17:00:00,393.515
2012-01-20 18:00:00,361.7925
2012-01-20 19:00:00,166.0175
2012-01-20 20:00:00,155.2075
2012-01-20 21:00:00,83.275
2012-01-20 22:00:00,67.175
2012-01-20 23:00:00,47.415
2012-01-21 00:00:00,39.07
2012-01-21 01:00:00,40.7825
2012-01-21 02:00:00,41.565
2012-01-21 03:00:00,18.8925
2012-01-21 04:00:00,6.67
2012-01-21 05:00:00,5.555
2012-01-21 06:00:00,6.625
2012-01-21 07:00:00,95.82
2012-01-21 08:00:00,106.6775
2012-01-21 09:00:00,131.1625
2012-01-21 10:00:00,133.7725
2012-01-21 11:00:00,158.4825
2012-01-21 12:00:00,173.9475
2012-01-21 13:00:00,182.795
2012-01-21 14:00:00,125.695
2012-01-21 15:00:00,126.43
2012-01-21 16:00:00,193.28
2012-01-21 17:00:00,180.2225
2012-01-21 18:00:00,175.9375
2012-01-21 19:00:00,125.01
2012-01-21 20:00:00,154.6875
2012-01-21 21:00:00,73.115
2012-01-21 22:00:00,63.155
2012-01-21 23:00:00,55.825
2012-01-22 00:00:00,56.185
2012-01-22 01:00:00,48.78
2012-01-22 02:00:00,45.1025
2012-01-22 03:00:00,22.2025
2012-01-22 04:00:00,5.0975
2012-01-22 05:00:00,3.8825
2012-01-22 06:00:00,5.3825
2012-01-22 07:00:00,91.4825
2012-01-22 08:00:00,103.895
2012-01-22 09:00:00,130.3775
2012-01-22 10:00:00,134.6925
2012-01-22 11:00:00,140.03
2012-01-22 12:00:00,145.185
2012-01-22 13:00:00,149.635
2012-01-22 14:00:00,152.0325
2012-01-22 15:00:00,139.275
2012-01-22 16:00:00,138.59
2012-01-22 17:00:00,129.4825
2012-01-22 18:00:00,137.64
2012-01-22 19:00:00,138.505
2012-01-22 20:00:00,126.5275
2012-01-22 21:00:00,68.92
2012-01-22 22:00:00,62.24
2012-01-22 23:00:00,41.325
2012-01-23 00:00:00,17.1975
2012-01-23 01:00:00,5.8675
2012-01-23 02:00:00,3.7475
2012-01-23 03:00:00,3.3475
2012-01-23 04:00:00,3.535
2012-01-23 05:00:00,20.275
2012-01-23 06:00:00,79.2325
2012-01-23 07:00:00,128.4375
2012-01-23 08:00:00,185.6775
2012-01-23 09:00:00,201.3025
2012-01-23 10:00:00,115.9575
2012-01-23 11:00:00,114.0875
2012-01-23 12:00:00,112.385
2012-01-23 13:00:00,82.8175
2012-01-23 14:00:00,67.64
2012-01-23 15:00:00,119.5525
2012-01-23 16:00:00,113.5825
2012-01-23 17:00:00,424.5075
2012-01-23 18:00:00,404.3975
2012-01-23 19:00:00,122.9425
2012-01-23 20:00:00,123.1525
2012-01-23 21:00:00,92.5825
2012-01-23 22:00:00,77.25
2012-01-23 23:00:00,46.7375
2012-01-24 00:00:00,18.5575
2012-01-24 01:00:00,6.665
2012-01-24 02:00:00,6.0675
2012-01-24 03:00:00,2.9
2012-01-24 04:00:00,3.165
2012-01-24 05:00:00,20.5
2012-01-24 06:00:00,80.6225
2012-01-24 07:00:00,184.9775
2012-01-24 08:00:00,477.77
2012-01-24 09:00:00,178.1875
2012-01-24 10:00:00,105.2225
2012-01-24 11:00:00,94.63
2012-01-24 12:00:00,102.3575
2012-01-24 13:00:00,102.11
2012-01-24 14:00:00,133.265
2012-01-24 15:00:00,144.605
2012-01-24 16:00:00,255.78
2012-01-24 17:00:00,469.675
2012-01-24 18:00:00,438.2375
2012-01-24 19:00:00,277.9175
2012-01-24 20:00:00,166.72
2012-01-24 21:00:00,147.3475
2012-01-24 22:00:00,105.425
2012-01-24 23:00:00,62.9
2012-01-25 00:00:00,18.185
2012-01-25 01:00:00,8.2475
2012-01-25 02:00:00,6.865
2012-01-25 03:00:00,3.0975
2012-01-25 04:00:00,2.8775
2012-01-25 05:00:00,18.9425
2012-01-25 06:00:00,75.085
2012-01-25 07:00:00,213.225
2012-01-25 08:00:00,467.7725
2012-01-25 09:00:00,208.495
2012-01-25 10:00:00,156.11
2012-01-25 11:00:00,133.025
2012-01-25 12:00:00,139.765
2012-01-25 13:00:00,141.0875
2012-01-25 14:00:00,140.855
2012-01-25 15:00:00,151.47
2012-01-25 16:00:00,192.5125
2012-01-25 17:00:00,445.665
2012-01-25 18:00:00,448.58
2012-01-25 19:00:00,231.0
2012-01-25 20:00:00,166.4975
2012-01-25 21:00:00,139.1725
2012-01-25 22:00:00,107.795
2012-01-25 23:00:00,57.4
2012-01-26 00:00:00,21.365
2012-01-26 01:00:00,7.8
2012-01-26 02:00:00,7.1225
2012-01-26 03:00:00,3.24
2012-01-26 04:00:00,3.335
2012-01-26 05:00:00,20.9975
2012-01-26 06:00:00,82.5775
2012-01-26 07:00:00,202.63
2012-01-26 08:00:00,487.3975
2012-01-26 09:00:00,199.195
2012-01-26 10:00:00,128.1225
2012-01-26 11:00:00,121.7375
2012-01-26 12:00:00,139.825
2012-01-26 13:00:00,152.025
2012-01-26 14:00:00,151.15
2012-01-26 15:00:00,165.48
2012-01-26 16:00:00,263.89
2012-01-26 17:00:00,468.705
2012-01-26 18:00:00,445.99
2012-01-26 19:00:00,281.89
2012-01-26 20:00:00,203.8425
2012-01-26 21:00:00,147.515
2012-01-26 22:00:00,116.3275
2012-01-26 23:00:00,82.39
2012-01-27 00:00:00,40.245
2012-01-27 01:00:00,16.8125
2012-01-27 02:00:00,7.525
2012-01-27 03:00:00,3.85
2012-01-27 04:00:00,3.0925
2012-01-27 05:00:00,23.1775
2012-01-27 06:00:00,92.4425
2012-01-27 07:00:00,237.765
2012-01-27 08:00:00,341.6375
2012-01-27 09:00:00,174.5875
2012-01-27 10:00:00,127.63
2012-01-27 11:00:00,189.7975
2012-01-27 12:00:00,223.555
2012-01-27 13:00:00,251.55
2012-01-27 14:00:00,260.155
2012-01-27 15:00:00,269.835
2012-01-27 16:00:00,265.54
2012-01-27 17:00:00,451.5425
2012-01-27 18:00:00,416.3175
2012-01-27 19:00:00,256.1275
2012-01-27 20:00:00,173.15
2012-01-27 21:00:00,130.64
2012-01-27 22:00:00,105.8225
2012-01-27 23:00:00,66.655
2012-01-28 00:00:00,64.2825
2012-01-28 01:00:00,51.3175
2012-01-28 02:00:00,47.555
2012-01-28 03:00:00,22.6925
2012-01-28 04:00:00,4.675
2012-01-28 05:00:00,3.805
2012-01-28 06:00:00,7.7225
2012-01-28 07:00:00,96.205
2012-01-28 08:00:00,118.3725
2012-01-28 09:00:00,139.335
2012-01-28 10:00:00,157.4
2012-01-28 11:00:00,172.535
2012-01-28 12:00:00,202.4075
2012-01-28 13:00:00,259.865
2012-01-28 14:00:00,285.52
2012-01-28 15:00:00,301.5925
2012-01-28 16:00:00,378.6025
2012-01-28 17:00:00,302.59
2012-01-28 18:00:00,263.21
2012-01-28 19:00:00,229.415
2012-01-28 20:00:00,201.8275
2012-01-28 21:00:00,120.605
2012-01-28 22:00:00,109.445
2012-01-28 23:00:00,79.01
2012-01-29 00:00:00,67.0325
2012-01-29 01:00:00,58.3575
2012-01-29 02:00:00,46.5225
2012-01-29 03:00:00,24.1275
2012-01-29 04:00:00,5.635
2012-01-29 05:00:00,4.255
2012-01-29 06:00:00,7.1975
2012-01-29 07:00:00,76.6575
2012-01-29 08:00:00,93.2325
2012-01-29 09:00:00,122.3375
2012-01-29 10:00:00,157.155
2012-01-29 11:00:00,187.73
2012-01-29 12:00:00,220.5425
2012-01-29 13:00:00,219.655
2012-01-29 14:00:00,217.44
2012-01-29 15:00:00,304.8475
2012-01-29 16:00:00,292.3875
2012-01-29 17:00:00,263.23
2012-01-29 18:00:00,213.55
2012-01-29 19:00:00,167.8325
2012-01-29 20:00:00,128.815
2012-01-29 21:00:00,92.3725
2012-01-29 22:00:00,83.51
2012-01-29 23:00:00,49.4875
2012-01-30 00:00:00,24.4275
2012-01-30 01:00:00,3.605
2012-01-30 02:00:00,3.87
2012-01-30 03:00:00,2.7025
2012-01-30 04:00:00,2.6625
2012-01-30 05:00:00,18.385
2012-01-30 06:00:00,77.6175
2012-01-30 07:00:00,181.3675
2012-01-30 08:00:00,367.855
2012-01-30 09:00:00,174.0625
2012-01-30 10:00:00,127.9675
2012-01-30 11:00:00,113.23
2012-01-30 12:00:00,150.5625
2012-01-30 13:00:00,140.1675
2012-01-30 14:00:00,148.305
2012-01-30 15:00:00,148.0975
2012-01-30 16:00:00,202.0325
2012-01-30 17:00:00,409.915
2012-01-30 18:00:00,405.0425
2012-01-30 19:00:00,179.2
2012-01-30 20:00:00,165.665
2012-01-30 21:00:00,134.9575
2012-01-30 22:00:00,88.5825
2012-01-30 23:00:00,49.355
2012-01-31 00:00:00,18.245
2012-01-31 01:00:00,5.715
2012-01-31 02:00:00,4.66
2012-01-31 03:00:00,2.68
2012-01-31 04:00:00,2.475
2012-01-31 05:00:00,18.1775
2012-01-31 06:00:00,84.5125
2012-01-31 07:00:00,198.71
2012-01-31 08:00:00,474.195
2012-01-31 09:00:00,178.0325
2012-01-31 10:00:00,133.055
2012-01-31 11:00:00,124.4825
2012-01-31 12:00:00,145.125
2012-01-31 13:00:00,172.535
2012-01-31 14:00:00,190.305
2012-01-31 15:00:00,202.055
2012-01-31 16:00:00,301.36
2012-01-31 17:00:00,484.98
2012-01-31 18:00:00,479.165
2012-01-31 19:00:00,321.4575
2012-01-31 20:00:00,195.3
2012-01-31 21:00:00,168.8575
2012-01-31 22:00:00,110.2625
2012-01-31 23:00:00,78.74
2012-02-20 00:00:00,32.29
2012-02-20 01:00:00,26.905
2012-02-20 02:00:00,17.4075
2012-02-20 03:00:00,5.96
2012-02-20 05:00:00,7.8875
2012-02-20 06:00:00,11.0075
2012-02-20 07:00:00,92.6925
2012-02-20 08:00:00,142.615
2012-02-20 09:00:00,176.7625
2012-02-20 10:00:00,157.3425
2012-02-20 11:00:00,159.4125
2012-02-20 12:00:00,168.66
2012-02-20 13:00:00,174.0025
2012-02-20 14:00:00,185.82
2012-02-20 15:00:00,199.2675
2012-02-20 16:00:00,286.745
2012-02-20 17:00:00,282.6575
2012-02-20 18:00:00,235.99
2012-02-20 19:00:00,226.065
2012-02-20 20:00:00,197.775
2012-02-20 21:00:00,129.51
2012-02-20 22:00:00,100.6975
2012-02-20 23:00:00,66.6
2012-02-21 00:00:00,19.65
2012-02-21 01:00:00,6.1425
2012-02-21 02:00:00,3.145
2012-02-21 04:00:00,2.18
2012-02-21 05:00:00,19.9
2012-02-21 06:00:00,79.2275
2012-02-21 07:00:00,208.3225
2012-02-21 08:00:00,483.6025
2012-02-21 09:00:00,240.34
2012-02-21 10:00:00,142.8325
2012-02-21 11:00:00,133.9325
2012-02-21 12:00:00,145.0925
2012-02-21 13:00:00,147.645
2012-02-21 14:00:00,154.66
2012-02-21 15:00:00,148.0575
2012-02-21 16:00:00,228.865
2012-02-21 17:00:00,443.6075
2012-02-21 18:00:00,426.0475
2012-02-21 19:00:00,271.535
2012-02-21 20:00:00,195.9525
2012-02-21 21:00:00,168.3775
2012-02-21 22:00:00,103.345
2012-02-21 23:00:00,50.52
2012-02-22 00:00:00,23.355
2012-02-22 01:00:00,8.8425
2012-02-22 02:00:00,4.465
2012-02-22 03:00:00,2.9175
2012-02-22 04:00:00,2.19
2012-02-22 05:00:00,19.855
2012-02-22 06:00:00,81.13
2012-02-22 07:00:00,259.19
2012-02-22 08:00:00,505.5825
2012-02-22 09:00:00,258.105
2012-02-22 10:00:00,149.77
2012-02-22 11:00:00,144.27
2012-02-22 12:00:00,157.4475
2012-02-22 13:00:00,163.3925
2012-02-22 14:00:00,157.1725
2012-02-22 15:00:00,201.445
2012-02-22 16:00:00,293.965
2012-02-22 17:00:00,498.245
2012-02-22 18:00:00,482.725
2012-02-22 19:00:00,291.96
2012-02-22 20:00:00,201.405
2012-02-22 21:00:00,199.0125
2012-02-22 22:00:00,117.58
2012-02-22 23:00:00,80.57
2012-02-23 00:00:00,38.1725
2012-02-23 01:00:00,10.8125
2012-02-23 02:00:00,8.4925
2012-02-23 03:00:00,3.4925
2012-02-23 04:00:00,2.69
2012-02-23 05:00:00,21.33
2012-02-23 06:00:00,84.2425
2012-02-23 07:00:00,235.9825
2012-02-23 08:00:00,483.5525
2012-02-23 09:00:00,231.19
2012-02-23 10:00:00,147.765
2012-02-23 11:00:00,183.0175
2012-02-23 12:00:00,210.0975
2012-02-23 13:00:00,208.23
2012-02-23 14:00:00,198.2975
2012-02-23 15:00:00,212.535
2012-02-23 16:00:00,315.65
2012-02-23 17:00:00,502.5425
2012-02-23 18:00:00,492.6125
2012-02-23 19:00:00,312.4975
2012-02-23 20:00:00,209.1675
2012-02-23 21:00:00,165.3475
2012-02-23 22:00:00,125.28
2012-02-23 23:00:00,95.89
2012-02-24 00:00:00,46.74
2012-02-24 01:00:00,21.285
2012-02-24 02:00:00,7.81
2012-02-24 03:00:00,4.385
2012-02-24 04:00:00,3.02
2012-02-24 05:00:00,21.675
2012-02-24 06:00:00,80.0
2012-02-24 07:00:00,238.255
2012-02-24 08:00:00,469.7475
2012-02-24 09:00:00,154.64
2012-02-24 10:00:00,121.0725
2012-02-24 11:00:00,171.115
2012-02-24 12:00:00,186.68
2012-02-24 13:00:00,186.965
2012-02-24 14:00:00,188.4725
2012-02-24 15:00:00,142.6075
2012-02-24 16:00:00,169.8075
2012-02-24 17:00:00,335.3325
2012-02-24 18:00:00,458.6125
2012-02-24 19:00:00,268.5775
2012-02-24 20:00:00,191.0475
2012-02-24 21:00:00,146.28
2012-02-24 22:00:00,119.3725
2012-02-24 23:00:00,91.5425
2012-02-25 00:00:00,72.89
2012-02-25 01:00:00,63.6825
2012-02-25 02:00:00,45.14
2012-02-25 03:00:00,16.15
2012-02-25 04:00:00,4.355
2012-02-25 05:00:00,3.98
2012-02-25 06:00:00,9.875
2012-02-25 07:00:00,82.6075
2012-02-25 08:00:00,97.5225
2012-02-25 09:00:00,107.4375
2012-02-25 10:00:00,183.7725
2012-02-25 11:00:00,184.0225
2012-02-25 12:00:00,231.355
2012-02-25 13:00:00,244.1425
2012-02-25 14:00:00,226.945
2012-02-25 15:00:00,243.235
2012-02-25 16:00:00,219.74
2012-02-25 17:00:00,191.975
2012-02-25 18:00:00,173.96
2012-02-25 19:00:00,150.9675
2012-02-25 20:00:00,135.1275
2012-02-25 21:00:00,75.0625
2012-02-25 22:00:00,76.4075
2012-02-25 23:00:00,52.12
2012-02-26 00:00:00,64.525
2012-02-26 01:00:00,52.685
2012-02-26 02:00:00,44.6175
2012-02-26 03:00:00,23.6
2012-02-26 04:00:00,3.8375
2012-02-26 05:00:00,3.6825
2012-02-26 06:00:00,7.05
2012-02-26 07:00:00,71.8475
2012-02-26 08:00:00,103.69
2012-02-26 09:00:00,120.8825
2012-02-26 10:00:00,180.225
2012-02-26 11:00:00,192.8375
2012-02-26 12:00:00,241.18
2012-02-26 13:00:00,261.99
2012-02-26 14:00:00,284.15
2012-02-26 15:00:00,320.8475
2012-02-26 16:00:00,301.665
2012-02-26 17:00:00,270.96
2012-02-26 18:00:00,218.405
2012-02-26 19:00:00,204.6775
2012-02-26 20:00:00,166.8475
2012-02-26 21:00:00,100.5775
2012-02-26 22:00:00,94.3525
2012-02-26 23:00:00,39.945
2012-02-27 00:00:00,15.7425
2012-02-27 01:00:00,6.28
2012-02-27 02:00:00,4.8425
2012-02-27 03:00:00,2.255
2012-02-27 04:00:00,1.865
2012-02-27 05:00:00,18.68
2012-02-27 06:00:00,80.95
2012-02-27 07:00:00,217.9575
2012-02-27 08:00:00,459.375
2012-02-27 09:00:00,213.5525
2012-02-27 10:00:00,142.245
2012-02-27 11:00:00,143.865
2012-02-27 12:00:00,158.06
2012-02-27 13:00:00,160.2475
2012-02-27 14:00:00,158.27
2012-02-27 15:00:00,204.9075
2012-02-27 16:00:00,302.15
2012-02-27 17:00:00,497.4825
2012-02-27 18:00:00,485.155
2012-02-27 19:00:00,327.725
2012-02-27 20:00:00,244.545
2012-02-27 21:00:00,171.6375
2012-02-27 22:00:00,110.8275
2012-02-27 23:00:00,71.5825
2012-02-28 00:00:00,27.99
2012-02-28 01:00:00,9.34
2012-02-28 02:00:00,7.5325
2012-02-28 03:00:00,3.0675
2012-02-28 04:00:00,2.48
2012-02-28 05:00:00,19.9075
2012-02-28 06:00:00,87.21
2012-02-28 07:00:00,182.0125
2012-02-28 08:00:00,442.7675
2012-02-28 09:00:00,192.445
2012-02-28 10:00:00,131.4775
2012-02-28 11:00:00,139.1025
2012-02-28 12:00:00,152.26
2012-02-28 13:00:00,157.53
2012-02-28 14:00:00,143.53
2012-02-28 15:00:00,158.1475
2012-02-28 16:00:00,263.815
2012-02-28 17:00:00,490.955
2012-02-28 18:00:00,486.235
2012-02-28 19:00:00,282.7175
2012-02-28 20:00:00,193.5425
2012-02-28 21:00:00,156.6825
2012-02-28 22:00:00,105.295
2012-02-28 23:00:00,50.7525
2012-02-29 00:00:00,23.765
2012-02-29 01:00:00,8.9825
2012-02-29 02:00:00,4.335
2012-02-29 03:00:00,2.1175
2012-02-29 05:00:00,20.4925
2012-02-29 06:00:00,80.61
2012-02-29 07:00:00,232.115
2012-02-29 08:00:00,502.8175
2012-02-29 09:00:00,75.2025
2012-02-29 10:00:00,67.265
2012-02-29 11:00:00,70.6125
2012-02-29 12:00:00,74.9475
2012-02-29 13:00:00,143.6475
2012-02-29 14:00:00,139.19
2012-02-29 15:00:00,151.445
2012-02-29 16:00:00,163.27
2012-02-29 17:00:00,455.9125
2012-02-29 18:00:00,302.6525
2012-02-29 19:00:00,267.19
2012-02-29 20:00:00,156.7375
2012-02-29 21:00:00,113.2675
2012-02-29 22:00:00,90.7375
2012-02-29 23:00:00,75.845
2012-03-20 00:00:00,28.4125
2012-03-20 01:00:00,17.3275
2012-03-20 02:00:00,5.6675
2012-03-20 03:00:00,4.5325
2012-03-20 04:00:00,3.895
2012-03-20 05:00:00,25.16
2012-03-20 06:00:00,119.49
2012-03-20 07:00:00,125.845
2012-03-20 08:00:00,572.1875
2012-03-20 09:00:00,339.28
2012-03-20 10:00:00,146.07
2012-03-20 11:00:00,164.115
2012-03-20 12:00:00,214.98
2012-03-20 13:00:00,219.2625
2012-03-20 14:00:00,209.3175
2012-03-20 15:00:00,250.5075
2012-03-20 16:00:00,358.9
2012-03-20 17:00:00,690.6275
2012-03-20 18:00:00,681.64
2012-03-20 19:00:00,457.065
2012-03-20 20:00:00,347.4
2012-03-20 21:00:00,229.575
2012-03-20 22:00:00,174.5225
2012-03-20 23:00:00,84.7175
2012-03-21 00:00:00,30.7975
2012-03-21 01:00:00,18.675
2012-03-21 02:00:00,5.9775
2012-03-21 03:00:00,3.7575
2012-03-21 04:00:00,4.3575
2012-03-21 05:00:00,24.1675
2012-03-21 06:00:00,119.89
2012-03-21 07:00:00,152.015
2012-03-21 08:00:00,432.345
2012-03-21 09:00:00,334.105
2012-03-21 10:00:00,157.5625
2012-03-21 11:00:00,161.7425
2012-03-21 12:00:00,231.5825
2012-03-21 13:00:00,219.35
2012-03-21 14:00:00,219.81
2012-03-21 15:00:00,229.475
2012-03-21 16:00:00,396.8925
2012-03-21 17:00:00,682.4837916666667
2012-03-21 18:00:00,682.7162916666666
2012-03-21 19:00:00,498.7925
2012-03-21 20:00:00,329.5675
2012-03-21 21:00:00,224.1925
2012-03-21 22:00:00,182.4
2012-03-21 23:00:00,104.4525
2012-03-22 00:00:00,41.3775
2012-03-22 01:00:00,19.74
2012-03-22 02:00:00,9.075
2012-03-22 03:00:00,6.32
2012-03-22 04:00:00,5.5825
2012-03-22 05:00:00,24.4275
2012-03-22 06:00:00,120.5125
2012-03-22 07:00:00,321.4075
2012-03-22 08:00:00,587.185
2012-03-22 09:00:00,312.9925
2012-03-22 10:00:00,166.2925
2012-03-22 11:00:00,162.96
2012-03-22 12:00:00,206.61
2012-03-22 13:00:00,234.99
2012-03-22 14:00:00,230.1425
2012-03-22 15:00:00,248.8475
2012-03-22 16:00:00,387.24
2012-03-22 17:00:00,732.5275
2012-03-22 18:00:00,738.285
2012-03-22 19:00:00,497.4525
2012-03-22 20:00:00,347.8775
2012-03-22 21:00:00,247.9525
2012-03-22 22:00:00,185.6
2012-03-22 23:00:00,122.9725
2012-03-23 00:00:00,52.0325
2012-03-23 01:00:00,26.03
2012-03-23 02:00:00,9.5725
2012-03-23 03:00:00,7.305
2012-03-23 04:00:00,6.725
2012-03-23 05:00:00,26.9875
2012-03-23 06:00:00,117.4475
2012-03-23 07:00:00,315.515
2012-03-23 08:00:00,575.4975
2012-03-23 09:00:00,314.745
2012-03-23 10:00:00,189.555
2012-03-23 11:00:00,233.19
2012-03-23 12:00:00,321.375
2012-03-23 13:00:00,367.9975
2012-03-23 14:00:00,360.5175
2012-03-23 15:00:00,364.7575
2012-03-23 16:00:00,465.53
2012-03-23 17:00:00,727.7875
2012-03-23 18:00:00,715.4575
2012-03-23 19:00:00,462.9825
2012-03-23 20:00:00,341.98
2012-03-23 21:00:00,262.12
2012-03-23 22:00:00,242.25
2012-03-23 23:00:00,175.075
2012-03-24 00:00:00,109.7675
2012-03-24 01:00:00,96.51125
2012-03-24 02:00:00,57.46
2012-03-24 03:00:00,27.64
2012-03-24 04:00:00,11.8
2012-03-24 05:00:00,11.525
2012-03-24 06:00:00,25.945
2012-03-24 07:00:00,124.0375
2012-03-24 08:00:00,234.255
2012-03-24 09:00:00,300.76
2012-03-24 10:00:00,390.43
2012-03-24 11:00:00,471.31
2012-03-24 12:00:00,310.825
2012-03-24 13:00:00,311.48
2012-03-24 14:00:00,302.08
2012-03-24 15:00:00,309.0625
2012-03-24 16:00:00,235.07
2012-03-24 17:00:00,221.85
2012-03-24 18:00:00,168.4975
2012-03-24 19:00:00,160.605
2012-03-24 20:00:00,135.45
2012-03-24 21:00:00,121.6975
2012-03-24 22:00:00,107.89
2012-03-24 23:00:00,100.025
2012-03-25 00:00:00,88.1025
2012-03-25 01:00:00,71.9175
2012-03-25 02:00:00,51.065
2012-03-25 03:00:00,19.7625
2012-03-25 04:00:00,10.5425
2012-03-25 05:00:00,8.925
2012-03-25 06:00:00,13.8175
2012-03-25 07:00:00,86.84
2012-03-25 08:00:00,126.1775
2012-03-25 09:00:00,186.415
2012-03-25 10:00:00,242.74
2012-03-25 11:00:00,292.6775
2012-03-25 12:00:00,361.18
2012-03-25 13:00:00,412.58
2012-03-25 14:00:00,446.1725
2012-03-25 15:00:00,426.485
2012-03-25 16:00:00,441.1475
2012-03-25 17:00:00,500.3425
2012-03-25 18:00:00,428.56
2012-03-25 19:00:00,325.2475
2012-03-25 20:00:00,224.6825
2012-03-25 21:00:00,151.53
2012-03-25 22:00:00,107.6825
2012-03-25 23:00:00,60.06
2012-03-26 00:00:00,25.67
2012-03-26 01:00:00,14.595
2012-03-26 02:00:00,7.2525
2012-03-26 03:00:00,2.9425
2012-03-26 04:00:00,3.8125
2012-03-26 05:00:00,26.8825
2012-03-26 06:00:00,113.56
2012-03-26 07:00:00,347.5875
2012-03-26 08:00:00,597.78
2012-03-26 09:00:00,303.56166666666667
2012-03-26 10:00:00,173.035
2012-03-26 11:00:00,208.195
2012-03-26 12:00:00,230.395
2012-03-26 13:00:00,230.54
2012-03-26 14:00:00,225.73
2012-03-26 15:00:00,233.895
2012-03-26 16:00:00,347.9775
2012-03-26 17:00:00,566.685
2012-03-26 18:00:00,514.8125
2012-03-26 19:00:00,292.8925
2012-03-26 20:00:00,220.9975
2012-03-26 21:00:00,176.8825
2012-03-26 22:00:00,109.4225
2012-03-26 23:00:00,60.93
2012-03-27 00:00:00,24.985
2012-03-27 01:00:00,7.0875
2012-03-27 02:00:00,4.5525
2012-03-27 03:00:00,2.5175
2012-03-27 04:00:00,2.3175
2012-03-27 05:00:00,22.215
2012-03-27 06:00:00,100.28
2012-03-27 07:00:00,230.5175
2012-03-27 08:00:00,463.66
2012-03-27 09:00:00,224.0425
2012-03-27 10:00:00,146.805
2012-03-27 11:00:00,173.3075
2012-03-27 12:00:00,193.5575
2012-03-27 13:00:00,197.02
2012-03-27 14:00:00,191.23
2012-03-27 15:00:00,203.1025
2012-03-27 16:00:00,302.925
2012-03-27 17:00:00,567.6
2012-03-27 18:00:00,503.995
2012-03-27 19:00:00,317.8875
2012-03-27 20:00:00,251.3
2012-03-27 21:00:00,153.1975
2012-03-27 22:00:00,114.5775
2012-03-27 23:00:00,71.675
2012-03-28 00:00:00,26.3075
2012-03-28 01:00:00,11.1125
2012-03-28 02:00:00,5.485
2012-03-28 03:00:00,3.69
2012-03-28 04:00:00,3.03
2012-03-28 05:00:00,23.8325
2012-03-28 06:00:00,113.5225
2012-03-28 07:00:00,283.26
2012-03-28 08:00:00,538.3175
2012-03-28 09:00:00,305.39166666666665
2012-03-28 10:00:00,178.2675
2012-03-28 11:00:00,199.5075
2012-03-28 12:00:00,239.425
2012-03-28 13:00:00,227.405
2012-03-28 14:00:00,236.12
2012-03-28 15:00:00,247.065
2012-03-28 16:00:00,313.31
2012-03-28 17:00:00,702.0575
2012-03-28 18:00:00,701.3225
2012-03-28 19:00:00,481.555
2012-03-28 20:00:00,358.765
2012-03-28 21:00:00,246.3825
2012-03-28 22:00:00,186.3475
2012-03-28 23:00:00,105.145
2012-03-29 00:00:00,45.91
2012-03-29 01:00:00,21.1575
2012-03-29 02:00:00,11.5825
2012-03-29 03:00:00,5.4325
2012-03-29 04:00:00,5.915
2012-03-29 05:00:00,27.82
2012-03-29 06:00:00,119.5275
2012-03-29 07:00:00,346.985
2012-03-29 08:00:00,583.59
2012-03-29 09:00:00,330.1325
2012-03-29 10:00:00,172.2925
2012-03-29 11:00:00,199.08
2012-03-29 12:00:00,225.1775
2012-03-29 13:00:00,215.22
2012-03-29 14:00:00,209.99
2012-03-29 15:00:00,223.3675
2012-03-29 16:00:00,355.6775
2012-03-29 17:00:00,589.125
2012-03-29 18:00:00,565.0
2012-03-29 19:00:00,353.3675
2012-03-29 20:00:00,254.81
2012-03-29 21:00:00,181.81
2012-03-29 22:00:00,131.5075
2012-03-29 23:00:00,88.1825
2012-03-30 00:00:00,49.8275
2012-03-30 01:00:00,20.7325
2012-03-30 02:00:00,7.93
2012-03-30 03:00:00,6.3025
2012-03-30 04:00:00,4.6375
2012-03-30 05:00:00,22.565
2012-03-30 06:00:00,88.015
2012-03-30 07:00:00,257.315
2012-03-30 08:00:00,553.085
2012-03-30 09:00:00,268.02416666666664
2012-03-30 10:00:00,172.2875
2012-03-30 11:00:00,193.26
2012-03-30 12:00:00,206.17
2012-03-30 13:00:00,118.43
2012-03-30 14:00:00,112.8525
2012-03-30 15:00:00,109.01
2012-03-30 16:00:00,106.5025
2012-03-30 17:00:00,535.4075
2012-03-30 18:00:00,519.7875
2012-03-30 19:00:00,298.5525
2012-03-30 20:00:00,226.9775
2012-03-30 21:00:00,158.195
2012-03-30 22:00:00,123.055
2012-03-30 23:00:00,81.3575
2012-03-31 00:00:00,84.945
2012-03-31 01:00:00,69.1025
2012-03-31 02:00:00,48.5525
2012-03-31 03:00:00,22.6425
2012-03-31 04:00:00,8.8825
2012-03-31 05:00:00,8.45
2012-03-31 06:00:00,18.48
2012-03-31 07:00:00,72.1075
2012-03-31 08:00:00,127.5875
2012-03-31 09:00:00,239.305
2012-03-31 10:00:00,278.285
2012-03-31 11:00:00,445.4825
2012-03-31 12:00:00,538.4225
2012-03-31 13:00:00,593.8725
2012-03-31 14:00:00,531.27
2012-03-31 15:00:00,529.5525
2012-03-31 16:00:00,494.98
2012-03-31 17:00:00,448.3625
2012-03-31 18:00:00,312.9875
2012-03-31 19:00:00,261.745
2012-03-31 20:00:00,195.2575
2012-03-31 21:00:00,143.955
2012-03-31 22:00:00,124.2025
2012-03-31 23:00:00,74.7125
2012-04-20 00:00:00,54.605
2012-04-20 01:00:00,26.355
2012-04-20 02:00:00,9.55
2012-04-20 03:00:00,7.845
2012-04-20 04:00:00,5.5675
2012-04-20 05:00:00,29.36
2012-04-20 06:00:00,111.895
2012-04-20 07:00:00,356.5575
2012-04-20 08:00:00,609.4075
2012-04-20 09:00:00,327.13916666666665
2012-04-20 10:00:00,198.5325
2012-04-20 11:00:00,252.68
2012-04-20 12:00:00,353.0975
2012-04-20 13:00:00,373.77
2012-04-20 14:00:00,373.43
2012-04-20 15:00:00,383.9
2012-04-20 16:00:00,492.985
2012-04-20 17:00:00,717.8125
2012-04-20 18:00:00,679.7125
2012-04-20 19:00:00,480.7675
2012-04-20 20:00:00,350.1025
2012-04-20 21:00:00,248.66
2012-04-20 22:00:00,216.41
2012-04-20 23:00:00,173.755
2012-04-21 00:00:00,111.95916666666668
2012-04-21 01:00:00,101.63583333333334
2012-04-21 02:00:00,61.25
2012-04-21 03:00:00,31.8
2012-04-21 04:00:00,12.09
2012-04-21 05:00:00,12.515
2012-04-21 06:00:00,39.305
2012-04-21 07:00:00,106.1875
2012-04-21 08:00:00,226.4925
2012-04-21 09:00:00,310.36
2012-04-21 10:00:00,429.2225
2012-04-21 11:00:00,515.355
2012-04-21 12:00:00,589.4925
2012-04-21 13:00:00,618.8875
2012-04-21 14:00:00,597.2625
2012-04-21 15:00:00,615.6475
2012-04-21 16:00:00,598.92
2012-04-21 17:00:00,590.455
2012-04-21 18:00:00,455.72
2012-04-21 19:00:00,252.105
2012-04-21 20:00:00,145.6325
2012-04-21 21:00:00,123.5175
2012-04-21 22:00:00,182.6225
2012-04-21 23:00:00,124.005
2012-04-22 00:00:00,105.0325
2012-04-22 01:00:00,96.32
2012-04-22 02:00:00,63.0525
2012-04-22 03:00:00,25.26
2012-04-22 04:00:00,11.82
2012-04-22 05:00:00,11.61
2012-04-22 06:00:00,29.66
2012-04-22 07:00:00,112.685
2012-04-22 08:00:00,100.465
2012-04-22 09:00:00,121.585
2012-04-22 10:00:00,173.5975
2012-04-22 11:00:00,174.7825
2012-04-22 12:00:00,184.915
2012-04-22 13:00:00,191.69
2012-04-22 14:00:00,184.55
2012-04-22 15:00:00,189.255
2012-04-22 16:00:00,185.425
2012-04-22 17:00:00,183.445
2012-04-22 18:00:00,168.695
2012-04-22 19:00:00,154.975
2012-04-22 20:00:00,146.0925
2012-04-22 21:00:00,102.0
2012-04-22 22:00:00,78.035
2012-04-22 23:00:00,63.6925
2012-04-23 00:00:00,21.2025
2012-04-23 01:00:00,8.12
2012-04-23 02:00:00,5.5025
2012-04-23 03:00:00,2.9025
2012-04-23 04:00:00,2.2775
2012-04-23 05:00:00,18.62
2012-04-23 06:00:00,95.705
2012-04-23 07:00:00,171.625
2012-04-23 08:00:00,559.9925
2012-04-23 09:00:00,282.46
2012-04-23 10:00:00,158.9775
2012-04-23 11:00:00,164.845
2012-04-23 12:00:00,154.7975
2012-04-23 13:00:00,156.94
2012-04-23 14:00:00,156.8925
2012-04-23 15:00:00,199.76
2012-04-23 16:00:00,201.64
2012-04-23 17:00:00,413.55
2012-04-23 18:00:00,446.845
2012-04-23 19:00:00,308.7075
2012-04-23 20:00:00,228.1075
2012-04-23 21:00:00,154.35
2012-04-23 22:00:00,122.195
2012-04-23 23:00:00,70.41
2012-04-24 00:00:00,23.975
2012-04-24 01:00:00,10.15
2012-04-24 02:00:00,4.2675
2012-04-24 03:00:00,2.6775
2012-04-24 04:00:00,1.8175
2012-04-24 05:00:00,23.5025
2012-04-24 06:00:00,100.22
2012-04-24 07:00:00,311.9025
2012-04-24 08:00:00,619.295
2012-04-24 09:00:00,336.8441666666667
2012-04-24 10:00:00,185.1025
2012-04-24 11:00:00,235.5
2012-04-24 12:00:00,263.4625
2012-04-24 13:00:00,258.2225
2012-04-24 14:00:00,250.155
2012-04-24 15:00:00,268.1275
2012-04-24 16:00:00,414.1875
2012-04-24 17:00:00,672.0175
2012-04-24 18:00:00,680.5575
2012-04-24 19:00:00,481.2075
2012-04-24 20:00:00,305.225
2012-04-24 21:00:00,226.79
2012-04-24 22:00:00,158.985
2012-04-24 23:00:00,100.075
2012-04-25 00:00:00,35.95
2012-04-25 01:00:00,11.355
2012-04-25 02:00:00,6.255
2012-04-25 03:00:00,2.17
2012-04-25 04:00:00,1.8975
2012-04-25 05:00:00,26.6625
2012-04-25 06:00:00,103.5825
2012-04-25 07:00:00,358.1975
2012-04-25 08:00:00,644.92
2012-04-25 09:00:00,354.219375
2012-04-25 10:00:00,196.8925
2012-04-25 11:00:00,238.835
2012-04-25 12:00:00,270.705
2012-04-25 13:00:00,276.505
2012-04-25 14:00:00,253.3025
2012-04-25 15:00:00,304.2075
2012-04-25 16:00:00,404.225
2012-04-25 17:00:00,746.225
2012-04-25 18:00:00,745.13
2012-04-25 19:00:00,487.2925
2012-04-25 20:00:00,371.92
2012-04-25 21:00:00,248.1975
2012-04-25 22:00:00,196.11
2012-04-25 23:00:00,110.9025
2012-04-26 00:00:00,43.6225
2012-04-26 01:00:00,16.5925
2012-04-26 02:00:00,10.145
2012-04-26 03:00:00,5.2625
2012-04-26 04:00:00,5.535
2012-04-26 05:00:00,24.2725
2012-04-26 06:00:00,125.225
2012-04-26 07:00:00,236.2525
2012-04-26 08:00:00,546.35
2012-04-26 09:00:00,162.54
2012-04-26 10:00:00,176.4925
2012-04-26 11:00:00,181.9325
2012-04-26 12:00:00,229.7575
2012-04-26 13:00:00,225.065
2012-04-26 14:00:00,222.1625
2012-04-26 15:00:00,227.965
2012-04-26 16:00:00,309.0125
2012-04-26 17:00:00,709.41
2012-04-26 18:00:00,672.19
2012-04-26 19:00:00,441.72
2012-04-26 20:00:00,338.0325
2012-04-26 21:00:00,227.45
2012-04-26 22:00:00,209.4225
2012-04-26 23:00:00,129.5975
2012-04-27 00:00:00,53.365
2012-04-27 01:00:00,29.2225
2012-04-27 02:00:00,14.44
2012-04-27 03:00:00,6.98
2012-04-27 04:00:00,4.9025
2012-04-27 05:00:00,28.49
2012-04-27 06:00:00,101.0725
2012-04-27 07:00:00,323.7775
2012-04-27 08:00:00,648.8225
2012-04-27 09:00:00,334.5679166666667
2012-04-27 10:00:00,214.23
2012-04-27 11:00:00,249.3325
2012-04-27 12:00:00,351.0375
2012-04-27 13:00:00,370.0675
2012-04-27 14:00:00,372.3425
2012-04-27 15:00:00,404.39
2012-04-27 16:00:00,465.36
2012-04-27 17:00:00,655.33
2012-04-27 18:00:00,625.695
2012-04-27 19:00:00,460.8325
2012-04-27 20:00:00,271.635
2012-04-27 21:00:00,193.82
2012-04-27 22:00:00,155.4475
2012-04-27 23:00:00,117.4325
2012-04-28 00:00:00,86.41
2012-04-28 01:00:00,63.6375
2012-04-28 02:00:00,52.93
2012-04-28 03:00:00,24.955
2012-04-28 04:00:00,10.6175
2012-04-28 05:00:00,10.145
2012-04-28 06:00:00,30.185
2012-04-28 07:00:00,103.93
2012-04-28 08:00:00,152.71
2012-04-28 09:00:00,263.461
2012-04-28 10:00:00,324.2575
2012-04-28 11:00:00,391.4375
2012-04-28 12:00:00,399.4325
2012-04-28 13:00:00,478.1775
2012-04-28 14:00:00,506.405
2012-04-28 15:00:00,462.9725
2012-04-28 16:00:00,491.1975
2012-04-28 17:00:00,430.7025
2012-04-28 18:00:00,187.695
2012-04-28 19:00:00,179.595
2012-04-28 20:00:00,210.4625
2012-04-28 21:00:00,150.44
2012-04-28 22:00:00,158.9525
2012-04-28 23:00:00,142.2375
2012-04-29 00:00:00,48.7225
2012-04-29 01:00:00,74.2025
2012-04-29 02:00:00,64.72
2012-04-29 03:00:00,23.1875
2012-04-29 04:00:00,11.98
2012-04-29 05:00:00,11.7775
2012-04-29 06:00:00,33.3
2012-04-29 07:00:00,72.4975
2012-04-29 08:00:00,122.18
2012-04-29 09:00:00,234.62
2012-04-29 10:00:00,352.6225
2012-04-29 11:00:00,446.11
2012-04-29 12:00:00,561.26
2012-04-29 13:00:00,578.0175
2012-04-29 14:00:00,580.3075
2012-04-29 15:00:00,603.075
2012-04-29 16:00:00,494.6875
2012-04-29 17:00:00,456.1075
2012-04-29 18:00:00,394.205
2012-04-29 19:00:00,381.995
2012-04-29 20:00:00,261.8675
2012-04-29 21:00:00,160.3325
2012-04-29 22:00:00,122.54
2012-04-29 23:00:00,68.5125
2012-04-30 00:00:00,40.3675
2012-04-30 01:00:00,12.18
2012-04-30 02:00:00,9.79
2012-04-30 03:00:00,3.47
2012-04-30 04:00:00,2.6675
2012-04-30 05:00:00,27.1425
2012-04-30 06:00:00,111.4925
2012-04-30 07:00:00,342.465
2012-04-30 08:00:00,629.265
2012-04-30 09:00:00,319.0425
2012-04-30 10:00:00,200.04
2012-04-30 11:00:00,204.7375
2012-04-30 12:00:00,242.87
2012-04-30 13:00:00,253.94
2012-04-30 14:00:00,246.065
2012-04-30 15:00:00,257.1525
2012-04-30 16:00:00,394.2025
2012-04-30 17:00:00,743.1125
2012-04-30 18:00:00,730.525
2012-04-30 19:00:00,484.025
2012-04-30 20:00:00,308.74
2012-04-30 21:00:00,229.165
2012-04-30 22:00:00,152.8625
2012-04-30 23:00:00,80.5975
2012-05-20 00:00:00,147.255
2012-05-20 01:00:00,103.46420833333333
2012-05-20 02:00:00,71.32
2012-05-20 03:00:00,33.9425
2012-05-20 04:00:00,14.575
2012-05-20 05:00:00,12.775
2012-05-20 06:00:00,20.7425
2012-05-20 07:00:00,56.4175
2012-05-20 08:00:00,143.6925
2012-05-20 09:00:00,279.8025
2012-05-20 10:00:00,422.5925
2012-05-20 11:00:00,554.0625
2012-05-20 12:00:00,660.865
2012-05-20 13:00:00,656.645
2012-05-20 14:00:00,610.435
2012-05-20 15:00:00,604.83
2012-05-20 16:00:00,570.435
2012-05-20 17:00:00,535.4425
2012-05-20 18:00:00,447.4375
2012-05-20 19:00:00,358.455
2012-05-20 20:00:00,267.49
2012-05-20 21:00:00,212.915
2012-05-20 22:00:00,134.81
2012-05-20 23:00:00,83.3025
2012-05-21 00:00:00,34.3475
2012-05-21 01:00:00,16.555
2012-05-21 02:00:00,7.11
2012-05-21 03:00:00,4.1675
2012-05-21 04:00:00,4.4275
2012-05-21 05:00:00,18.405
2012-05-21 06:00:00,70.0925
2012-05-21 07:00:00,163.705
2012-05-21 08:00:00,247.3775
2012-05-21 09:00:00,117.375
2012-05-21 10:00:00,120.825
2012-05-21 11:00:00,145.91
2012-05-21 12:00:00,187.89
2012-05-21 13:00:00,139.2325
2012-05-21 14:00:00,146.5775
2012-05-21 15:00:00,210.4025
2012-05-21 16:00:00,331.9925
2012-05-21 17:00:00,682.81
2012-05-21 18:00:00,701.7612916666667
2012-05-21 19:00:00,512.2925
2012-05-21 20:00:00,350.5325
2012-05-21 21:00:00,267.745
2012-05-21 22:00:00,162.7975
2012-05-21 23:00:00,87.2725
2012-05-22 00:00:00,36.4925
2012-05-22 01:00:00,19.6025
2012-05-22 02:00:00,7.755
2012-05-22 03:00:00,5.7125
2012-05-22 04:00:00,4.97
2012-05-22 05:00:00,17.96
2012-05-22 06:00:00,75.695
2012-05-22 07:00:00,159.945
2012-05-22 08:00:00,529.6275
2012-05-22 09:00:00,334.925
2012-05-22 10:00:00,176.59
2012-05-22 11:00:00,206.31
2012-05-22 12:00:00,203.085
2012-05-22 13:00:00,236.685
2012-05-22 14:00:00,202.45
2012-05-22 15:00:00,264.9975
2012-05-22 16:00:00,388.6325
2012-05-22 17:00:00,726.805
2012-05-22 18:00:00,721.43
2012-05-22 19:00:00,502.855
2012-05-22 20:00:00,378.1125
2012-05-22 21:00:00,268.1475
2012-05-22 22:00:00,192.0075
2012-05-22 23:00:00,103.9225
2012-05-23 00:00:00,46.22
2012-05-23 01:00:00,21.225
2012-05-23 02:00:00,8.58
2012-05-23 03:00:00,6.115
2012-05-23 04:00:00,4.8325
2012-05-23 05:00:00,20.4275
2012-05-23 06:00:00,141.48
2012-05-23 07:00:00,436.05
2012-05-23 08:00:00,601.7775
2012-05-23 09:00:00,330.485
2012-05-23 10:00:00,178.02
2012-05-23 11:00:00,217.195
2012-05-23 12:00:00,276.5775
2012-05-23 13:00:00,227.27
2012-05-23 14:00:00,246.52
2012-05-23 15:00:00,279.14
2012-05-23 16:00:00,330.1575
2012-05-23 17:00:00,610.6075
2012-05-23 18:00:00,623.18
2012-05-23 19:00:00,345.6825
2012-05-23 20:00:00,308.6575
2012-05-23 21:00:00,207.99
2012-05-23 22:00:00,190.6725
2012-05-23 23:00:00,116.3025
2012-05-24 00:00:00,64.835
2012-05-24 01:00:00,22.1775
2012-05-24 02:00:00,11.945
2012-05-24 03:00:00,6.59
2012-05-24 04:00:00,4.9675
2012-05-24 05:00:00,25.925
2012-05-24 06:00:00,138.0025
2012-05-24 07:00:00,440.015
2012-05-24 08:00:00,687.2120833333335
2012-05-24 09:00:00,329.6875
2012-05-24 10:00:00,185.4175
2012-05-24 11:00:00,230.885
2012-05-24 12:00:00,304.535
2012-05-24 13:00:00,293.665
2012-05-24 14:00:00,258.0025
2012-05-24 15:00:00,278.8475
2012-05-24 16:00:00,386.335
2012-05-24 17:00:00,744.5725
2012-05-24 18:00:00,743.735
2012-05-24 19:00:00,554.0575
2012-05-24 20:00:00,381.05
2012-05-24 21:00:00,149.3625
2012-05-24 22:00:00,211.6575
2012-05-24 23:00:00,161.3075
2012-05-25 00:00:00,81.2425
2012-05-25 01:00:00,41.7325
2012-05-25 02:00:00,12.3125
2012-05-25 03:00:00,7.7525
2012-05-25 04:00:00,7.0125
2012-05-25 05:00:00,26.1425
2012-05-25 06:00:00,136.0325
2012-05-25 07:00:00,389.1425
2012-05-25 08:00:00,666.4875
2012-05-25 09:00:00,290.9275
2012-05-25 10:00:00,219.88
2012-05-25 11:00:00,244.59
2012-05-25 12:00:00,309.335
2012-05-25 13:00:00,322.1925
2012-05-25 14:00:00,316.645
2012-05-25 15:00:00,315.0925
2012-05-25 16:00:00,459.44
2012-05-25 17:00:00,666.18
2012-05-25 18:00:00,669.12
2012-05-25 19:00:00,508.03
2012-05-25 20:00:00,359.9375
2012-05-25 21:00:00,276.5825
2012-05-25 22:00:00,276.8725
2012-05-25 23:00:00,206.1675
2012-05-26 00:00:00,143.79
2012-05-26 01:00:00,99.25875
2012-05-26 02:00:00,68.0075
2012-05-26 03:00:00,29.13
2012-05-26 04:00:00,10.505
2012-05-26 05:00:00,12.535
2012-05-26 06:00:00,45.6325
2012-05-26 07:00:00,84.6475
2012-05-26 08:00:00,192.96
2012-05-26 09:00:00,288.1425
2012-05-26 10:00:00,430.4175
2012-05-26 11:00:00,478.975
2012-05-26 12:00:00,505.365
2012-05-26 13:00:00,514.7025
2012-05-26 14:00:00,511.24
2012-05-26 15:00:00,504.1475
2012-05-26 16:00:00,506.5975
2012-05-26 17:00:00,514.43
2012-05-26 18:00:00,483.16
2012-05-26 19:00:00,387.2125
2012-05-26 20:00:00,284.935
2012-05-26 21:00:00,247.6725
2012-05-26 22:00:00,261.75
2012-05-26 23:00:00,203.49
2012-05-27 00:00:00,150.2775
2012-05-27 01:00:00,114.864375
2012-05-27 02:00:00,77.8275
2012-05-27 03:00:00,36.1
2012-05-27 04:00:00,11.0925
2012-05-27 05:00:00,12.0075
2012-05-27 06:00:00,26.505
2012-05-27 07:00:00,64.7925
2012-05-27 08:00:00,156.5525
2012-05-27 09:00:00,265.385
2012-05-27 10:00:00,401.05
2012-05-27 11:00:00,461.685
2012-05-27 12:00:00,492.31
2012-05-27 13:00:00,512.0225
2012-05-27 14:00:00,509.07
2012-05-27 15:00:00,505.0525
2012-05-27 16:00:00,497.96
2012-05-27 17:00:00,499.7125
2012-05-27 18:00:00,457.3
2012-05-27 19:00:00,357.3025
2012-05-27 20:00:00,286.595
2012-05-27 21:00:00,195.7125
2012-05-27 22:00:00,113.47
2012-05-27 23:00:00,102.1125
2012-05-28 00:00:00,100.2075
2012-05-28 01:00:00,62.2175
2012-05-28 02:00:00,38.13
2012-05-28 03:00:00,19.6625
2012-05-28 04:00:00,12.0625
2012-05-28 05:00:00,26.135
2012-05-28 06:00:00,81.5025
2012-05-28 07:00:00,309.635
2012-05-28 08:00:00,221.195
2012-05-28 09:00:00,277.935
2012-05-28 10:00:00,305.9
2012-05-28 11:00:00,339.845
2012-05-28 12:00:00,423.7525
2012-05-28 13:00:00,408.8825
2012-05-28 14:00:00,408.2
2012-05-28 15:00:00,407.3925
2012-05-28 16:00:00,419.455
2012-05-28 17:00:00,476.01
2012-05-28 18:00:00,472.5675
2012-05-28 19:00:00,463.535
2012-05-28 20:00:00,356.3075
2012-05-28 21:00:00,282.305
2012-05-28 22:00:00,238.7175
2012-05-28 23:00:00,121.2225
2012-05-29 00:00:00,45.6925
2012-05-29 01:00:00,16.9225
2012-05-29 02:00:00,9.4425
2012-05-29 03:00:00,4.815
2012-05-29 04:00:00,5.7975
2012-05-29 05:00:00,26.1075
2012-05-29 06:00:00,152.7075
2012-05-29 07:00:00,381.5175
2012-05-29 08:00:00,664.69
2012-05-29 09:00:00,326.1525
2012-05-29 10:00:00,177.525
2012-05-29 11:00:00,223.995
2012-05-29 12:00:00,261.22
2012-05-29 13:00:00,254.1275
2012-05-29 14:00:00,249.6625
2012-05-29 15:00:00,260.3275
2012-05-29 16:00:00,386.34
2012-05-29 17:00:00,763.025
2012-05-29 18:00:00,764.155
2012-05-29 19:00:00,550.3475
2012-05-29 20:00:00,338.73
2012-05-29 21:00:00,143.26
2012-05-29 22:00:00,165.2225
2012-05-29 23:00:00,86.98
2012-05-30 00:00:00,48.1975
2012-05-30 01:00:00,17.475
2012-05-30 02:00:00,9.0175
2012-05-30 03:00:00,5.0175
2012-05-30 04:00:00,5.3325
2012-05-30 05:00:00,28.6325
2012-05-30 06:00:00,150.975
2012-05-30 07:00:00,237.085
2012-05-30 08:00:00,684.7425
2012-05-30 09:00:00,350.7225
2012-05-30 10:00:00,174.5525
2012-05-30 11:00:00,225.98
2012-05-30 12:00:00,310.92
2012-05-30 13:00:00,301.2775
2012-05-30 14:00:00,267.915
2012-05-30 15:00:00,272.1575
2012-05-30 16:00:00,393.2775
2012-05-30 17:00:00,736.47
2012-05-30 18:00:00,799.4425
2012-05-30 19:00:00,518.9725
2012-05-30 20:00:00,356.15
2012-05-30 21:00:00,310.6
2012-05-30 22:00:00,273.065
2012-05-30 23:00:00,147.8325
2012-05-31 00:00:00,69.4375
2012-05-31 01:00:00,23.975
2012-05-31 02:00:00,10.7525
2012-05-31 03:00:00,6.6825
2012-05-31 04:00:00,6.6875
2012-05-31 05:00:00,29.9125
2012-05-31 06:00:00,154.3725
2012-05-31 07:00:00,476.32
2012-05-31 08:00:00,695.73625
2012-05-31 09:00:00,326.9125
2012-05-31 10:00:00,196.3575
2012-05-31 11:00:00,241.5875
2012-05-31 12:00:00,315.115
2012-05-31 13:00:00,298.4575
2012-05-31 14:00:00,257.665
2012-05-31 15:00:00,279.7275
2012-05-31 16:00:00,446.0025
2012-05-31 17:00:00,814.4175
2012-05-31 18:00:00,802.1125
2012-05-31 19:00:00,542.1425
2012-05-31 20:00:00,371.815
2012-05-31 21:00:00,297.3275
2012-05-31 22:00:00,283.7425
2012-05-31 23:00:00,182.9725
2012-06-20 00:00:00,46.165
2012-06-20 01:00:00,23.5825
2012-06-20 02:00:00,7.78
2012-06-20 03:00:00,7.0925
2012-06-20 04:00:00,7.715
2012-06-20 05:00:00,38.94
2012-06-20 06:00:00,162.565
2012-06-20 07:00:00,405.3875
2012-06-20 08:00:00,664.8023958333334
2012-06-20 09:00:00,350.8025
2012-06-20 10:00:00,182.3175
2012-06-20 11:00:00,216.965
2012-06-20 12:00:00,265.815
2012-06-20 13:00:00,267.3
2012-06-20 14:00:00,238.44
2012-06-20 15:00:00,261.415
2012-06-20 16:00:00,410.58
2012-06-20 17:00:00,752.125
2012-06-20 18:00:00,747.9275
2012-06-20 19:00:00,533.485
2012-06-20 20:00:00,437.335
2012-06-20 21:00:00,336.78
2012-06-20 22:00:00,286.135
2012-06-20 23:00:00,139.2425
2012-06-21 00:00:00,68.2875
2012-06-21 01:00:00,24.7525
2012-06-21 02:00:00,9.6075
2012-06-21 03:00:00,6.325
2012-06-21 04:00:00,7.455
2012-06-21 05:00:00,37.475
2012-06-21 06:00:00,181.765
2012-06-21 07:00:00,481.9475
2012-06-21 08:00:00,624.328375
2012-06-21 09:00:00,308.245
2012-06-21 10:00:00,180.385
2012-06-21 11:00:00,226.9575
2012-06-21 12:00:00,276.105
2012-06-21 13:00:00,268.2875
2012-06-21 14:00:00,233.87
2012-06-21 15:00:00,254.1775
2012-06-21 16:00:00,412.195
2012-06-21 17:00:00,737.09
2012-06-21 18:00:00,767.2225
2012-06-21 19:00:00,502.2975
2012-06-21 20:00:00,426.115
2012-06-21 21:00:00,322.305
2012-06-21 22:00:00,252.515
2012-06-21 23:00:00,151.305
2012-06-22 00:00:00,86.9975
2012-06-22 01:00:00,41.3575
2012-06-22 02:00:00,19.535
2012-06-22 03:00:00,8.1625
2012-06-22 04:00:00,8.1575
2012-06-22 05:00:00,35.925
2012-06-22 06:00:00,143.2825
2012-06-22 07:00:00,416.645
2012-06-22 08:00:00,645.39125
2012-06-22 09:00:00,354.55
2012-06-22 10:00:00,242.64
2012-06-22 11:00:00,271.1125
2012-06-22 12:00:00,338.015
2012-06-22 13:00:00,342.9525
2012-06-22 14:00:00,339.345
2012-06-22 15:00:00,304.1925
2012-06-22 16:00:00,434.3675
2012-06-22 17:00:00,778.9825
2012-06-22 18:00:00,686.1675
2012-06-22 19:00:00,505.115
2012-06-22 20:00:00,376.345
2012-06-22 21:00:00,233.19
2012-06-22 22:00:00,265.76
2012-06-22 23:00:00,195.0725
2012-06-23 00:00:00,156.79
2012-06-23 01:00:00,105.6
2012-06-23 02:00:00,78.28
2012-06-23 03:00:00,30.91
2012-06-23 04:00:00,10.345
2012-06-23 05:00:00,10.97
2012-06-23 06:00:00,38.6675
2012-06-23 07:00:00,64.805
2012-06-23 08:00:00,173.2925
2012-06-23 09:00:00,279.7325
2012-06-23 10:00:00,430.08
2012-06-23 11:00:00,521.1325
2012-06-23 12:00:00,541.1975
2012-06-23 13:00:00,550.365
2012-06-23 14:00:00,571.6725
2012-06-23 15:00:00,534.88
2012-06-23 16:00:00,519.635
2012-06-23 17:00:00,496.7775
2012-06-23 18:00:00,464.4125
2012-06-23 19:00:00,396.46
2012-06-23 20:00:00,347.6425
2012-06-23 21:00:00,292.7275
2012-06-23 22:00:00,257.7225
2012-06-23 23:00:00,211.1675
2012-06-24 00:00:00,179.9
2012-06-24 01:00:00,125.528125
2012-06-24 02:00:00,96.745
2012-06-24 03:00:00,36.145
2012-06-24 04:00:00,12.875
2012-06-24 05:00:00,12.575
2012-06-24 06:00:00,22.1375
2012-06-24 07:00:00,48.47
2012-06-24 08:00:00,138.985
2012-06-24 09:00:00,243.375
2012-06-24 10:00:00,413.9925
2012-06-24 11:00:00,497.035
2012-06-24 12:00:00,526.25
2012-06-24 13:00:00,536.1725
2012-06-24 14:00:00,496.4525
2012-06-24 15:00:00,482.1975
2012-06-24 16:00:00,483.825
2012-06-24 17:00:00,480.145
2012-06-24 18:00:00,468.0875
2012-06-24 19:00:00,408.3925
2012-06-24 20:00:00,340.87
2012-06-24 21:00:00,230.46
2012-06-24 22:00:00,155.46
2012-06-24 23:00:00,107.415
2012-06-25 00:00:00,43.2325
2012-06-25 01:00:00,22.095
2012-06-25 02:00:00,11.2775
2012-06-25 03:00:00,7.3425
2012-06-25 04:00:00,7.695
2012-06-25 05:00:00,38.76
2012-06-25 06:00:00,151.2
2012-06-25 07:00:00,475.7275
2012-06-25 08:00:00,659.8775
2012-06-25 09:00:00,330.7575
2012-06-25 10:00:00,180.6575
2012-06-25 11:00:00,230.935
2012-06-25 12:00:00,260.92
2012-06-25 13:00:00,264.75
2012-06-25 14:00:00,246.89
2012-06-25 15:00:00,262.2575
2012-06-25 16:00:00,440.0775
2012-06-25 17:00:00,772.09
2012-06-25 18:00:00,777.63
2012-06-25 19:00:00,592.1375
2012-06-25 20:00:00,420.36
2012-06-25 21:00:00,278.815
2012-06-25 22:00:00,199.6125
2012-06-25 23:00:00,116.69
2012-06-26 00:00:00,41.8
2012-06-26 01:00:00,15.9325
2012-06-26 02:00:00,11.33
2012-06-26 03:00:00,7.9175
2012-06-26 04:00:00,9.6925
2012-06-26 05:00:00,42.515
2012-06-26 06:00:00,159.395
2012-06-26 07:00:00,492.16
2012-06-26 08:00:00,685.18
2012-06-26 09:00:00,328.305
2012-06-26 10:00:00,194.3875
2012-06-26 11:00:00,236.765
2012-06-26 12:00:00,274.6575
2012-06-26 13:00:00,269.61
2012-06-26 14:00:00,264.415
2012-06-26 15:00:00,276.4225
2012-06-26 16:00:00,430.0225
2012-06-26 17:00:00,802.485
2012-06-26 18:00:00,782.0925
2012-06-26 19:00:00,581.405
2012-06-26 20:00:00,421.155
2012-06-26 21:00:00,287.795
2012-06-26 22:00:00,204.995
2012-06-26 23:00:00,136.1925
2012-06-27 00:00:00,46.1175
2012-06-27 01:00:00,16.2825
2012-06-27 02:00:00,10.6275
2012-06-27 03:00:00,8.0325
2012-06-27 04:00:00,8.9625
2012-06-27 05:00:00,39.1725
2012-06-27 06:00:00,162.44
2012-06-27 07:00:00,455.97
2012-06-27 08:00:00,668.3454166666666
2012-06-27 09:00:00,323.445
2012-06-27 10:00:00,201.025
2012-06-27 11:00:00,236.41
2012-06-27 12:00:00,288.375
2012-06-27 13:00:00,277.1625
2012-06-27 14:00:00,295.9725
2012-06-27 15:00:00,279.6275
2012-06-27 16:00:00,453.9825
2012-06-27 17:00:00,772.225
2012-06-27 18:00:00,782.585
2012-06-27 19:00:00,590.245
2012-06-27 20:00:00,462.285
2012-06-27 21:00:00,330.3425
2012-06-27 22:00:00,267.75
2012-06-27 23:00:00,154.0075
2012-06-28 00:00:00,66.725
2012-06-28 01:00:00,22.45
2012-06-28 02:00:00,10.3575
2012-06-28 03:00:00,8.14
2012-06-28 04:00:00,7.235
2012-06-28 05:00:00,36.2525
2012-06-28 06:00:00,159.9175
2012-06-28 07:00:00,493.0375
2012-06-28 08:00:00,662.41875
2012-06-28 09:00:00,336.0025
2012-06-28 10:00:00,204.57
2012-06-28 11:00:00,231.68
2012-06-28 12:00:00,296.0175
2012-06-28 13:00:00,283.5
2012-06-28 14:00:00,283.78
2012-06-28 15:00:00,298.4225
2012-06-28 16:00:00,469.18
2012-06-28 17:00:00,725.0875
2012-06-28 18:00:00,730.5625
2012-06-28 19:00:00,545.255
2012-06-28 20:00:00,474.0725
2012-06-28 21:00:00,336.4275
2012-06-28 22:00:00,282.115
2012-06-28 23:00:00,190.76
2012-06-29 00:00:00,84.7575
2012-06-29 01:00:00,37.025
2012-06-29 02:00:00,17.1525
2012-06-29 03:00:00,7.87
2012-06-29 04:00:00,8.305
2012-06-29 05:00:00,35.69
2012-06-29 06:00:00,139.7325
2012-06-29 07:00:00,416.9675
2012-06-29 08:00:00,674.4114999999999
2012-06-29 09:00:00,359.6225
2012-06-29 10:00:00,242.6875
2012-06-29 11:00:00,274.3525
2012-06-29 12:00:00,311.3025
2012-06-29 13:00:00,307.5375
2012-06-29 14:00:00,301.75
2012-06-29 15:00:00,306.0825
2012-06-29 16:00:00,410.0
2012-06-29 17:00:00,652.96
2012-06-29 18:00:00,629.9325
2012-06-29 19:00:00,462.025
2012-06-29 20:00:00,374.8025
2012-06-29 21:00:00,385.1975
2012-06-29 22:00:00,236.1675
2012-06-29 23:00:00,154.705
2012-06-30 00:00:00,150.255
2012-06-30 01:00:00,111.705
2012-06-30 02:00:00,76.4925
2012-06-30 03:00:00,32.0375
2012-06-30 04:00:00,12.5525
2012-06-30 05:00:00,11.0025
2012-06-30 06:00:00,35.505
2012-06-30 07:00:00,70.535
2012-06-30 08:00:00,180.3275
2012-06-30 09:00:00,284.285
2012-06-30 10:00:00,398.15
2012-06-30 11:00:00,465.2975
2012-06-30 12:00:00,505.0575
2012-06-30 13:00:00,509.2575
2012-06-30 14:00:00,510.7475
2012-06-30 15:00:00,506.055
2012-06-30 16:00:00,455.0675
2012-06-30 17:00:00,461.825
2012-06-30 18:00:00,444.9125
2012-06-30 19:00:00,417.7875
2012-06-30 20:00:00,307.1725
2012-06-30 21:00:00,279.7325
2012-06-30 22:00:00,249.365
2012-06-30 23:00:00,207.6825
2012-07-20 00:00:00,79.9275
2012-07-20 01:00:00,36.5875
2012-07-20 02:00:00,11.7025
2012-07-20 03:00:00,7.575
2012-07-20 04:00:00,7.9925
2012-07-20 05:00:00,40.4075
2012-07-20 06:00:00,151.855
2012-07-20 07:00:00,419.2475
2012-07-20 08:00:00,646.8591666666667
2012-07-20 09:00:00,347.965
2012-07-20 10:00:00,227.035
2012-07-20 11:00:00,253.675
2012-07-20 12:00:00,223.325
2012-07-20 13:00:00,223.6775
2012-07-20 14:00:00,217.1925
2012-07-20 15:00:00,281.1825
2012-07-20 16:00:00,390.325
2012-07-20 17:00:00,597.4875
2012-07-20 18:00:00,583.35
2012-07-20 19:00:00,318.56
2012-07-20 20:00:00,111.405
2012-07-20 21:00:00,166.885
2012-07-20 22:00:00,209.0475
2012-07-20 23:00:00,194.5375
2012-07-21 00:00:00,160.735
2012-07-21 01:00:00,117.2175
2012-07-21 02:00:00,63.0725
2012-07-21 03:00:00,27.365
2012-07-21 04:00:00,11.0425
2012-07-21 05:00:00,12.2325
2012-07-21 06:00:00,34.8025
2012-07-21 07:00:00,78.73
2012-07-21 08:00:00,189.7175
2012-07-21 09:00:00,292.365
2012-07-21 10:00:00,227.9175
2012-07-21 11:00:00,448.2225
2012-07-21 12:00:00,264.5225
2012-07-21 13:00:00,224.2875
2012-07-21 14:00:00,419.565
2012-07-21 15:00:00,248.29
2012-07-21 16:00:00,165.605
2012-07-21 17:00:00,174.2825
2012-07-21 18:00:00,327.765
2012-07-21 19:00:00,295.0975
2012-07-21 20:00:00,165.8725
2012-07-21 21:00:00,178.475
2012-07-21 22:00:00,176.8975
2012-07-21 23:00:00,159.595
2012-07-22 00:00:00,118.08
2012-07-22 01:00:00,105.0675
2012-07-22 02:00:00,85.6575
2012-07-22 03:00:00,34.085
2012-07-22 04:00:00,13.385
2012-07-22 05:00:00,13.535
2012-07-22 06:00:00,20.9875
2012-07-22 07:00:00,64.0075
2012-07-22 08:00:00,159.6925
2012-07-22 09:00:00,265.2325
2012-07-22 10:00:00,390.3775
2012-07-22 11:00:00,420.615
2012-07-22 12:00:00,454.975
2012-07-22 13:00:00,461.8975
2012-07-22 14:00:00,487.1125
2012-07-22 15:00:00,475.565
2012-07-22 16:00:00,455.0925
2012-07-22 17:00:00,461.015
2012-07-22 18:00:00,407.445
2012-07-22 19:00:00,336.575
2012-07-22 20:00:00,266.95
2012-07-22 21:00:00,212.8775
2012-07-22 22:00:00,142.6975
2012-07-22 23:00:00,109.115
2012-07-23 00:00:00,47.0475
2012-07-23 01:00:00,18.3175
2012-07-23 02:00:00,8.5125
2012-07-23 03:00:00,7.2825
2012-07-23 04:00:00,8.3125
2012-07-23 05:00:00,39.4025
2012-07-23 06:00:00,150.655
2012-07-23 07:00:00,461.0925
2012-07-23 08:00:00,630.4359375
2012-07-23 09:00:00,330.8125
2012-07-23 10:00:00,182.1975
2012-07-23 11:00:00,226.6225
2012-07-23 12:00:00,263.705
2012-07-23 13:00:00,265.395
2012-07-23 14:00:00,245.29
2012-07-23 15:00:00,263.5025
2012-07-23 16:00:00,386.965
2012-07-23 17:00:00,797.7975
2012-07-23 18:00:00,785.77
2012-07-23 19:00:00,567.5175
2012-07-23 20:00:00,445.9025
2012-07-23 21:00:00,301.0925
2012-07-23 22:00:00,191.9675
2012-07-23 23:00:00,134.7175
2012-07-24 00:00:00,52.8425
2012-07-24 01:00:00,21.9675
2012-07-24 02:00:00,8.54
2012-07-24 03:00:00,6.1925
2012-07-24 04:00:00,7.1875
2012-07-24 05:00:00,41.755
2012-07-24 06:00:00,174.635
2012-07-24 07:00:00,498.8825
2012-07-24 08:00:00,619.5575
2012-07-24 09:00:00,308.5025
2012-07-24 10:00:00,181.875
2012-07-24 11:00:00,201.6525
2012-07-24 12:00:00,251.38
2012-07-24 13:00:00,244.225
2012-07-24 14:00:00,230.6375
2012-07-24 15:00:00,265.465
2012-07-24 16:00:00,372.5675
2012-07-24 17:00:00,792.9
2012-07-24 18:00:00,715.865
2012-07-24 19:00:00,558.48
2012-07-24 20:00:00,448.895
2012-07-24 21:00:00,311.92
2012-07-24 22:00:00,209.3775
2012-07-24 23:00:00,130.0825
2012-07-25 00:00:00,48.9425
2012-07-25 01:00:00,22.9925
2012-07-25 02:00:00,8.9225
2012-07-25 03:00:00,6.335
2012-07-25 04:00:00,6.3675
2012-07-25 05:00:00,38.6075
2012-07-25 06:00:00,164.1125
2012-07-25 07:00:00,452.1775
2012-07-25 08:00:00,642.0925
2012-07-25 09:00:00,321.05
2012-07-25 10:00:00,204.565
2012-07-25 11:00:00,239.1125
2012-07-25 12:00:00,305.0475
2012-07-25 13:00:00,277.67
2012-07-25 14:00:00,254.675
2012-07-25 15:00:00,273.9625
2012-07-25 16:00:00,436.845
2012-07-25 17:00:00,795.605
2012-07-25 18:00:00,799.1475
2012-07-25 19:00:00,588.855
2012-07-25 20:00:00,463.775
2012-07-25 21:00:00,341.8875
2012-07-25 22:00:00,250.945
2012-07-25 23:00:00,145.67
2012-07-26 00:00:00,65.865
2012-07-26 01:00:00,23.925
2012-07-26 02:00:00,9.855
2012-07-26 03:00:00,7.73
2012-07-26 04:00:00,6.015
2012-07-26 05:00:00,39.1575
2012-07-26 06:00:00,173.605
2012-07-26 07:00:00,492.98
2012-07-26 08:00:00,655.8601666666666
2012-07-26 09:00:00,333.7625
2012-07-26 10:00:00,197.7475
2012-07-26 11:00:00,211.7275
2012-07-26 12:00:00,269.6975
2012-07-26 13:00:00,264.8875
2012-07-26 14:00:00,209.9725
2012-07-26 15:00:00,217.16
2012-07-26 16:00:00,405.9225
2012-07-26 17:00:00,687.865
2012-07-26 18:00:00,680.555
2012-07-26 19:00:00,516.7975
2012-07-26 20:00:00,448.7675
2012-07-26 21:00:00,335.945
2012-07-26 22:00:00,271.9325
2012-07-26 23:00:00,163.2375
2012-07-27 00:00:00,84.995
2012-07-27 01:00:00,43.9925
2012-07-27 02:00:00,20.37
2012-07-27 03:00:00,7.1
2012-07-27 04:00:00,8.465
2012-07-27 05:00:00,36.1475
2012-07-27 06:00:00,156.4
2012-07-27 07:00:00,427.9925
2012-07-27 08:00:00,658.9148333333334
2012-07-27 09:00:00,337.38
2012-07-27 10:00:00,244.015
2012-07-27 11:00:00,266.175
2012-07-27 12:00:00,332.72
2012-07-27 13:00:00,335.35
2012-07-27 14:00:00,331.6925
2012-07-27 15:00:00,346.235
2012-07-27 16:00:00,435.8825
2012-07-27 17:00:00,694.5125
2012-07-27 18:00:00,678.745
2012-07-27 19:00:00,483.12
2012-07-27 20:00:00,383.5875
2012-07-27 21:00:00,304.0625
2012-07-27 22:00:00,258.69
2012-07-27 23:00:00,199.365
2012-07-28 00:00:00,165.38
2012-07-28 01:00:00,98.61541666666666
2012-07-28 02:00:00,75.1875
2012-07-28 03:00:00,33.165
2012-07-28 04:00:00,9.1
2012-07-28 05:00:00,12.2375
2012-07-28 06:00:00,35.71
2012-07-28 07:00:00,63.0425
2012-07-28 08:00:00,168.58
2012-07-28 09:00:00,268.355
2012-07-28 10:00:00,408.9875
2012-07-28 11:00:00,497.24
2012-07-28 12:00:00,520.2475
2012-07-28 13:00:00,521.1275
2012-07-28 14:00:00,521.6075
2012-07-28 15:00:00,507.4175
2012-07-28 16:00:00,488.3175
2012-07-28 17:00:00,456.145
2012-07-28 18:00:00,465.8225
2012-07-28 19:00:00,369.1625
2012-07-28 20:00:00,254.2375
2012-07-28 21:00:00,273.39
2012-07-28 22:00:00,235.6925
2012-07-28 23:00:00,195.44
2012-07-29 00:00:00,149.035
2012-07-29 01:00:00,108.3625
2012-07-29 02:00:00,85.3075
2012-07-29 03:00:00,41.87
2012-07-29 04:00:00,9.805
2012-07-29 05:00:00,10.3775
2012-07-29 06:00:00,21.4625
2012-07-29 07:00:00,52.2725
2012-07-29 08:00:00,128.405
2012-07-29 09:00:00,247.725
2012-07-29 10:00:00,402.94
2012-07-29 11:00:00,485.4
2012-07-29 12:00:00,521.1375
2012-07-29 13:00:00,508.9975
2012-07-29 14:00:00,522.455
2012-07-29 15:00:00,520.04
2012-07-29 16:00:00,499.4925
2012-07-29 17:00:00,468.045
2012-07-29 18:00:00,468.6375
2012-07-29 19:00:00,366.3225
2012-07-29 20:00:00,277.82
2012-07-29 21:00:00,218.7475
2012-07-29 22:00:00,147.69
2012-07-29 23:00:00,106.9075
2012-07-30 00:00:00,52.0925
2012-07-30 01:00:00,18.0625
2012-07-30 02:00:00,13.225
2012-07-30 03:00:00,6.3725
2012-07-30 04:00:00,8.8125
2012-07-30 05:00:00,40.5075
2012-07-30 06:00:00,150.4125
2012-07-30 07:00:00,475.1575
2012-07-30 08:00:00,656.0130624999999
2012-07-30 09:00:00,343.0975
2012-07-30 10:00:00,186.985
2012-07-30 11:00:00,226.5575
2012-07-30 12:00:00,269.3475
2012-07-30 13:00:00,264.4
2012-07-30 14:00:00,248.185
2012-07-30 15:00:00,269.8375
2012-07-30 16:00:00,398.9425
2012-07-30 17:00:00,768.6525
2012-07-30 18:00:00,744.68
2012-07-30 19:00:00,566.065
2012-07-30 20:00:00,424.865
2012-07-30 21:00:00,287.865
2012-07-30 22:00:00,182.1375
2012-07-30 23:00:00,125.895
2012-07-31 00:00:00,47.0525
2012-07-31 01:00:00,23.34
2012-07-31 02:00:00,8.4725
2012-07-31 03:00:00,6.5275
2012-07-31 04:00:00,7.1875
2012-07-31 05:00:00,40.815
2012-07-31 06:00:00,168.355
2012-07-31 07:00:00,469.6275
2012-07-31 08:00:00,645.40625
2012-07-31 09:00:00,332.0025
2012-07-31 10:00:00,198.2575
2012-07-31 11:00:00,221.2475
2012-07-31 12:00:00,281.145
2012-07-31 13:00:00,257.1375
2012-07-31 14:00:00,245.485
2012-07-31 15:00:00,265.09
2012-07-31 16:00:00,369.15
2012-07-31 17:00:00,831.7575
2012-07-31 18:00:00,770.2975
2012-07-31 19:00:00,505.845
2012-07-31 20:00:00,389.7325
2012-07-31 21:00:00,271.74
2012-07-31 22:00:00,191.475
2012-07-31 23:00:00,149.26
2012-08-20 00:00:00,35.5125
2012-08-20 01:00:00,18.715
2012-08-20 02:00:00,7.495
2012-08-20 03:00:00,7.14
2012-08-20 04:00:00,9.075
2012-08-20 05:00:00,39.8875
2012-08-20 06:00:00,153.6425
2012-08-20 07:00:00,472.375
2012-08-20 08:00:00,687.5461666666666
2012-08-20 09:00:00,349.4775
2012-08-20 10:00:00,218.255
2012-08-20 11:00:00,238.215
2012-08-20 12:00:00,294.0625
2012-08-20 13:00:00,289.8825
2012-08-20 14:00:00,268.26
2012-08-20 15:00:00,285.0325
2012-08-20 16:00:00,460.61
2012-08-20 17:00:00,849.2
2012-08-20 18:00:00,724.78
2012-08-20 19:00:00,423.455
2012-08-20 20:00:00,300.2775
2012-08-20 21:00:00,208.9975
2012-08-20 22:00:00,155.87
2012-08-20 23:00:00,93.72
2012-08-21 00:00:00,35.4025
2012-08-21 01:00:00,18.76
2012-08-21 02:00:00,5.755
2012-08-21 03:00:00,6.6775
2012-08-21 04:00:00,7.1825
2012-08-21 05:00:00,39.8325
2012-08-21 06:00:00,175.6
2012-08-21 07:00:00,494.7025
2012-08-21 08:00:00,691.9135416666666
2012-08-21 09:00:00,353.845
2012-08-21 10:00:00,207.7375
2012-08-21 11:00:00,236.4225
2012-08-21 12:00:00,300.7525
2012-08-21 13:00:00,296.585
2012-08-21 14:00:00,257.9325
2012-08-21 15:00:00,295.16
2012-08-21 16:00:00,491.54
2012-08-21 17:00:00,842.9025
2012-08-21 18:00:00,841.6425
2012-08-21 19:00:00,320.9225
2012-08-21 20:00:00,415.585
2012-08-21 21:00:00,291.5275
2012-08-21 22:00:00,171.2475
2012-08-21 23:00:00,104.2525
2012-08-22 00:00:00,46.5325
2012-08-22 01:00:00,19.435
2012-08-22 02:00:00,9.325
2012-08-22 03:00:00,7.0025
2012-08-22 04:00:00,7.03
2012-08-22 05:00:00,39.335
2012-08-22 06:00:00,178.9775
2012-08-22 07:00:00,497.0575
2012-08-22 08:00:00,701.3697916666667
2012-08-22 09:00:00,351.35
2012-08-22 10:00:00,208.7875
2012-08-22 11:00:00,238.2125
2012-08-22 12:00:00,300.2675
2012-08-22 13:00:00,287.0525
2012-08-22 14:00:00,260.4475
2012-08-22 15:00:00,284.53
2012-08-22 16:00:00,420.4475
2012-08-22 17:00:00,839.08
2012-08-22 18:00:00,837.5825
2012-08-22 19:00:00,525.7425
2012-08-22 20:00:00,427.1
2012-08-22 21:00:00,328.1475
2012-08-22 22:00:00,255.9275
2012-08-22 23:00:00,131.16
2012-08-23 00:00:00,67.7675
2012-08-23 01:00:00,25.54
2012-08-23 02:00:00,11.16
2012-08-23 03:00:00,7.1875
2012-08-23 04:00:00,7.4675
2012-08-23 05:00:00,41.985
2012-08-23 06:00:00,165.075
2012-08-23 07:00:00,473.68
2012-08-23 08:00:00,696.504592261905
2012-08-23 09:00:00,356.4175
2012-08-23 10:00:00,208.5275
2012-08-23 11:00:00,240.9075
2012-08-23 12:00:00,308.04
2012-08-23 13:00:00,282.39
2012-08-23 14:00:00,255.7725
2012-08-23 15:00:00,279.57
2012-08-23 16:00:00,439.5925
2012-08-23 17:00:00,844.3925
2012-08-23 18:00:00,837.6925
2012-08-23 19:00:00,614.6625
2012-08-23 20:00:00,442.97
2012-08-23 21:00:00,328.1525
2012-08-23 22:00:00,251.17
2012-08-23 23:00:00,169.6675
2012-08-24 00:00:00,85.3875
2012-08-24 01:00:00,46.9125
2012-08-24 02:00:00,18.4
2012-08-24 03:00:00,9.2025
2012-08-24 04:00:00,8.2075
2012-08-24 05:00:00,40.56
2012-08-24 06:00:00,152.5975
2012-08-24 07:00:00,428.485
2012-08-24 08:00:00,689.0403125000001
2012-08-24 09:00:00,381.8675
2012-08-24 10:00:00,257.3425
2012-08-24 11:00:00,281.29
2012-08-24 12:00:00,367.4625
2012-08-24 13:00:00,368.7075
2012-08-24 14:00:00,364.43
2012-08-24 15:00:00,361.575
2012-08-24 16:00:00,484.725
2012-08-24 17:00:00,791.81
2012-08-24 18:00:00,716.1595
2012-08-24 19:00:00,524.1025
2012-08-24 20:00:00,389.5975
2012-08-24 21:00:00,302.23
2012-08-24 22:00:00,248.58
2012-08-24 23:00:00,199.34
2012-08-25 00:00:00,159.325
2012-08-25 01:00:00,118.22875
2012-08-25 02:00:00,93.8475
2012-08-25 03:00:00,32.4775
2012-08-25 04:00:00,10.9075
2012-08-25 05:00:00,11.15
2012-08-25 06:00:00,32.3425
2012-08-25 07:00:00,62.9675
2012-08-25 08:00:00,174.6725
2012-08-25 09:00:00,277.38
2012-08-25 10:00:00,440.565
2012-08-25 11:00:00,494.9375
2012-08-25 12:00:00,538.54
2012-08-25 13:00:00,575.705
2012-08-25 14:00:00,423.315
2012-08-25 15:00:00,397.1375
2012-08-25 16:00:00,430.6375
2012-08-25 17:00:00,428.0175
2012-08-25 18:00:00,429.2225
2012-08-25 19:00:00,354.075
2012-08-25 20:00:00,192.145
2012-08-25 21:00:00,211.24
2012-08-25 22:00:00,196.52
2012-08-25 23:00:00,185.5475
2012-08-26 00:00:00,148.0025
2012-08-26 01:00:00,105.235
2012-08-26 02:00:00,86.7275
2012-08-26 03:00:00,36.47
2012-08-26 04:00:00,11.775
2012-08-26 05:00:00,10.97
2012-08-26 06:00:00,19.1225
2012-08-26 07:00:00,64.3075
2012-08-26 08:00:00,126.8775
2012-08-26 09:00:00,258.9875
2012-08-26 10:00:00,404.5525
2012-08-26 11:00:00,478.0725
2012-08-26 12:00:00,432.075
2012-08-26 13:00:00,345.765
2012-08-26 14:00:00,372.2225
2012-08-26 15:00:00,260.1425
2012-08-26 16:00:00,239.1975
2012-08-26 17:00:00,335.9
2012-08-26 18:00:00,322.3325
2012-08-26 19:00:00,285.51
2012-08-26 20:00:00,215.6375
2012-08-26 21:00:00,168.1625
2012-08-26 22:00:00,138.6725
2012-08-26 23:00:00,104.7325
2012-08-27 00:00:00,44.635
2012-08-27 01:00:00,17.7675
2012-08-27 02:00:00,7.0775
2012-08-27 03:00:00,7.1825
2012-08-27 04:00:00,8.8325
2012-08-27 05:00:00,39.2825
2012-08-27 06:00:00,152.4075
2012-08-27 07:00:00,304.33
2012-08-27 08:00:00,559.5308333333334
2012-08-27 09:00:00,318.675
2012-08-27 10:00:00,198.4275
2012-08-27 11:00:00,234.5825
2012-08-27 12:00:00,289.495
2012-08-27 13:00:00,275.195
2012-08-27 14:00:00,267.105
2012-08-27 15:00:00,272.75
2012-08-27 16:00:00,455.955
2012-08-27 17:00:00,840.55
2012-08-27 18:00:00,828.7225
2012-08-27 19:00:00,583.3475
2012-08-27 20:00:00,432.94
2012-08-27 21:00:00,291.9425
2012-08-27 22:00:00,172.49
2012-08-27 23:00:00,125.34
2012-08-28 00:00:00,45.23
2012-08-28 01:00:00,19.0675
2012-08-28 02:00:00,9.1775
2012-08-28 03:00:00,6.8975
2012-08-28 04:00:00,7.42
2012-08-28 05:00:00,41.435
2012-08-28 06:00:00,168.11
2012-08-28 07:00:00,347.755
2012-08-28 08:00:00,633.0106547619048
2012-08-28 09:00:00,340.3475
2012-08-28 10:00:00,207.74
2012-08-28 11:00:00,232.9325
2012-08-28 12:00:00,280.47
2012-08-28 13:00:00,272.17
2012-08-28 14:00:00,252.345
2012-08-28 15:00:00,271.0975
2012-08-28 16:00:00,450.3025
2012-08-28 17:00:00,844.93
2012-08-28 18:00:00,838.0325
2012-08-28 19:00:00,600.3325
2012-08-28 20:00:00,433.2175
2012-08-28 21:00:00,305.9025
2012-08-28 22:00:00,210.36
2012-08-28 23:00:00,144.8
2012-08-29 00:00:00,50.7825
2012-08-29 01:00:00,19.77
2012-08-29 02:00:00,8.8625
2012-08-29 03:00:00,7.4375
2012-08-29 04:00:00,5.7275
2012-08-29 05:00:00,38.505
2012-08-29 06:00:00,175.8075
2012-08-29 07:00:00,465.8425
2012-08-29 08:00:00,692.605
2012-08-29 09:00:00,339.05
2012-08-29 10:00:00,207.5225
2012-08-29 11:00:00,244.3825
2012-08-29 12:00:00,298.455
2012-08-29 13:00:00,299.4475
2012-08-29 14:00:00,258.2075
2012-08-29 15:00:00,276.31
2012-08-29 16:00:00,483.645
2012-08-29 17:00:00,870.215
2012-08-29 18:00:00,848.18
2012-08-29 19:00:00,618.3375
2012-08-29 20:00:00,450.145
2012-08-29 21:00:00,335.685
2012-08-29 22:00:00,256.8925
2012-08-29 23:00:00,151.275
2012-08-30 00:00:00,68.6025
2012-08-30 01:00:00,22.5425
2012-08-30 02:00:00,9.87
2012-08-30 03:00:00,7.4475
2012-08-30 04:00:00,6.52
2012-08-30 05:00:00,40.9925
2012-08-30 06:00:00,172.635
2012-08-30 07:00:00,478.75
2012-08-30 08:00:00,695.9655
2012-08-30 09:00:00,348.8175
2012-08-30 10:00:00,198.4025
2012-08-30 11:00:00,243.72
2012-08-30 12:00:00,294.31
2012-08-30 13:00:00,289.365
2012-08-30 14:00:00,259.53
2012-08-30 15:00:00,280.6325
2012-08-30 16:00:00,436.2175
2012-08-30 17:00:00,870.5075
2012-08-30 18:00:00,835.7825
2012-08-30 19:00:00,632.9075
2012-08-30 20:00:00,467.27
2012-08-30 21:00:00,327.8125
2012-08-30 22:00:00,250.235
2012-08-30 23:00:00,163.0575
2012-08-31 00:00:00,82.9075
2012-08-31 01:00:00,40.895
2012-08-31 02:00:00,11.335
2012-08-31 03:00:00,8.045
2012-08-31 04:00:00,8.055
2012-08-31 05:00:00,39.09
2012-08-31 06:00:00,152.37
2012-08-31 07:00:00,416.9375
2012-08-31 08:00:00,679.5157291666667
2012-08-31 09:00:00,365.28
2012-08-31 10:00:00,243.3825
2012-08-31 11:00:00,257.3175
2012-08-31 12:00:00,333.3525
2012-08-31 13:00:00,329.555
2012-08-31 14:00:00,302.025
2012-08-31 15:00:00,304.415
2012-08-31 16:00:00,465.435
2012-08-31 17:00:00,788.065
2012-08-31 18:00:00,766.2275
2012-08-31 19:00:00,515.0225
2012-08-31 20:00:00,390.83
2012-08-31 21:00:00,303.3675
2012-08-31 22:00:00,262.995
2012-08-31 23:00:00,207.3475
2012-09-20 00:00:00,55.14
2012-09-20 01:00:00,28.3275
2012-09-20 02:00:00,11.325
2012-09-20 03:00:00,7.8925
2012-09-20 04:00:00,7.0625
2012-09-20 05:00:00,44.22
2012-09-20 06:00:00,187.12
2012-09-20 07:00:00,505.1825
2012-09-20 08:00:00,777.7648333333334
2012-09-20 09:00:00,340.522875
2012-09-20 10:00:00,202.385
2012-09-20 11:00:00,240.11
2012-09-20 12:00:00,316.4675
2012-09-20 13:00:00,306.765
2012-09-20 14:00:00,292.67
2012-09-20 15:00:00,332.3
2012-09-20 16:00:00,469.665
2012-09-20 17:00:00,883.17
2012-09-20 18:00:00,860.8525
2012-09-20 19:00:00,560.8425
2012-09-20 20:00:00,414.7625
2012-09-20 21:00:00,295.535
2012-09-20 22:00:00,233.3275
2012-09-20 23:00:00,155.94
2012-09-21 00:00:00,80.2475
2012-09-21 01:00:00,39.555
2012-09-21 02:00:00,20.03
2012-09-21 03:00:00,10.2525
2012-09-21 04:00:00,10.6175
2012-09-21 05:00:00,45.0375
2012-09-21 06:00:00,159.5775
2012-09-21 07:00:00,469.3575
2012-09-21 08:00:00,751.215
2012-09-21 09:00:00,347.5158333333334
2012-09-21 10:00:00,241.075
2012-09-21 11:00:00,280.985
2012-09-21 12:00:00,358.98
2012-09-21 13:00:00,398.935
2012-09-21 14:00:00,384.5125
2012-09-21 15:00:00,388.4525
2012-09-21 16:00:00,538.23
2012-09-21 17:00:00,824.7925
2012-09-21 18:00:00,807.235
2012-09-21 19:00:00,567.43
2012-09-21 20:00:00,392.005
2012-09-21 21:00:00,268.66
2012-09-21 22:00:00,246.3575
2012-09-21 23:00:00,191.06
2012-09-22 00:00:00,151.8925
2012-09-22 01:00:00,120.99625
2012-09-22 02:00:00,77.05
2012-09-22 03:00:00,35.3925
2012-09-22 04:00:00,13.5125
2012-09-22 05:00:00,15.9675
2012-09-22 06:00:00,36.3275
2012-09-22 07:00:00,73.5475
2012-09-22 08:00:00,194.165
2012-09-22 09:00:00,306.9075
2012-09-22 10:00:00,457.7675
2012-09-22 11:00:00,565.1575
2012-09-22 12:00:00,600.9875
2012-09-22 13:00:00,590.955
2012-09-22 14:00:00,566.8925
2012-09-22 15:00:00,581.4325
2012-09-22 16:00:00,569.6525
2012-09-22 17:00:00,565.095
2012-09-22 18:00:00,516.5675
2012-09-22 19:00:00,422.8925
2012-09-22 20:00:00,291.145
2012-09-22 21:00:00,286.8025
2012-09-22 22:00:00,251.83
2012-09-22 23:00:00,212.44
2012-09-23 00:00:00,173.62
2012-09-23 01:00:00,118.0975
2012-09-23 02:00:00,82.66
2012-09-23 03:00:00,37.96
2012-09-23 04:00:00,11.575
2012-09-23 05:00:00,11.455
2012-09-23 06:00:00,21.7825
2012-09-23 07:00:00,76.0675
2012-09-23 08:00:00,124.8625
2012-09-23 09:00:00,251.55
2012-09-23 10:00:00,416.8875
2012-09-23 11:00:00,507.535
2012-09-23 12:00:00,638.7075
2012-09-23 13:00:00,645.8225
2012-09-23 14:00:00,636.6475
2012-09-23 15:00:00,644.555
2012-09-23 16:00:00,623.43
2012-09-23 17:00:00,587.5725
2012-09-23 18:00:00,494.5825
2012-09-23 19:00:00,378.76
2012-09-23 20:00:00,254.5075
2012-09-23 21:00:00,167.4875
2012-09-23 22:00:00,135.955
2012-09-23 23:00:00,74.495
2012-09-24 00:00:00,50.1375
2012-09-24 01:00:00,25.4575
2012-09-24 02:00:00,11.6525
2012-09-24 03:00:00,5.825
2012-09-24 04:00:00,9.09
2012-09-24 05:00:00,41.54
2012-09-24 06:00:00,157.8525
2012-09-24 07:00:00,475.735
2012-09-24 08:00:00,795.385
2012-09-24 09:00:00,340.14
2012-09-24 10:00:00,198.845
2012-09-24 11:00:00,258.195
2012-09-24 12:00:00,323.6575
2012-09-24 13:00:00,317.7525
2012-09-24 14:00:00,297.37
2012-09-24 15:00:00,305.4425
2012-09-24 16:00:00,459.16
2012-09-24 17:00:00,870.035
2012-09-24 18:00:00,828.6825
2012-09-24 19:00:00,508.555
2012-09-24 20:00:00,354.01
2012-09-24 21:00:00,250.625
2012-09-24 22:00:00,144.0525
2012-09-24 23:00:00,90.0025
2012-09-25 00:00:00,46.7825
2012-09-25 01:00:00,21.145
2012-09-25 02:00:00,7.9425
2012-09-25 03:00:00,5.02
2012-09-25 04:00:00,7.4
2012-09-25 05:00:00,41.62
2012-09-25 06:00:00,170.27
2012-09-25 07:00:00,487.2075
2012-09-25 08:00:00,786.3975
2012-09-25 09:00:00,353.3548333333334
2012-09-25 10:00:00,205.145
2012-09-25 11:00:00,236.8525
2012-09-25 12:00:00,320.53
2012-09-25 13:00:00,315.125
2012-09-25 14:00:00,306.34
2012-09-25 15:00:00,336.2675
2012-09-25 16:00:00,497.1625
2012-09-25 17:00:00,906.345
2012-09-25 18:00:00,900.91
2012-09-25 19:00:00,571.54
2012-09-25 20:00:00,418.775
2012-09-25 21:00:00,264.81
2012-09-25 22:00:00,213.29
2012-09-25 23:00:00,120.2225
2012-09-26 00:00:00,41.28
2012-09-26 01:00:00,20.23
2012-09-26 02:00:00,8.9225
2012-09-26 03:00:00,5.645
2012-09-26 04:00:00,7.185
2012-09-26 05:00:00,41.1025
2012-09-26 06:00:00,172.8175
2012-09-26 07:00:00,528.925
2012-09-26 08:00:00,777.0875
2012-09-26 09:00:00,349.1675
2012-09-26 10:00:00,190.4575
2012-09-26 11:00:00,230.4475
2012-09-26 12:00:00,331.295
2012-09-26 13:00:00,309.6375
2012-09-26 14:00:00,286.0875
2012-09-26 15:00:00,309.7425
2012-09-26 16:00:00,479.76
2012-09-26 17:00:00,860.0325
2012-09-26 18:00:00,852.9425
2012-09-26 19:00:00,585.5175
2012-09-26 20:00:00,449.1625
2012-09-26 21:00:00,318.5775
2012-09-26 22:00:00,235.1975
2012-09-26 23:00:00,114.1375
2012-09-27 00:00:00,65.8775
2012-09-27 01:00:00,21.85
2012-09-27 02:00:00,12.4775
2012-09-27 03:00:00,8.358333333333334
2012-09-27 04:00:00,7.68
2012-09-27 05:00:00,41.4675
2012-09-27 06:00:00,168.9
2012-09-27 07:00:00,491.6625
2012-09-27 08:00:00,734.8594166666667
2012-09-27 09:00:00,350.7975
2012-09-27 10:00:00,205.455
2012-09-27 11:00:00,240.5725
2012-09-27 12:00:00,302.345
2012-09-27 13:00:00,290.86
2012-09-27 14:00:00,271.995
2012-09-27 15:00:00,303.6275
2012-09-27 16:00:00,479.82
2012-09-27 17:00:00,836.6908333333334
2012-09-27 18:00:00,826.6183333333335
2012-09-27 19:00:00,581.5025
2012-09-27 20:00:00,409.415
2012-09-27 21:00:00,206.7925
2012-09-27 22:00:00,157.18
2012-09-27 23:00:00,119.03
2012-09-28 00:00:00,73.235
2012-09-28 01:00:00,26.95
2012-09-28 02:00:00,10.3075
2012-09-28 03:00:00,6.64
2012-09-28 04:00:00,7.1675
2012-09-28 05:00:00,38.31
2012-09-28 06:00:00,145.005
2012-09-28 07:00:00,415.5825
2012-09-28 08:00:00,628.4075
2012-09-28 09:00:00,349.82599999999996
2012-09-28 10:00:00,212.33
2012-09-28 11:00:00,270.715
2012-09-28 12:00:00,408.9475
2012-09-28 13:00:00,409.115
2012-09-28 14:00:00,397.8625
2012-09-28 15:00:00,396.3875
2012-09-28 16:00:00,547.1475
2012-09-28 17:00:00,830.8325
2012-09-28 18:00:00,815.6075
2012-09-28 19:00:00,487.32
2012-09-28 20:00:00,372.5225
2012-09-28 21:00:00,240.645
2012-09-28 22:00:00,223.0325
2012-09-28 23:00:00,174.855
2012-09-29 00:00:00,157.205
2012-09-29 01:00:00,117.82604166666665
2012-09-29 02:00:00,75.7425
2012-09-29 03:00:00,40.1775
2012-09-29 04:00:00,19.3475
2012-09-29 05:00:00,16.7525
2012-09-29 06:00:00,34.7675
2012-09-29 07:00:00,78.65
2012-09-29 08:00:00,191.8875
2012-09-29 09:00:00,315.735
2012-09-29 10:00:00,431.955
2012-09-29 11:00:00,524.025
2012-09-29 12:00:00,647.6775
2012-09-29 13:00:00,655.52
2012-09-29 14:00:00,644.5575
2012-09-29 15:00:00,629.555
2012-09-29 16:00:00,621.3725
2012-09-29 17:00:00,607.0625
2012-09-29 18:00:00,486.3925
2012-09-29 19:00:00,371.8025
2012-09-29 20:00:00,259.62
2012-09-29 21:00:00,241.6725
2012-09-29 22:00:00,219.64
2012-09-29 23:00:00,186.865
2012-09-30 00:00:00,161.50791666666666
2012-09-30 01:00:00,110.58787499999998
2012-09-30 02:00:00,68.8475
2012-09-30 03:00:00,34.31
2012-09-30 04:00:00,10.925
2012-09-30 05:00:00,11.0375
2012-09-30 06:00:00,25.4225
2012-09-30 07:00:00,84.425
2012-09-30 08:00:00,124.3925
2012-09-30 09:00:00,260.3825
2012-09-30 10:00:00,425.125
2012-09-30 11:00:00,537.2475
2012-09-30 12:00:00,629.5425
2012-09-30 13:00:00,635.7
2012-09-30 14:00:00,616.7825
2012-09-30 15:00:00,643.8325
2012-09-30 16:00:00,640.77
2012-09-30 17:00:00,588.445
2012-09-30 18:00:00,455.88
2012-09-30 19:00:00,270.9575
2012-09-30 20:00:00,231.3225
2012-09-30 21:00:00,170.295
2012-09-30 22:00:00,120.335
2012-09-30 23:00:00,76.245
2012-10-20 00:00:00,139.805
2012-10-20 01:00:00,106.0625833333333
2012-10-20 02:00:00,63.3275
2012-10-20 03:00:00,27.1775
2012-10-20 04:00:00,10.6025
2012-10-20 05:00:00,10.5625
2012-10-20 06:00:00,28.515
2012-10-20 07:00:00,111.785
2012-10-20 08:00:00,184.0225
2012-10-20 09:00:00,322.0475
2012-10-20 10:00:00,432.95
2012-10-20 11:00:00,538.1575
2012-10-20 12:00:00,636.085
2012-10-20 13:00:00,646.6525
2012-10-20 14:00:00,638.555
2012-10-20 15:00:00,624.6025
2012-10-20 16:00:00,593.2
2012-10-20 17:00:00,581.1
2012-10-20 18:00:00,506.6375
2012-10-20 19:00:00,368.14
2012-10-20 20:00:00,245.0475
2012-10-20 21:00:00,218.4075
2012-10-20 22:00:00,179.4925
2012-10-20 23:00:00,170.645
2012-10-21 00:00:00,134.425
2012-10-21 01:00:00,112.9975
2012-10-21 02:00:00,70.095
2012-10-21 03:00:00,37.2275
2012-10-21 04:00:00,11.4975
2012-10-21 05:00:00,10.455
2012-10-21 06:00:00,23.7625
2012-10-21 07:00:00,87.6575
2012-10-21 08:00:00,136.4975
2012-10-21 09:00:00,242.0475
2012-10-21 10:00:00,420.6925
2012-10-21 11:00:00,504.8725
2012-10-21 12:00:00,598.5375
2012-10-21 13:00:00,632.9675
2012-10-21 14:00:00,646.0125
2012-10-21 15:00:00,635.005
2012-10-21 16:00:00,618.6025
2012-10-21 17:00:00,561.395
2012-10-21 18:00:00,482.55
2012-10-21 19:00:00,364.5575
2012-10-21 20:00:00,252.2575
2012-10-21 21:00:00,147.2175
2012-10-21 22:00:00,121.875
2012-10-21 23:00:00,93.405
2012-10-22 00:00:00,44.965
2012-10-22 01:00:00,16.5675
2012-10-22 02:00:00,8.7
2012-10-22 03:00:00,6.4975
2012-10-22 04:00:00,8.52
2012-10-22 05:00:00,34.35
2012-10-22 06:00:00,152.1025
2012-10-22 07:00:00,394.4975
2012-10-22 08:00:00,771.7625
2012-10-22 09:00:00,335.091875
2012-10-22 10:00:00,193.715
2012-10-22 11:00:00,261.2625
2012-10-22 12:00:00,320.995
2012-10-22 13:00:00,322.7775
2012-10-22 14:00:00,313.5825
2012-10-22 15:00:00,331.42
2012-10-22 16:00:00,491.52
2012-10-22 17:00:00,913.075
2012-10-22 18:00:00,753.02
2012-10-22 19:00:00,510.58
2012-10-22 20:00:00,354.88
2012-10-22 21:00:00,224.6425
2012-10-22 22:00:00,140.06
2012-10-22 23:00:00,96.6825
2012-10-23 00:00:00,42.8675
2012-10-23 01:00:00,18.515
2012-10-23 02:00:00,6.5225
2012-10-23 03:00:00,5.8275
2012-10-23 04:00:00,7.665
2012-10-23 05:00:00,40.1625
2012-10-23 06:00:00,167.5325
2012-10-23 07:00:00,483.2425
2012-10-23 08:00:00,783.405
2012-10-23 09:00:00,363.1
2012-10-23 10:00:00,196.36
2012-10-23 11:00:00,235.58
2012-10-23 12:00:00,311.9875
2012-10-23 13:00:00,301.1375
2012-10-23 14:00:00,285.3125
2012-10-23 15:00:00,323.52
2012-10-23 16:00:00,487.5275
2012-10-23 17:00:00,902.55
2012-10-23 18:00:00,872.3375
2012-10-23 19:00:00,562.7825
2012-10-23 20:00:00,416.9625
2012-10-23 21:00:00,253.545
2012-10-23 22:00:00,201.8475
2012-10-23 23:00:00,100.64
2012-10-24 00:00:00,45.1225
2012-10-24 01:00:00,19.9975
2012-10-24 02:00:00,8.8425
2012-10-24 03:00:00,6.715
2012-10-24 04:00:00,6.735
2012-10-24 05:00:00,42.025
2012-10-24 06:00:00,178.5
2012-10-24 07:00:00,470.335
2012-10-24 08:00:00,629.865
2012-10-24 09:00:00,364.41125
2012-10-24 10:00:00,196.5175
2012-10-24 11:00:00,251.495
2012-10-24 12:00:00,319.5425
2012-10-24 13:00:00,308.555
2012-10-24 14:00:00,297.62
2012-10-24 15:00:00,318.795
2012-10-24 16:00:00,505.0375
2012-10-24 17:00:00,902.3675
2012-10-24 18:00:00,914.47
2012-10-24 19:00:00,566.31
2012-10-24 20:00:00,422.485
2012-10-24 21:00:00,285.085
2012-10-24 22:00:00,234.9475
2012-10-24 23:00:00,125.75
2012-10-25 00:00:00,58.02
2012-10-25 01:00:00,24.015
2012-10-25 02:00:00,9.9425
2012-10-25 03:00:00,7.0425
2012-10-25 04:00:00,7.565
2012-10-25 05:00:00,41.81
2012-10-25 06:00:00,162.2825
2012-10-25 07:00:00,447.6625
2012-10-25 08:00:00,639.5125
2012-10-25 09:00:00,365.31125
2012-10-25 10:00:00,182.1575
2012-10-25 11:00:00,178.295
2012-10-25 12:00:00,245.9925
2012-10-25 13:00:00,239.5925
2012-10-25 14:00:00,258.78
2012-10-25 15:00:00,323.665
2012-10-25 16:00:00,438.495
2012-10-25 17:00:00,803.3508333333334
2012-10-25 18:00:00,412.24
2012-10-25 19:00:00,327.8225
2012-10-25 20:00:00,293.17
2012-10-25 21:00:00,241.3325
2012-10-25 22:00:00,219.575
2012-10-25 23:00:00,143.3225
2012-10-26 00:00:00,74.855
2012-10-26 01:00:00,33.4375
2012-10-26 02:00:00,10.6875
2012-10-26 03:00:00,7.5625
2012-10-26 04:00:00,7.7025
2012-10-26 05:00:00,39.605
2012-10-26 06:00:00,142.36
2012-10-26 07:00:00,414.055
2012-10-26 08:00:00,577.37
2012-10-26 09:00:00,364.32475
2012-10-26 10:00:00,212.1275
2012-10-26 11:00:00,240.635
2012-10-26 12:00:00,323.0525
2012-10-26 13:00:00,336.825
2012-10-26 14:00:00,357.95
2012-10-26 15:00:00,377.125
2012-10-26 16:00:00,468.35
2012-10-26 17:00:00,780.94
2012-10-26 18:00:00,725.5275
2012-10-26 19:00:00,308.21
2012-10-26 20:00:00,278.4475
2012-10-26 21:00:00,243.555
2012-10-26 22:00:00,215.635
2012-10-26 23:00:00,169.0375
2012-10-27 00:00:00,155.21916666666667
2012-10-27 01:00:00,108.13416666666664
2012-10-27 02:00:00,65.295
2012-10-27 03:00:00,41.5125
2012-10-27 04:00:00,14.73
2012-10-27 05:00:00,19.305
2012-10-27 06:00:00,30.85
2012-10-27 07:00:00,82.6625
2012-10-27 08:00:00,193.1375
2012-10-27 09:00:00,319.8675
2012-10-27 10:00:00,433.615
2012-10-27 11:00:00,523.26
2012-10-27 12:00:00,614.87
2012-10-27 13:00:00,641.835
2012-10-27 14:00:00,612.48
2012-10-27 15:00:00,536.0925
2012-10-27 16:00:00,522.185
2012-10-27 17:00:00,533.3
2012-10-27 18:00:00,483.8175
2012-10-27 19:00:00,373.1625
2012-10-27 20:00:00,257.07
2012-10-27 21:00:00,224.1825
2012-10-27 22:00:00,214.385
2012-10-27 23:00:00,163.175
2012-10-28 00:00:00,137.4575
2012-10-28 01:00:00,118.03354166666668
2012-10-28 02:00:00,81.725
2012-10-28 03:00:00,38.32
2012-10-28 04:00:00,15.5175
2012-10-28 05:00:00,20.075
2012-10-28 06:00:00,25.57
2012-10-28 07:00:00,59.4375
2012-10-28 08:00:00,123.1625
2012-10-28 09:00:00,240.1525
2012-10-28 10:00:00,385.875
2012-10-28 11:00:00,481.4
2012-10-28 12:00:00,527.9875
2012-10-28 13:00:00,526.6025
2012-10-28 14:00:00,527.2875
2012-10-28 15:00:00,523.875
2012-10-28 16:00:00,362.9
2012-10-28 17:00:00,284.1425
2012-10-28 18:00:00,206.475
2012-10-28 19:00:00,203.6175
2012-10-28 20:00:00,201.2275
2012-10-28 21:00:00,130.3475
2012-10-28 22:00:00,104.735
2012-10-28 23:00:00,80.9825
2012-10-29 00:00:00,35.815
2012-10-30 13:00:00,176.1125
2012-10-30 14:00:00,175.9675
2012-10-30 15:00:00,211.82
2012-10-30 16:00:00,256.735
2012-10-30 17:00:00,358.67
2012-10-30 18:00:00,423.725
2012-10-30 19:00:00,503.94
2012-10-30 20:00:00,250.09
2012-10-30 21:00:00,183.62
2012-10-30 22:00:00,138.205
2012-10-30 23:00:00,112.0575
2012-10-31 00:00:00,33.9075
2012-10-31 01:00:00,15.6425
2012-10-31 02:00:00,6.545
2012-10-31 03:00:00,5.565
2012-10-31 04:00:00,7.0175
2012-10-31 05:00:00,32.4925
2012-10-31 06:00:00,154.655
2012-10-31 07:00:00,299.5725
2012-10-31 08:00:00,688.2875
2012-10-31 09:00:00,313.525
2012-10-31 10:00:00,172.595
2012-10-31 11:00:00,181.5175
2012-10-31 12:00:00,236.3575
2012-10-31 13:00:00,231.4325
2012-10-31 14:00:00,213.3925
2012-10-31 15:00:00,239.2825
2012-10-31 16:00:00,398.1725
2012-10-31 17:00:00,621.33
2012-10-31 18:00:00,615.235
2012-10-31 19:00:00,438.395
2012-10-31 20:00:00,326.9375
2012-10-31 21:00:00,216.3875
2012-10-31 22:00:00,156.615
2012-10-31 23:00:00,119.79
2012-11-20 00:00:00,33.0675
2012-11-20 01:00:00,15.62
2012-11-20 02:00:00,6.0975
2012-11-20 03:00:00,4.6975
2012-11-20 04:00:00,8.2275
2012-11-20 05:00:00,38.655
2012-11-20 06:00:00,136.9475
2012-11-20 07:00:00,348.91
2012-11-20 08:00:00,662.3225
2012-11-20 09:00:00,345.32916666666665
2012-11-20 10:00:00,185.76
2012-11-20 11:00:00,201.2075
2012-11-20 12:00:00,238.875
2012-11-20 13:00:00,245.0775
2012-11-20 14:00:00,227.75
2012-11-20 15:00:00,253.06
2012-11-20 16:00:00,379.5825
2012-11-20 17:00:00,585.9075
2012-11-20 18:00:00,540.195
2012-11-20 19:00:00,386.835
2012-11-20 20:00:00,287.24
2012-11-20 21:00:00,209.06
2012-11-20 22:00:00,165.9975
2012-11-20 23:00:00,117.9675
2012-11-21 00:00:00,35.1425
2012-11-21 01:00:00,16.945
2012-11-21 02:00:00,6.28
2012-11-21 03:00:00,5.90125
2012-11-21 04:00:00,6.31
2012-11-21 05:00:00,31.9275
2012-11-21 06:00:00,134.7025
2012-11-21 07:00:00,300.4725
2012-11-21 08:00:00,656.385
2012-11-21 09:00:00,317.06333333333333
2012-11-21 10:00:00,197.6183333333333
2012-11-21 11:00:00,207.1275
2012-11-21 12:00:00,233.6775
2012-11-21 13:00:00,238.1625
2012-11-21 14:00:00,254.6475
2012-11-21 15:00:00,277.4425
2012-11-21 16:00:00,430.2
2012-11-21 17:00:00,610.8975
2012-11-21 18:00:00,536.7325
2012-11-21 19:00:00,395.97
2012-11-21 20:00:00,271.06375
2012-11-21 21:00:00,214.64
2012-11-21 22:00:00,154.1625
2012-11-21 23:00:00,143.12
2012-11-22 00:00:00,76.3975
2012-11-22 01:00:00,57.642250000000004
2012-11-22 02:00:00,21.285
2012-11-22 03:00:00,9.635
2012-11-22 04:00:00,8.88
2012-11-22 05:00:00,18.785
2012-11-22 06:00:00,36.055
2012-11-22 07:00:00,246.6
2012-11-22 08:00:00,266.815
2012-11-22 09:00:00,292.37547619047615
2012-11-22 10:00:00,267.5775
2012-11-22 11:00:00,406.3275
2012-11-22 12:00:00,533.5425
2012-11-22 13:00:00,581.2725
2012-11-22 14:00:00,547.7975
2012-11-22 15:00:00,525.29
2012-11-22 16:00:00,535.0275
2012-11-22 17:00:00,467.1
2012-11-22 18:00:00,365.3975
2012-11-22 19:00:00,292.3425
2012-11-22 20:00:00,237.6575
2012-11-22 21:00:00,187.165
2012-11-22 22:00:00,167.005
2012-11-22 23:00:00,142.445
2012-11-23 00:00:00,51.635
2012-11-23 01:00:00,24.155
2012-11-23 02:00:00,10.8775
2012-11-23 03:00:00,8.6775
2012-11-23 04:00:00,9.15
2012-11-23 05:00:00,32.915
2012-11-23 06:00:00,136.4025
2012-11-23 07:00:00,328.56541666666664
2012-11-23 08:00:00,613.6225
2012-11-23 09:00:00,314.58395833333327
2012-11-23 10:00:00,191.249375
2012-11-23 11:00:00,236.5025
2012-11-23 12:00:00,280.96875
2012-11-23 13:00:00,298.0675
2012-11-23 14:00:00,395.5
2012-11-23 15:00:00,400.1625
2012-11-23 16:00:00,480.0975
2012-11-23 17:00:00,773.5875
2012-11-23 18:00:00,709.765
2012-11-23 19:00:00,471.3425
2012-11-23 20:00:00,324.1275
2012-11-23 21:00:00,225.2475
2012-11-23 22:00:00,169.92
2012-11-23 23:00:00,118.055
2012-11-24 00:00:00,117.03625
2012-11-24 01:00:00,100.43933333333332
2012-11-24 02:00:00,47.3225
2012-11-24 03:00:00,17.9425
2012-11-24 04:00:00,7.3225
2012-11-24 05:00:00,7.1875
2012-11-24 06:00:00,21.0575
2012-11-24 07:00:00,99.42
2012-11-24 08:00:00,173.24
2012-11-24 09:00:00,232.4375
2012-11-24 10:00:00,275.385
2012-11-24 11:00:00,301.6375
2012-11-24 12:00:00,363.7075
2012-11-24 13:00:00,365.41
2012-11-24 14:00:00,355.01
2012-11-24 15:00:00,351.5575
2012-11-24 16:00:00,340.7975
2012-11-24 17:00:00,315.64
2012-11-24 18:00:00,285.4175
2012-11-24 19:00:00,250.3775
2012-11-24 20:00:00,199.6625
2012-11-24 21:00:00,151.0025
2012-11-24 22:00:00,125.36
2012-11-24 23:00:00,101.0625
2012-11-25 00:00:00,115.93
2012-11-25 01:00:00,110.19850000000001
2012-11-25 02:00:00,49.6725
2012-11-25 03:00:00,25.8725
2012-11-25 04:00:00,7.9675
2012-11-25 05:00:00,9.0025
2012-11-25 06:00:00,17.3
2012-11-25 07:00:00,63.7525
2012-11-25 08:00:00,136.1275
2012-11-25 09:00:00,202.2925
2012-11-25 10:00:00,254.3225
2012-11-25 11:00:00,294.905
2012-11-25 12:00:00,340.305
2012-11-25 13:00:00,339.5
2012-11-25 14:00:00,349.015
2012-11-25 15:00:00,323.65
2012-11-25 16:00:00,323.2925
2012-11-25 17:00:00,276.3925
2012-11-25 18:00:00,229.5675
2012-11-25 19:00:00,218.9225
2012-11-25 20:00:00,161.05
2012-11-25 21:00:00,117.9075
2012-11-25 22:00:00,98.94
2012-11-25 23:00:00,73.2625
2012-11-26 00:00:00,29.1
2012-11-26 01:00:00,14.1575
2012-11-26 02:00:00,5.2
2012-11-26 03:00:00,5.64
2012-11-26 04:00:00,7.3715
2012-11-26 05:00:00,38.0275
2012-11-26 06:00:00,141.1775
2012-11-26 07:00:00,356.1025
2012-11-26 08:00:00,671.075
2012-11-26 09:00:00,308.50854166666664
2012-11-26 10:00:00,188.3365
2012-11-26 11:00:00,224.3575
2012-11-26 12:00:00,247.3525
2012-11-26 13:00:00,243.5725
2012-11-26 14:00:00,240.6525
2012-11-26 15:00:00,248.885
2012-11-26 16:00:00,421.7225
2012-11-26 17:00:00,609.7075
2012-11-26 18:00:00,559.94
2012-11-26 19:00:00,350.41
2012-11-26 20:00:00,278.5475
2012-11-26 21:00:00,200.8625
2012-11-26 22:00:00,136.9875
2012-11-26 23:00:00,91.5125
2012-11-27 00:00:00,31.1525
2012-11-27 01:00:00,15.95
2012-11-27 02:00:00,5.95
2012-11-27 03:00:00,5.1175
2012-11-27 04:00:00,6.0525
2012-11-27 05:00:00,30.865
2012-11-27 06:00:00,131.6875
2012-11-27 07:00:00,184.365
2012-11-27 08:00:00,464.58
2012-11-27 09:00:00,313.17958333333337
2012-11-27 10:00:00,139.315
2012-11-27 11:00:00,145.3375
2012-11-27 12:00:00,186.09
2012-11-27 13:00:00,191.525
2012-11-27 14:00:00,190.0425
2012-11-27 15:00:00,208.9625
2012-11-27 16:00:00,299.9725
2012-11-27 17:00:00,532.2925
2012-11-27 18:00:00,483.4025
2012-11-27 19:00:00,339.3725
2012-11-27 20:00:00,245.2875
2012-11-27 21:00:00,161.07
2012-11-27 22:00:00,130.7825
2012-11-27 23:00:00,98.87
2012-11-28 00:00:00,75.615
2012-11-28 01:00:00,30.6575
2012-11-28 02:00:00,8.1425
2012-11-28 03:00:00,4.4875
2012-11-28 04:00:00,7.05
2012-11-28 05:00:00,35.555
2012-11-28 06:00:00,137.3025
2012-11-28 07:00:00,373.7925
2012-11-28 08:00:00,634.2525
2012-11-28 09:00:00,322.75041666666664
2012-11-28 10:00:00,181.18166666666664
2012-11-28 11:00:00,191.3775
2012-11-28 12:00:00,223.4625
2012-11-28 13:00:00,236.46
2012-11-28 14:00:00,224.8225
2012-11-28 15:00:00,255.905
2012-11-28 16:00:00,351.9475
2012-11-28 17:00:00,590.0025
2012-11-28 18:00:00,536.0325
2012-11-28 19:00:00,372.925
2012-11-28 20:00:00,250.22
2012-11-28 21:00:00,189.8875
2012-11-28 22:00:00,126.03
2012-11-28 23:00:00,89.485
2012-11-29 00:00:00,39.19
2012-11-29 01:00:00,18.6525
2012-11-29 02:00:00,8.1875
2012-11-29 04:00:00,6.825
2012-11-29 05:00:00,35.9475
2012-11-29 06:00:00,145.44
2012-11-29 07:00:00,358.30041666666665
2012-11-29 08:00:00,642.5975
2012-11-29 09:00:00,321.95547619047613
2012-11-29 10:00:00,175.21833333333336
2012-11-29 11:00:00,202.8425
2012-11-29 12:00:00,244.74375
2012-11-29 13:00:00,241.5475
2012-11-29 14:00:00,229.325
2012-11-29 15:00:00,263.85
2012-11-29 16:00:00,360.1775
2012-11-29 17:00:00,592.6875
2012-11-29 18:00:00,557.5575
2012-11-29 19:00:00,369.76
2012-11-29 20:00:00,259.44
2012-11-29 21:00:00,173.52
2012-11-29 22:00:00,150.7625
2012-11-29 23:00:00,139.8575
2012-11-30 00:00:00,47.75
2012-11-30 01:00:00,24.7125
2012-11-30 02:00:00,10.459166666666665
2012-11-30 03:00:00,9.164166666666667
2012-11-30 04:00:00,8.60525
2012-11-30 05:00:00,33.215
2012-11-30 06:00:00,134.81
2012-11-30 07:00:00,325.98291666666665
2012-11-30 08:00:00,621.0275
2012-11-30 09:00:00,320.49020833333327
2012-11-30 10:00:00,193.539375
2012-11-30 11:00:00,211.733125
2012-11-30 12:00:00,266.04
2012-11-30 13:00:00,278.36
2012-11-30 14:00:00,267.9525
2012-11-30 15:00:00,276.2075
2012-11-30 16:00:00,421.7525
2012-11-30 17:00:00,589.385
2012-11-30 18:00:00,504.0725
2012-11-30 19:00:00,348.9275
2012-11-30 20:00:00,253.045
2012-11-30 21:00:00,180.2225
2012-11-30 22:00:00,157.0425
2012-11-30 23:00:00,139.4925
2012-12-20 00:00:00,46.42
2012-12-20 01:00:00,17.4175
2012-12-20 02:00:00,11.625
2012-12-20 03:00:00,5.1425
2012-12-20 04:00:00,6.855
2012-12-20 05:00:00,34.57
2012-12-20 06:00:00,144.05
2012-12-20 07:00:00,357.4075
2012-12-20 08:00:00,680.4825
2012-12-20 09:00:00,313.2847916666666
2012-12-20 10:00:00,176.05333333333337
2012-12-20 11:00:00,177.11
2012-12-20 12:00:00,230.53875
2012-12-20 13:00:00,232.885
2012-12-20 14:00:00,223.89
2012-12-20 15:00:00,254.8975
2012-12-20 16:00:00,315.3475
2012-12-20 17:00:00,572.7175
2012-12-20 18:00:00,543.1175
2012-12-20 19:00:00,282.2325
2012-12-20 20:00:00,236.8775
2012-12-20 21:00:00,161.965
2012-12-20 22:00:00,110.4575
2012-12-20 23:00:00,100.8825
2012-12-21 00:00:00,57.0375
2012-12-21 01:00:00,25.8975
2012-12-21 02:00:00,14.39
2012-12-21 03:00:00,8.4175
2012-12-21 04:00:00,8.1225
2012-12-21 05:00:00,30.4775
2012-12-21 06:00:00,105.21
2012-12-21 07:00:00,335.67875
2012-12-21 08:00:00,619.3425
2012-12-21 09:00:00,308.8983333333333
2012-12-21 10:00:00,198.095
2012-12-21 11:00:00,196.3675
2012-12-21 12:00:00,225.02
2012-12-21 13:00:00,229.9125
2012-12-21 14:00:00,227.695
2012-12-21 15:00:00,240.51
2012-12-21 16:00:00,299.995
2012-12-21 17:00:00,546.275
2012-12-21 18:00:00,492.86
2012-12-21 19:00:00,310.69
2012-12-21 20:00:00,232.44
2012-12-21 21:00:00,177.6925
2012-12-21 22:00:00,128.3025
2012-12-21 23:00:00,100.085
2012-12-22 00:00:00,109.565
2012-12-22 01:00:00,99.13850000000001
2012-12-22 02:00:00,49.2175
2012-12-22 03:00:00,20.365
2012-12-22 04:00:00,8.8575
2012-12-22 05:00:00,7.8875
2012-12-22 06:00:00,21.9275
2012-12-22 07:00:00,106.8775
2012-12-22 08:00:00,169.62
2012-12-22 09:00:00,217.9725
2012-12-22 10:00:00,260.8525
2012-12-22 11:00:00,282.3525
2012-12-22 12:00:00,336.1625
2012-12-22 13:00:00,350.17
2012-12-22 14:00:00,347.9075
2012-12-22 15:00:00,344.0775
2012-12-22 16:00:00,332.7625
2012-12-22 17:00:00,301.6425
2012-12-22 18:00:00,272.8125
2012-12-22 19:00:00,251.455
2012-12-22 20:00:00,184.7075
2012-12-22 21:00:00,151.54
2012-12-22 22:00:00,118.925
2012-12-22 23:00:00,100.805
2012-12-23 00:00:00,114.09
2012-12-23 01:00:00,107.98016666666668
2012-12-23 02:00:00,55.1525
2012-12-23 03:00:00,34.695
2012-12-23 04:00:00,11.2925
2012-12-23 05:00:00,7.89
2012-12-23 06:00:00,15.0275
2012-12-23 07:00:00,63.7625
2012-12-23 08:00:00,130.2075
2012-12-23 09:00:00,190.43
2012-12-23 10:00:00,246.79
2012-12-23 11:00:00,267.785
2012-12-23 12:00:00,330.2325
2012-12-23 13:00:00,343.3325
2012-12-23 14:00:00,380.5675
2012-12-23 15:00:00,383.195
2012-12-23 16:00:00,376.015
2012-12-23 17:00:00,304.66
2012-12-23 18:00:00,253.0075
2012-12-23 19:00:00,223.2875
2012-12-23 20:00:00,167.6375
2012-12-23 21:00:00,119.01
2012-12-23 22:00:00,93.245
2012-12-23 23:00:00,78.1525
2012-12-24 00:00:00,29.325
2012-12-24 01:00:00,14.3525
2012-12-24 02:00:00,6.065
2012-12-24 03:00:00,5.805
2012-12-24 05:00:00,33.905
2012-12-24 06:00:00,133.2675
2012-12-24 07:00:00,333.495
2012-12-24 08:00:00,656.3325
2012-12-24 09:00:00,294.5425
2012-12-24 10:00:00,166.45
2012-12-24 11:00:00,172.9625
2012-12-24 12:00:00,192.27
2012-12-24 13:00:00,189.7475
2012-12-24 14:00:00,190.9
2012-12-24 15:00:00,205.8
2012-12-24 16:00:00,245.835
2012-12-24 17:00:00,408.22
2012-12-24 18:00:00,450.855
2012-12-24 19:00:00,295.71
2012-12-24 20:00:00,219.675
2012-12-24 21:00:00,150.115
2012-12-24 22:00:00,113.565
2012-12-24 23:00:00,97.875
2012-12-25 00:00:00,56.6725
2012-12-25 01:00:00,40.8625
2012-12-25 02:00:00,20.7575
2012-12-25 04:00:00,8.18
2012-12-25 05:00:00,13.9225
2012-12-25 06:00:00,38.4475
2012-12-25 07:00:00,221.1975
2012-12-25 08:00:00,248.775
2012-12-25 09:00:00,248.175
2012-12-25 10:00:00,243.71
2012-12-25 11:00:00,248.24
2012-12-25 12:00:00,314.1075
2012-12-25 13:00:00,410.5
2012-12-25 14:00:00,402.24
2012-12-25 15:00:00,339.1125
2012-12-25 16:00:00,371.425
2012-12-25 17:00:00,339.335
2012-12-25 18:00:00,335.5125
2012-12-25 19:00:00,321.24
2012-12-25 20:00:00,226.575
2012-12-25 21:00:00,173.0375
2012-12-25 22:00:00,132.78
2012-12-25 23:00:00,81.625
2012-12-26 00:00:00,54.0975
2012-12-26 01:00:00,31.845
2012-12-26 02:00:00,19.6125
2012-12-26 03:00:00,5.97
2012-12-26 04:00:00,7.725
2012-12-26 05:00:00,33.9275
2012-12-26 06:00:00,124.87
2012-12-26 07:00:00,171.0775
2012-12-26 08:00:00,328.6475
2012-12-26 09:00:00,167.2875
2012-12-26 10:00:00,156.7075
2012-12-26 11:00:00,163.38
2012-12-26 12:00:00,188.1375
2012-12-26 13:00:00,191.1375
2012-12-26 14:00:00,188.3925
2012-12-26 15:00:00,206.675
2012-12-26 16:00:00,235.5925
2012-12-26 17:00:00,387.1775
2012-12-26 18:00:00,400.02
2012-12-26 19:00:00,245.6475
2012-12-26 20:00:00,209.2
2012-12-26 21:00:00,169.0275
2012-12-26 22:00:00,89.9875
2012-12-26 23:00:00,61.7075
2012-12-27 00:00:00,40.6025
2012-12-27 01:00:00,12.75
2012-12-27 02:00:00,16.495
2012-12-27 03:00:00,4.495
2012-12-27 04:00:00,7.965
2012-12-27 05:00:00,34.1725
2012-12-27 06:00:00,115.935
2012-12-27 07:00:00,346.65
2012-12-27 08:00:00,631.805
2012-12-27 09:00:00,325.6925
2012-12-27 10:00:00,181.865
2012-12-27 11:00:00,179.9875
2012-12-27 12:00:00,209.405
2012-12-27 13:00:00,209.1275
2012-12-27 14:00:00,200.4125
2012-12-27 15:00:00,219.545
2012-12-27 16:00:00,293.495
2012-12-27 17:00:00,550.3475
2012-12-27 18:00:00,515.595
2012-12-27 19:00:00,325.63
2012-12-27 20:00:00,232.9225
2012-12-27 21:00:00,171.3175
2012-12-27 22:00:00,131.0375
2012-12-27 23:00:00,96.7125
2012-12-28 00:00:00,49.895
2012-12-28 01:00:00,23.355
2012-12-28 02:00:00,11.9975
2012-12-28 03:00:00,6.2625
2012-12-28 04:00:00,8.0175
2012-12-28 05:00:00,32.4125
2012-12-28 06:00:00,111.2075
2012-12-28 07:00:00,336.6175
2012-12-28 08:00:00,621.8825
2012-12-28 09:00:00,320.2395833333333
2012-12-28 10:00:00,183.475
2012-12-28 11:00:00,191.985
2012-12-28 12:00:00,219.01333333333335
2012-12-28 13:00:00,219.58083333333335
2012-12-28 14:00:00,216.55833333333337
2012-12-28 15:00:00,250.3175
2012-12-28 16:00:00,326.3933333333334
2012-12-28 17:00:00,584.5475
2012-12-28 18:00:00,482.8875
2012-12-28 19:00:00,321.8525
2012-12-28 20:00:00,226.3725
2012-12-28 21:00:00,165.7875
2012-12-28 22:00:00,135.2075
2012-12-28 23:00:00,116.5575
2012-12-29 00:00:00,104.58
2012-12-29 01:00:00,97.2075
2012-12-29 02:00:00,51.1225
2012-12-29 03:00:00,23.58
2012-12-29 04:00:00,9.0625
2012-12-29 05:00:00,9.215
2012-12-29 06:00:00,21.79
2012-12-29 07:00:00,81.815
2012-12-29 08:00:00,151.895
2012-12-29 09:00:00,214.535
2012-12-29 10:00:00,204.7825
2012-12-29 11:00:00,231.585
2012-12-29 12:00:00,246.0275
2012-12-29 13:00:00,250.7175
2012-12-29 14:00:00,319.24
2012-12-29 15:00:00,316.65
2012-12-29 16:00:00,316.2825
2012-12-29 17:00:00,289.755
2012-12-29 18:00:00,265.78
2012-12-29 19:00:00,254.59
2012-12-29 20:00:00,212.8925
2012-12-29 21:00:00,158.01
2012-12-29 22:00:00,126.0075
2012-12-29 23:00:00,116.7325
2012-12-30 00:00:00,114.8125
2012-12-30 01:00:00,107.57
2012-12-30 02:00:00,54.055
2012-12-30 03:00:00,27.025
2012-12-30 04:00:00,8.6825
2012-12-30 05:00:00,7.58
2012-12-30 06:00:00,18.455
2012-12-30 07:00:00,89.1475
2012-12-30 08:00:00,148.64
2012-12-30 09:00:00,202.615
2012-12-30 10:00:00,258.01
2012-12-30 11:00:00,275.4575
2012-12-30 12:00:00,318.64
2012-12-30 13:00:00,322.6425
2012-12-30 14:00:00,322.9725
2012-12-30 15:00:00,314.9825
2012-12-30 16:00:00,306.295
2012-12-30 17:00:00,271.075
2012-12-30 18:00:00,246.6675
2012-12-30 19:00:00,213.8475
2012-12-30 20:00:00,175.9225
2012-12-30 21:00:00,100.1925
2012-12-30 22:00:00,83.7875
2012-12-30 23:00:00,60.91
2012-12-31 00:00:00,32.665
2012-12-31 01:00:00,15.4475
2012-12-31 02:00:00,6.9275
2012-12-31 03:00:00,7.355
2012-12-31 04:00:00,8.3825
2012-12-31 05:00:00,36.75
2012-12-31 06:00:00,125.9675
2012-12-31 07:00:00,340.8325
2012-12-31 08:00:00,619.7575
2012-12-31 09:00:00,296.9575
2012-12-31 10:00:00,172.215
2012-12-31 11:00:00,175.5825
2012-12-31 12:00:00,186.005
2012-12-31 13:00:00,196.3475
2012-12-31 14:00:00,195.02
2012-12-31 15:00:00,217.145
2012-12-31 16:00:00,319.6
2012-12-31 17:00:00,580.1275
2012-12-31 18:00:00,499.34
2012-12-31 19:00:00,343.6325
2012-12-31 20:00:00,235.5675
2012-12-31 21:00:00,163.155
2012-12-31 22:00:00,116.1575
2012-12-31 23:00:00,70.62
