datetime,count
2011-01-20 00:00:00,10.786666666666667
2011-01-20 01:00:00,5.4383333333333335
2011-01-20 02:00:00,3.776666666666667
2011-01-20 03:00:00,3.2716666666666665
2011-01-20 04:00:00,2.7816666666666667
2011-01-20 05:00:00,6.285
2011-01-20 06:00:00,35.655
2011-01-20 07:00:00,90.65166666666667
2011-01-20 08:00:00,203.00333333333333
2011-01-20 09:00:00,118.32833333333333
2011-01-20 10:00:00,59.45666666666666
2011-01-20 11:00:00,60.13666666666666
2011-01-20 12:00:00,80.795
2011-01-20 13:00:00,74.48666666666666
2011-01-20 14:00:00,78.63166666666666
2011-01-20 15:00:00,85.14
2011-01-20 16:00:00,90.68166666666667
2011-01-20 17:00:00,202.765
2011-01-20 18:00:00,175.89166666666668
2011-01-20 19:00:00,94.205
2011-01-20 20:00:00,72.055
2011-01-20 21:00:00,48.555
2011-01-20 22:00:00,43.276666666666664
2011-01-20 23:00:00,22.63
2011-01-21 00:00:00,13.701666666666666
2011-01-21 01:00:00,6.866666666666666
2011-01-21 02:00:00,4.708333333333333
2011-01-21 03:00:00,2.8633333333333333
2011-01-21 04:00:00,2.5991666666666666
2011-01-21 05:00:00,3.935
2011-01-21 06:00:00,32.555
2011-01-21 07:00:00,90.02833333333334
2011-01-21 08:00:00,191.94166666666666
2011-01-21 09:00:00,125.57833333333333
2011-01-21 10:00:00,49.73166666666667
2011-01-21 11:00:00,61.935
2011-01-21 12:00:00,71.445
2011-01-21 13:00:00,69.44833333333334
2011-01-21 14:00:00,66.21
2011-01-21 15:00:00,64.33833333333334
2011-01-21 16:00:00,82.37833333333333
2011-01-21 17:00:00,159.23
2011-01-21 18:00:00,153.51333333333332
2011-01-21 19:00:00,85.45
2011-01-21 20:00:00,64.065
2011-01-21 21:00:00,40.906666666666666
2011-01-21 22:00:00,32.83166666666666
2011-01-21 23:00:00,20.448333333333334
2011-01-22 00:00:00,24.035
2011-01-22 01:00:00,17.316666666666666
2011-01-22 02:00:00,13.791666666666666
2011-01-22 03:00:00,8.021666666666667
2011-01-22 04:00:00,3.4433333333333334
2011-01-22 06:00:00,4.573333333333333
2011-01-22 07:00:00,14.838333333333333
2011-01-22 08:00:00,20.811666666666667
2011-01-22 09:00:00,32.06666666666667
2011-01-22 10:00:00,53.13166666666667
2011-01-22 11:00:00,56.635
2011-01-22 12:00:00,64.725
2011-01-22 13:00:00,69.03833333333333
2011-01-22 14:00:00,67.11
2011-01-22 15:00:00,67.24166666666666
2011-01-22 16:00:00,64.38666666666667
2011-01-22 17:00:00,68.83166666666666
2011-01-22 18:00:00,51.61
2011-01-22 19:00:00,42.22833333333333
2011-01-22 20:00:00,37.47
2011-01-22 21:00:00,38.26833333333333
2011-01-22 22:00:00,32.27166666666667
2011-01-22 23:00:00,16.811666666666667
2011-01-23 00:00:00,26.32
2011-01-23 01:00:00,19.761666666666667
2011-01-23 02:00:00,14.785
2011-01-23 03:00:00,14.645
2011-01-23 05:00:00,2.77
2011-01-23 06:00:00,2.2316666666666665
2011-01-23 07:00:00,11.55
2011-01-23 08:00:00,17.18166666666667
2011-01-23 09:00:00,27.328333333333333
2011-01-23 10:00:00,50.736666666666665
2011-01-23 11:00:00,56.891666666666666
2011-01-23 12:00:00,66.515
2011-01-23 13:00:00,62.33166666666666
2011-01-23 14:00:00,65.06333333333333
2011-01-23 15:00:00,64.81333333333333
2011-01-23 16:00:00,65.45
2011-01-23 17:00:00,59.98833333333334
2011-01-23 18:00:00,53.31
2011-01-23 19:00:00,39.443333333333335
2011-01-23 20:00:00,34.09166666666667
2011-01-23 21:00:00,27.605
2011-01-23 22:00:00,20.54
2011-01-23 23:00:00,14.198333333333334
2011-01-24 00:00:00,10.115
2011-01-24 01:00:00,4.14
2011-01-24 03:00:00,1.9283333333333332
2011-01-24 04:00:00,2.388333333333333
2011-01-24 05:00:00,5.321666666666666
2011-01-24 06:00:00,30.691666666666666
2011-01-24 07:00:00,78.07333333333334
2011-01-24 08:00:00,187.06
2011-01-24 09:00:00,98.65666666666667
2011-01-24 10:00:00,45.79666666666667
2011-01-24 11:00:00,41.45333333333333
2011-01-24 12:00:00,49.865
2011-01-24 13:00:00,46.24166666666667
2011-01-24 14:00:00,43.87
2011-01-24 15:00:00,55.415
2011-01-24 16:00:00,76.68166666666667
2011-01-24 17:00:00,156.69666666666666
2011-01-24 18:00:00,153.93833333333333
2011-01-24 19:00:00,91.335
2011-01-24 20:00:00,64.46
2011-01-24 21:00:00,42.09166666666667
2011-01-24 22:00:00,26.956666666666667
2011-01-24 23:00:00,18.74
2011-01-25 00:00:00,8.615
2011-01-25 01:00:00,3.7483333333333335
2011-01-25 02:00:00,2.405
2011-01-25 04:00:00,1.86
2011-01-25 05:00:00,4.818333333333333
2011-01-25 06:00:00,33.35333333333333
2011-01-25 07:00:00,76.58333333333333
2011-01-25 08:00:00,186.065
2011-01-25 09:00:00,111.98833333333333
2011-01-25 10:00:00,58.123333333333335
2011-01-25 11:00:00,57.85666666666667
2011-01-25 12:00:00,74.58
2011-01-25 13:00:00,72.48833333333333
2011-01-25 14:00:00,77.16666666666667
2011-01-25 15:00:00,80.05
2011-01-25 16:00:00,90.99166666666666
2011-01-25 17:00:00,207.48
2011-01-25 18:00:00,189.94
2011-01-25 19:00:00,100.74833333333333
2011-01-25 20:00:00,72.51666666666667
2011-01-25 21:00:00,47.745
2011-01-25 22:00:00,37.696666666666665
2011-01-25 23:00:00,18.166666666666668
2011-01-26 00:00:00,8.293333333333333
2011-01-26 01:00:00,5.755
2011-01-26 02:00:00,3.2
2011-01-26 05:00:00,3.13
2011-01-26 06:00:00,26.435
2011-01-26 07:00:00,60.74
2011-01-26 08:00:00,156.38666666666666
2011-01-26 09:00:00,81.26
2011-01-26 10:00:00,40.92333333333333
2011-01-26 11:00:00,36.62833333333333
2011-01-26 12:00:00,35.42166666666667
2011-01-26 13:00:00,36.125
2011-01-26 14:00:00,34.99
2011-01-26 15:00:00,36.22
2011-01-26 16:00:00,54.20333333333333
2011-01-26 17:00:00,128.29333333333332
2011-01-27 16:00:00,76.11166666666666
2011-01-27 17:00:00,171.77666666666667
2011-01-27 18:00:00,141.12
2011-01-27 19:00:00,94.35666666666667
2011-01-27 20:00:00,73.55666666666667
2011-01-27 21:00:00,47.215
2011-01-27 22:00:00,39.62166666666667
2011-01-27 23:00:00,19.413333333333334
2011-01-28 00:00:00,12.951666666666666
2011-01-28 01:00:00,6.6066666666666665
2011-01-28 02:00:00,2.36
2011-01-28 03:00:00,2.34
2011-01-28 05:00:00,5.946666666666666
2011-01-28 06:00:00,31.075
2011-01-28 07:00:00,82.285
2011-01-28 08:00:00,189.91166666666666
2011-01-28 09:00:00,80.68666666666667
2011-01-28 10:00:00,39.873333333333335
2011-01-28 11:00:00,41.65833333333333
2011-01-28 12:00:00,45.78
2011-01-28 13:00:00,48.58833333333333
2011-01-28 14:00:00,57.73833333333334
2011-01-28 15:00:00,53.276666666666664
2011-01-28 16:00:00,80.13333333333334
2011-01-28 17:00:00,166.7
2011-01-28 18:00:00,155.93333333333334
2011-01-28 19:00:00,96.76
2011-01-28 20:00:00,72.035
2011-01-28 21:00:00,46.38
2011-01-28 22:00:00,42.016666666666666
2011-01-28 23:00:00,23.863333333333333
2011-01-29 00:00:00,26.653333333333332
2011-01-29 01:00:00,21.305
2011-01-29 02:00:00,16.096666666666668
2011-01-29 03:00:00,11.685
2011-01-29 04:00:00,2.783333333333333
2011-01-29 06:00:00,2.99
2011-01-29 07:00:00,12.081666666666667
2011-01-29 08:00:00,21.628333333333334
2011-01-29 09:00:00,36.803333333333335
2011-01-29 10:00:00,61.86666666666667
2011-01-29 11:00:00,63.00666666666667
2011-01-29 12:00:00,78.66333333333333
2011-01-29 13:00:00,80.23166666666667
2011-01-29 14:00:00,76.73333333333333
2011-01-29 15:00:00,80.31833333333333
2011-01-29 16:00:00,82.25333333333333
2011-01-29 17:00:00,77.20333333333333
2011-01-29 18:00:00,68.13833333333334
2011-01-29 19:00:00,67.355
2011-01-29 20:00:00,47.51833333333333
2011-01-29 21:00:00,39.93833333333333
2011-01-29 22:00:00,32.37166666666667
2011-01-29 23:00:00,18.838333333333335
2011-01-30 00:00:00,25.986666666666668
2011-01-30 01:00:00,26.94333333333333
2011-01-30 02:00:00,19.706666666666667
2011-01-30 03:00:00,11.255
2011-01-30 04:00:00,5.145
2011-01-30 05:00:00,4.445
2011-01-30 07:00:00,10.286666666666667
2011-01-30 08:00:00,16.683333333333334
2011-01-30 09:00:00,31.533333333333335
2011-01-30 10:00:00,56.21
2011-01-30 11:00:00,59.83166666666666
2011-01-30 12:00:00,91.735
2011-01-30 13:00:00,78.29666666666667
2011-01-30 14:00:00,80.41333333333333
2011-01-30 15:00:00,87.995
2011-01-30 16:00:00,87.74333333333334
2011-01-30 17:00:00,81.005
2011-01-30 18:00:00,68.53166666666667
2011-01-30 19:00:00,53.485
2011-01-30 20:00:00,49.82
2011-01-30 21:00:00,30.248333333333335
2011-01-30 22:00:00,22.525
2011-01-30 23:00:00,14.99
2011-01-31 00:00:00,10.453333333333333
2011-01-31 01:00:00,3.42
2011-01-31 02:00:00,2.6283333333333334
2011-01-31 03:00:00,2.4383333333333335
2011-01-31 04:00:00,2.11
2011-01-31 05:00:00,2.425
2011-01-31 06:00:00,33.77166666666667
2011-01-31 07:00:00,78.85
2011-01-31 08:00:00,165.525
2011-01-31 09:00:00,89.84333333333333
2011-01-31 10:00:00,42.87833333333333
2011-01-31 11:00:00,42.598333333333336
2011-01-31 12:00:00,58.235
2011-01-31 13:00:00,58.32666666666667
2011-01-31 14:00:00,54.946666666666665
2011-01-31 15:00:00,51.803333333333335
2011-01-31 16:00:00,75.52
2011-01-31 17:00:00,157.56
2011-01-31 18:00:00,154.41666666666666
2011-01-31 19:00:00,98.305
2011-01-31 20:00:00,62.63333333333333
2011-01-31 21:00:00,33.413333333333334
2011-01-31 22:00:00,30.433333333333334
2011-01-31 23:00:00,17.47
2011-02-20 00:00:00,36.87
2011-02-20 01:00:00,28.633333333333333
2011-02-20 02:00:00,18.445
2011-02-20 03:00:00,9.71
2011-02-20 04:00:00,3.138333333333333
2011-02-20 06:00:00,2.745
2011-02-20 07:00:00,15.641666666666667
2011-02-20 08:00:00,20.933333333333334
2011-02-20 09:00:00,42.105
2011-02-20 10:00:00,82.23333333333333
2011-02-20 11:00:00,106.33333333333333
2011-02-20 12:00:00,119.10833333333333
2011-02-20 13:00:00,155.40666666666667
2011-02-20 14:00:00,139.56
2011-02-20 15:00:00,152.78
2011-02-20 16:00:00,147.97166666666666
2011-02-20 17:00:00,130.98
2011-02-20 18:00:00,112.775
2011-02-20 19:00:00,95.31833333333333
2011-02-20 20:00:00,89.65666666666667
2011-02-20 21:00:00,58.295
2011-02-20 22:00:00,50.473333333333336
2011-02-20 23:00:00,38.245
2011-02-21 00:00:00,23.386666666666667
2011-02-21 01:00:00,20.655
2011-02-21 02:00:00,10.09
2011-02-21 03:00:00,4.573333333333333
2011-02-21 04:00:00,3.7266666666666666
2011-02-21 05:00:00,8.656666666666666
2011-02-21 06:00:00,19.055
2011-02-21 07:00:00,95.57666666666667
2011-02-21 08:00:00,89.22166666666666
2011-02-21 09:00:00,109.67666666666666
2011-02-21 10:00:00,83.81333333333333
2011-02-21 11:00:00,84.58666666666667
2011-02-21 12:00:00,89.77666666666667
2011-02-21 13:00:00,62.333333333333336
2011-02-21 14:00:00,90.53833333333333
2011-02-21 15:00:00,90.49
2011-02-21 16:00:00,68.95166666666667
2011-02-21 17:00:00,84.54166666666667
2011-02-21 18:00:00,81.46333333333334
2011-02-21 19:00:00,81.16833333333334
2011-02-21 20:00:00,49.77333333333333
2011-02-21 21:00:00,40.626666666666665
2011-02-21 22:00:00,29.055
2011-02-21 23:00:00,19.305
2011-02-22 06:00:00,31.51
2011-02-22 07:00:00,89.62166666666667
2011-02-22 08:00:00,194.975
2011-02-22 09:00:00,117.39666666666666
2011-02-22 10:00:00,47.346666666666664
2011-02-22 11:00:00,50.32333333333333
2011-02-22 12:00:00,58.916666666666664
2011-02-22 13:00:00,68.90666666666667
2011-02-22 14:00:00,66.92
2011-02-22 15:00:00,74.02833333333334
2011-02-22 16:00:00,73.85666666666667
2011-02-22 17:00:00,170.41333333333333
2011-02-22 18:00:00,162.76166666666666
2011-02-22 19:00:00,94.77
2011-02-22 20:00:00,75.72
2011-02-22 21:00:00,55.45333333333333
2011-02-22 22:00:00,35.071666666666665
2011-02-22 23:00:00,22.376666666666665
2011-02-23 00:00:00,12.288333333333334
2011-02-23 01:00:00,5.921666666666667
2011-02-23 02:00:00,2.2883333333333336
2011-02-23 03:00:00,1.3933333333333333
2011-02-23 05:00:00,5.616666666666666
2011-02-23 06:00:00,30.308333333333334
2011-02-23 07:00:00,89.84166666666667
2011-02-23 08:00:00,202.87166666666667
2011-02-23 09:00:00,122.78333333333333
2011-02-23 10:00:00,57.16
2011-02-23 11:00:00,62.846666666666664
2011-02-23 12:00:00,76.70166666666667
2011-02-23 13:00:00,80.02166666666666
2011-02-23 14:00:00,81.63166666666666
2011-02-23 15:00:00,85.62833333333333
2011-02-23 16:00:00,109.09666666666666
2011-02-23 17:00:00,222.21333333333334
2011-02-23 18:00:00,207.98166666666665
2011-02-23 19:00:00,115.29333333333334
2011-02-23 20:00:00,76.24833333333333
2011-02-23 21:00:00,62.885
2011-02-23 22:00:00,47.04666666666667
2011-02-23 23:00:00,27.97
2011-02-24 00:00:00,12.373333333333333
2011-02-24 01:00:00,5.46
2011-02-24 02:00:00,2.445
2011-02-24 03:00:00,1.6916666666666667
2011-02-24 05:00:00,5.256666666666667
2011-02-24 06:00:00,35.22
2011-02-24 07:00:00,95.425
2011-02-24 08:00:00,222.06333333333333
2011-02-24 09:00:00,125.065
2011-02-24 10:00:00,61.376666666666665
2011-02-24 11:00:00,82.33
2011-02-24 12:00:00,101.025
2011-02-24 13:00:00,101.95666666666666
2011-02-24 14:00:00,106.55166666666666
2011-02-24 15:00:00,38.94166666666667
2011-02-24 16:00:00,48.15
2011-02-24 17:00:00,200.995
2011-02-24 18:00:00,170.17833333333334
2011-02-24 19:00:00,48.63
2011-02-24 20:00:00,83.86833333333334
2011-02-24 21:00:00,60.86666666666667
2011-02-24 22:00:00,38.06333333333333
2011-02-24 23:00:00,35.17333333333333
2011-02-25 00:00:00,13.761666666666667
2011-02-25 01:00:00,11.653333333333334
2011-02-25 02:00:00,9.401666666666667
2011-02-25 03:00:00,2.2133333333333334
2011-02-25 05:00:00,8.706666666666667
2011-02-25 06:00:00,31.955
2011-02-25 07:00:00,58.56333333333333
2011-02-25 08:00:00,203.40666666666667
2011-02-25 09:00:00,44.74
2011-02-25 10:00:00,29.283333333333335
2011-02-25 11:00:00,126.22
2011-02-25 12:00:00,157.22
2011-02-25 13:00:00,156.47333333333333
2011-02-25 14:00:00,158.615
2011-02-25 15:00:00,161.72
2011-02-25 16:00:00,111.92333333333333
2011-02-25 17:00:00,190.97833333333332
2011-02-25 18:00:00,176.90666666666667
2011-02-25 19:00:00,107.34333333333333
2011-02-25 20:00:00,74.81666666666666
2011-02-25 21:00:00,52.725
2011-02-25 22:00:00,41.983333333333334
2011-02-25 23:00:00,30.666666666666668
2011-02-26 00:00:00,30.62
2011-02-26 01:00:00,23.616666666666667
2011-02-26 02:00:00,16.97833333333333
2011-02-26 03:00:00,12.378333333333334
2011-02-26 04:00:00,2.91
2011-02-26 05:00:00,2.2983333333333333
2011-02-26 06:00:00,2.9816666666666665
2011-02-26 07:00:00,11.563333333333333
2011-02-26 08:00:00,28.776666666666667
2011-02-26 09:00:00,55.525
2011-02-26 10:00:00,100.42166666666667
2011-02-26 11:00:00,122.14
2011-02-26 12:00:00,121.82666666666667
2011-02-26 13:00:00,133.58
2011-02-26 14:00:00,129.505
2011-02-26 15:00:00,135.75666666666666
2011-02-26 16:00:00,132.36333333333334
2011-02-26 17:00:00,129.92833333333334
2011-02-26 18:00:00,112.20333333333333
2011-02-26 19:00:00,82.91666666666667
2011-02-26 20:00:00,64.44166666666666
2011-02-26 21:00:00,49.138333333333335
2011-02-26 22:00:00,45.5
2011-02-26 23:00:00,41.13333333333333
2011-02-27 00:00:00,34.345
2011-02-27 01:00:00,29.191666666666666
2011-02-27 02:00:00,21.638333333333332
2011-02-27 03:00:00,12.156666666666666
2011-02-27 04:00:00,5.445
2011-02-27 06:00:00,3.0866666666666664
2011-02-27 07:00:00,13.713333333333333
2011-02-27 08:00:00,37.545
2011-02-27 09:00:00,55.586666666666666
2011-02-27 10:00:00,82.37
2011-02-27 11:00:00,125.97
2011-02-27 12:00:00,148.38
2011-02-27 13:00:00,158.955
2011-02-27 14:00:00,179.87
2011-02-27 15:00:00,211.165
2011-02-27 16:00:00,251.96833333333333
2011-02-27 17:00:00,133.13166666666666
2011-02-27 18:00:00,112.09333333333333
2011-02-27 19:00:00,94.155
2011-02-27 20:00:00,83.925
2011-02-27 21:00:00,66.18166666666667
2011-02-27 22:00:00,55.12833333333333
2011-02-27 23:00:00,40.358333333333334
2011-02-28 00:00:00,16.821666666666665
2011-02-28 01:00:00,5.016666666666667
2011-02-28 03:00:00,2.0566666666666666
2011-02-28 05:00:00,9.341666666666667
2011-02-28 06:00:00,39.36833333333333
2011-02-28 07:00:00,107.055
2011-02-28 08:00:00,230.03166666666667
2011-02-28 09:00:00,116.91
2011-02-28 10:00:00,88.455
2011-02-28 11:00:00,104.32666666666667
2011-02-28 12:00:00,124.33666666666667
2011-02-28 13:00:00,79.13666666666667
2011-02-28 14:00:00,37.43833333333333
2011-02-28 15:00:00,37.166666666666664
2011-02-28 16:00:00,59.37166666666667
2011-02-28 17:00:00,178.39833333333334
2011-02-28 18:00:00,246.525
2011-02-28 19:00:00,57.50666666666667
2011-02-28 20:00:00,57.69
2011-02-28 21:00:00,68.34333333333333
2011-02-28 22:00:00,38.67166666666667
2011-02-28 23:00:00,25.648333333333333
2011-03-20 00:00:00,38.7
2011-03-20 01:00:00,33.78666666666667
2011-03-20 02:00:00,21.178333333333335
2011-03-20 03:00:00,11.676666666666666
2011-03-20 04:00:00,3.905
2011-03-20 05:00:00,3.25
2011-03-20 06:00:00,3.026666666666667
2011-03-20 07:00:00,25.51
2011-03-20 08:00:00,47.515
2011-03-20 09:00:00,81.06333333333333
2011-03-20 10:00:00,122.03333333333333
2011-03-20 11:00:00,138.97
2011-03-20 12:00:00,152.33333333333334
2011-03-20 13:00:00,158.18833333333333
2011-03-20 14:00:00,157.6
2011-03-20 15:00:00,157.01
2011-03-20 16:00:00,147.71333333333334
2011-03-20 17:00:00,125.665
2011-03-20 18:00:00,132.79333333333332
2011-03-20 19:00:00,102.555
2011-03-20 20:00:00,89.01833333333333
2011-03-20 21:00:00,57.998333333333335
2011-03-20 22:00:00,53.10333333333333
2011-03-20 23:00:00,39.336666666666666
2011-03-21 00:00:00,11.758333333333333
2011-03-21 01:00:00,6.735
2011-03-21 02:00:00,7.006666666666667
2011-03-21 03:00:00,3.535
2011-03-21 05:00:00,4.808333333333334
2011-03-21 06:00:00,38.31333333333333
2011-03-21 07:00:00,62.151666666666664
2011-03-21 08:00:00,237.23833333333334
2011-03-21 09:00:00,113.26666666666667
2011-03-21 10:00:00,76.05166666666666
2011-03-21 11:00:00,85.055
2011-03-21 12:00:00,92.67333333333333
2011-03-21 13:00:00,126.50833333333334
2011-03-21 14:00:00,124.77833333333334
2011-03-21 15:00:00,141.315
2011-03-21 16:00:00,164.80333333333334
2011-03-21 17:00:00,348.52666666666664
2011-03-21 18:00:00,314.14666666666665
2011-03-21 19:00:00,195.58166666666668
2011-03-21 20:00:00,169.16166666666666
2011-03-21 21:00:00,91.56166666666667
2011-03-21 22:00:00,81.51
2011-03-21 23:00:00,66.92833333333333
2011-03-22 00:00:00,30.003333333333334
2011-03-22 01:00:00,7.65
2011-03-22 02:00:00,7.081666666666667
2011-03-22 03:00:00,3.4816666666666665
2011-03-22 04:00:00,3.3666666666666667
2011-03-22 05:00:00,12.2
2011-03-22 06:00:00,42.965
2011-03-22 07:00:00,122.08166666666666
2011-03-22 08:00:00,273.66833333333335
2011-03-22 09:00:00,127.54
2011-03-22 10:00:00,94.66666666666667
2011-03-22 11:00:00,97.3
2011-03-22 12:00:00,130.22333333333333
2011-03-22 13:00:00,114.295
2011-03-22 14:00:00,113.84166666666667
2011-03-22 15:00:00,118.23666666666666
2011-03-22 16:00:00,165.06333333333333
2011-03-22 17:00:00,322.955
2011-03-22 18:00:00,300.74333333333334
2011-03-22 19:00:00,160.02
2011-03-22 20:00:00,136.74333333333334
2011-03-22 21:00:00,89.905
2011-03-22 22:00:00,66.91
2011-03-22 23:00:00,35.89833333333333
2011-03-23 00:00:00,16.311666666666667
2011-03-23 01:00:00,7.088333333333333
2011-03-23 02:00:00,4.41
2011-03-23 03:00:00,3.01
2011-03-23 05:00:00,8.0
2011-03-23 06:00:00,45.31166666666667
2011-03-23 07:00:00,105.15833333333333
2011-03-23 08:00:00,259.08166666666665
2011-03-23 09:00:00,130.71833333333333
2011-03-23 10:00:00,69.88
2011-03-23 11:00:00,74.09333333333333
2011-03-23 12:00:00,79.46
2011-03-23 13:00:00,66.375
2011-03-23 14:00:00,82.00666666666666
2011-03-23 15:00:00,83.67666666666666
2011-03-23 16:00:00,132.33
2011-03-23 17:00:00,259.77666666666664
2011-03-23 18:00:00,177.74
2011-03-23 19:00:00,56.77333333333333
2011-03-23 20:00:00,50.2
2011-03-23 21:00:00,53.126666666666665
2011-03-23 22:00:00,35.99
2011-03-23 23:00:00,28.31
2011-03-24 00:00:00,10.266666666666667
2011-03-24 01:00:00,6.345
2011-03-24 02:00:00,5.195
2011-03-24 03:00:00,2.611666666666667
2011-03-24 04:00:00,2.0366666666666666
2011-03-24 05:00:00,6.783333333333333
2011-03-24 06:00:00,39.74333333333333
2011-03-24 07:00:00,65.53166666666667
2011-03-24 08:00:00,161.845
2011-03-24 09:00:00,138.875
2011-03-24 10:00:00,60.928333333333335
2011-03-24 11:00:00,69.365
2011-03-24 12:00:00,88.13333333333334
2011-03-24 13:00:00,93.62166666666667
2011-03-24 14:00:00,87.09333333333333
2011-03-24 15:00:00,83.455
2011-03-24 16:00:00,99.17333333333333
2011-03-24 17:00:00,237.26666666666668
2011-03-24 18:00:00,208.00166666666667
2011-03-24 19:00:00,114.325
2011-03-24 20:00:00,79.89166666666667
2011-03-24 21:00:00,57.10666666666667
2011-03-24 22:00:00,46.483333333333334
2011-03-24 23:00:00,31.141666666666666
2011-03-25 00:00:00,14.236666666666666
2011-03-25 01:00:00,5.031666666666666
2011-03-25 02:00:00,2.57
2011-03-25 03:00:00,2.4033333333333333
2011-03-25 04:00:00,1.6833333333333333
2011-03-25 05:00:00,7.546666666666667
2011-03-25 06:00:00,39.21
2011-03-25 07:00:00,107.28
2011-03-25 08:00:00,239.67166666666665
2011-03-25 09:00:00,140.225
2011-03-25 10:00:00,78.45833333333333
2011-03-25 11:00:00,85.31333333333333
2011-03-25 12:00:00,95.08
2011-03-25 13:00:00,92.73666666666666
2011-03-25 14:00:00,101.63833333333334
2011-03-25 15:00:00,96.155
2011-03-25 16:00:00,120.08666666666667
2011-03-25 17:00:00,226.12333333333333
2011-03-25 18:00:00,217.075
2011-03-25 19:00:00,115.02833333333334
2011-03-25 20:00:00,85.60833333333333
2011-03-25 21:00:00,61.23833333333334
2011-03-25 22:00:00,46.24
2011-03-25 23:00:00,31.955
2011-03-26 00:00:00,33.00666666666667
2011-03-26 01:00:00,27.73
2011-03-26 02:00:00,16.648333333333333
2011-03-26 03:00:00,9.075
2011-03-26 04:00:00,3.745
2011-03-26 05:00:00,3.255
2011-03-26 06:00:00,5.346666666666667
2011-03-26 07:00:00,26.596666666666668
2011-03-26 08:00:00,37.35333333333333
2011-03-26 09:00:00,63.535
2011-03-26 10:00:00,92.01333333333334
2011-03-26 11:00:00,94.91666666666667
2011-03-26 12:00:00,114.875
2011-03-26 13:00:00,127.04333333333334
2011-03-26 14:00:00,136.625
2011-03-26 15:00:00,144.99833333333333
2011-03-26 16:00:00,134.80166666666668
2011-03-26 17:00:00,117.03166666666667
2011-03-26 18:00:00,107.61166666666666
2011-03-26 19:00:00,71.84333333333333
2011-03-26 20:00:00,65.09666666666666
2011-03-26 21:00:00,52.545
2011-03-26 22:00:00,45.291666666666664
2011-03-26 23:00:00,32.32666666666667
2011-03-27 00:00:00,35.295
2011-03-27 01:00:00,24.71
2011-03-27 02:00:00,19.328333333333333
2011-03-27 03:00:00,10.676666666666666
2011-03-27 04:00:00,5.093333333333334
2011-03-27 06:00:00,4.656666666666666
2011-03-27 07:00:00,31.121666666666666
2011-03-27 08:00:00,33.33833333333333
2011-03-27 09:00:00,53.833333333333336
2011-03-27 10:00:00,78.36833333333334
2011-03-27 11:00:00,82.485
2011-03-27 12:00:00,91.31666666666666
2011-03-27 13:00:00,115.45166666666667
2011-03-27 14:00:00,127.30666666666667
2011-03-27 15:00:00,125.39666666666666
2011-03-27 16:00:00,153.50833333333333
2011-03-27 17:00:00,121.76166666666667
2011-03-27 18:00:00,97.45333333333333
2011-03-27 19:00:00,81.71166666666667
2011-03-27 20:00:00,54.315
2011-03-27 21:00:00,43.623333333333335
2011-03-27 22:00:00,39.28666666666667
2011-03-27 23:00:00,31.53
2011-03-28 00:00:00,9.923333333333334
2011-03-28 01:00:00,4.608333333333333
2011-03-28 02:00:00,2.8766666666666665
2011-03-28 03:00:00,2.0166666666666666
2011-03-28 05:00:00,6.081666666666667
2011-03-28 06:00:00,39.48
2011-03-28 07:00:00,102.49666666666667
2011-03-28 08:00:00,239.35166666666666
2011-03-28 09:00:00,129.50166666666667
2011-03-28 10:00:00,65.655
2011-03-28 11:00:00,63.986666666666665
2011-03-28 12:00:00,76.50333333333333
2011-03-28 13:00:00,82.40333333333334
2011-03-28 14:00:00,84.41666666666667
2011-03-28 15:00:00,87.33833333333334
2011-03-28 16:00:00,114.185
2011-03-28 17:00:00,242.85333333333332
2011-03-28 18:00:00,227.46666666666667
2011-03-28 19:00:00,123.71333333333334
2011-03-28 20:00:00,95.465
2011-03-28 21:00:00,62.06166666666667
2011-03-28 22:00:00,47.115
2011-03-28 23:00:00,27.741666666666667
2011-03-29 00:00:00,11.841666666666667
2011-03-29 01:00:00,2.8716666666666666
2011-03-29 02:00:00,3.2516666666666665
2011-03-29 03:00:00,2.6366666666666667
2011-03-29 04:00:00,1.655
2011-03-29 05:00:00,5.595
2011-03-29 06:00:00,41.59166666666667
2011-03-29 07:00:00,110.03833333333333
2011-03-29 08:00:00,243.53333333333333
2011-03-29 09:00:00,137.16333333333333
2011-03-29 10:00:00,71.33833333333334
2011-03-29 11:00:00,79.44333333333333
2011-03-29 12:00:00,92.57666666666667
2011-03-29 13:00:00,87.47166666666666
2011-03-29 14:00:00,92.425
2011-03-29 15:00:00,97.99833333333333
2011-03-29 16:00:00,115.985
2011-03-29 17:00:00,259.50333333333333
2011-03-29 18:00:00,244.09833333333333
2011-03-29 19:00:00,135.91333333333333
2011-03-29 20:00:00,109.12833333333333
2011-03-29 21:00:00,76.52166666666666
2011-03-29 22:00:00,57.413333333333334
2011-03-29 23:00:00,26.745
2011-03-30 00:00:00,15.071666666666667
2011-03-30 01:00:00,8.093333333333334
2011-03-30 02:00:00,4.255
2011-03-30 03:00:00,3.48
2011-03-30 04:00:00,3.43
2011-03-30 05:00:00,7.751666666666667
2011-03-30 06:00:00,45.233333333333334
2011-03-30 07:00:00,127.18
2011-03-30 08:00:00,268.7733333333333
2011-03-30 09:00:00,141.28666666666666
2011-03-30 10:00:00,83.325
2011-03-30 11:00:00,82.74666666666667
2011-03-30 12:00:00,92.885
2011-03-30 13:00:00,96.08666666666667
2011-03-30 14:00:00,87.91
2011-03-30 15:00:00,46.86666666666667
2011-03-30 16:00:00,56.31666666666667
2011-03-30 17:00:00,165.735
2011-03-30 18:00:00,190.35333333333332
2011-03-30 19:00:00,91.485
2011-03-30 20:00:00,49.99
2011-03-30 21:00:00,61.571666666666665
2011-03-30 22:00:00,38.62833333333333
2011-03-30 23:00:00,25.376666666666665
2011-03-31 00:00:00,5.925
2011-03-31 01:00:00,4.888333333333334
2011-03-31 02:00:00,4.15
2011-03-31 03:00:00,2.7133333333333334
2011-03-31 04:00:00,2.295
2011-03-31 05:00:00,7.921666666666667
2011-03-31 06:00:00,29.261666666666667
2011-03-31 07:00:00,69.025
2011-03-31 08:00:00,222.6
2011-03-31 09:00:00,84.96166666666667
2011-03-31 10:00:00,44.26166666666666
2011-03-31 11:00:00,47.20666666666666
2011-03-31 12:00:00,52.00666666666667
2011-03-31 13:00:00,65.92333333333333
2011-03-31 14:00:00,66.115
2011-03-31 15:00:00,44.94833333333333
2011-03-31 16:00:00,90.37
2011-03-31 17:00:00,213.78166666666667
2011-03-31 18:00:00,205.855
2011-03-31 19:00:00,107.08833333333334
2011-03-31 20:00:00,50.08833333333333
2011-03-31 21:00:00,59.43833333333333
2011-03-31 22:00:00,39.63166666666667
2011-03-31 23:00:00,37.085
2011-04-20 00:00:00,28.61
2011-04-20 01:00:00,6.453333333333333
2011-04-20 02:00:00,8.03
2011-04-20 03:00:00,3.755
2011-04-20 04:00:00,3.9716666666666667
2011-04-20 05:00:00,12.635
2011-04-20 06:00:00,45.585
2011-04-20 07:00:00,128.28
2011-04-20 08:00:00,378.89166666666665
2011-04-20 09:00:00,176.76833333333335
2011-04-20 10:00:00,118.95
2011-04-20 11:00:00,130.08
2011-04-20 12:00:00,142.295
2011-04-20 13:00:00,141.15
2011-04-20 14:00:00,137.695
2011-04-20 15:00:00,137.92
2011-04-20 16:00:00,227.975
2011-04-20 17:00:00,369.88
2011-04-20 18:00:00,364.3516666666667
2011-04-20 19:00:00,257.26166666666666
2011-04-20 20:00:00,184.60666666666665
2011-04-20 21:00:00,150.62666666666667
2011-04-20 22:00:00,125.445
2011-04-20 23:00:00,91.56333333333333
2011-04-21 00:00:00,33.901666666666664
2011-04-21 01:00:00,16.323333333333334
2011-04-21 02:00:00,12.505
2011-04-21 03:00:00,4.363333333333333
2011-04-21 04:00:00,4.175
2011-04-21 05:00:00,7.9816666666666665
2011-04-21 06:00:00,47.51833333333333
2011-04-21 07:00:00,144.08833333333334
2011-04-21 08:00:00,286.2
2011-04-21 09:00:00,152.88833333333332
2011-04-21 10:00:00,112.52
2011-04-21 11:00:00,129.43
2011-04-21 12:00:00,141.25333333333333
2011-04-21 13:00:00,123.90166666666667
2011-04-21 14:00:00,122.22333333333333
2011-04-21 15:00:00,126.21833333333333
2011-04-21 16:00:00,186.995
2011-04-21 17:00:00,330.14166666666665
2011-04-21 18:00:00,318.4716666666667
2011-04-21 19:00:00,191.05
2011-04-21 20:00:00,183.86166666666668
2011-04-21 21:00:00,106.325
2011-04-21 22:00:00,79.39666666666666
2011-04-21 23:00:00,48.005
2011-04-22 00:00:00,26.061666666666667
2011-04-22 01:00:00,19.241666666666667
2011-04-22 02:00:00,9.181666666666667
2011-04-22 03:00:00,5.9
2011-04-22 04:00:00,4.435
2011-04-22 05:00:00,8.348333333333333
2011-04-22 06:00:00,52.61
2011-04-22 07:00:00,126.40166666666667
2011-04-22 08:00:00,275.09833333333336
2011-04-22 09:00:00,98.225
2011-04-22 10:00:00,121.02
2011-04-22 11:00:00,93.87
2011-04-22 12:00:00,107.56166666666667
2011-04-22 13:00:00,63.93833333333333
2011-04-22 14:00:00,33.23
2011-04-22 15:00:00,64.51166666666667
2011-04-22 16:00:00,95.30666666666667
2011-04-22 17:00:00,151.97833333333332
2011-04-22 18:00:00,117.42333333333333
2011-04-22 19:00:00,76.825
2011-04-22 20:00:00,77.48
2011-04-22 21:00:00,61.63666666666666
2011-04-22 22:00:00,50.17666666666667
2011-04-22 23:00:00,49.406666666666666
2011-04-23 00:00:00,30.996666666666666
2011-04-23 01:00:00,24.72833333333333
2011-04-23 02:00:00,23.795
2011-04-23 03:00:00,17.525
2011-04-23 04:00:00,7.203333333333333
2011-04-23 05:00:00,7.001666666666667
2011-04-23 06:00:00,15.4
2011-04-23 07:00:00,79.265
2011-04-23 08:00:00,49.596666666666664
2011-04-23 09:00:00,79.73666666666666
2011-04-23 10:00:00,143.04166666666666
2011-04-23 11:00:00,111.315
2011-04-23 12:00:00,127.26333333333334
2011-04-23 13:00:00,132.91
2011-04-23 14:00:00,241.03
2011-04-23 15:00:00,266.685
2011-04-23 16:00:00,306.28833333333336
2011-04-23 17:00:00,284.1816666666667
2011-04-23 18:00:00,227.60833333333332
2011-04-23 19:00:00,176.7
2011-04-23 20:00:00,141.57
2011-04-23 21:00:00,126.915
2011-04-23 22:00:00,114.22666666666667
2011-04-23 23:00:00,85.15
2011-04-24 00:00:00,43.91166666666667
2011-04-24 01:00:00,33.545
2011-04-24 02:00:00,29.571666666666665
2011-04-24 03:00:00,28.196666666666665
2011-04-24 04:00:00,10.258333333333333
2011-04-24 05:00:00,11.085
2011-04-24 06:00:00,15.133333333333333
2011-04-24 07:00:00,70.94166666666666
2011-04-24 08:00:00,97.86
2011-04-24 09:00:00,135.53666666666666
2011-04-24 10:00:00,240.89666666666668
2011-04-24 11:00:00,387.90833333333336
2011-04-24 12:00:00,399.56
2011-04-24 13:00:00,390.465
2011-04-24 14:00:00,393.22833333333335
2011-04-24 15:00:00,402.04833333333335
2011-04-24 16:00:00,385.88994444444455
2011-04-24 17:00:00,398.17041666666665
2011-04-24 18:00:00,366.42333333333335
2011-04-24 19:00:00,189.225
2011-04-24 20:00:00,165.53166666666667
2011-04-24 21:00:00,86.79166666666667
2011-04-24 22:00:00,57.155
2011-04-24 23:00:00,59.94
2011-04-25 00:00:00,26.213333333333335
2011-04-25 01:00:00,14.233333333333333
2011-04-25 02:00:00,8.591666666666667
2011-04-25 03:00:00,4.523333333333333
2011-04-25 04:00:00,4.123333333333333
2011-04-25 05:00:00,14.186666666666667
2011-04-25 06:00:00,55.98
2011-04-25 07:00:00,166.69166666666666
2011-04-25 08:00:00,396.5833333333333
2011-04-25 09:00:00,162.55833333333334
2011-04-25 10:00:00,115.03
2011-04-25 11:00:00,126.62333333333333
2011-04-25 12:00:00,143.05833333333334
2011-04-25 13:00:00,145.69333333333333
2011-04-25 14:00:00,149.46666666666667
2011-04-25 15:00:00,148.18166666666667
2011-04-25 16:00:00,227.38
2011-04-25 17:00:00,387.2366666666667
2011-04-25 18:00:00,382.03333333333336
2011-04-25 19:00:00,235.27666666666667
2011-04-25 20:00:00,181.09833333333333
2011-04-25 21:00:00,154.08666666666667
2011-04-25 22:00:00,98.20333333333333
2011-04-25 23:00:00,59.75833333333333
2011-04-26 00:00:00,25.673333333333332
2011-04-26 01:00:00,12.961666666666666
2011-04-26 02:00:00,5.541666666666667
2011-04-26 03:00:00,3.615
2011-04-26 04:00:00,4.3
2011-04-26 05:00:00,9.266666666666667
2011-04-26 06:00:00,52.88166666666667
2011-04-26 07:00:00,187.66666666666666
2011-04-26 08:00:00,402.775
2011-04-26 09:00:00,171.90666666666667
2011-04-26 10:00:00,113.64666666666666
2011-04-26 11:00:00,125.29833333333333
2011-04-26 12:00:00,137.57666666666665
2011-04-26 13:00:00,142.17166666666665
2011-04-26 14:00:00,139.85666666666665
2011-04-26 15:00:00,136.0
2011-04-26 16:00:00,226.81666666666666
2011-04-26 17:00:00,383.105
2011-04-26 18:00:00,380.89
2011-04-26 19:00:00,222.015
2011-04-26 20:00:00,172.81333333333333
2011-04-26 21:00:00,144.29833333333335
2011-04-26 22:00:00,121.47833333333334
2011-04-26 23:00:00,61.91
2011-04-27 00:00:00,25.61
2011-04-27 01:00:00,15.638333333333334
2011-04-27 02:00:00,6.523333333333333
2011-04-27 03:00:00,3.545
2011-04-27 04:00:00,3.986666666666667
2011-04-27 05:00:00,9.063333333333333
2011-04-27 06:00:00,52.64
2011-04-27 07:00:00,176.48333333333332
2011-04-27 08:00:00,387.25
2011-04-27 09:00:00,146.28
2011-04-27 10:00:00,94.74
2011-04-27 11:00:00,89.84
2011-04-27 12:00:00,124.18666666666667
2011-04-27 13:00:00,106.82666666666667
2011-04-27 14:00:00,132.42833333333334
2011-04-27 15:00:00,133.495
2011-04-27 16:00:00,224.39666666666668
2011-04-27 17:00:00,378.97833333333335
2011-04-27 18:00:00,375.2183333333333
2011-04-27 19:00:00,211.08333333333334
2011-04-27 20:00:00,160.34333333333333
2011-04-27 21:00:00,126.33666666666667
2011-04-27 22:00:00,99.13833333333334
2011-04-27 23:00:00,62.17333333333333
2011-04-28 00:00:00,32.958333333333336
2011-04-28 01:00:00,16.993333333333332
2011-04-28 02:00:00,7.886666666666667
2011-04-28 03:00:00,5.008333333333334
2011-04-28 04:00:00,4.375
2011-04-28 05:00:00,9.266666666666667
2011-04-28 06:00:00,55.49166666666667
2011-04-28 07:00:00,177.82
2011-04-28 08:00:00,386.1933333333333
2011-04-28 09:00:00,149.925
2011-04-28 10:00:00,107.32833333333333
2011-04-28 11:00:00,104.13333333333334
2011-04-28 12:00:00,111.46833333333333
2011-04-28 13:00:00,115.01666666666667
2011-04-28 14:00:00,110.92666666666666
2011-04-28 15:00:00,139.35833333333332
2011-04-28 16:00:00,187.17833333333334
2011-04-28 17:00:00,373.465
2011-04-28 18:00:00,370.645
2011-04-28 19:00:00,220.20166666666665
2011-04-28 20:00:00,184.195
2011-04-28 21:00:00,148.61
2011-04-28 22:00:00,112.04
2011-04-28 23:00:00,85.235
2011-04-29 00:00:00,40.126666666666665
2011-04-29 01:00:00,22.308333333333334
2011-04-29 02:00:00,16.055
2011-04-29 03:00:00,6.506666666666667
2011-04-29 04:00:00,5.111666666666666
2011-04-29 05:00:00,12.661666666666667
2011-04-29 06:00:00,53.94
2011-04-29 07:00:00,199.56333333333333
2011-04-29 08:00:00,350.945
2011-04-29 09:00:00,194.80833333333334
2011-04-29 10:00:00,143.60333333333332
2011-04-29 11:00:00,176.50333333333333
2011-04-29 12:00:00,185.72166666666666
2011-04-29 13:00:00,185.925
2011-04-29 14:00:00,192.15833333333333
2011-04-29 15:00:00,181.82333333333332
2011-04-29 16:00:00,194.26666666666668
2011-04-29 17:00:00,329.24333333333334
2011-04-29 18:00:00,332.8983333333333
2011-04-29 19:00:00,198.335
2011-04-29 20:00:00,166.68666666666667
2011-04-29 21:00:00,131.26833333333335
2011-04-29 22:00:00,91.86166666666666
2011-04-29 23:00:00,61.64
2011-04-30 00:00:00,35.568333333333335
2011-04-30 01:00:00,29.5
2011-04-30 02:00:00,25.67
2011-04-30 03:00:00,19.55666666666667
2011-04-30 04:00:00,6.23
2011-04-30 05:00:00,5.855
2011-04-30 06:00:00,19.89666666666667
2011-04-30 07:00:00,60.52333333333333
2011-04-30 08:00:00,80.86333333333333
2011-04-30 09:00:00,171.2
2011-04-30 10:00:00,251.24166666666667
2011-04-30 11:00:00,275.4
2011-04-30 12:00:00,311.41333333333336
2011-04-30 13:00:00,314.93
2011-04-30 14:00:00,309.2416666666667
2011-04-30 15:00:00,310.6616666666667
2011-04-30 16:00:00,311.37666666666667
2011-04-30 17:00:00,279.99
2011-04-30 18:00:00,263.055
2011-04-30 19:00:00,228.38333333333333
2011-04-30 20:00:00,156.97666666666666
2011-04-30 21:00:00,108.85166666666667
2011-04-30 22:00:00,86.57666666666667
2011-04-30 23:00:00,66.33333333333333
2011-05-20 00:00:00,45.873333333333335
2011-05-20 01:00:00,24.62
2011-05-20 02:00:00,13.278333333333334
2011-05-20 03:00:00,5.820833333333334
2011-05-20 04:00:00,5.395
2011-05-20 05:00:00,24.733333333333334
2011-05-20 06:00:00,87.47
2011-05-20 07:00:00,267.905
2011-05-20 08:00:00,471.65166666666664
2011-05-20 09:00:00,216.02333333333334
2011-05-20 10:00:00,161.93166666666667
2011-05-20 11:00:00,178.065
2011-05-20 12:00:00,245.34333333333333
2011-05-20 13:00:00,226.225
2011-05-20 14:00:00,241.51
2011-05-20 15:00:00,254.55833333333334
2011-05-20 16:00:00,345.315
2011-05-20 17:00:00,460.46166666666664
2011-05-20 18:00:00,481.93333333333334
2011-05-20 19:00:00,350.075
2011-05-20 20:00:00,228.20833333333334
2011-05-20 21:00:00,198.29
2011-05-20 22:00:00,141.09
2011-05-20 23:00:00,116.45166666666667
2011-05-21 00:00:00,95.47666666666667
2011-05-21 01:00:00,71.22055555555556
2011-05-21 02:00:00,56.78333333333333
2011-05-21 03:00:00,27.186666666666667
2011-05-21 04:00:00,7.7716666666666665
2011-05-21 05:00:00,9.073333333333334
2011-05-21 06:00:00,18.85333333333333
2011-05-21 07:00:00,61.04333333333334
2011-05-21 08:00:00,129.37
2011-05-21 09:00:00,213.94333333333333
2011-05-21 10:00:00,279.4816666666667
2011-05-21 11:00:00,375.685
2011-05-21 12:00:00,383.5955555555555
2011-05-21 13:00:00,395.59680555555553
2011-05-21 14:00:00,394.1374722222222
2011-05-21 15:00:00,400.24
2011-05-21 16:00:00,387.6141666666667
2011-05-21 17:00:00,387.6718055555555
2011-05-21 18:00:00,360.17569444444445
2011-05-21 19:00:00,322.43
2011-05-21 20:00:00,231.795
2011-05-21 21:00:00,189.10666666666665
2011-05-21 22:00:00,144.06333333333333
2011-05-21 23:00:00,117.24666666666667
2011-05-22 00:00:00,103.28833333333333
2011-05-22 01:00:00,67.32333333333334
2011-05-22 02:00:00,56.205
2011-05-22 03:00:00,31.573333333333334
2011-05-22 04:00:00,11.745
2011-05-22 05:00:00,12.605
2011-05-22 06:00:00,13.758333333333333
2011-05-22 07:00:00,53.48
2011-05-22 08:00:00,97.62166666666667
2011-05-22 09:00:00,183.96
2011-05-22 10:00:00,274.18833333333333
2011-05-22 11:00:00,379.915
2011-05-22 12:00:00,388.7875
2011-05-22 13:00:00,395.97
2011-05-22 14:00:00,363.7783333333333
2011-05-22 15:00:00,406.83
2011-05-22 16:00:00,402.635
2011-05-22 17:00:00,403.9533333333333
2011-05-22 18:00:00,378.55333333333334
2011-05-22 19:00:00,347.44166666666666
2011-05-22 20:00:00,241.83333333333334
2011-05-22 21:00:00,177.81
2011-05-22 22:00:00,125.71166666666667
2011-05-22 23:00:00,97.88
2011-05-23 00:00:00,28.338333333333335
2011-05-23 01:00:00,15.206666666666667
2011-05-23 02:00:00,7.086666666666667
2011-05-23 03:00:00,4.508333333333334
2011-05-23 04:00:00,5.785
2011-05-23 05:00:00,19.526666666666667
2011-05-23 06:00:00,95.97333333333333
2011-05-23 07:00:00,225.375
2011-05-23 08:00:00,383.10833333333335
2011-05-23 09:00:00,186.175
2011-05-23 10:00:00,120.905
2011-05-23 11:00:00,149.23333333333332
2011-05-23 12:00:00,186.77166666666668
2011-05-23 13:00:00,182.62
2011-05-23 14:00:00,163.41666666666666
2011-05-23 15:00:00,165.68333333333334
2011-05-23 16:00:00,281.71666666666664
2011-05-23 17:00:00,463.69666666666666
2011-05-23 18:00:00,501.27166666666665
2011-05-23 19:00:00,376.9916666666667
2011-05-23 20:00:00,213.98666666666668
2011-05-23 21:00:00,132.66333333333333
2011-05-23 22:00:00,120.165
2011-05-23 23:00:00,67.71333333333334
2011-05-24 00:00:00,29.995
2011-05-24 01:00:00,15.041666666666666
2011-05-24 02:00:00,18.298333333333332
2011-05-24 03:00:00,4.836666666666667
2011-05-24 04:00:00,5.5183333333333335
2011-05-24 05:00:00,20.953333333333333
2011-05-24 06:00:00,110.495
2011-05-24 07:00:00,163.24833333333333
2011-05-24 08:00:00,432.565
2011-05-24 09:00:00,205.37666666666667
2011-05-24 10:00:00,120.17
2011-05-24 11:00:00,146.98666666666668
2011-05-24 12:00:00,182.855
2011-05-24 13:00:00,186.58333333333334
2011-05-24 14:00:00,164.29833333333335
2011-05-24 15:00:00,173.535
2011-05-24 16:00:00,286.37666666666667
2011-05-24 17:00:00,500.4916666666667
2011-05-24 18:00:00,499.5733333333333
2011-05-24 19:00:00,361.8666666666667
2011-05-24 20:00:00,286.00166666666667
2011-05-24 21:00:00,217.495
2011-05-24 22:00:00,95.05666666666667
2011-05-24 23:00:00,80.80333333333333
2011-05-25 00:00:00,25.813333333333333
2011-05-25 01:00:00,14.02
2011-05-25 02:00:00,10.373333333333333
2011-05-25 03:00:00,4.738333333333333
2011-05-25 04:00:00,5.086666666666667
2011-05-25 05:00:00,21.59
2011-05-25 06:00:00,104.75833333333334
2011-05-25 07:00:00,299.12833333333333
2011-05-25 08:00:00,450.65166666666664
2011-05-25 09:00:00,207.31333333333333
2011-05-25 10:00:00,125.555
2011-05-25 11:00:00,148.77833333333334
2011-05-25 12:00:00,192.59333333333333
2011-05-25 13:00:00,183.795
2011-05-25 14:00:00,160.13166666666666
2011-05-25 15:00:00,167.355
2011-05-25 16:00:00,292.9
2011-05-25 17:00:00,548.86
2011-05-25 18:00:00,525.3183333333334
2011-05-25 19:00:00,395.1566666666667
2011-05-25 20:00:00,317.605
2011-05-25 21:00:00,199.21333333333334
2011-05-25 22:00:00,143.37166666666667
2011-05-25 23:00:00,85.02833333333334
2011-05-26 00:00:00,61.18666666666667
2011-05-26 01:00:00,25.236666666666668
2011-05-26 02:00:00,10.571666666666667
2011-05-26 03:00:00,5.0633333333333335
2011-05-26 04:00:00,5.3133333333333335
2011-05-26 05:00:00,19.955
2011-05-26 06:00:00,86.44166666666666
2011-05-26 07:00:00,193.53666666666666
2011-05-26 08:00:00,413.0283333333333
2011-05-26 09:00:00,202.80833333333334
2011-05-26 10:00:00,118.91
2011-05-26 11:00:00,149.52
2011-05-26 12:00:00,188.59166666666667
2011-05-26 13:00:00,164.315
2011-05-26 14:00:00,162.06666666666666
2011-05-26 15:00:00,162.23333333333332
2011-05-26 16:00:00,269.97333333333336
2011-05-26 17:00:00,527.3433333333334
2011-05-26 18:00:00,513.0316666666666
2011-05-26 19:00:00,362.865
2011-05-26 20:00:00,302.09
2011-05-26 21:00:00,196.91333333333333
2011-05-26 22:00:00,146.12666666666667
2011-05-26 23:00:00,117.64333333333333
2011-05-27 00:00:00,64.89333333333333
2011-05-27 01:00:00,26.501666666666665
2011-05-27 02:00:00,15.125
2011-05-27 03:00:00,6.25
2011-05-27 04:00:00,6.076666666666667
2011-05-27 05:00:00,27.705
2011-05-27 06:00:00,101.92166666666667
2011-05-27 07:00:00,281.945
2011-05-27 08:00:00,461.5366666666667
2011-05-27 09:00:00,220.775
2011-05-27 10:00:00,160.11833333333334
2011-05-27 11:00:00,166.285
2011-05-27 12:00:00,218.2
2011-05-27 13:00:00,216.90333333333334
2011-05-27 14:00:00,213.58166666666668
2011-05-27 15:00:00,217.375
2011-05-27 16:00:00,324.89666666666665
2011-05-27 17:00:00,527.8933333333333
2011-05-27 18:00:00,458.655
2011-05-27 19:00:00,284.5733333333333
2011-05-27 20:00:00,226.06666666666666
2011-05-27 21:00:00,169.055
2011-05-27 22:00:00,139.76333333333332
2011-05-27 23:00:00,122.605
2011-05-28 00:00:00,103.745
2011-05-28 01:00:00,83.67833333333333
2011-05-28 02:00:00,56.74333333333333
2011-05-28 03:00:00,28.206666666666667
2011-05-28 04:00:00,9.221666666666666
2011-05-28 05:00:00,11.585
2011-05-28 06:00:00,24.245
2011-05-28 07:00:00,61.17333333333333
2011-05-28 08:00:00,113.2
2011-05-28 09:00:00,216.735
2011-05-28 10:00:00,293.96166666666664
2011-05-28 11:00:00,387.6433333333333
2011-05-28 12:00:00,389.44166666666666
2011-05-28 13:00:00,411.54333333333335
2011-05-28 14:00:00,396.69666666666666
2011-05-28 15:00:00,410.6913888888889
2011-05-28 16:00:00,402.905
2011-05-28 17:00:00,408.24236111111117
2011-05-28 18:00:00,363.8616666666667
2011-05-28 19:00:00,325.7416666666667
2011-05-28 20:00:00,257.16
2011-05-28 21:00:00,201.0
2011-05-28 22:00:00,171.14166666666668
2011-05-28 23:00:00,134.21
2011-05-29 00:00:00,110.93333333333334
2011-05-29 01:00:00,85.525
2011-05-29 02:00:00,59.39833333333333
2011-05-29 03:00:00,27.506666666666668
2011-05-29 04:00:00,9.223333333333333
2011-05-29 05:00:00,12.093333333333334
2011-05-29 06:00:00,15.205
2011-05-29 07:00:00,40.36
2011-05-29 08:00:00,70.75166666666667
2011-05-29 09:00:00,113.42333333333333
2011-05-29 10:00:00,227.33
2011-05-29 11:00:00,257.415
2011-05-29 12:00:00,298.0183333333333
2011-05-29 13:00:00,410.915
2011-05-29 14:00:00,394.65833333333336
2011-05-29 15:00:00,391.3666666666667
2011-05-29 16:00:00,390.3666666666667
2011-05-29 17:00:00,386.8466666666667
2011-05-29 18:00:00,265.82
2011-05-29 19:00:00,259.7783333333333
2011-05-29 20:00:00,204.77
2011-05-29 21:00:00,162.94
2011-05-29 22:00:00,124.75
2011-05-29 23:00:00,117.92833333333333
2011-05-30 00:00:00,94.28166666666667
2011-05-30 01:00:00,78.33833333333334
2011-05-30 02:00:00,42.79333333333334
2011-05-30 03:00:00,21.393333333333334
2011-05-30 04:00:00,13.76
2011-05-30 05:00:00,11.431666666666667
2011-05-30 06:00:00,53.61333333333334
2011-05-30 07:00:00,95.135
2011-05-30 08:00:00,145.86833333333334
2011-05-30 09:00:00,209.30666666666667
2011-05-30 10:00:00,287.36333333333334
2011-05-30 11:00:00,377.065
2011-05-30 12:00:00,381.57166666666666
2011-05-30 13:00:00,389.71666666666664
2011-05-30 14:00:00,397.68833333333333
2011-05-30 15:00:00,376.185
2011-05-30 16:00:00,378.525
2011-05-30 17:00:00,378.245
2011-05-30 18:00:00,367.75944444444445
2011-05-30 19:00:00,276.60333333333335
2011-05-30 20:00:00,371.37833333333333
2011-05-30 21:00:00,319.75333333333333
2011-05-30 22:00:00,208.79166666666666
2011-05-30 23:00:00,120.865
2011-05-31 00:00:00,33.465
2011-05-31 01:00:00,18.22833333333333
2011-05-31 02:00:00,9.036666666666667
2011-05-31 03:00:00,3.6416666666666666
2011-05-31 04:00:00,5.6033333333333335
2011-05-31 05:00:00,21.438333333333333
2011-05-31 06:00:00,109.84166666666667
2011-05-31 07:00:00,296.92
2011-05-31 08:00:00,444.54
2011-05-31 09:00:00,186.87833333333333
2011-05-31 10:00:00,126.525
2011-05-31 11:00:00,133.135
2011-05-31 12:00:00,152.85166666666666
2011-05-31 13:00:00,147.66166666666666
2011-05-31 14:00:00,141.00333333333333
2011-05-31 15:00:00,146.21166666666667
2011-05-31 16:00:00,240.015
2011-05-31 17:00:00,508.26
2011-05-31 18:00:00,501.8233333333333
2011-05-31 19:00:00,365.8283333333333
2011-05-31 20:00:00,282.08166666666665
2011-05-31 21:00:00,212.16166666666666
2011-05-31 22:00:00,140.97166666666666
2011-05-31 23:00:00,76.87166666666667
2011-06-20 00:00:00,31.015
2011-06-20 01:00:00,16.158333333333335
2011-06-20 02:00:00,7.6883333333333335
2011-06-20 03:00:00,3.85
2011-06-20 04:00:00,5.076666666666667
2011-06-20 05:00:00,21.281666666666666
2011-06-20 06:00:00,100.83666666666667
2011-06-20 07:00:00,154.93166666666667
2011-06-20 08:00:00,426.7033333333333
2011-06-20 09:00:00,197.40166666666667
2011-06-20 10:00:00,119.70166666666667
2011-06-20 11:00:00,129.19666666666666
2011-06-20 12:00:00,177.26833333333335
2011-06-20 13:00:00,181.22166666666666
2011-06-20 14:00:00,169.765
2011-06-20 15:00:00,167.245
2011-06-20 16:00:00,290.38
2011-06-20 17:00:00,527.625
2011-06-20 18:00:00,531.535
2011-06-20 19:00:00,385.51666666666665
2011-06-20 20:00:00,304.375
2011-06-20 21:00:00,199.64333333333335
2011-06-20 22:00:00,124.325
2011-06-20 23:00:00,74.34333333333333
2011-06-21 00:00:00,30.071666666666665
2011-06-21 01:00:00,11.91
2011-06-21 02:00:00,6.076666666666667
2011-06-21 03:00:00,5.121666666666667
2011-06-21 04:00:00,6.07
2011-06-21 05:00:00,20.54
2011-06-21 06:00:00,109.75
2011-06-21 07:00:00,223.87833333333333
2011-06-21 08:00:00,395.68
2011-06-21 09:00:00,188.80166666666668
2011-06-21 10:00:00,117.025
2011-06-21 11:00:00,126.83833333333334
2011-06-21 12:00:00,164.285
2011-06-21 13:00:00,162.36666666666667
2011-06-21 14:00:00,158.31166666666667
2011-06-21 15:00:00,170.77
2011-06-21 16:00:00,277.8333333333333
2011-06-21 17:00:00,546.1333333333333
2011-06-21 18:00:00,510.565
2011-06-21 19:00:00,350.74833333333333
2011-06-21 20:00:00,247.325
2011-06-21 21:00:00,230.96666666666667
2011-06-21 22:00:00,156.01166666666666
2011-06-21 23:00:00,75.06166666666667
2011-06-22 00:00:00,33.35166666666667
2011-06-22 01:00:00,20.328333333333333
2011-06-22 02:00:00,10.996666666666666
2011-06-22 03:00:00,5.6466666666666665
2011-06-22 04:00:00,5.735
2011-06-22 05:00:00,23.45
2011-06-22 06:00:00,108.12
2011-06-22 07:00:00,302.575
2011-06-22 08:00:00,437.51
2011-06-22 09:00:00,190.845
2011-06-22 10:00:00,124.78
2011-06-22 11:00:00,144.15166666666667
2011-06-22 12:00:00,167.78
2011-06-22 13:00:00,160.11666666666667
2011-06-22 14:00:00,159.09666666666666
2011-06-22 15:00:00,160.29
2011-06-22 16:00:00,258.995
2011-06-22 17:00:00,540.2033333333334
2011-06-22 18:00:00,507.1483333333333
2011-06-22 19:00:00,369.21
2011-06-22 20:00:00,284.7916666666667
2011-06-22 21:00:00,228.08
2011-06-22 22:00:00,168.25833333333333
2011-06-22 23:00:00,90.04
2011-06-23 00:00:00,43.13166666666667
2011-06-23 01:00:00,21.621666666666666
2011-06-23 02:00:00,9.938333333333333
2011-06-23 03:00:00,5.753333333333333
2011-06-23 04:00:00,6.74
2011-06-23 05:00:00,25.061666666666667
2011-06-23 06:00:00,122.42666666666666
2011-06-23 07:00:00,316.56166666666667
2011-06-23 08:00:00,433.32
2011-06-23 09:00:00,199.58833333333334
2011-06-23 10:00:00,125.89833333333333
2011-06-23 11:00:00,131.04
2011-06-23 12:00:00,174.24
2011-06-23 13:00:00,177.48166666666665
2011-06-23 14:00:00,162.70166666666665
2011-06-23 15:00:00,165.51333333333332
2011-06-23 16:00:00,284.13666666666666
2011-06-23 17:00:00,525.7716666666666
2011-06-23 18:00:00,515.0733333333334
2011-06-23 19:00:00,367.87166666666667
2011-06-23 20:00:00,305.81666666666666
2011-06-23 21:00:00,224.22166666666666
2011-06-23 22:00:00,162.28333333333333
2011-06-23 23:00:00,119.58166666666666
2011-06-24 00:00:00,58.528333333333336
2011-06-24 01:00:00,22.635
2011-06-24 02:00:00,10.933333333333334
2011-06-24 03:00:00,5.8
2011-06-24 04:00:00,5.576666666666667
2011-06-24 05:00:00,23.43
2011-06-24 06:00:00,100.82166666666667
2011-06-24 07:00:00,281.87833333333333
2011-06-24 08:00:00,455.53
2011-06-24 09:00:00,224.265
2011-06-24 10:00:00,141.43166666666667
2011-06-24 11:00:00,161.625
2011-06-24 12:00:00,214.29666666666665
2011-06-24 13:00:00,213.05833333333334
2011-06-24 14:00:00,221.48166666666665
2011-06-24 15:00:00,209.97833333333332
2011-06-24 16:00:00,336.005
2011-06-24 17:00:00,550.7266666666667
2011-06-24 18:00:00,496.8983333333333
2011-06-24 19:00:00,384.635
2011-06-24 20:00:00,290.9716666666667
2011-06-24 21:00:00,235.24
2011-06-24 22:00:00,203.12833333333333
2011-06-24 23:00:00,144.10333333333332
2011-06-25 00:00:00,123.605
2011-06-25 01:00:00,87.38666666666667
2011-06-25 02:00:00,60.303333333333335
2011-06-25 03:00:00,33.983333333333334
2011-06-25 04:00:00,10.075
2011-06-25 05:00:00,10.428333333333333
2011-06-25 06:00:00,31.591666666666665
2011-06-25 07:00:00,73.91666666666667
2011-06-25 08:00:00,162.46166666666667
2011-06-25 09:00:00,209.155
2011-06-25 10:00:00,289.11833333333334
2011-06-25 11:00:00,387.0842777777778
2011-06-25 12:00:00,432.13
2011-06-25 13:00:00,435.16833333333335
2011-06-25 14:00:00,429.76722222222224
2011-06-25 15:00:00,413.3024722222222
2011-06-25 16:00:00,443.2083333333333
2011-06-25 17:00:00,422.3165370370371
2011-06-25 18:00:00,387.9113888888889
2011-06-25 19:00:00,344.46
2011-06-25 20:00:00,267.655
2011-06-25 21:00:00,220.18166666666667
2011-06-25 22:00:00,200.285
2011-06-25 23:00:00,160.14
2011-06-26 00:00:00,104.57666666666667
2011-06-26 01:00:00,91.61833333333334
2011-06-26 02:00:00,76.29666666666667
2011-06-26 03:00:00,37.891666666666666
2011-06-26 04:00:00,12.456666666666667
2011-06-26 05:00:00,12.733333333333333
2011-06-26 06:00:00,25.565
2011-06-26 07:00:00,58.651666666666664
2011-06-26 08:00:00,111.65166666666667
2011-06-26 09:00:00,194.095
2011-06-26 10:00:00,293.95166666666665
2011-06-26 11:00:00,388.38525
2011-06-26 12:00:00,410.54400000000004
2011-06-26 13:00:00,402.6535833333333
2011-06-26 14:00:00,408.80413888888893
2011-06-26 15:00:00,399.5255277777778
2011-06-26 16:00:00,401.38744444444444
2011-06-26 17:00:00,387.1918055555555
2011-06-26 18:00:00,376.34777777777776
2011-06-26 19:00:00,332.7555555555556
2011-06-26 20:00:00,246.07666666666665
2011-06-26 21:00:00,203.72333333333333
2011-06-26 22:00:00,191.32333333333332
2011-06-26 23:00:00,130.15333333333334
2011-06-27 00:00:00,37.596666666666664
2011-06-27 01:00:00,12.471666666666666
2011-06-27 02:00:00,9.35
2011-06-27 03:00:00,5.948333333333333
2011-06-27 04:00:00,5.723333333333334
2011-06-27 05:00:00,21.59
2011-06-27 06:00:00,115.10666666666667
2011-06-27 07:00:00,313.8466666666667
2011-06-27 08:00:00,407.93333333333334
2011-06-27 09:00:00,198.72
2011-06-27 10:00:00,118.33166666666666
2011-06-27 11:00:00,152.31833333333333
2011-06-27 12:00:00,186.65
2011-06-27 13:00:00,173.78166666666667
2011-06-27 14:00:00,163.41333333333333
2011-06-27 15:00:00,163.41
2011-06-27 16:00:00,284.13
2011-06-27 17:00:00,559.28
2011-06-27 18:00:00,537.0316666666666
2011-06-27 19:00:00,393.37166666666667
2011-06-27 20:00:00,315.65166666666664
2011-06-27 21:00:00,193.50666666666666
2011-06-27 22:00:00,138.25
2011-06-27 23:00:00,78.46166666666667
2011-06-28 00:00:00,31.676666666666666
2011-06-28 01:00:00,17.391666666666666
2011-06-28 02:00:00,10.755
2011-06-28 03:00:00,6.523333333333333
2011-06-28 04:00:00,6.821666666666666
2011-06-28 05:00:00,22.238333333333333
2011-06-28 06:00:00,110.19666666666667
2011-06-28 07:00:00,295.56166666666667
2011-06-28 08:00:00,439.68833333333333
2011-06-28 09:00:00,192.99166666666667
2011-06-28 10:00:00,119.32
2011-06-28 11:00:00,142.975
2011-06-28 12:00:00,167.265
2011-06-28 13:00:00,162.37
2011-06-28 14:00:00,151.315
2011-06-28 15:00:00,153.34
2011-06-28 16:00:00,251.54666666666665
2011-06-28 17:00:00,402.7316666666667
2011-06-28 18:00:00,394.1383333333333
2011-06-28 19:00:00,350.13
2011-06-28 20:00:00,301.065
2011-06-28 21:00:00,207.17333333333335
2011-06-28 22:00:00,151.19333333333333
2011-06-28 23:00:00,90.36666666666666
2011-06-29 00:00:00,34.01833333333333
2011-06-29 01:00:00,19.203333333333333
2011-06-29 02:00:00,7.97
2011-06-29 03:00:00,5.5616666666666665
2011-06-29 04:00:00,5.796666666666667
2011-06-29 05:00:00,23.863333333333333
2011-06-29 06:00:00,109.66166666666666
2011-06-29 07:00:00,300.4816666666667
2011-06-29 08:00:00,465.83
2011-06-29 09:00:00,207.33666666666667
2011-06-29 10:00:00,121.02
2011-06-29 11:00:00,164.86833333333334
2011-06-29 12:00:00,197.72833333333332
2011-06-29 13:00:00,190.71333333333334
2011-06-29 14:00:00,165.22833333333332
2011-06-29 15:00:00,174.78666666666666
2011-06-29 16:00:00,294.335
2011-06-29 17:00:00,568.735
2011-06-29 18:00:00,559.215
2011-06-29 19:00:00,382.06
2011-06-29 20:00:00,302.535
2011-06-29 21:00:00,225.56666666666666
2011-06-29 22:00:00,170.32666666666665
2011-06-29 23:00:00,98.10166666666667
2011-06-30 00:00:00,46.71333333333333
2011-06-30 01:00:00,20.475
2011-06-30 02:00:00,8.381666666666666
2011-06-30 03:00:00,6.88
2011-06-30 04:00:00,6.805
2011-06-30 05:00:00,27.725
2011-06-30 06:00:00,121.06166666666667
2011-06-30 07:00:00,324.505
2011-06-30 08:00:00,460.66
2011-06-30 09:00:00,208.86166666666668
2011-06-30 10:00:00,126.54
2011-06-30 11:00:00,159.50833333333333
2011-06-30 12:00:00,206.59333333333333
2011-06-30 13:00:00,199.15166666666667
2011-06-30 14:00:00,168.035
2011-06-30 15:00:00,182.18333333333334
2011-06-30 16:00:00,294.41333333333336
2011-06-30 17:00:00,575.225
2011-06-30 18:00:00,559.1483333333333
2011-06-30 19:00:00,382.24
2011-06-30 20:00:00,299.1383333333333
2011-06-30 21:00:00,226.56
2011-06-30 22:00:00,172.65
2011-06-30 23:00:00,124.89166666666667
2011-07-20 00:00:00,34.18833333333333
2011-07-20 01:00:00,16.47833333333333
2011-07-20 02:00:00,6.273333333333333
2011-07-20 03:00:00,5.996666666666667
2011-07-20 04:00:00,6.216666666666667
2011-07-20 05:00:00,31.471666666666668
2011-07-20 06:00:00,121.24833333333333
2011-07-20 07:00:00,299.3433333333333
2011-07-20 08:00:00,432.5283333333333
2011-07-20 09:00:00,198.65
2011-07-20 10:00:00,117.74
2011-07-20 11:00:00,135.29166666666666
2011-07-20 12:00:00,163.535
2011-07-20 13:00:00,156.34166666666667
2011-07-20 14:00:00,152.24333333333334
2011-07-20 15:00:00,152.89666666666668
2011-07-20 16:00:00,251.72833333333332
2011-07-20 17:00:00,501.3883333333333
2011-07-20 18:00:00,492.71666666666664
2011-07-20 19:00:00,372.4683333333333
2011-07-20 20:00:00,291.4166666666667
2011-07-20 21:00:00,220.34833333333333
2011-07-20 22:00:00,165.11
2011-07-20 23:00:00,109.76166666666667
2011-07-21 00:00:00,46.105
2011-07-21 01:00:00,19.391666666666666
2011-07-21 02:00:00,7.745
2011-07-21 03:00:00,5.99
2011-07-21 04:00:00,5.831666666666667
2011-07-21 05:00:00,22.47833333333333
2011-07-21 06:00:00,122.22
2011-07-21 07:00:00,307.715
2011-07-21 08:00:00,440.0783333333333
2011-07-21 09:00:00,196.46166666666667
2011-07-21 10:00:00,124.94
2011-07-21 11:00:00,129.60333333333332
2011-07-21 12:00:00,149.64666666666668
2011-07-21 13:00:00,146.67
2011-07-21 14:00:00,142.42166666666665
2011-07-21 15:00:00,144.69333333333333
2011-07-21 16:00:00,240.05166666666668
2011-07-21 17:00:00,456.54833333333335
2011-07-21 18:00:00,451.5933333333333
2011-07-21 19:00:00,358.645
2011-07-21 20:00:00,286.27666666666664
2011-07-21 21:00:00,223.25
2011-07-21 22:00:00,170.50166666666667
2011-07-21 23:00:00,123.80833333333334
2011-07-22 00:00:00,58.288333333333334
2011-07-22 01:00:00,31.065
2011-07-22 02:00:00,19.748333333333335
2011-07-22 03:00:00,6.801666666666667
2011-07-22 04:00:00,7.095
2011-07-22 05:00:00,25.023333333333333
2011-07-22 06:00:00,106.26
2011-07-22 07:00:00,287.51
2011-07-22 08:00:00,452.835
2011-07-22 09:00:00,222.415
2011-07-22 10:00:00,149.795
2011-07-22 11:00:00,163.485
2011-07-22 12:00:00,198.745
2011-07-22 13:00:00,198.61833333333334
2011-07-22 14:00:00,198.19833333333332
2011-07-22 15:00:00,181.91
2011-07-22 16:00:00,278.0883333333333
2011-07-22 17:00:00,465.3233333333333
2011-07-22 18:00:00,452.4266666666667
2011-07-22 19:00:00,343.43333333333334
2011-07-22 20:00:00,282.83
2011-07-22 21:00:00,208.27333333333334
2011-07-22 22:00:00,197.45166666666665
2011-07-22 23:00:00,143.3
2011-07-23 00:00:00,109.77666666666667
2011-07-23 01:00:00,85.945
2011-07-23 02:00:00,65.48666666666666
2011-07-23 03:00:00,30.933333333333334
2011-07-23 04:00:00,11.578333333333333
2011-07-23 05:00:00,9.876666666666667
2011-07-23 06:00:00,33.998333333333335
2011-07-23 07:00:00,103.25166666666667
2011-07-23 08:00:00,161.99166666666667
2011-07-23 09:00:00,222.76166666666666
2011-07-23 10:00:00,291.1016666666667
2011-07-23 11:00:00,342.72833333333335
2011-07-23 12:00:00,371.8833333333333
2011-07-23 13:00:00,361.855
2011-07-23 14:00:00,374.1933333333333
2011-07-23 15:00:00,375.415
2011-07-23 16:00:00,361.035
2011-07-23 17:00:00,359.1533333333333
2011-07-23 18:00:00,354.13166666666666
2011-07-23 19:00:00,319.85833333333335
2011-07-23 20:00:00,289.97
2011-07-23 21:00:00,252.90666666666667
2011-07-23 22:00:00,212.63833333333332
2011-07-23 23:00:00,192.03833333333333
2011-07-24 00:00:00,114.82
2011-07-24 01:00:00,89.675
2011-07-24 02:00:00,78.88166666666666
2011-07-24 03:00:00,35.33166666666666
2011-07-24 04:00:00,10.84
2011-07-24 05:00:00,11.046666666666667
2011-07-24 06:00:00,25.113333333333333
2011-07-24 07:00:00,64.84
2011-07-24 08:00:00,147.25
2011-07-24 09:00:00,196.025
2011-07-24 10:00:00,290.93
2011-07-24 11:00:00,349.83
2011-07-24 12:00:00,368.665
2011-07-24 13:00:00,361.83
2011-07-24 14:00:00,368.065
2011-07-24 15:00:00,349.45166666666665
2011-07-24 16:00:00,355.755
2011-07-24 17:00:00,360.7825
2011-07-24 18:00:00,349.15
2011-07-24 19:00:00,328.525
2011-07-24 20:00:00,273.43
2011-07-24 21:00:00,233.28666666666666
2011-07-24 22:00:00,191.38333333333333
2011-07-24 23:00:00,147.99166666666667
2011-07-25 00:00:00,44.97666666666667
2011-07-25 01:00:00,15.476666666666667
2011-07-25 02:00:00,7.493333333333333
2011-07-25 03:00:00,5.503333333333333
2011-07-25 04:00:00,5.815
2011-07-25 05:00:00,22.298333333333332
2011-07-25 06:00:00,120.29833333333333
2011-07-25 07:00:00,307.43666666666667
2011-07-25 08:00:00,412.51666666666665
2011-07-25 09:00:00,188.30166666666668
2011-07-25 10:00:00,122.82666666666667
2011-07-25 11:00:00,127.12666666666667
2011-07-25 12:00:00,154.795
2011-07-25 13:00:00,153.815
2011-07-25 14:00:00,128.14
2011-07-25 15:00:00,127.59666666666666
2011-07-25 16:00:00,241.98166666666665
2011-07-25 17:00:00,502.8666666666667
2011-07-25 18:00:00,489.60333333333335
2011-07-25 19:00:00,388.275
2011-07-25 20:00:00,293.9
2011-07-25 21:00:00,186.9
2011-07-25 22:00:00,130.37666666666667
2011-07-25 23:00:00,69.99666666666667
2011-07-26 00:00:00,30.196666666666665
2011-07-26 01:00:00,15.551666666666666
2011-07-26 02:00:00,8.335
2011-07-26 03:00:00,5.663333333333333
2011-07-26 04:00:00,5.838333333333333
2011-07-26 05:00:00,23.323333333333334
2011-07-26 06:00:00,116.43166666666667
2011-07-26 07:00:00,306.925
2011-07-26 08:00:00,439.9533333333333
2011-07-26 09:00:00,196.00166666666667
2011-07-26 10:00:00,129.245
2011-07-26 11:00:00,153.28666666666666
2011-07-26 12:00:00,190.46166666666667
2011-07-26 13:00:00,191.95
2011-07-26 14:00:00,172.425
2011-07-26 15:00:00,161.775
2011-07-26 16:00:00,279.015
2011-07-26 17:00:00,563.9083333333333
2011-07-26 18:00:00,554.6016666666667
2011-07-26 19:00:00,376.4633333333333
2011-07-26 20:00:00,300.84833333333336
2011-07-26 21:00:00,237.42333333333335
2011-07-26 22:00:00,164.88
2011-07-26 23:00:00,79.46666666666667
2011-07-27 00:00:00,44.61666666666667
2011-07-27 01:00:00,16.508333333333333
2011-07-27 02:00:00,10.606666666666667
2011-07-27 03:00:00,4.331666666666667
2011-07-27 04:00:00,5.226666666666667
2011-07-27 05:00:00,28.19333333333333
2011-07-27 06:00:00,116.17166666666667
2011-07-27 07:00:00,305.3933333333333
2011-07-27 08:00:00,445.79
2011-07-27 09:00:00,201.41666666666666
2011-07-27 10:00:00,118.75166666666667
2011-07-27 11:00:00,156.33
2011-07-27 12:00:00,198.25666666666666
2011-07-27 13:00:00,195.40666666666667
2011-07-27 14:00:00,175.145
2011-07-27 15:00:00,181.06166666666667
2011-07-27 16:00:00,283.49666666666667
2011-07-27 17:00:00,564.215
2011-07-27 18:00:00,558.2966666666666
2011-07-27 19:00:00,395.45666666666665
2011-07-27 20:00:00,303.89166666666665
2011-07-27 21:00:00,228.33333333333334
2011-07-27 22:00:00,161.045
2011-07-27 23:00:00,86.3
2011-07-28 00:00:00,48.736666666666665
2011-07-28 01:00:00,21.21
2011-07-28 02:00:00,9.685
2011-07-28 03:00:00,5.58
2011-07-28 04:00:00,5.6066666666666665
2011-07-28 05:00:00,29.11
2011-07-28 06:00:00,111.64833333333333
2011-07-28 07:00:00,306.3983333333333
2011-07-28 08:00:00,440.1816666666667
2011-07-28 09:00:00,194.11166666666668
2011-07-28 10:00:00,117.41
2011-07-28 11:00:00,130.52166666666668
2011-07-28 12:00:00,156.69166666666666
2011-07-28 13:00:00,147.655
2011-07-28 14:00:00,159.04166666666666
2011-07-28 15:00:00,152.81333333333333
2011-07-28 16:00:00,246.71833333333333
2011-07-28 17:00:00,499.84
2011-07-28 18:00:00,485.3466666666667
2011-07-28 19:00:00,367.03833333333336
2011-07-28 20:00:00,284.7733333333333
2011-07-28 21:00:00,220.67166666666665
2011-07-28 22:00:00,161.76166666666666
2011-07-28 23:00:00,123.15166666666667
2011-07-29 00:00:00,55.055
2011-07-29 01:00:00,28.453333333333333
2011-07-29 02:00:00,19.366666666666667
2011-07-29 03:00:00,7.256666666666667
2011-07-29 04:00:00,6.663333333333333
2011-07-29 05:00:00,24.89666666666667
2011-07-29 06:00:00,106.32833333333333
2011-07-29 07:00:00,294.63666666666666
2011-07-29 08:00:00,442.07666666666665
2011-07-29 09:00:00,220.32166666666666
2011-07-29 10:00:00,152.77333333333334
2011-07-29 11:00:00,163.98
2011-07-29 12:00:00,198.43166666666667
2011-07-29 13:00:00,194.49666666666667
2011-07-29 14:00:00,198.09833333333333
2011-07-29 15:00:00,193.025
2011-07-29 16:00:00,300.77166666666665
2011-07-29 17:00:00,487.0416666666667
2011-07-29 18:00:00,453.22333333333336
2011-07-29 19:00:00,353.07166666666666
2011-07-29 20:00:00,280.5416666666667
2011-07-29 21:00:00,243.90833333333333
2011-07-29 22:00:00,203.38
2011-07-29 23:00:00,142.83833333333334
2011-07-30 00:00:00,135.54333333333332
2011-07-30 01:00:00,83.29333333333334
2011-07-30 02:00:00,68.55
2011-07-30 03:00:00,34.025
2011-07-30 04:00:00,9.665
2011-07-30 05:00:00,10.778333333333334
2011-07-30 06:00:00,31.561666666666667
2011-07-30 07:00:00,57.961666666666666
2011-07-30 08:00:00,135.60333333333332
2011-07-30 09:00:00,226.74333333333334
2011-07-30 10:00:00,286.02666666666664
2011-07-30 11:00:00,351.3066666666667
2011-07-30 12:00:00,376.55333333333334
2011-07-30 13:00:00,392.38166666666666
2011-07-30 14:00:00,387.0883333333333
2011-07-30 15:00:00,368.28333333333336
2011-07-30 16:00:00,369.7816666666667
2011-07-30 17:00:00,375.255
2011-07-30 18:00:00,362.96
2011-07-30 19:00:00,344.285
2011-07-30 20:00:00,285.88166666666666
2011-07-30 21:00:00,246.40833333333333
2011-07-30 22:00:00,227.07833333333335
2011-07-30 23:00:00,194.31166666666667
2011-07-31 00:00:00,116.97666666666667
2011-07-31 01:00:00,90.21833333333333
2011-07-31 02:00:00,79.99166666666666
2011-07-31 03:00:00,33.905
2011-07-31 04:00:00,9.265
2011-07-31 05:00:00,10.625
2011-07-31 06:00:00,25.485
2011-07-31 07:00:00,71.63333333333334
2011-07-31 08:00:00,147.16666666666666
2011-07-31 09:00:00,192.74666666666667
2011-07-31 10:00:00,275.76
2011-07-31 11:00:00,345.2783333333333
2011-07-31 12:00:00,373.24833333333333
2011-07-31 13:00:00,371.69166666666666
2011-07-31 14:00:00,361.79333333333335
2011-07-31 15:00:00,353.03333333333336
2011-07-31 16:00:00,362.43
2011-07-31 17:00:00,358.71472222222224
2011-07-31 18:00:00,354.545
2011-07-31 19:00:00,324.53833333333336
2011-07-31 20:00:00,273.63
2011-07-31 21:00:00,237.22
2011-07-31 22:00:00,161.69833333333332
2011-07-31 23:00:00,119.06666666666666
2011-08-20 00:00:00,107.49
2011-08-20 01:00:00,80.06333333333333
2011-08-20 02:00:00,62.656666666666666
2011-08-20 03:00:00,31.735
2011-08-20 04:00:00,9.753333333333334
2011-08-20 05:00:00,15.983333333333333
2011-08-20 06:00:00,21.888333333333332
2011-08-20 07:00:00,58.196666666666665
2011-08-20 08:00:00,113.90833333333333
2011-08-20 09:00:00,215.74166666666667
2011-08-20 10:00:00,275.605
2011-08-20 11:00:00,375.5833333333333
2011-08-20 12:00:00,346.9916666666667
2011-08-20 13:00:00,383.16333333333336
2011-08-20 14:00:00,392.02666666666664
2011-08-20 15:00:00,377.24333333333334
2011-08-20 16:00:00,381.6458333333333
2011-08-20 17:00:00,384.01166666666666
2011-08-20 18:00:00,331.43
2011-08-20 19:00:00,327.93666666666667
2011-08-20 20:00:00,263.6716666666667
2011-08-20 21:00:00,206.06666666666666
2011-08-20 22:00:00,160.36833333333334
2011-08-20 23:00:00,118.46
2011-08-21 00:00:00,115.89166666666667
2011-08-21 01:00:00,78.37333333333333
2011-08-21 02:00:00,77.80666666666667
2011-08-21 03:00:00,36.94833333333333
2011-08-21 04:00:00,8.318333333333333
2011-08-21 05:00:00,8.125
2011-08-21 06:00:00,13.458333333333334
2011-08-21 07:00:00,55.28
2011-08-21 08:00:00,95.64166666666667
2011-08-21 09:00:00,191.375
2011-08-21 10:00:00,249.75666666666666
2011-08-21 11:00:00,355.39666666666665
2011-08-21 12:00:00,384.44
2011-08-21 13:00:00,404.0566666666667
2011-08-21 14:00:00,272.135
2011-08-21 15:00:00,283.78833333333336
2011-08-21 16:00:00,276.68833333333333
2011-08-21 17:00:00,232.01333333333332
2011-08-21 18:00:00,236.06166666666667
2011-08-21 19:00:00,315.4716666666667
2011-08-21 20:00:00,202.87833333333333
2011-08-21 21:00:00,169.63166666666666
2011-08-21 22:00:00,148.26666666666668
2011-08-21 23:00:00,89.415
2011-08-22 00:00:00,31.661666666666665
2011-08-22 01:00:00,18.581666666666667
2011-08-22 02:00:00,11.435
2011-08-22 03:00:00,5.2283333333333335
2011-08-22 04:00:00,6.933333333333334
2011-08-22 05:00:00,27.588333333333335
2011-08-22 06:00:00,106.06333333333333
2011-08-22 07:00:00,291.78
2011-08-22 08:00:00,407.485
2011-08-22 09:00:00,200.69
2011-08-22 10:00:00,120.81
2011-08-22 11:00:00,154.375
2011-08-22 12:00:00,188.005
2011-08-22 13:00:00,190.89166666666668
2011-08-22 14:00:00,180.345
2011-08-22 15:00:00,181.54166666666666
2011-08-22 16:00:00,297.93833333333333
2011-08-22 17:00:00,571.5166666666667
2011-08-22 18:00:00,563.0483333333333
2011-08-22 19:00:00,409.71
2011-08-22 20:00:00,305.16333333333336
2011-08-22 21:00:00,218.26166666666666
2011-08-22 22:00:00,119.36666666666666
2011-08-22 23:00:00,88.00333333333333
2011-08-23 00:00:00,33.94833333333333
2011-08-23 01:00:00,16.715
2011-08-23 02:00:00,10.443333333333333
2011-08-23 03:00:00,4.723333333333334
2011-08-23 04:00:00,5.381666666666667
2011-08-23 05:00:00,25.716666666666665
2011-08-23 06:00:00,112.16333333333333
2011-08-23 07:00:00,326.4766666666667
2011-08-23 08:00:00,455.4633333333333
2011-08-23 09:00:00,202.96833333333333
2011-08-23 10:00:00,120.845
2011-08-23 11:00:00,150.025
2011-08-23 12:00:00,207.84166666666667
2011-08-23 13:00:00,203.31333333333333
2011-08-23 14:00:00,180.49
2011-08-23 15:00:00,182.11666666666667
2011-08-23 16:00:00,301.9266666666667
2011-08-23 17:00:00,584.16
2011-08-23 18:00:00,574.2833333333333
2011-08-23 19:00:00,389.6983333333333
2011-08-23 20:00:00,291.98333333333335
2011-08-23 21:00:00,209.86
2011-08-23 22:00:00,163.47833333333332
2011-08-23 23:00:00,77.835
2011-08-24 00:00:00,37.435
2011-08-24 01:00:00,15.003333333333334
2011-08-24 02:00:00,11.28
2011-08-24 03:00:00,6.001666666666667
2011-08-24 04:00:00,7.288333333333333
2011-08-24 05:00:00,24.236666666666668
2011-08-24 06:00:00,109.395
2011-08-24 07:00:00,322.5316666666667
2011-08-24 08:00:00,440.7583333333333
2011-08-24 09:00:00,206.405
2011-08-24 10:00:00,123.855
2011-08-24 11:00:00,157.00666666666666
2011-08-24 12:00:00,186.00666666666666
2011-08-24 13:00:00,186.08333333333334
2011-08-24 14:00:00,178.97833333333332
2011-08-24 15:00:00,180.55666666666667
2011-08-24 16:00:00,279.1433333333333
2011-08-24 17:00:00,570.2833333333333
2011-08-24 18:00:00,546.8666666666667
2011-08-24 19:00:00,369.535
2011-08-24 20:00:00,286.3933333333333
2011-08-24 21:00:00,203.67166666666665
2011-08-24 22:00:00,155.22
2011-08-24 23:00:00,99.68666666666667
2011-08-25 00:00:00,46.64
2011-08-25 01:00:00,23.645
2011-08-25 02:00:00,9.105
2011-08-25 03:00:00,6.373333333333333
2011-08-25 04:00:00,6.256666666666667
2011-08-25 05:00:00,26.47833333333333
2011-08-25 06:00:00,101.56833333333333
2011-08-25 07:00:00,281.05833333333334
2011-08-25 08:00:00,434.45166666666665
2011-08-25 09:00:00,212.985
2011-08-25 10:00:00,125.06166666666667
2011-08-25 11:00:00,109.175
2011-08-25 12:00:00,123.585
2011-08-25 13:00:00,134.55833333333334
2011-08-25 14:00:00,154.75
2011-08-25 15:00:00,160.92333333333335
2011-08-25 16:00:00,232.73333333333332
2011-08-25 17:00:00,425.55333333333334
2011-08-25 18:00:00,414.00333333333333
2011-08-25 19:00:00,255.65166666666667
2011-08-25 20:00:00,219.025
2011-08-25 21:00:00,205.85833333333332
2011-08-25 22:00:00,143.22833333333332
2011-08-25 23:00:00,101.71166666666667
2011-08-26 00:00:00,47.25666666666667
2011-08-26 01:00:00,21.845
2011-08-26 02:00:00,10.515
2011-08-26 03:00:00,6.451666666666667
2011-08-26 04:00:00,5.997
2011-08-26 05:00:00,19.173333333333332
2011-08-26 06:00:00,90.84666666666666
2011-08-26 07:00:00,250.5
2011-08-26 08:00:00,400.4
2011-08-26 09:00:00,210.85833333333332
2011-08-26 10:00:00,156.44833333333332
2011-08-26 11:00:00,160.62166666666667
2011-08-26 12:00:00,219.94
2011-08-26 13:00:00,225.86666666666667
2011-08-26 14:00:00,200.305
2011-08-26 15:00:00,197.785
2011-08-26 16:00:00,311.695
2011-08-26 17:00:00,508.9116666666667
2011-08-26 18:00:00,440.5833333333333
2011-08-26 19:00:00,304.9
2011-08-26 20:00:00,261.37333333333333
2011-08-26 21:00:00,212.025
2011-08-26 22:00:00,166.185
2011-08-26 23:00:00,135.40166666666667
2011-08-27 00:00:00,105.16666666666667
2011-08-27 01:00:00,76.52166666666666
2011-08-27 02:00:00,63.57333333333333
2011-08-27 03:00:00,38.718333333333334
2011-08-27 04:00:00,9.47
2011-08-27 05:00:00,10.49
2011-08-27 06:00:00,27.873333333333335
2011-08-27 07:00:00,55.06
2011-08-27 08:00:00,133.44
2011-08-27 09:00:00,182.77833333333334
2011-08-27 10:00:00,211.75333333333333
2011-08-27 11:00:00,173.14833333333334
2011-08-27 12:00:00,248.47666666666666
2011-08-27 13:00:00,264.935
2011-08-27 14:00:00,164.53166666666667
2011-08-27 15:00:00,165.26666666666668
2011-08-27 16:00:00,164.33
2011-08-27 17:00:00,148.62333333333333
2011-08-28 07:00:00,96.7
2011-08-28 08:00:00,130.48166666666665
2011-08-28 09:00:00,194.13666666666666
2011-08-28 10:00:00,292.49333333333334
2011-08-28 11:00:00,339.61333333333334
2011-08-28 12:00:00,411.7473333333333
2011-08-28 13:00:00,437.33305555555563
2011-08-28 14:00:00,383.5547222222222
2011-08-28 15:00:00,378.59472222222223
2011-08-28 16:00:00,363.0083333333333
2011-08-28 17:00:00,418.58722222222224
2011-08-28 18:00:00,390.6398333333334
2011-08-28 19:00:00,343.7655555555556
2011-08-28 20:00:00,254.54333333333332
2011-08-28 21:00:00,199.38333333333333
2011-08-28 22:00:00,145.43166666666667
2011-08-28 23:00:00,92.835
2011-08-29 00:00:00,36.06
2011-08-29 01:00:00,13.381666666666666
2011-08-29 02:00:00,8.506666666666666
2011-08-29 03:00:00,6.713333333333333
2011-08-29 04:00:00,5.66
2011-08-29 05:00:00,24.605
2011-08-29 06:00:00,110.01333333333334
2011-08-29 07:00:00,314.6166666666667
2011-08-29 08:00:00,425.4916666666667
2011-08-29 09:00:00,206.035
2011-08-29 10:00:00,124.755
2011-08-29 11:00:00,156.35
2011-08-29 12:00:00,197.88333333333333
2011-08-29 13:00:00,210.76166666666666
2011-08-29 14:00:00,184.23666666666668
2011-08-29 15:00:00,186.075
2011-08-29 16:00:00,303.2816666666667
2011-08-29 17:00:00,559.5616666666666
2011-08-29 18:00:00,539.2683333333333
2011-08-29 19:00:00,403.705
2011-08-29 20:00:00,293.7783333333333
2011-08-29 21:00:00,217.34166666666667
2011-08-29 22:00:00,140.73166666666665
2011-08-29 23:00:00,78.825
2011-08-30 00:00:00,34.71
2011-08-30 01:00:00,15.385
2011-08-30 02:00:00,8.001666666666667
2011-08-30 03:00:00,5.57
2011-08-30 04:00:00,6.693333333333333
2011-08-30 05:00:00,22.736666666666668
2011-08-30 06:00:00,111.105
2011-08-30 07:00:00,335.35833333333335
2011-08-30 08:00:00,456.99666666666667
2011-08-30 09:00:00,202.28333333333333
2011-08-30 10:00:00,128.67166666666665
2011-08-30 11:00:00,150.54
2011-08-30 12:00:00,207.84166666666667
2011-08-30 13:00:00,200.52
2011-08-30 14:00:00,179.755
2011-08-30 15:00:00,180.18333333333334
2011-08-30 16:00:00,298.94166666666666
2011-08-30 17:00:00,578.9416666666667
2011-08-30 18:00:00,560.8133333333334
2011-08-30 19:00:00,388.775
2011-08-30 20:00:00,295.535
2011-08-30 21:00:00,197.265
2011-08-30 22:00:00,161.85666666666665
2011-08-30 23:00:00,77.86333333333333
2011-08-31 00:00:00,32.598333333333336
2011-08-31 01:00:00,14.513333333333334
2011-08-31 02:00:00,8.921666666666667
2011-08-31 03:00:00,6.598333333333334
2011-08-31 04:00:00,6.721666666666667
2011-08-31 05:00:00,25.223333333333333
2011-08-31 06:00:00,107.78666666666666
2011-08-31 07:00:00,327.36
2011-08-31 08:00:00,438.05333333333334
2011-08-31 09:00:00,207.60666666666665
2011-08-31 10:00:00,128.45833333333334
2011-08-31 11:00:00,143.26
2011-08-31 12:00:00,201.03833333333333
2011-08-31 13:00:00,203.755
2011-08-31 14:00:00,178.67833333333334
2011-08-31 15:00:00,179.31833333333333
2011-08-31 16:00:00,296.56
2011-08-31 17:00:00,583.695
2011-08-31 18:00:00,543.3983333333333
2011-08-31 19:00:00,369.89
2011-08-31 20:00:00,293.66333333333336
2011-08-31 21:00:00,200.32
2011-08-31 22:00:00,152.79166666666666
2011-08-31 23:00:00,77.76166666666667
2011-09-20 00:00:00,33.81166666666667
2011-09-20 01:00:00,11.538333333333334
2011-09-20 02:00:00,4.17
2011-09-20 03:00:00,5.31
2011-09-20 04:00:00,5.508333333333334
2011-09-20 05:00:00,21.471666666666668
2011-09-20 06:00:00,109.205
2011-09-20 07:00:00,303.45
2011-09-20 08:00:00,246.955
2011-09-20 09:00:00,130.24166666666667
2011-09-20 10:00:00,84.345
2011-09-20 11:00:00,84.55166666666666
2011-09-20 12:00:00,95.34666666666666
2011-09-20 13:00:00,89.47833333333334
2011-09-20 14:00:00,126.42666666666666
2011-09-20 15:00:00,173.14666666666668
2011-09-20 16:00:00,233.46166666666667
2011-09-20 17:00:00,394.12333333333333
2011-09-20 18:00:00,381.0283333333333
2011-09-20 19:00:00,261.47333333333336
2011-09-20 20:00:00,174.07166666666666
2011-09-20 21:00:00,116.43833333333333
2011-09-20 22:00:00,125.245
2011-09-20 23:00:00,64.55666666666667
2011-09-21 00:00:00,21.976666666666667
2011-09-21 01:00:00,10.43
2011-09-21 02:00:00,6.185
2011-09-21 03:00:00,4.108333333333333
2011-09-21 04:00:00,4.761666666666667
2011-09-21 05:00:00,14.898333333333333
2011-09-21 06:00:00,98.40833333333333
2011-09-21 07:00:00,248.55833333333334
2011-09-21 08:00:00,369.1933333333333
2011-09-21 09:00:00,137.06
2011-09-21 10:00:00,85.49
2011-09-21 11:00:00,112.33666666666667
2011-09-21 12:00:00,166.06666666666666
2011-09-21 13:00:00,169.24333333333334
2011-09-21 14:00:00,159.75333333333333
2011-09-21 15:00:00,163.19666666666666
2011-09-21 16:00:00,280.535
2011-09-21 17:00:00,429.49
2011-09-21 18:00:00,335.085
2011-09-21 19:00:00,124.02166666666666
2011-09-21 20:00:00,101.00333333333333
2011-09-21 21:00:00,94.21666666666667
2011-09-21 22:00:00,128.36333333333334
2011-09-21 23:00:00,63.63333333333333
2011-09-22 00:00:00,21.715
2011-09-22 01:00:00,14.148333333333333
2011-09-22 02:00:00,16.89
2011-09-22 03:00:00,3.7783333333333333
2011-09-22 04:00:00,4.156666666666666
2011-09-22 05:00:00,16.711666666666666
2011-09-22 06:00:00,86.38666666666667
2011-09-22 07:00:00,221.03833333333333
2011-09-22 08:00:00,328.24833333333333
2011-09-22 09:00:00,135.66833333333332
2011-09-22 10:00:00,114.79833333333333
2011-09-22 11:00:00,120.48833333333333
2011-09-22 12:00:00,133.06833333333333
2011-09-22 13:00:00,134.685
2011-09-22 14:00:00,127.22
2011-09-22 15:00:00,134.33666666666667
2011-09-22 16:00:00,282.02666666666664
2011-09-22 17:00:00,401.415
2011-09-22 18:00:00,338.015
2011-09-22 19:00:00,211.35666666666665
2011-09-22 20:00:00,129.5
2011-09-22 21:00:00,116.13
2011-09-22 22:00:00,119.37833333333333
2011-09-22 23:00:00,86.95833333333333
2011-09-23 00:00:00,38.72
2011-09-23 01:00:00,15.553333333333333
2011-09-23 02:00:00,10.643333333333333
2011-09-23 03:00:00,4.68
2011-09-23 04:00:00,4.220333333333333
2011-09-23 05:00:00,15.443333333333333
2011-09-23 06:00:00,79.005
2011-09-23 07:00:00,146.665
2011-09-23 08:00:00,243.92166666666665
2011-09-23 09:00:00,113.66333333333333
2011-09-23 10:00:00,85.075
2011-09-23 11:00:00,85.675
2011-09-23 12:00:00,102.97833333333334
2011-09-23 13:00:00,90.06333333333333
2011-09-23 14:00:00,91.24833333333333
2011-09-23 15:00:00,102.53166666666667
2011-09-23 16:00:00,139.06166666666667
2011-09-23 17:00:00,305.26
2011-09-23 18:00:00,307.9316666666667
2011-09-23 19:00:00,205.255
2011-09-23 20:00:00,169.95666666666668
2011-09-23 21:00:00,120.555
2011-09-23 22:00:00,127.20333333333333
2011-09-23 23:00:00,108.18
2011-09-24 00:00:00,84.38166666666666
2011-09-24 01:00:00,73.825
2011-09-24 02:00:00,58.376666666666665
2011-09-24 03:00:00,33.913333333333334
2011-09-24 04:00:00,9.07
2011-09-24 05:00:00,13.088333333333333
2011-09-24 06:00:00,18.128333333333334
2011-09-24 07:00:00,78.88666666666667
2011-09-24 08:00:00,136.07
2011-09-24 09:00:00,146.1
2011-09-24 10:00:00,237.09833333333333
2011-09-24 11:00:00,259.4683333333333
2011-09-24 12:00:00,279.4116666666667
2011-09-24 13:00:00,310.67833333333334
2011-09-24 14:00:00,296.4866666666667
2011-09-24 15:00:00,296.51
2011-09-24 16:00:00,284.99
2011-09-24 17:00:00,277.60833333333335
2011-09-24 18:00:00,269.135
2011-09-24 19:00:00,223.34333333333333
2011-09-24 20:00:00,200.96166666666667
2011-09-24 21:00:00,159.59166666666667
2011-09-24 22:00:00,144.07666666666665
2011-09-24 23:00:00,117.545
2011-09-25 00:00:00,101.40166666666667
2011-09-25 01:00:00,78.73666666666666
2011-09-25 02:00:00,58.36666666666667
2011-09-25 03:00:00,33.69833333333333
2011-09-25 04:00:00,10.936666666666667
2011-09-25 05:00:00,18.921666666666667
2011-09-25 06:00:00,16.671666666666667
2011-09-25 07:00:00,56.17166666666667
2011-09-25 08:00:00,98.27166666666666
2011-09-25 09:00:00,159.87666666666667
2011-09-25 10:00:00,249.10333333333332
2011-09-25 11:00:00,269.32666666666665
2011-09-25 12:00:00,275.2583333333333
2011-09-25 13:00:00,290.94166666666666
2011-09-25 14:00:00,276.86
2011-09-25 15:00:00,275.805
2011-09-25 16:00:00,375.9288888888889
2011-09-25 17:00:00,260.735
2011-09-25 18:00:00,256.8383333333333
2011-09-25 19:00:00,225.45666666666668
2011-09-25 20:00:00,187.70166666666665
2011-09-25 21:00:00,116.055
2011-09-25 22:00:00,135.66833333333332
2011-09-25 23:00:00,114.60833333333333
2011-09-26 00:00:00,35.16166666666667
2011-09-26 01:00:00,12.753333333333334
2011-09-26 02:00:00,6.028333333333333
2011-09-26 03:00:00,3.7666666666666666
2011-09-26 04:00:00,5.418333333333333
2011-09-26 05:00:00,20.25
2011-09-26 06:00:00,92.79
2011-09-26 07:00:00,228.79166666666666
2011-09-26 08:00:00,355.28333333333336
2011-09-26 09:00:00,182.58166666666668
2011-09-26 10:00:00,113.25
2011-09-26 11:00:00,137.2
2011-09-26 12:00:00,141.74
2011-09-26 13:00:00,161.28666666666666
2011-09-26 14:00:00,167.23666666666668
2011-09-26 15:00:00,165.395
2011-09-26 16:00:00,288.145
2011-09-26 17:00:00,533.27
2011-09-26 18:00:00,350.7866666666667
2011-09-26 19:00:00,232.72833333333332
2011-09-26 20:00:00,178.745
2011-09-26 21:00:00,125.49333333333334
2011-09-26 22:00:00,116.73666666666666
2011-09-26 23:00:00,64.30666666666667
2011-09-27 00:00:00,29.506666666666668
2011-09-27 01:00:00,13.385
2011-09-27 02:00:00,6.8933333333333335
2011-09-27 03:00:00,3.4683333333333333
2011-09-27 04:00:00,4.035
2011-09-27 05:00:00,15.33
2011-09-27 06:00:00,96.99833333333333
2011-09-27 07:00:00,236.80833333333334
2011-09-27 08:00:00,368.0683333333333
2011-09-27 09:00:00,168.11166666666668
2011-09-27 10:00:00,100.675
2011-09-27 11:00:00,112.24666666666667
2011-09-27 12:00:00,130.95333333333335
2011-09-27 13:00:00,164.57666666666665
2011-09-27 14:00:00,125.83833333333334
2011-09-27 15:00:00,124.19833333333334
2011-09-27 16:00:00,201.39
2011-09-27 17:00:00,297.01
2011-09-27 18:00:00,302.37666666666667
2011-09-27 19:00:00,218.515
2011-09-27 20:00:00,226.96666666666667
2011-09-27 21:00:00,163.68333333333334
2011-09-27 22:00:00,130.06
2011-09-27 23:00:00,66.48333333333333
2011-09-28 00:00:00,30.981666666666666
2011-09-28 01:00:00,12.815
2011-09-28 02:00:00,5.798333333333333
2011-09-28 03:00:00,4.2283333333333335
2011-09-28 04:00:00,6.466666666666667
2011-09-28 05:00:00,16.56
2011-09-28 06:00:00,58.92
2011-09-28 07:00:00,115.795
2011-09-28 08:00:00,243.05833333333334
2011-09-28 09:00:00,141.89666666666668
2011-09-28 10:00:00,66.66166666666666
2011-09-28 11:00:00,120.84833333333333
2011-09-28 12:00:00,132.47
2011-09-28 13:00:00,164.50833333333333
2011-09-28 14:00:00,166.89833333333334
2011-09-28 15:00:00,166.76333333333332
2011-09-28 16:00:00,289.68333333333334
2011-09-28 17:00:00,538.6216666666667
2011-09-28 18:00:00,324.645
2011-09-28 19:00:00,202.135
2011-09-28 20:00:00,138.175
2011-09-28 21:00:00,119.40333333333334
2011-09-28 22:00:00,130.13833333333332
2011-09-28 23:00:00,63.04333333333334
2011-09-29 00:00:00,22.84
2011-09-29 01:00:00,15.026666666666667
2011-09-29 02:00:00,15.086666666666666
2011-09-29 03:00:00,4.783333333333333
2011-09-29 04:00:00,6.16
2011-09-29 05:00:00,21.2
2011-09-29 06:00:00,112.89333333333333
2011-09-29 07:00:00,276.77166666666665
2011-09-29 08:00:00,426.955
2011-09-29 09:00:00,211.03
2011-09-29 10:00:00,130.57166666666666
2011-09-29 11:00:00,157.80166666666668
2011-09-29 12:00:00,202.87
2011-09-29 13:00:00,197.81166666666667
2011-09-29 14:00:00,183.29833333333335
2011-09-29 15:00:00,184.24666666666667
2011-09-29 16:00:00,295.5416666666667
2011-09-29 17:00:00,554.8316666666667
2011-09-29 18:00:00,545.15
2011-09-29 19:00:00,366.59833333333336
2011-09-29 20:00:00,274.93666666666667
2011-09-29 21:00:00,193.40166666666667
2011-09-29 22:00:00,146.70333333333335
2011-09-29 23:00:00,97.85333333333334
2011-09-30 00:00:00,51.06333333333333
2011-09-30 01:00:00,25.388333333333332
2011-09-30 02:00:00,10.618333333333334
2011-09-30 03:00:00,5.690555555555556
2011-09-30 04:00:00,5.793611111111111
2011-09-30 05:00:00,25.895
2011-09-30 06:00:00,92.09166666666667
2011-09-30 07:00:00,275.46
2011-09-30 08:00:00,459.0933333333333
2011-09-30 09:00:00,217.54666666666665
2011-09-30 10:00:00,171.56833333333333
2011-09-30 11:00:00,188.54166666666666
2011-09-30 12:00:00,246.36333333333334
2011-09-30 13:00:00,232.97
2011-09-30 14:00:00,240.43666666666667
2011-09-30 15:00:00,242.96833333333333
2011-09-30 16:00:00,346.91833333333335
2011-09-30 17:00:00,524.4483333333334
2011-09-30 18:00:00,481.955
2011-09-30 19:00:00,299.0283333333333
2011-09-30 20:00:00,207.21
2011-09-30 21:00:00,169.05333333333334
2011-09-30 22:00:00,118.37
2011-09-30 23:00:00,107.465
2011-10-20 00:00:00,21.8
2011-10-20 01:00:00,13.965
2011-10-20 02:00:00,7.8533333333333335
2011-10-20 03:00:00,4.611666666666666
2011-10-20 04:00:00,5.0225
2011-10-20 05:00:00,26.488333333333333
2011-10-20 06:00:00,97.39
2011-10-20 07:00:00,268.715
2011-10-20 08:00:00,371.895
2011-10-20 09:00:00,208.80833333333334
2011-10-20 10:00:00,146.99666666666667
2011-10-20 11:00:00,149.10166666666666
2011-10-20 12:00:00,172.2
2011-10-20 13:00:00,168.865
2011-10-20 14:00:00,149.185
2011-10-20 15:00:00,147.795
2011-10-20 16:00:00,237.82
2011-10-20 17:00:00,434.58
2011-10-20 18:00:00,423.78
2011-10-20 19:00:00,262.49333333333334
2011-10-20 20:00:00,216.525
2011-10-20 21:00:00,134.11166666666668
2011-10-20 22:00:00,112.51
2011-10-20 23:00:00,86.22666666666667
2011-10-21 00:00:00,51.67
2011-10-21 01:00:00,25.841666666666665
2011-10-21 02:00:00,13.641666666666667
2011-10-21 03:00:00,6.238333333333333
2011-10-21 04:00:00,5.366666666666666
2011-10-21 05:00:00,22.065
2011-10-21 06:00:00,88.28333333333333
2011-10-21 07:00:00,238.71833333333333
2011-10-21 08:00:00,444.85333333333335
2011-10-21 09:00:00,211.505
2011-10-21 10:00:00,164.82166666666666
2011-10-21 11:00:00,179.56833333333333
2011-10-21 12:00:00,217.42833333333334
2011-10-21 13:00:00,210.82333333333332
2011-10-21 14:00:00,212.54666666666665
2011-10-21 15:00:00,214.99166666666667
2011-10-21 16:00:00,310.73833333333334
2011-10-21 17:00:00,445.35
2011-10-21 18:00:00,422.485
2011-10-21 19:00:00,250.76
2011-10-21 20:00:00,204.75333333333333
2011-10-21 21:00:00,138.785
2011-10-21 22:00:00,117.675
2011-10-21 23:00:00,94.41333333333333
2011-10-22 00:00:00,84.11
2011-10-22 01:00:00,68.87833333333333
2011-10-22 02:00:00,59.46666666666667
2011-10-22 03:00:00,25.641666666666666
2011-10-22 04:00:00,7.79
2011-10-22 05:00:00,8.096666666666666
2011-10-22 06:00:00,20.455
2011-10-22 07:00:00,64.54166666666667
2011-10-22 08:00:00,91.36
2011-10-22 09:00:00,156.13166666666666
2011-10-22 10:00:00,238.55
2011-10-22 11:00:00,263.06333333333333
2011-10-22 12:00:00,322.79833333333335
2011-10-22 13:00:00,347.1433333333333
2011-10-22 14:00:00,325.17
2011-10-22 15:00:00,322.45666666666665
2011-10-22 16:00:00,323.5366666666667
2011-10-22 17:00:00,262.8516666666667
2011-10-22 18:00:00,221.58166666666668
2011-10-22 19:00:00,201.58833333333334
2011-10-22 20:00:00,162.54666666666665
2011-10-22 21:00:00,121.22833333333334
2011-10-22 22:00:00,110.05166666666666
2011-10-22 23:00:00,92.04
2011-10-23 00:00:00,84.60833333333333
2011-10-23 01:00:00,73.91166666666666
2011-10-23 02:00:00,55.79333333333334
2011-10-23 03:00:00,31.895
2011-10-23 04:00:00,9.733333333333333
2011-10-23 05:00:00,8.463333333333333
2011-10-23 06:00:00,17.471666666666668
2011-10-23 07:00:00,63.553333333333335
2011-10-23 08:00:00,90.645
2011-10-23 09:00:00,143.51833333333335
2011-10-23 10:00:00,241.21
2011-10-23 11:00:00,256.095
2011-10-23 12:00:00,323.64166666666665
2011-10-23 13:00:00,341.49333333333334
2011-10-23 14:00:00,341.82666666666665
2011-10-23 15:00:00,337.78333333333336
2011-10-23 16:00:00,327.735
2011-10-23 17:00:00,279.735
2011-10-23 18:00:00,252.30166666666668
2011-10-23 19:00:00,187.095
2011-10-23 20:00:00,152.33833333333334
2011-10-23 21:00:00,108.20166666666667
2011-10-23 22:00:00,88.86833333333334
2011-10-23 23:00:00,79.14
2011-10-24 00:00:00,38.655
2011-10-24 01:00:00,10.505
2011-10-24 02:00:00,4.73
2011-10-24 03:00:00,6.698333333333333
2011-10-24 04:00:00,6.7716666666666665
2011-10-24 05:00:00,25.101666666666667
2011-10-24 06:00:00,98.22666666666667
2011-10-24 07:00:00,264.60833333333335
2011-10-24 08:00:00,406.6016666666667
2011-10-24 09:00:00,187.66
2011-10-24 10:00:00,120.16666666666667
2011-10-24 11:00:00,128.605
2011-10-24 12:00:00,178.29166666666666
2011-10-24 13:00:00,173.28333333333333
2011-10-24 14:00:00,169.50333333333333
2011-10-24 15:00:00,192.24
2011-10-24 16:00:00,296.44166666666666
2011-10-24 17:00:00,492.2083333333333
2011-10-24 18:00:00,502.7133333333333
2011-10-24 19:00:00,209.7
2011-10-24 20:00:00,224.99
2011-10-24 21:00:00,164.50333333333333
2011-10-24 22:00:00,122.725
2011-10-24 23:00:00,68.60166666666667
2011-10-25 00:00:00,45.125
2011-10-25 01:00:00,15.8
2011-10-25 02:00:00,4.388333333333334
2011-10-25 03:00:00,5.901666666666666
2011-10-25 04:00:00,5.805
2011-10-25 05:00:00,25.456666666666667
2011-10-25 06:00:00,101.47333333333333
2011-10-25 07:00:00,278.1716666666667
2011-10-25 08:00:00,449.84
2011-10-25 09:00:00,207.605
2011-10-25 10:00:00,129.02166666666668
2011-10-25 11:00:00,137.49
2011-10-25 12:00:00,187.21
2011-10-25 13:00:00,178.86666666666667
2011-10-25 14:00:00,167.90166666666667
2011-10-25 15:00:00,179.13666666666666
2011-10-25 16:00:00,308.1816666666667
2011-10-25 17:00:00,576.9216666666666
2011-10-25 18:00:00,492.11
2011-10-25 19:00:00,310.00333333333333
2011-10-25 20:00:00,223.62333333333333
2011-10-25 21:00:00,155.03666666666666
2011-10-25 22:00:00,134.65833333333333
2011-10-25 23:00:00,70.25333333333333
2011-10-26 00:00:00,50.76166666666666
2011-10-26 01:00:00,14.011666666666667
2011-10-26 02:00:00,7.251666666666667
2011-10-26 03:00:00,4.595
2011-10-26 04:00:00,4.363333333333333
2011-10-26 05:00:00,26.018333333333334
2011-10-26 06:00:00,112.11833333333334
2011-10-26 07:00:00,290.725
2011-10-26 08:00:00,446.49833333333333
2011-10-26 09:00:00,211.52666666666667
2011-10-26 10:00:00,129.95666666666668
2011-10-26 11:00:00,138.545
2011-10-26 12:00:00,176.17666666666668
2011-10-26 13:00:00,161.68666666666667
2011-10-26 14:00:00,163.16
2011-10-26 15:00:00,171.26166666666666
2011-10-26 16:00:00,244.34833333333333
2011-10-26 17:00:00,470.19
2011-10-26 18:00:00,467.16833333333335
2011-10-26 19:00:00,264.5783333333333
2011-10-26 20:00:00,199.60333333333332
2011-10-26 21:00:00,173.605
2011-10-26 22:00:00,127.83333333333333
2011-10-26 23:00:00,67.02333333333333
2011-10-27 00:00:00,32.65833333333333
2011-10-27 01:00:00,10.921666666666667
2011-10-27 02:00:00,8.268333333333333
2011-10-27 03:00:00,4.02
2011-10-27 04:00:00,4.793333333333333
2011-10-27 05:00:00,20.166666666666668
2011-10-27 06:00:00,72.71333333333334
2011-10-27 07:00:00,256.61
2011-10-27 08:00:00,293.6483333333333
2011-10-27 09:00:00,205.57666666666665
2011-10-27 10:00:00,90.57833333333333
2011-10-27 11:00:00,91.20666666666666
2011-10-27 12:00:00,80.84333333333333
2011-10-27 13:00:00,130.71166666666667
2011-10-27 14:00:00,131.98166666666665
2011-10-27 15:00:00,137.71333333333334
2011-10-27 16:00:00,287.8016666666667
2011-10-27 17:00:00,393.12
2011-10-27 18:00:00,378.745
2011-10-27 19:00:00,232.245
2011-10-27 20:00:00,210.22666666666666
2011-10-27 21:00:00,134.99833333333333
2011-10-27 22:00:00,91.575
2011-10-27 23:00:00,69.535
2011-10-28 00:00:00,56.638333333333335
2011-10-28 01:00:00,18.561666666666667
2011-10-28 02:00:00,10.841666666666667
2011-10-28 03:00:00,3.7136111111111116
2011-10-28 04:00:00,4.047777777777778
2011-10-28 05:00:00,22.946666666666665
2011-10-28 06:00:00,84.95666666666666
2011-10-28 07:00:00,201.15333333333334
2011-10-28 08:00:00,400.3283333333333
2011-10-28 09:00:00,195.39
2011-10-28 10:00:00,139.16333333333333
2011-10-28 11:00:00,164.44833333333332
2011-10-28 12:00:00,186.75333333333333
2011-10-28 13:00:00,183.96833333333333
2011-10-28 14:00:00,170.42166666666665
2011-10-28 15:00:00,162.82166666666666
2011-10-28 16:00:00,220.29666666666665
2011-10-28 17:00:00,390.59
2011-10-28 18:00:00,357.095
2011-10-28 19:00:00,226.32833333333335
2011-10-28 20:00:00,139.755
2011-10-28 21:00:00,91.82333333333334
2011-10-28 22:00:00,64.08333333333333
2011-10-28 23:00:00,62.07833333333333
2011-10-29 00:00:00,50.943333333333335
2011-10-29 01:00:00,38.93666666666667
2011-10-29 02:00:00,36.545
2011-10-29 03:00:00,10.153333333333334
2011-10-29 04:00:00,6.341666666666667
2011-10-29 05:00:00,4.73
2011-10-29 06:00:00,16.216666666666665
2011-10-29 07:00:00,80.58166666666666
2011-10-29 08:00:00,86.06666666666666
2011-10-29 09:00:00,89.32833333333333
2011-10-29 10:00:00,80.82
2011-10-29 11:00:00,82.42333333333333
2011-10-29 12:00:00,90.12833333333333
2011-10-29 13:00:00,90.44666666666667
2011-10-29 14:00:00,91.005
2011-10-29 15:00:00,88.18
2011-10-29 16:00:00,91.72333333333333
2011-10-29 17:00:00,94.33666666666667
2011-10-29 18:00:00,97.64833333333333
2011-10-29 19:00:00,138.51333333333332
2011-10-29 20:00:00,122.67666666666666
2011-10-29 21:00:00,77.88166666666666
2011-10-29 22:00:00,73.43
2011-10-29 23:00:00,62.57333333333333
2011-10-30 00:00:00,60.73
2011-10-30 01:00:00,44.85
2011-10-30 02:00:00,40.846666666666664
2011-10-30 03:00:00,11.928333333333333
2011-10-30 04:00:00,3.925
2011-10-30 05:00:00,3.3366666666666664
2011-10-30 06:00:00,13.675
2011-10-30 07:00:00,39.04333333333334
2011-10-30 08:00:00,85.825
2011-10-30 09:00:00,140.52333333333334
2011-10-30 10:00:00,221.83333333333334
2011-10-30 11:00:00,247.44666666666666
2011-10-30 12:00:00,313.92
2011-10-30 13:00:00,321.0783333333333
2011-10-30 14:00:00,336.17
2011-10-30 15:00:00,342.37666666666667
2011-10-30 16:00:00,321.18666666666667
2011-10-30 17:00:00,264.59833333333336
2011-10-30 18:00:00,212.78666666666666
2011-10-30 19:00:00,264.355
2011-10-30 20:00:00,161.20333333333335
2011-10-30 21:00:00,94.02666666666667
2011-10-30 22:00:00,62.87166666666667
2011-10-30 23:00:00,53.68833333333333
2011-10-31 00:00:00,20.16
2011-10-31 01:00:00,8.526666666666667
2011-10-31 02:00:00,3.5616666666666665
2011-10-31 03:00:00,4.539722222222221
2011-10-31 04:00:00,4.274555555555556
2011-10-31 05:00:00,21.95
2011-10-31 06:00:00,93.77333333333333
2011-10-31 07:00:00,241.46833333333333
2011-10-31 08:00:00,443.725
2011-10-31 09:00:00,182.565
2011-10-31 10:00:00,128.3
2011-10-31 11:00:00,142.905
2011-10-31 12:00:00,167.77
2011-10-31 13:00:00,158.07666666666665
2011-10-31 14:00:00,156.46333333333334
2011-10-31 15:00:00,176.17333333333335
2011-10-31 16:00:00,274.855
2011-10-31 17:00:00,475.52166666666665
2011-10-31 18:00:00,418.965
2011-10-31 19:00:00,265.8333333333333
2011-10-31 20:00:00,204.04
2011-10-31 21:00:00,127.85166666666667
2011-10-31 22:00:00,96.61666666666666
2011-10-31 23:00:00,57.04333333333334
2011-11-20 00:00:00,80.73333333333333
2011-11-20 01:00:00,69.26
2011-11-20 02:00:00,61.90833333333333
2011-11-20 03:00:00,29.833333333333332
2011-11-20 04:00:00,8.501666666666667
2011-11-20 05:00:00,7.208333333333333
2011-11-20 06:00:00,17.265
2011-11-20 07:00:00,65.38166666666666
2011-11-20 08:00:00,100.21
2011-11-20 09:00:00,148.66666666666666
2011-11-20 10:00:00,233.29666666666665
2011-11-20 11:00:00,305.5366666666667
2011-11-20 12:00:00,325.035
2011-11-20 13:00:00,345.03
2011-11-20 14:00:00,341.65166666666664
2011-11-20 15:00:00,327.45
2011-11-20 16:00:00,322.065
2011-11-20 17:00:00,301.50166666666667
2011-11-20 18:00:00,295.9916666666667
2011-11-20 19:00:00,220.91166666666666
2011-11-20 20:00:00,176.70833333333334
2011-11-20 21:00:00,138.51833333333335
2011-11-20 22:00:00,77.82333333333334
2011-11-20 23:00:00,65.55833333333334
2011-11-21 00:00:00,31.42
2011-11-21 01:00:00,8.986666666666666
2011-11-21 02:00:00,6.605
2011-11-21 03:00:00,4.503333333333333
2011-11-21 04:00:00,4.84
2011-11-21 05:00:00,14.375
2011-11-21 06:00:00,89.96333333333334
2011-11-21 07:00:00,258.09166666666664
2011-11-21 08:00:00,397.17333333333335
2011-11-21 09:00:00,178.38666666666666
2011-11-21 10:00:00,105.85166666666667
2011-11-21 11:00:00,111.23666666666666
2011-11-21 12:00:00,169.44666666666666
2011-11-21 13:00:00,165.75666666666666
2011-11-21 14:00:00,128.76666666666668
2011-11-21 15:00:00,58.66
2011-11-21 16:00:00,75.66333333333333
2011-11-21 17:00:00,117.53666666666666
2011-11-21 18:00:00,248.99333333333334
2011-11-21 19:00:00,138.50833333333333
2011-11-21 20:00:00,133.64666666666668
2011-11-21 21:00:00,99.945
2011-11-21 22:00:00,72.68
2011-11-21 23:00:00,50.87
2011-11-22 00:00:00,22.883333333333333
2011-11-22 01:00:00,7.7
2011-11-22 02:00:00,4.97
2011-11-22 03:00:00,4.546666666666667
2011-11-22 04:00:00,4.101666666666667
2011-11-22 05:00:00,19.16
2011-11-22 06:00:00,87.14
2011-11-22 07:00:00,101.34166666666667
2011-11-22 08:00:00,183.01333333333332
2011-11-22 09:00:00,86.13666666666667
2011-11-22 10:00:00,73.90666666666667
2011-11-22 11:00:00,72.72666666666667
2011-11-22 12:00:00,73.34166666666667
2011-11-22 13:00:00,55.928333333333335
2011-11-22 14:00:00,54.36833333333333
2011-11-22 15:00:00,55.64
2011-11-22 16:00:00,75.74833333333333
2011-11-22 17:00:00,165.39166666666668
2011-11-22 18:00:00,160.52833333333334
2011-11-22 19:00:00,143.80833333333334
2011-11-22 20:00:00,183.65833333333333
2011-11-22 21:00:00,119.93
2011-11-22 22:00:00,116.16333333333333
2011-11-22 23:00:00,65.78333333333333
2011-11-23 00:00:00,25.953333333333333
2011-11-23 01:00:00,11.736666666666666
2011-11-23 02:00:00,5.5633333333333335
2011-11-23 03:00:00,4.288333333333333
2011-11-23 04:00:00,5.208333333333333
2011-11-23 05:00:00,18.826666666666668
2011-11-23 06:00:00,88.87833333333333
2011-11-23 07:00:00,247.81166666666667
2011-11-23 08:00:00,384.8883333333333
2011-11-23 09:00:00,177.535
2011-11-23 10:00:00,106.395
2011-11-23 11:00:00,130.74
2011-11-23 12:00:00,167.33833333333334
2011-11-23 13:00:00,155.485
2011-11-23 14:00:00,162.53166666666667
2011-11-23 15:00:00,160.38
2011-11-23 16:00:00,224.975
2011-11-23 17:00:00,293.2366666666667
2011-11-23 18:00:00,368.9716666666667
2011-11-23 19:00:00,238.48833333333334
2011-11-23 20:00:00,174.68166666666667
2011-11-23 21:00:00,125.45
2011-11-23 22:00:00,95.49166666666666
2011-11-23 23:00:00,52.35666666666667
2011-11-24 00:00:00,58.528333333333336
2011-11-24 01:00:00,31.468333333333334
2011-11-24 02:00:00,17.058333333333334
2011-11-24 03:00:00,8.045
2011-11-24 04:00:00,7.194166666666667
2011-11-24 05:00:00,14.75
2011-11-24 06:00:00,39.58833333333333
2011-11-24 07:00:00,153.59166666666667
2011-11-24 08:00:00,182.31833333333333
2011-11-24 09:00:00,196.25833333333333
2011-11-24 10:00:00,204.23166666666665
2011-11-24 11:00:00,216.28833333333333
2011-11-24 12:00:00,240.24333333333334
2011-11-24 13:00:00,249.71
2011-11-24 14:00:00,259.1533333333333
2011-11-24 15:00:00,250.06666666666666
2011-11-24 16:00:00,282.3466666666667
2011-11-24 17:00:00,271.79833333333335
2011-11-24 18:00:00,245.97666666666666
2011-11-24 19:00:00,224.87
2011-11-24 20:00:00,154.33666666666667
2011-11-24 21:00:00,112.88166666666666
2011-11-24 22:00:00,95.48666666666666
2011-11-24 23:00:00,71.86833333333334
2011-11-25 00:00:00,39.72
2011-11-25 01:00:00,19.788333333333334
2011-11-25 02:00:00,9.935833333333333
2011-11-25 03:00:00,4.651329365079366
2011-11-25 04:00:00,4.617777777777778
2011-11-25 05:00:00,24.718333333333334
2011-11-25 06:00:00,79.94
2011-11-25 07:00:00,219.755
2011-11-25 08:00:00,385.35333333333335
2011-11-25 09:00:00,227.745
2011-11-25 10:00:00,153.07
2011-11-25 11:00:00,157.585
2011-11-25 12:00:00,204.05166666666668
2011-11-25 13:00:00,216.00166666666667
2011-11-25 14:00:00,214.99166666666667
2011-11-25 15:00:00,218.43333333333334
2011-11-25 16:00:00,307.115
2011-11-25 17:00:00,486.9
2011-11-25 18:00:00,451.86833333333334
2011-11-25 19:00:00,257.85
2011-11-25 20:00:00,193.8
2011-11-25 21:00:00,135.57
2011-11-25 22:00:00,107.025
2011-11-25 23:00:00,76.43666666666667
2011-11-26 00:00:00,77.00833333333334
2011-11-26 01:00:00,69.54333333333334
2011-11-26 02:00:00,49.68833333333333
2011-11-26 03:00:00,23.39
2011-11-26 04:00:00,7.323333333333333
2011-11-26 05:00:00,5.8933333333333335
2011-11-26 06:00:00,17.391666666666666
2011-11-26 07:00:00,43.535
2011-11-26 08:00:00,106.46
2011-11-26 09:00:00,158.58
2011-11-26 10:00:00,224.77333333333334
2011-11-26 11:00:00,281.22
2011-11-26 12:00:00,341.15166666666664
2011-11-26 13:00:00,343.36
2011-11-26 14:00:00,325.67
2011-11-26 15:00:00,336.97333333333336
2011-11-26 16:00:00,296.31
2011-11-26 17:00:00,258.41
2011-11-26 18:00:00,206.82
2011-11-26 19:00:00,186.05666666666667
2011-11-26 20:00:00,166.31833333333333
2011-11-26 21:00:00,115.055
2011-11-26 22:00:00,104.495
2011-11-26 23:00:00,86.75166666666667
2011-11-27 00:00:00,82.97333333333333
2011-11-27 01:00:00,76.85
2011-11-27 02:00:00,51.468333333333334
2011-11-27 03:00:00,34.475
2011-11-27 04:00:00,7.4383333333333335
2011-11-27 05:00:00,6.235
2011-11-27 06:00:00,15.121666666666666
2011-11-27 07:00:00,81.005
2011-11-27 08:00:00,93.26166666666667
2011-11-27 09:00:00,149.42833333333334
2011-11-27 10:00:00,241.28666666666666
2011-11-27 11:00:00,307.71666666666664
2011-11-27 12:00:00,348.1983333333333
2011-11-27 13:00:00,350.66
2011-11-27 14:00:00,436.155
2011-11-27 15:00:00,439.36
2011-11-27 16:00:00,343.145
2011-11-27 17:00:00,310.80833333333334
2011-11-27 18:00:00,251.98333333333332
2011-11-27 19:00:00,204.955
2011-11-27 20:00:00,158.21166666666667
2011-11-27 21:00:00,118.25666666666666
2011-11-27 22:00:00,115.38166666666666
2011-11-27 23:00:00,87.40166666666667
2011-11-28 00:00:00,38.295
2011-11-28 01:00:00,17.803333333333335
2011-11-28 03:00:00,5.391666666666667
2011-11-28 04:00:00,7.0216666666666665
2011-11-28 05:00:00,24.888333333333332
2011-11-28 06:00:00,100.11833333333334
2011-11-28 07:00:00,293.91833333333335
2011-11-28 08:00:00,406.865
2011-11-28 09:00:00,189.93666666666667
2011-11-28 10:00:00,119.29666666666667
2011-11-28 11:00:00,129.83166666666668
2011-11-28 12:00:00,194.66666666666666
2011-11-28 13:00:00,186.73666666666668
2011-11-28 14:00:00,182.63
2011-11-28 15:00:00,187.91666666666666
2011-11-28 16:00:00,292.3383333333333
2011-11-28 17:00:00,545.415
2011-11-28 18:00:00,516.9133333333333
2011-11-28 19:00:00,308.10333333333335
2011-11-28 20:00:00,235.5
2011-11-28 21:00:00,187.82166666666666
2011-11-28 22:00:00,123.56333333333333
2011-11-28 23:00:00,65.83833333333334
2011-11-29 00:00:00,28.858333333333334
2011-11-29 01:00:00,11.123333333333333
2011-11-29 02:00:00,5.233333333333333
2011-11-29 03:00:00,3.795
2011-11-29 04:00:00,4.945
2011-11-29 05:00:00,23.415
2011-11-29 06:00:00,101.33333333333333
2011-11-29 07:00:00,314.84833333333336
2011-11-29 08:00:00,442.5183333333333
2011-11-29 09:00:00,180.72333333333333
2011-11-29 10:00:00,115.84666666666666
2011-11-29 11:00:00,82.86666666666666
2011-11-29 12:00:00,94.51666666666667
2011-11-29 13:00:00,97.61333333333333
2011-11-29 14:00:00,69.74166666666666
2011-11-29 15:00:00,85.16333333333333
2011-11-29 16:00:00,99.06833333333333
2011-11-29 17:00:00,372.24833333333333
2011-11-29 18:00:00,378.2866666666667
2011-11-29 19:00:00,230.12166666666667
2011-11-29 20:00:00,176.50833333333333
2011-11-29 21:00:00,134.23
2011-11-29 22:00:00,99.94166666666666
2011-11-29 23:00:00,47.845
2011-11-30 00:00:00,72.06833333333333
2011-11-30 01:00:00,20.296666666666667
2011-11-30 02:00:00,5.715
2011-11-30 03:00:00,4.4
2011-11-30 04:00:00,5.613333333333333
2011-11-30 05:00:00,20.688333333333333
2011-11-30 06:00:00,90.16
2011-11-30 07:00:00,222.99833333333333
2011-11-30 08:00:00,392.62
2011-11-30 09:00:00,192.71166666666667
2011-11-30 10:00:00,116.77
2011-11-30 11:00:00,147.29666666666665
2011-11-30 12:00:00,149.73166666666665
2011-11-30 13:00:00,153.615
2011-11-30 14:00:00,152.7
2011-11-30 15:00:00,151.145
2011-11-30 16:00:00,214.29
2011-11-30 17:00:00,399.47
2011-11-30 18:00:00,373.3016666666667
2011-11-30 19:00:00,215.65166666666667
2011-11-30 20:00:00,163.22166666666666
2011-11-30 21:00:00,121.75833333333334
2011-11-30 22:00:00,93.43
2011-11-30 23:00:00,54.60166666666667
2011-12-20 00:00:00,30.225
2011-12-20 01:00:00,11.588333333333333
2011-12-20 02:00:00,5.566666666666666
2011-12-20 03:00:00,4.996666666666667
2011-12-20 04:00:00,5.531805555555556
2011-12-20 05:00:00,24.093333333333334
2011-12-20 06:00:00,91.85
2011-12-20 07:00:00,262.68
2011-12-20 08:00:00,431.3183333333333
2011-12-20 09:00:00,210.23
2011-12-20 10:00:00,128.58333333333334
2011-12-20 11:00:00,132.37666666666667
2011-12-20 12:00:00,161.85166666666666
2011-12-20 13:00:00,159.48833333333334
2011-12-20 14:00:00,154.19
2011-12-20 15:00:00,164.26
2011-12-20 16:00:00,273.82666666666665
2011-12-20 17:00:00,417.855
2011-12-20 18:00:00,389.685
2011-12-20 19:00:00,252.445
2011-12-20 20:00:00,193.37666666666667
2011-12-20 21:00:00,144.72833333333332
2011-12-20 22:00:00,100.74166666666666
2011-12-20 23:00:00,64.635
2011-12-21 00:00:00,36.13166666666667
2011-12-21 01:00:00,15.351666666666667
2011-12-21 02:00:00,6.5216666666666665
2011-12-21 03:00:00,5.5575
2011-12-21 04:00:00,5.225833333333334
2011-12-21 05:00:00,25.016666666666666
2011-12-21 06:00:00,91.86166666666666
2011-12-21 07:00:00,251.58333333333334
2011-12-21 08:00:00,175.60166666666666
2011-12-21 09:00:00,196.57666666666665
2011-12-21 10:00:00,110.85666666666667
2011-12-21 11:00:00,112.81666666666666
2011-12-21 12:00:00,70.29333333333334
2011-12-21 13:00:00,48.52333333333333
2011-12-21 14:00:00,118.56833333333333
2011-12-21 15:00:00,122.475
2011-12-21 16:00:00,69.16
2011-12-21 17:00:00,87.08666666666667
2011-12-21 18:00:00,280.81
2011-12-21 19:00:00,181.63166666666666
2011-12-21 20:00:00,162.89833333333334
2011-12-21 21:00:00,136.36666666666667
2011-12-21 22:00:00,129.15166666666667
2011-12-21 23:00:00,72.58333333333333
2011-12-22 00:00:00,38.445
2011-12-22 01:00:00,13.035
2011-12-22 02:00:00,9.03
2011-12-22 03:00:00,5.355833333333333
2011-12-22 04:00:00,5.410833333333334
2011-12-22 05:00:00,27.336666666666666
2011-12-22 06:00:00,93.755
2011-12-22 07:00:00,256.50166666666667
2011-12-22 08:00:00,442.64666666666665
2011-12-22 09:00:00,207.82
2011-12-22 10:00:00,111.13333333333334
2011-12-22 11:00:00,124.67666666666666
2011-12-22 12:00:00,170.57
2011-12-22 13:00:00,154.09666666666666
2011-12-22 14:00:00,149.57333333333332
2011-12-22 15:00:00,150.04833333333335
2011-12-22 16:00:00,251.10166666666666
2011-12-22 17:00:00,417.36333333333334
2011-12-22 18:00:00,405.20166666666665
2011-12-22 19:00:00,260.32166666666666
2011-12-22 20:00:00,135.365
2011-12-22 21:00:00,104.28
2011-12-22 22:00:00,63.80166666666667
2011-12-22 23:00:00,71.64833333333333
2011-12-23 00:00:00,43.64333333333333
2011-12-23 01:00:00,22.365
2011-12-23 02:00:00,11.265
2011-12-23 03:00:00,5.726805555555556
2011-12-23 04:00:00,4.606111111111112
2011-12-23 05:00:00,22.02
2011-12-23 06:00:00,84.32166666666667
2011-12-23 07:00:00,249.50833333333333
2011-12-23 08:00:00,414.09166666666664
2011-12-23 09:00:00,223.36166666666668
2011-12-23 10:00:00,151.05
2011-12-23 11:00:00,167.89
2011-12-23 12:00:00,194.85333333333332
2011-12-23 13:00:00,194.08333333333334
2011-12-23 14:00:00,191.59333333333333
2011-12-23 15:00:00,187.39833333333334
2011-12-23 16:00:00,225.61833333333334
2011-12-23 17:00:00,382.32
2011-12-23 18:00:00,368.33666666666664
2011-12-23 19:00:00,231.62166666666667
2011-12-23 20:00:00,155.51666666666668
2011-12-23 21:00:00,123.21
2011-12-23 22:00:00,101.49166666666666
2011-12-23 23:00:00,80.96833333333333
2011-12-24 00:00:00,78.035
2011-12-24 01:00:00,81.325
2011-12-24 02:00:00,58.36
2011-12-24 03:00:00,25.515
2011-12-24 04:00:00,6.131666666666667
2011-12-24 05:00:00,5.958333333333333
2011-12-24 06:00:00,16.588333333333335
2011-12-24 07:00:00,62.74666666666667
2011-12-24 08:00:00,87.07
2011-12-24 09:00:00,186.85333333333332
2011-12-24 10:00:00,203.855
2011-12-24 11:00:00,223.585
2011-12-24 12:00:00,257.75333333333333
2011-12-24 13:00:00,267.9316666666667
2011-12-24 14:00:00,267.0733333333333
2011-12-24 15:00:00,222.455
2011-12-24 16:00:00,219.18333333333334
2011-12-24 17:00:00,175.25833333333333
2011-12-24 18:00:00,192.99833333333333
2011-12-24 19:00:00,182.56
2011-12-24 20:00:00,126.53166666666667
2011-12-24 21:00:00,91.72
2011-12-24 22:00:00,81.88666666666667
2011-12-24 23:00:00,67.63833333333334
2011-12-25 00:00:00,69.675
2011-12-25 01:00:00,58.498333333333335
2011-12-25 02:00:00,51.84166666666667
2011-12-25 03:00:00,16.485
2011-12-25 05:00:00,5.323333333333333
2011-12-25 06:00:00,9.061666666666667
2011-12-25 07:00:00,30.96
2011-12-25 08:00:00,76.61833333333334
2011-12-25 09:00:00,111.31666666666666
2011-12-25 10:00:00,156.02
2011-12-25 11:00:00,191.74666666666667
2011-12-25 12:00:00,200.73833333333334
2011-12-25 13:00:00,206.80666666666667
2011-12-25 14:00:00,235.37333333333333
2011-12-25 15:00:00,240.68166666666667
2011-12-25 16:00:00,270.60833333333335
2011-12-25 17:00:00,213.92333333333335
2011-12-25 18:00:00,177.40833333333333
2011-12-25 19:00:00,183.095
2011-12-25 20:00:00,142.985
2011-12-25 21:00:00,78.10166666666667
2011-12-25 22:00:00,64.08166666666666
2011-12-25 23:00:00,48.975
2011-12-26 00:00:00,56.803333333333335
2011-12-26 01:00:00,40.413333333333334
2011-12-26 02:00:00,16.583333333333332
2011-12-26 04:00:00,7.786666666666667
2011-12-26 05:00:00,13.501666666666667
2011-12-26 06:00:00,42.406666666666666
2011-12-26 07:00:00,178.025
2011-12-26 08:00:00,188.06166666666667
2011-12-26 09:00:00,191.78
2011-12-26 10:00:00,174.67833333333334
2011-12-26 11:00:00,170.62833333333333
2011-12-26 12:00:00,209.40166666666667
2011-12-26 13:00:00,212.86
2011-12-26 14:00:00,209.59333333333333
2011-12-26 15:00:00,217.50333333333333
2011-12-26 16:00:00,220.59333333333333
2011-12-26 17:00:00,214.73
2011-12-26 18:00:00,220.065
2011-12-26 19:00:00,207.295
2011-12-26 20:00:00,148.925
2011-12-26 21:00:00,104.42333333333333
2011-12-26 22:00:00,80.665
2011-12-26 23:00:00,56.68833333333333
2011-12-27 00:00:00,26.606666666666666
2011-12-27 01:00:00,13.295
2011-12-27 02:00:00,4.608333333333333
2011-12-27 03:00:00,4.785833333333334
2011-12-27 04:00:00,5.611111111111111
2011-12-27 05:00:00,22.293333333333333
2011-12-27 06:00:00,85.695
2011-12-27 07:00:00,222.29333333333332
2011-12-27 08:00:00,395.06
2011-12-27 09:00:00,125.91333333333333
2011-12-27 10:00:00,118.27833333333334
2011-12-27 11:00:00,106.72833333333334
2011-12-27 12:00:00,95.40333333333334
2011-12-27 13:00:00,66.38666666666667
2011-12-27 14:00:00,90.97
2011-12-27 15:00:00,87.58333333333333
2011-12-27 16:00:00,88.27166666666666
2011-12-27 17:00:00,298.19
2011-12-27 18:00:00,361.47
2011-12-27 19:00:00,226.97833333333332
2011-12-27 20:00:00,164.83666666666667
2011-12-27 21:00:00,138.69
2011-12-27 22:00:00,104.815
2011-12-27 23:00:00,55.913333333333334
2011-12-28 00:00:00,23.091666666666665
2011-12-28 01:00:00,15.075
2011-12-28 02:00:00,6.1033333333333335
2011-12-28 03:00:00,4.6875
2011-12-28 05:00:00,22.718333333333334
2011-12-28 06:00:00,85.74666666666667
2011-12-28 07:00:00,226.475
2011-12-28 08:00:00,432.51666666666665
2011-12-28 09:00:00,209.1
2011-12-28 10:00:00,114.48333333333333
2011-12-28 11:00:00,137.89666666666668
2011-12-28 12:00:00,145.24833333333333
2011-12-28 13:00:00,147.59666666666666
2011-12-28 14:00:00,146.94333333333333
2011-12-28 15:00:00,150.83166666666668
2011-12-28 16:00:00,205.85666666666665
2011-12-28 17:00:00,371.775
2011-12-28 18:00:00,371.90166666666664
2011-12-28 19:00:00,191.31166666666667
2011-12-28 20:00:00,159.355
2011-12-28 21:00:00,114.00333333333333
2011-12-28 22:00:00,89.76833333333333
2011-12-28 23:00:00,56.48166666666667
2011-12-29 00:00:00,32.678333333333335
2011-12-29 01:00:00,14.135
2011-12-29 02:00:00,7.671666666666667
2011-12-29 03:00:00,4.4783333333333335
2011-12-29 04:00:00,4.435805555555556
2011-12-29 05:00:00,22.32
2011-12-29 06:00:00,84.69666666666667
2011-12-29 07:00:00,210.78333333333333
2011-12-29 08:00:00,400.05333333333334
2011-12-29 09:00:00,207.60666666666665
2011-12-29 10:00:00,110.36833333333334
2011-12-29 11:00:00,122.94333333333333
2011-12-29 12:00:00,146.50833333333333
2011-12-29 13:00:00,139.94333333333333
2011-12-29 14:00:00,152.62
2011-12-29 15:00:00,144.2
2011-12-29 16:00:00,206.7
2011-12-29 17:00:00,371.7366666666667
2011-12-29 18:00:00,338.35833333333335
2011-12-29 19:00:00,220.23833333333334
2011-12-29 20:00:00,163.18
2011-12-29 21:00:00,138.75
2011-12-29 22:00:00,99.68333333333334
2011-12-29 23:00:00,74.605
2011-12-30 00:00:00,36.95166666666667
2011-12-30 01:00:00,17.075
2011-12-30 02:00:00,11.145
2011-12-30 03:00:00,4.106746031746033
2011-12-30 04:00:00,3.591361111111111
2011-12-30 05:00:00,22.71
2011-12-30 06:00:00,76.25
2011-12-30 07:00:00,202.33166666666668
2011-12-30 08:00:00,389.25666666666666
2011-12-30 09:00:00,220.59833333333333
2011-12-30 10:00:00,118.215
2011-12-30 11:00:00,143.12166666666667
2011-12-30 12:00:00,174.18166666666667
2011-12-30 13:00:00,173.42166666666665
2011-12-30 14:00:00,184.74666666666667
2011-12-30 15:00:00,198.87
2011-12-30 16:00:00,255.15833333333333
2011-12-30 17:00:00,389.27666666666664
2011-12-30 18:00:00,366.83166666666665
2011-12-30 19:00:00,214.71333333333334
2011-12-30 20:00:00,170.88333333333333
2011-12-30 21:00:00,132.19833333333332
2011-12-30 22:00:00,104.01833333333333
2011-12-30 23:00:00,83.46833333333333
2011-12-31 00:00:00,77.51833333333333
2011-12-31 01:00:00,65.31666666666666
2011-12-31 02:00:00,58.01166666666666
2011-12-31 03:00:00,26.546666666666667
2011-12-31 04:00:00,7.191666666666666
2011-12-31 05:00:00,6.25
2011-12-31 06:00:00,17.66
2011-12-31 07:00:00,112.01333333333334
2011-12-31 08:00:00,107.58833333333334
2011-12-31 09:00:00,164.31166666666667
2011-12-31 10:00:00,225.925
2011-12-31 11:00:00,253.84666666666666
2011-12-31 12:00:00,373.2416666666667
2011-12-31 13:00:00,354.67833333333334
2011-12-31 14:00:00,311.81666666666666
2011-12-31 15:00:00,314.95666666666665
2011-12-31 16:00:00,291.4116666666667
2011-12-31 17:00:00,253.01166666666666
2011-12-31 18:00:00,212.555
2011-12-31 19:00:00,188.64833333333334
2011-12-31 20:00:00,153.61166666666668
2011-12-31 21:00:00,117.905
2011-12-31 22:00:00,104.625
2011-12-31 23:00:00,88.805
2012-01-20 00:00:00,26.088333333333335
2012-01-20 01:00:00,10.7
2012-01-20 02:00:00,8.506666666666666
2012-01-20 03:00:00,4.881666666666667
2012-01-20 04:00:00,3.5233333333333334
2012-01-20 05:00:00,20.108333333333334
2012-01-20 06:00:00,79.09833333333333
2012-01-20 07:00:00,214.56333333333333
2012-01-20 08:00:00,442.7266666666667
2012-01-20 09:00:00,202.38
2012-01-20 10:00:00,147.63833333333332
2012-01-20 11:00:00,159.86166666666668
2012-01-20 12:00:00,176.11666666666667
2012-01-20 13:00:00,168.01666666666668
2012-01-20 14:00:00,170.68666666666667
2012-01-20 15:00:00,160.445
2012-01-20 16:00:00,167.04333333333332
2012-01-20 17:00:00,389.775
2012-01-20 18:00:00,357.5466666666667
2012-01-20 19:00:00,167.63333333333333
2012-01-20 20:00:00,155.15833333333333
2012-01-20 21:00:00,82.615
2012-01-20 22:00:00,67.89166666666667
2012-01-20 23:00:00,48.775
2012-01-21 00:00:00,37.281666666666666
2012-01-21 01:00:00,40.975
2012-01-21 02:00:00,41.248333333333335
2012-01-21 03:00:00,19.183333333333334
2012-01-21 04:00:00,6.241666666666666
2012-01-21 05:00:00,5.333333333333333
2012-01-21 06:00:00,6.658333333333333
2012-01-21 07:00:00,91.15333333333334
2012-01-21 08:00:00,108.60333333333334
2012-01-21 09:00:00,135.59
2012-01-21 10:00:00,136.39
2012-01-21 11:00:00,158.52
2012-01-21 12:00:00,175.70666666666668
2012-01-21 13:00:00,180.44333333333333
2012-01-21 14:00:00,125.425
2012-01-21 15:00:00,125.65833333333333
2012-01-21 16:00:00,192.55
2012-01-21 17:00:00,179.36333333333334
2012-01-21 18:00:00,173.79333333333332
2012-01-21 19:00:00,131.515
2012-01-21 20:00:00,153.40833333333333
2012-01-21 21:00:00,75.81833333333333
2012-01-21 22:00:00,65.375
2012-01-21 23:00:00,55.84166666666667
2012-01-22 00:00:00,54.943333333333335
2012-01-22 01:00:00,48.59166666666667
2012-01-22 02:00:00,44.57833333333333
2012-01-22 03:00:00,22.72833333333333
2012-01-22 04:00:00,4.8566666666666665
2012-01-22 05:00:00,3.955
2012-01-22 06:00:00,5.476666666666667
2012-01-22 07:00:00,93.03833333333333
2012-01-22 08:00:00,107.61666666666666
2012-01-22 09:00:00,135.86333333333334
2012-01-22 10:00:00,138.48
2012-01-22 11:00:00,141.095
2012-01-22 12:00:00,151.43333333333334
2012-01-22 13:00:00,155.82833333333335
2012-01-22 14:00:00,153.38666666666666
2012-01-22 15:00:00,144.49333333333334
2012-01-22 16:00:00,143.19333333333333
2012-01-22 17:00:00,136.96166666666667
2012-01-22 18:00:00,131.32166666666666
2012-01-22 19:00:00,133.73833333333334
2012-01-22 20:00:00,121.08833333333334
2012-01-22 21:00:00,69.175
2012-01-22 22:00:00,61.85166666666667
2012-01-22 23:00:00,42.79833333333333
2012-01-23 00:00:00,17.296666666666667
2012-01-23 01:00:00,5.805
2012-01-23 02:00:00,3.8133333333333335
2012-01-23 03:00:00,3.3966666666666665
2012-01-23 04:00:00,3.5233333333333334
2012-01-23 05:00:00,20.475
2012-01-23 06:00:00,80.10333333333334
2012-01-23 07:00:00,123.875
2012-01-23 08:00:00,193.31166666666667
2012-01-23 09:00:00,193.3
2012-01-23 10:00:00,116.3
2012-01-23 11:00:00,114.665
2012-01-23 12:00:00,112.58666666666667
2012-01-23 13:00:00,84.59166666666667
2012-01-23 14:00:00,70.93333333333334
2012-01-23 15:00:00,117.31333333333333
2012-01-23 16:00:00,112.63666666666667
2012-01-23 17:00:00,423.9033333333333
2012-01-23 18:00:00,403.21
2012-01-23 19:00:00,121.42
2012-01-23 20:00:00,123.21833333333333
2012-01-23 21:00:00,91.31333333333333
2012-01-23 22:00:00,76.48666666666666
2012-01-23 23:00:00,47.49666666666667
2012-01-24 00:00:00,19.658333333333335
2012-01-24 01:00:00,6.458333333333333
2012-01-24 02:00:00,5.746666666666667
2012-01-24 03:00:00,3.203333333333333
2012-01-24 04:00:00,3.295
2012-01-24 05:00:00,20.186666666666667
2012-01-24 06:00:00,79.935
2012-01-24 07:00:00,189.64
2012-01-24 08:00:00,478.1816666666667
2012-01-24 09:00:00,176.055
2012-01-24 10:00:00,102.81166666666667
2012-01-24 11:00:00,92.885
2012-01-24 12:00:00,99.35
2012-01-24 13:00:00,99.58666666666667
2012-01-24 14:00:00,130.51166666666666
2012-01-24 15:00:00,143.695
2012-01-24 16:00:00,254.69833333333332
2012-01-24 17:00:00,467.24333333333334
2012-01-24 18:00:00,444.19166666666666
2012-01-24 19:00:00,283.9583333333333
2012-01-24 20:00:00,173.615
2012-01-24 21:00:00,148.49666666666667
2012-01-24 22:00:00,107.39333333333333
2012-01-24 23:00:00,62.64833333333333
2012-01-25 00:00:00,18.915
2012-01-25 01:00:00,8.605
2012-01-25 02:00:00,6.303333333333334
2012-01-25 03:00:00,3.0966666666666667
2012-01-25 04:00:00,2.84
2012-01-25 05:00:00,18.68
2012-01-25 06:00:00,75.15
2012-01-25 07:00:00,204.66333333333333
2012-01-25 08:00:00,466.93833333333333
2012-01-25 09:00:00,203.72
2012-01-25 10:00:00,158.62166666666667
2012-01-25 11:00:00,130.74
2012-01-25 12:00:00,139.50833333333333
2012-01-25 13:00:00,140.63166666666666
2012-01-25 14:00:00,143.87333333333333
2012-01-25 15:00:00,146.37333333333333
2012-01-25 16:00:00,199.26166666666666
2012-01-25 17:00:00,449.98833333333334
2012-01-25 18:00:00,453.8066666666667
2012-01-25 19:00:00,231.37166666666667
2012-01-25 20:00:00,171.27166666666668
2012-01-25 21:00:00,138.20833333333334
2012-01-25 22:00:00,108.34333333333333
2012-01-25 23:00:00,56.975
2012-01-26 00:00:00,21.841666666666665
2012-01-26 01:00:00,7.118333333333333
2012-01-26 02:00:00,6.8116666666666665
2012-01-26 03:00:00,3.3983333333333334
2012-01-26 04:00:00,3.4716666666666667
2012-01-26 05:00:00,20.733333333333334
2012-01-26 06:00:00,83.18
2012-01-26 07:00:00,196.62833333333333
2012-01-26 08:00:00,491.1433333333333
2012-01-26 09:00:00,189.06833333333333
2012-01-26 10:00:00,127.19
2012-01-26 11:00:00,119.36
2012-01-26 12:00:00,138.11
2012-01-26 13:00:00,148.87
2012-01-26 14:00:00,148.76666666666668
2012-01-26 15:00:00,162.66
2012-01-26 16:00:00,261.2583333333333
2012-01-26 17:00:00,465.555
2012-01-26 18:00:00,443.82166666666666
2012-01-26 19:00:00,284.6933333333333
2012-01-26 20:00:00,209.39
2012-01-26 21:00:00,151.225
2012-01-26 22:00:00,122.18166666666667
2012-01-26 23:00:00,80.87833333333333
2012-01-27 00:00:00,38.92
2012-01-27 01:00:00,17.08
2012-01-27 02:00:00,7.726666666666667
2012-01-27 03:00:00,4.23
2012-01-27 04:00:00,3.27
2012-01-27 05:00:00,22.286666666666665
2012-01-27 06:00:00,91.84666666666666
2012-01-27 07:00:00,237.335
2012-01-27 08:00:00,343.7733333333333
2012-01-27 09:00:00,179.32666666666665
2012-01-27 10:00:00,133.32333333333332
2012-01-27 11:00:00,198.14166666666668
2012-01-27 12:00:00,221.34166666666667
2012-01-27 13:00:00,257.8883333333333
2012-01-27 14:00:00,269.5883333333333
2012-01-27 15:00:00,273.7683333333333
2012-01-27 16:00:00,266.2
2012-01-27 17:00:00,455.58666666666664
2012-01-27 18:00:00,419.61333333333334
2012-01-27 19:00:00,259.115
2012-01-27 20:00:00,174.63666666666666
2012-01-27 21:00:00,132.39
2012-01-27 22:00:00,106.40666666666667
2012-01-27 23:00:00,65.17166666666667
2012-01-28 00:00:00,67.07333333333334
2012-01-28 01:00:00,50.04666666666667
2012-01-28 02:00:00,47.83
2012-01-28 03:00:00,22.176666666666666
2012-01-28 04:00:00,4.831666666666667
2012-01-28 05:00:00,4.276666666666666
2012-01-28 06:00:00,7.133333333333334
2012-01-28 07:00:00,98.10666666666667
2012-01-28 08:00:00,121.08833333333334
2012-01-28 09:00:00,141.44666666666666
2012-01-28 10:00:00,163.365
2012-01-28 11:00:00,174.005
2012-01-28 12:00:00,207.29833333333335
2012-01-28 13:00:00,266.4433333333333
2012-01-28 14:00:00,283.87
2012-01-28 15:00:00,301.1933333333333
2012-01-28 16:00:00,382.89166666666665
2012-01-28 17:00:00,304.625
2012-01-28 18:00:00,257.7183333333333
2012-01-28 19:00:00,228.04333333333332
2012-01-28 20:00:00,202.22333333333333
2012-01-28 21:00:00,120.39166666666667
2012-01-28 22:00:00,109.235
2012-01-28 23:00:00,79.24333333333334
2012-01-29 00:00:00,69.025
2012-01-29 01:00:00,57.72666666666667
2012-01-29 02:00:00,46.16833333333334
2012-01-29 03:00:00,24.751666666666665
2012-01-29 04:00:00,5.6066666666666665
2012-01-29 05:00:00,4.32
2012-01-29 06:00:00,6.863333333333333
2012-01-29 07:00:00,85.91166666666666
2012-01-29 08:00:00,100.36833333333334
2012-01-29 09:00:00,125.76333333333334
2012-01-29 10:00:00,158.325
2012-01-29 11:00:00,187.965
2012-01-29 12:00:00,232.58
2012-01-29 13:00:00,230.20333333333335
2012-01-29 14:00:00,225.555
2012-01-29 15:00:00,311.6433333333333
2012-01-29 16:00:00,302.98333333333335
2012-01-29 17:00:00,273.735
2012-01-29 18:00:00,212.36166666666668
2012-01-29 19:00:00,166.35833333333332
2012-01-29 20:00:00,125.675
2012-01-29 21:00:00,92.99333333333334
2012-01-29 22:00:00,84.59666666666666
2012-01-29 23:00:00,49.765
2012-01-30 00:00:00,26.216666666666665
2012-01-30 01:00:00,3.3316666666666666
2012-01-30 02:00:00,3.8566666666666665
2012-01-30 03:00:00,2.7283333333333335
2012-01-30 04:00:00,2.5833333333333335
2012-01-30 05:00:00,17.9
2012-01-30 06:00:00,78.43
2012-01-30 07:00:00,182.41833333333332
2012-01-30 08:00:00,365.265
2012-01-30 09:00:00,176.69333333333333
2012-01-30 10:00:00,126.25833333333334
2012-01-30 11:00:00,112.94833333333334
2012-01-30 12:00:00,154.90666666666667
2012-01-30 13:00:00,137.63666666666666
2012-01-30 14:00:00,140.87833333333333
2012-01-30 15:00:00,139.51
2012-01-30 16:00:00,201.585
2012-01-30 17:00:00,410.54333333333335
2012-01-30 18:00:00,406.215
2012-01-30 19:00:00,175.80666666666667
2012-01-30 20:00:00,166.18333333333334
2012-01-30 21:00:00,133.39666666666668
2012-01-30 22:00:00,85.71333333333334
2012-01-30 23:00:00,50.41
2012-01-31 00:00:00,18.308333333333334
2012-01-31 01:00:00,5.91
2012-01-31 02:00:00,4.458333333333333
2012-01-31 03:00:00,2.6666666666666665
2012-01-31 04:00:00,2.453333333333333
2012-01-31 05:00:00,17.578333333333333
2012-01-31 06:00:00,84.22833333333334
2012-01-31 07:00:00,195.52833333333334
2012-01-31 08:00:00,474.7083333333333
2012-01-31 09:00:00,178.89666666666668
2012-01-31 10:00:00,130.36
2012-01-31 11:00:00,122.75333333333333
2012-01-31 12:00:00,145.75333333333333
2012-01-31 13:00:00,173.70833333333334
2012-01-31 14:00:00,187.39833333333334
2012-01-31 15:00:00,200.155
2012-01-31 16:00:00,301.2083333333333
2012-01-31 17:00:00,483.33166666666665
2012-01-31 18:00:00,479.03333333333336
2012-01-31 19:00:00,324.2133333333333
2012-01-31 20:00:00,197.68833333333333
2012-01-31 21:00:00,168.23833333333334
2012-01-31 22:00:00,113.95166666666667
2012-01-31 23:00:00,80.235
2012-02-20 00:00:00,31.648333333333333
2012-02-20 01:00:00,27.31
2012-02-20 02:00:00,17.261666666666667
2012-02-20 03:00:00,5.921666666666667
2012-02-20 05:00:00,7.781666666666666
2012-02-20 06:00:00,12.01
2012-02-20 07:00:00,109.60333333333334
2012-02-20 08:00:00,149.15333333333334
2012-02-20 09:00:00,178.68333333333334
2012-02-20 10:00:00,155.65
2012-02-20 11:00:00,161.81833333333333
2012-02-20 12:00:00,163.90333333333334
2012-02-20 13:00:00,172.23
2012-02-20 14:00:00,189.50833333333333
2012-02-20 15:00:00,201.625
2012-02-20 16:00:00,285.23
2012-02-20 17:00:00,278.01
2012-02-20 18:00:00,240.94666666666666
2012-02-20 19:00:00,231.35166666666666
2012-02-20 20:00:00,204.47333333333333
2012-02-20 21:00:00,130.505
2012-02-20 22:00:00,100.47
2012-02-20 23:00:00,67.29166666666667
2012-02-21 00:00:00,20.113333333333333
2012-02-21 01:00:00,6.0183333333333335
2012-02-21 02:00:00,3.3066666666666666
2012-02-21 04:00:00,2.1466666666666665
2012-02-21 05:00:00,20.126666666666665
2012-02-21 06:00:00,80.45166666666667
2012-02-21 07:00:00,216.60833333333332
2012-02-21 08:00:00,481.69
2012-02-21 09:00:00,236.75
2012-02-21 10:00:00,140.16
2012-02-21 11:00:00,133.12166666666667
2012-02-21 12:00:00,148.92666666666668
2012-02-21 13:00:00,150.035
2012-02-21 14:00:00,155.69666666666666
2012-02-21 15:00:00,149.155
2012-02-21 16:00:00,229.73833333333334
2012-02-21 17:00:00,443.84833333333336
2012-02-21 18:00:00,424.4033333333333
2012-02-21 19:00:00,272.91
2012-02-21 20:00:00,196.54
2012-02-21 21:00:00,165.575
2012-02-21 22:00:00,105.72
2012-02-21 23:00:00,50.068333333333335
2012-02-22 00:00:00,23.218333333333334
2012-02-22 01:00:00,9.051666666666666
2012-02-22 02:00:00,4.133333333333334
2012-02-22 03:00:00,2.9816666666666665
2012-02-22 04:00:00,2.223333333333333
2012-02-22 05:00:00,20.08
2012-02-22 06:00:00,80.70166666666667
2012-02-22 07:00:00,255.24
2012-02-22 08:00:00,508.02666666666664
2012-02-22 09:00:00,261.23
2012-02-22 10:00:00,147.525
2012-02-22 11:00:00,141.21166666666667
2012-02-22 12:00:00,155.97
2012-02-22 13:00:00,165.265
2012-02-22 14:00:00,157.87833333333333
2012-02-22 15:00:00,196.44333333333333
2012-02-22 16:00:00,295.3933333333333
2012-02-22 17:00:00,494.61833333333334
2012-02-22 18:00:00,479.4483333333333
2012-02-22 19:00:00,291.46166666666664
2012-02-22 20:00:00,200.82166666666666
2012-02-22 21:00:00,204.11833333333334
2012-02-22 22:00:00,117.545
2012-02-22 23:00:00,80.51333333333334
2012-02-23 00:00:00,37.515
2012-02-23 01:00:00,10.753333333333334
2012-02-23 02:00:00,8.775
2012-02-23 03:00:00,3.1533333333333333
2012-02-23 04:00:00,2.56
2012-02-23 05:00:00,21.25
2012-02-23 06:00:00,84.525
2012-02-23 07:00:00,233.93
2012-02-23 08:00:00,484.17
2012-02-23 09:00:00,228.74833333333333
2012-02-23 10:00:00,146.13666666666666
2012-02-23 11:00:00,181.82
2012-02-23 12:00:00,204.34
2012-02-23 13:00:00,203.21
2012-02-23 14:00:00,194.185
2012-02-23 15:00:00,207.93833333333333
2012-02-23 16:00:00,316.2583333333333
2012-02-23 17:00:00,504.52666666666664
2012-02-23 18:00:00,498.0316666666667
2012-02-23 19:00:00,316.3333333333333
2012-02-23 20:00:00,204.99
2012-02-23 21:00:00,164.16166666666666
2012-02-23 22:00:00,126.385
2012-02-23 23:00:00,97.19
2012-02-24 00:00:00,46.74
2012-02-24 01:00:00,20.525
2012-02-24 02:00:00,8.038333333333334
2012-02-24 03:00:00,4.868333333333333
2012-02-24 04:00:00,3.3033333333333332
2012-02-24 05:00:00,20.983333333333334
2012-02-24 06:00:00,80.81166666666667
2012-02-24 07:00:00,238.34833333333333
2012-02-24 08:00:00,475.55333333333334
2012-02-24 09:00:00,155.335
2012-02-24 10:00:00,120.88666666666667
2012-02-24 11:00:00,163.37
2012-02-24 12:00:00,184.25333333333333
2012-02-24 13:00:00,184.08166666666668
2012-02-24 14:00:00,185.95166666666665
2012-02-24 15:00:00,137.86333333333334
2012-02-24 16:00:00,169.51
2012-02-24 17:00:00,340.24833333333333
2012-02-24 18:00:00,461.95166666666665
2012-02-24 19:00:00,260.30333333333334
2012-02-24 20:00:00,188.57166666666666
2012-02-24 21:00:00,145.44666666666666
2012-02-24 22:00:00,120.855
2012-02-24 23:00:00,91.285
2012-02-25 00:00:00,73.26166666666667
2012-02-25 01:00:00,61.01166666666666
2012-02-25 02:00:00,44.56333333333333
2012-02-25 03:00:00,15.846666666666666
2012-02-25 04:00:00,4.671666666666667
2012-02-25 05:00:00,4.245
2012-02-25 06:00:00,8.498333333333333
2012-02-25 07:00:00,88.26
2012-02-25 08:00:00,99.585
2012-02-25 09:00:00,110.81333333333333
2012-02-25 10:00:00,185.49166666666667
2012-02-25 11:00:00,181.245
2012-02-25 12:00:00,229.11166666666668
2012-02-25 13:00:00,249.28
2012-02-25 14:00:00,224.335
2012-02-25 15:00:00,246.87833333333333
2012-02-25 16:00:00,216.64666666666668
2012-02-25 17:00:00,176.86833333333334
2012-02-25 18:00:00,163.96333333333334
2012-02-25 19:00:00,150.23833333333334
2012-02-25 20:00:00,133.885
2012-02-25 21:00:00,78.03833333333333
2012-02-25 22:00:00,81.64166666666667
2012-02-25 23:00:00,55.16
2012-02-26 00:00:00,64.31666666666666
2012-02-26 01:00:00,53.29
2012-02-26 02:00:00,43.431666666666665
2012-02-26 03:00:00,23.656666666666666
2012-02-26 04:00:00,3.881666666666667
2012-02-26 05:00:00,3.7616666666666667
2012-02-26 06:00:00,6.841666666666667
2012-02-26 07:00:00,73.82166666666667
2012-02-26 08:00:00,100.89333333333333
2012-02-26 09:00:00,122.355
2012-02-26 10:00:00,181.385
2012-02-26 11:00:00,190.68
2012-02-26 12:00:00,236.46666666666667
2012-02-26 13:00:00,262.685
2012-02-26 14:00:00,289.14666666666665
2012-02-26 15:00:00,327.20666666666665
2012-02-26 16:00:00,309.93666666666667
2012-02-26 17:00:00,276.7033333333333
2012-02-26 18:00:00,222.14333333333335
2012-02-26 19:00:00,209.38333333333333
2012-02-26 20:00:00,164.625
2012-02-26 21:00:00,103.53666666666666
2012-02-26 22:00:00,94.795
2012-02-26 23:00:00,40.291666666666664
2012-02-27 00:00:00,16.173333333333332
2012-02-27 01:00:00,5.948333333333333
2012-02-27 02:00:00,4.66
2012-02-27 03:00:00,2.2216666666666667
2012-02-27 04:00:00,1.8066666666666666
2012-02-27 05:00:00,18.74
2012-02-27 06:00:00,81.3
2012-02-27 07:00:00,218.85166666666666
2012-02-27 08:00:00,456.66833333333335
2012-02-27 09:00:00,211.61833333333334
2012-02-27 10:00:00,144.295
2012-02-27 11:00:00,143.04166666666666
2012-02-27 12:00:00,156.40833333333333
2012-02-27 13:00:00,160.41333333333333
2012-02-27 14:00:00,156.38166666666666
2012-02-27 15:00:00,199.20666666666668
2012-02-27 16:00:00,302.61333333333334
2012-02-27 17:00:00,492.895
2012-02-27 18:00:00,478.275
2012-02-27 19:00:00,331.02
2012-02-27 20:00:00,239.15
2012-02-27 21:00:00,170.75
2012-02-27 22:00:00,112.29666666666667
2012-02-27 23:00:00,72.735
2012-02-28 00:00:00,29.281666666666666
2012-02-28 01:00:00,8.985
2012-02-28 02:00:00,7.6433333333333335
2012-02-28 03:00:00,2.9916666666666667
2012-02-28 04:00:00,2.4716666666666667
2012-02-28 05:00:00,19.205
2012-02-28 06:00:00,86.73666666666666
2012-02-28 07:00:00,189.47166666666666
2012-02-28 08:00:00,441.61333333333334
2012-02-28 09:00:00,197.15833333333333
2012-02-28 10:00:00,132.01333333333332
2012-02-28 11:00:00,141.38666666666666
2012-02-28 12:00:00,153.26833333333335
2012-02-28 13:00:00,156.52
2012-02-28 14:00:00,142.90166666666667
2012-02-28 15:00:00,157.09
2012-02-28 16:00:00,263.2183333333333
2012-02-28 17:00:00,491.58
2012-02-28 18:00:00,486.08666666666664
2012-02-28 19:00:00,282.675
2012-02-28 20:00:00,196.79166666666666
2012-02-28 21:00:00,153.53
2012-02-28 22:00:00,106.68
2012-02-28 23:00:00,50.535
2012-02-29 00:00:00,23.891666666666666
2012-02-29 01:00:00,8.393333333333333
2012-02-29 02:00:00,4.203333333333333
2012-02-29 03:00:00,2.145
2012-02-29 05:00:00,20.326666666666668
2012-02-29 06:00:00,80.84166666666667
2012-02-29 07:00:00,232.81166666666667
2012-02-29 08:00:00,503.9066666666667
2012-02-29 09:00:00,77.015
2012-02-29 10:00:00,64.86333333333333
2012-02-29 11:00:00,72.62166666666667
2012-02-29 12:00:00,74.50333333333333
2012-02-29 13:00:00,138.34
2012-02-29 14:00:00,134.36333333333334
2012-02-29 15:00:00,146.19666666666666
2012-02-29 16:00:00,157.29666666666665
2012-02-29 17:00:00,453.83166666666665
2012-02-29 18:00:00,300.7033333333333
2012-02-29 19:00:00,264.68333333333334
2012-02-29 20:00:00,157.83666666666667
2012-02-29 21:00:00,121.67166666666667
2012-02-29 22:00:00,90.65166666666667
2012-02-29 23:00:00,72.95666666666666
2012-03-20 00:00:00,27.841666666666665
2012-03-20 01:00:00,17.89666666666667
2012-03-20 02:00:00,5.3
2012-03-20 03:00:00,4.541666666666667
2012-03-20 04:00:00,4.0616666666666665
2012-03-20 05:00:00,25.145
2012-03-20 06:00:00,119.695
2012-03-20 07:00:00,121.65166666666667
2012-03-20 08:00:00,570.7283333333334
2012-03-20 09:00:00,342.815
2012-03-20 10:00:00,150.80833333333334
2012-03-20 11:00:00,164.03333333333333
2012-03-20 12:00:00,213.70833333333334
2012-03-20 13:00:00,217.27833333333334
2012-03-20 14:00:00,201.67666666666668
2012-03-20 15:00:00,250.21833333333333
2012-03-20 16:00:00,359.56333333333333
2012-03-20 17:00:00,687.905
2012-03-20 18:00:00,685.43
2012-03-20 19:00:00,465.3383333333333
2012-03-20 20:00:00,341.12666666666667
2012-03-20 21:00:00,230.99333333333334
2012-03-20 22:00:00,171.89333333333335
2012-03-20 23:00:00,86.04
2012-03-21 00:00:00,30.765
2012-03-21 01:00:00,19.505
2012-03-21 02:00:00,5.871666666666667
2012-03-21 03:00:00,4.026666666666666
2012-03-21 04:00:00,4.468333333333334
2012-03-21 05:00:00,24.17
2012-03-21 06:00:00,120.91833333333334
2012-03-21 07:00:00,142.50666666666666
2012-03-21 08:00:00,416.6383333333333
2012-03-21 09:00:00,337.79333333333335
2012-03-21 10:00:00,161.15833333333333
2012-03-21 11:00:00,163.85833333333332
2012-03-21 12:00:00,230.74333333333334
2012-03-21 13:00:00,216.7
2012-03-21 14:00:00,218.89833333333334
2012-03-21 15:00:00,233.435
2012-03-21 16:00:00,398.1333333333333
2012-03-21 17:00:00,678.5166666666667
2012-03-21 18:00:00,680.315
2012-03-21 19:00:00,497.8883333333333
2012-03-21 20:00:00,322.61
2012-03-21 21:00:00,226.39833333333334
2012-03-21 22:00:00,180.93166666666667
2012-03-21 23:00:00,107.5
2012-03-22 00:00:00,42.435
2012-03-22 01:00:00,20.328333333333333
2012-03-22 02:00:00,8.128333333333334
2012-03-22 03:00:00,5.995
2012-03-22 04:00:00,5.3566666666666665
2012-03-22 05:00:00,24.706666666666667
2012-03-22 06:00:00,121.05333333333333
2012-03-22 07:00:00,322.15
2012-03-22 08:00:00,581.64
2012-03-22 09:00:00,316.89
2012-03-22 10:00:00,167.58333333333334
2012-03-22 11:00:00,162.38166666666666
2012-03-22 12:00:00,198.55333333333334
2012-03-22 13:00:00,238.08833333333334
2012-03-22 14:00:00,227.56333333333333
2012-03-22 15:00:00,247.805
2012-03-22 16:00:00,379.5883333333333
2012-03-22 17:00:00,722.8683333333333
2012-03-22 18:00:00,730.3083333333333
2012-03-22 19:00:00,501.2266666666667
2012-03-22 20:00:00,343.2216666666667
2012-03-22 21:00:00,248.84333333333333
2012-03-22 22:00:00,191.885
2012-03-22 23:00:00,126.12
2012-03-23 00:00:00,53.95666666666666
2012-03-23 01:00:00,26.138333333333332
2012-03-23 02:00:00,9.236666666666666
2012-03-23 03:00:00,7.18
2012-03-23 04:00:00,6.63
2012-03-23 05:00:00,26.33
2012-03-23 06:00:00,117.88666666666667
2012-03-23 07:00:00,323.8883333333333
2012-03-23 08:00:00,568.4366666666666
2012-03-23 09:00:00,319.07166666666666
2012-03-23 10:00:00,193.77166666666668
2012-03-23 11:00:00,236.75666666666666
2012-03-23 12:00:00,321.10833333333335
2012-03-23 13:00:00,368.88166666666666
2012-03-23 14:00:00,360.99333333333334
2012-03-23 15:00:00,363.51166666666666
2012-03-23 16:00:00,470.06666666666666
2012-03-23 17:00:00,728.0733333333334
2012-03-23 18:00:00,710.4416666666667
2012-03-23 19:00:00,464.465
2012-03-23 20:00:00,343.50333333333333
2012-03-23 21:00:00,265.51
2012-03-23 22:00:00,243.72833333333332
2012-03-23 23:00:00,175.36666666666667
2012-03-24 00:00:00,110.625
2012-03-24 01:00:00,95.99666666666667
2012-03-24 02:00:00,59.498333333333335
2012-03-24 03:00:00,28.295
2012-03-24 04:00:00,12.683333333333334
2012-03-24 05:00:00,11.846666666666666
2012-03-24 06:00:00,25.735
2012-03-24 07:00:00,123.73666666666666
2012-03-24 08:00:00,238.06333333333333
2012-03-24 09:00:00,301.21
2012-03-24 10:00:00,390.265
2012-03-24 11:00:00,466.5516666666667
2012-03-24 12:00:00,317.785
2012-03-24 13:00:00,312.12
2012-03-24 14:00:00,305.1666666666667
2012-03-24 15:00:00,308.94
2012-03-24 16:00:00,229.66666666666666
2012-03-24 17:00:00,223.035
2012-03-24 18:00:00,155.74666666666667
2012-03-24 19:00:00,154.48
2012-03-24 20:00:00,131.47833333333332
2012-03-24 21:00:00,124.57666666666667
2012-03-24 22:00:00,108.665
2012-03-24 23:00:00,101.90833333333333
2012-03-25 00:00:00,87.85833333333333
2012-03-25 01:00:00,72.29166666666667
2012-03-25 02:00:00,51.32
2012-03-25 03:00:00,19.92
2012-03-25 04:00:00,10.09
2012-03-25 05:00:00,8.921666666666667
2012-03-25 06:00:00,13.083333333333334
2012-03-25 07:00:00,83.15833333333333
2012-03-25 08:00:00,123.545
2012-03-25 09:00:00,184.77166666666668
2012-03-25 10:00:00,251.43833333333333
2012-03-25 11:00:00,306.6
2012-03-25 12:00:00,379.76166666666666
2012-03-25 13:00:00,419.79
2012-03-25 14:00:00,448.1933333333333
2012-03-25 15:00:00,427.13
2012-03-25 16:00:00,450.2033333333333
2012-03-25 17:00:00,508.71166666666664
2012-03-25 18:00:00,431.555
2012-03-25 19:00:00,321.725
2012-03-25 20:00:00,222.05333333333334
2012-03-25 21:00:00,154.47666666666666
2012-03-25 22:00:00,105.56333333333333
2012-03-25 23:00:00,60.73166666666667
2012-03-26 00:00:00,25.553333333333335
2012-03-26 01:00:00,14.083333333333334
2012-03-26 02:00:00,7.21
2012-03-26 03:00:00,2.783333333333333
2012-03-26 04:00:00,3.5966666666666667
2012-03-26 05:00:00,27.268333333333334
2012-03-26 06:00:00,112.92
2012-03-26 07:00:00,350.535
2012-03-26 08:00:00,599.6183333333333
2012-03-26 09:00:00,304.6766666666667
2012-03-26 10:00:00,173.40666666666667
2012-03-26 11:00:00,208.45666666666668
2012-03-26 12:00:00,232.55
2012-03-26 13:00:00,230.99833333333333
2012-03-26 14:00:00,225.455
2012-03-26 15:00:00,235.74333333333334
2012-03-26 16:00:00,347.8233333333333
2012-03-26 17:00:00,570.7883333333333
2012-03-26 18:00:00,522.625
2012-03-26 19:00:00,291.12833333333333
2012-03-26 20:00:00,224.16666666666666
2012-03-26 21:00:00,174.895
2012-03-26 22:00:00,107.60833333333333
2012-03-26 23:00:00,61.29666666666667
2012-03-27 00:00:00,25.956666666666667
2012-03-27 01:00:00,7.011666666666667
2012-03-27 02:00:00,4.0633333333333335
2012-03-27 03:00:00,2.6766666666666667
2012-03-27 04:00:00,2.316666666666667
2012-03-27 05:00:00,22.116666666666667
2012-03-27 06:00:00,98.66166666666666
2012-03-27 07:00:00,233.55833333333334
2012-03-27 08:00:00,472.375
2012-03-27 09:00:00,228.33
2012-03-27 10:00:00,146.36
2012-03-27 11:00:00,172.75666666666666
2012-03-27 12:00:00,196.39333333333335
2012-03-27 13:00:00,205.63666666666666
2012-03-27 14:00:00,195.81
2012-03-27 15:00:00,207.20833333333334
2012-03-27 16:00:00,303.34166666666664
2012-03-27 17:00:00,573.8
2012-03-27 18:00:00,511.2133333333333
2012-03-27 19:00:00,318.0566666666667
2012-03-27 20:00:00,258.0733333333333
2012-03-27 21:00:00,152.77
2012-03-27 22:00:00,112.76
2012-03-27 23:00:00,70.87333333333333
2012-03-28 00:00:00,25.43166666666667
2012-03-28 01:00:00,10.698333333333334
2012-03-28 02:00:00,4.968333333333334
2012-03-28 03:00:00,3.7916666666666665
2012-03-28 04:00:00,3.075
2012-03-28 05:00:00,24.186666666666667
2012-03-28 06:00:00,113.27833333333334
2012-03-28 07:00:00,293.14666666666665
2012-03-28 08:00:00,539.475
2012-03-28 09:00:00,315.1166666666667
2012-03-28 10:00:00,179.59
2012-03-28 11:00:00,200.68166666666667
2012-03-28 12:00:00,235.985
2012-03-28 13:00:00,225.38833333333332
2012-03-28 14:00:00,231.54666666666665
2012-03-28 15:00:00,244.30166666666668
2012-03-28 16:00:00,311.33
2012-03-28 17:00:00,700.17
2012-03-28 18:00:00,699.515
2012-03-28 19:00:00,486.2866666666667
2012-03-28 20:00:00,364.4033333333333
2012-03-28 21:00:00,249.205
2012-03-28 22:00:00,186.965
2012-03-28 23:00:00,106.29166666666667
2012-03-29 00:00:00,47.26833333333333
2012-03-29 01:00:00,21.658333333333335
2012-03-29 02:00:00,11.153333333333334
2012-03-29 03:00:00,5.553333333333334
2012-03-29 04:00:00,5.873333333333333
2012-03-29 05:00:00,27.483333333333334
2012-03-29 06:00:00,119.07833333333333
2012-03-29 07:00:00,350.0466666666667
2012-03-29 08:00:00,577.3483333333334
2012-03-29 09:00:00,333.4766666666667
2012-03-29 10:00:00,172.8
2012-03-29 11:00:00,201.9
2012-03-29 12:00:00,226.44833333333332
2012-03-29 13:00:00,220.465
2012-03-29 14:00:00,210.01666666666668
2012-03-29 15:00:00,223.60833333333332
2012-03-29 16:00:00,360.66
2012-03-29 17:00:00,585.9066666666666
2012-03-29 18:00:00,566.7716666666666
2012-03-29 19:00:00,359.25166666666667
2012-03-29 20:00:00,258.1066666666667
2012-03-29 21:00:00,177.02166666666668
2012-03-29 22:00:00,133.135
2012-03-29 23:00:00,88.79
2012-03-30 00:00:00,50.32666666666667
2012-03-30 01:00:00,20.631666666666668
2012-03-30 02:00:00,7.59
2012-03-30 03:00:00,6.125
2012-03-30 04:00:00,4.548333333333333
2012-03-30 05:00:00,22.856666666666666
2012-03-30 06:00:00,89.78
2012-03-30 07:00:00,258.8516666666667
2012-03-30 08:00:00,553.4866666666667
2012-03-30 09:00:00,275.3068055555555
2012-03-30 10:00:00,168.10666666666665
2012-03-30 11:00:00,190.17833333333334
2012-03-30 12:00:00,214.90666666666667
2012-03-30 13:00:00,114.82166666666667
2012-03-30 14:00:00,105.3
2012-03-30 15:00:00,109.13833333333334
2012-03-30 16:00:00,103.53333333333333
2012-03-30 17:00:00,536.4966666666667
2012-03-30 18:00:00,519.4733333333334
2012-03-30 19:00:00,303.4216666666667
2012-03-30 20:00:00,228.37833333333333
2012-03-30 21:00:00,157.915
2012-03-30 22:00:00,122.45666666666666
2012-03-30 23:00:00,79.75333333333333
2012-03-31 00:00:00,83.835
2012-03-31 01:00:00,69.37333333333333
2012-03-31 02:00:00,49.95
2012-03-31 03:00:00,22.925
2012-03-31 04:00:00,9.135
2012-03-31 05:00:00,8.406666666666666
2012-03-31 06:00:00,21.135
2012-03-31 07:00:00,62.09166666666667
2012-03-31 08:00:00,127.93166666666667
2012-03-31 09:00:00,236.81166666666667
2012-03-31 10:00:00,288.5466666666667
2012-03-31 11:00:00,447.6566666666667
2012-03-31 12:00:00,541.115
2012-03-31 13:00:00,586.2683333333333
2012-03-31 14:00:00,531.9983333333333
2012-03-31 15:00:00,529.65
2012-03-31 16:00:00,497.9316666666667
2012-03-31 17:00:00,460.0283333333333
2012-03-31 18:00:00,310.3566666666667
2012-03-31 19:00:00,258.0233333333333
2012-03-31 20:00:00,193.79166666666666
2012-03-31 21:00:00,145.475
2012-03-31 22:00:00,124.75333333333333
2012-03-31 23:00:00,77.26333333333334
2012-04-20 00:00:00,55.54666666666667
2012-04-20 01:00:00,27.07
2012-04-20 02:00:00,9.483333333333333
2012-04-20 03:00:00,7.273333333333333
2012-04-20 04:00:00,5.605
2012-04-20 05:00:00,29.141666666666666
2012-04-20 06:00:00,111.88166666666666
2012-04-20 07:00:00,352.66833333333335
2012-04-20 08:00:00,606.0933333333334
2012-04-20 09:00:00,323.1325
2012-04-20 10:00:00,202.01333333333332
2012-04-20 11:00:00,257.2133333333333
2012-04-20 12:00:00,355.95
2012-04-20 13:00:00,373.8283333333333
2012-04-20 14:00:00,373.18333333333334
2012-04-20 15:00:00,385.195
2012-04-20 16:00:00,499.1766666666667
2012-04-20 17:00:00,710.7283333333334
2012-04-20 18:00:00,682.2716666666666
2012-04-20 19:00:00,480.71666666666664
2012-04-20 20:00:00,348.4766666666667
2012-04-20 21:00:00,248.65
2012-04-20 22:00:00,216.72166666666666
2012-04-20 23:00:00,171.92
2012-04-21 00:00:00,111.83333333333333
2012-04-21 01:00:00,99.69999999999999
2012-04-21 02:00:00,62.53
2012-04-21 03:00:00,32.833333333333336
2012-04-21 04:00:00,12.308333333333334
2012-04-21 05:00:00,12.846666666666666
2012-04-21 06:00:00,37.60333333333333
2012-04-21 07:00:00,110.70666666666666
2012-04-21 08:00:00,219.96333333333334
2012-04-21 09:00:00,309.22833333333335
2012-04-21 10:00:00,434.39
2012-04-21 11:00:00,510.71166666666664
2012-04-21 12:00:00,587.835
2012-04-21 13:00:00,616.8783333333333
2012-04-21 14:00:00,596.7233333333334
2012-04-21 15:00:00,617.555
2012-04-21 16:00:00,605.68
2012-04-21 17:00:00,594.9383333333334
2012-04-21 18:00:00,457.5733333333333
2012-04-21 19:00:00,252.815
2012-04-21 20:00:00,138.95833333333334
2012-04-21 21:00:00,121.52
2012-04-21 22:00:00,181.26333333333332
2012-04-21 23:00:00,121.39333333333333
2012-04-22 00:00:00,104.46833333333333
2012-04-22 01:00:00,94.695
2012-04-22 02:00:00,60.68
2012-04-22 03:00:00,25.4
2012-04-22 04:00:00,11.816666666666666
2012-04-22 05:00:00,11.64
2012-04-22 06:00:00,31.426666666666666
2012-04-22 07:00:00,99.72666666666667
2012-04-22 08:00:00,87.29833333333333
2012-04-22 09:00:00,107.79166666666667
2012-04-22 10:00:00,158.72666666666666
2012-04-22 11:00:00,163.32666666666665
2012-04-22 12:00:00,168.93333333333334
2012-04-22 13:00:00,175.075
2012-04-22 14:00:00,167.70833333333334
2012-04-22 15:00:00,177.50166666666667
2012-04-22 16:00:00,176.39833333333334
2012-04-22 17:00:00,172.39
2012-04-22 18:00:00,161.83333333333334
2012-04-22 19:00:00,150.18166666666667
2012-04-22 20:00:00,141.32
2012-04-22 21:00:00,102.01833333333333
2012-04-22 22:00:00,79.96
2012-04-22 23:00:00,63.52166666666667
2012-04-23 00:00:00,20.341666666666665
2012-04-23 01:00:00,8.58
2012-04-23 02:00:00,6.133333333333334
2012-04-23 03:00:00,3.005
2012-04-23 04:00:00,2.3116666666666665
2012-04-23 05:00:00,18.685
2012-04-23 06:00:00,95.87833333333333
2012-04-23 07:00:00,177.01666666666668
2012-04-23 08:00:00,570.0566666666666
2012-04-23 09:00:00,291.8883333333333
2012-04-23 10:00:00,160.23166666666665
2012-04-23 11:00:00,164.36833333333334
2012-04-23 12:00:00,145.185
2012-04-23 13:00:00,146.89
2012-04-23 14:00:00,154.65666666666667
2012-04-23 15:00:00,204.395
2012-04-23 16:00:00,197.065
2012-04-23 17:00:00,409.05
2012-04-23 18:00:00,444.92833333333334
2012-04-23 19:00:00,306.84166666666664
2012-04-23 20:00:00,227.27666666666667
2012-04-23 21:00:00,152.05
2012-04-23 22:00:00,121.61166666666666
2012-04-23 23:00:00,72.09833333333333
2012-04-24 00:00:00,23.736666666666668
2012-04-24 01:00:00,11.27
2012-04-24 02:00:00,4.276666666666666
2012-04-24 03:00:00,2.685
2012-04-24 04:00:00,1.7883333333333333
2012-04-24 05:00:00,23.41
2012-04-24 06:00:00,99.81666666666666
2012-04-24 07:00:00,313.3883333333333
2012-04-24 08:00:00,616.3766666666667
2012-04-24 09:00:00,337.4866666666667
2012-04-24 10:00:00,184.46
2012-04-24 11:00:00,230.71666666666667
2012-04-24 12:00:00,265.06
2012-04-24 13:00:00,259.2083333333333
2012-04-24 14:00:00,251.54833333333335
2012-04-24 15:00:00,271.005
2012-04-24 16:00:00,410.55833333333334
2012-04-24 17:00:00,671.8366666666667
2012-04-24 18:00:00,682.355
2012-04-24 19:00:00,480.27166666666665
2012-04-24 20:00:00,301.66
2012-04-24 21:00:00,230.86
2012-04-24 22:00:00,163.32666666666665
2012-04-24 23:00:00,101.87166666666667
2012-04-25 00:00:00,34.72666666666667
2012-04-25 01:00:00,11.121666666666666
2012-04-25 02:00:00,6.373333333333333
2012-04-25 03:00:00,2.3116666666666665
2012-04-25 04:00:00,2.0816666666666666
2012-04-25 05:00:00,26.493333333333332
2012-04-25 06:00:00,104.24
2012-04-25 07:00:00,360.1951111111111
2012-04-25 08:00:00,649.535
2012-04-25 09:00:00,351.3908333333333
2012-04-25 10:00:00,195.62666666666667
2012-04-25 11:00:00,236.68166666666667
2012-04-25 12:00:00,272.59166666666664
2012-04-25 13:00:00,274.26
2012-04-25 14:00:00,249.09666666666666
2012-04-25 15:00:00,304.65
2012-04-25 16:00:00,404.665
2012-04-25 17:00:00,746.5516666666666
2012-04-25 18:00:00,741.3983333333333
2012-04-25 19:00:00,485.2816666666667
2012-04-25 20:00:00,369.135
2012-04-25 21:00:00,252.69166666666666
2012-04-25 22:00:00,197.05666666666667
2012-04-25 23:00:00,115.15166666666667
2012-04-26 00:00:00,44.778333333333336
2012-04-26 01:00:00,16.43166666666667
2012-04-26 02:00:00,9.94
2012-04-26 03:00:00,5.256666666666667
2012-04-26 04:00:00,5.408333333333333
2012-04-26 05:00:00,24.813333333333333
2012-04-26 06:00:00,125.80166666666666
2012-04-26 07:00:00,216.145
2012-04-26 08:00:00,538.2066666666667
2012-04-26 09:00:00,158.31833333333333
2012-04-26 10:00:00,180.40333333333334
2012-04-26 11:00:00,183.38833333333332
2012-04-26 12:00:00,227.39166666666668
2012-04-26 13:00:00,222.685
2012-04-26 14:00:00,220.35166666666666
2012-04-26 15:00:00,226.85666666666665
2012-04-26 16:00:00,312.685
2012-04-26 17:00:00,698.8666666666667
2012-04-26 18:00:00,669.0933333333334
2012-04-26 19:00:00,441.295
2012-04-26 20:00:00,334.59
2012-04-26 21:00:00,231.83166666666668
2012-04-26 22:00:00,210.45166666666665
2012-04-26 23:00:00,129.35666666666665
2012-04-27 00:00:00,54.6
2012-04-27 01:00:00,28.801666666666666
2012-04-27 02:00:00,14.423333333333334
2012-04-27 03:00:00,6.75
2012-04-27 04:00:00,4.941666666666666
2012-04-27 05:00:00,28.496666666666666
2012-04-27 06:00:00,103.79166666666667
2012-04-27 07:00:00,329.1055555555555
2012-04-27 08:00:00,643.555
2012-04-27 09:00:00,333.4716666666667
2012-04-27 10:00:00,214.18333333333334
2012-04-27 11:00:00,251.025
2012-04-27 12:00:00,349.2183333333333
2012-04-27 13:00:00,367.245
2012-04-27 14:00:00,371.225
2012-04-27 15:00:00,413.29833333333335
2012-04-27 16:00:00,468.75666666666666
2012-04-27 17:00:00,655.7
2012-04-27 18:00:00,630.8583333333333
2012-04-27 19:00:00,463.75333333333333
2012-04-27 20:00:00,274.13166666666666
2012-04-27 21:00:00,192.55166666666668
2012-04-27 22:00:00,155.61
2012-04-27 23:00:00,116.27666666666667
2012-04-28 00:00:00,86.67333333333333
2012-04-28 01:00:00,61.665
2012-04-28 02:00:00,50.93666666666667
2012-04-28 03:00:00,25.296666666666667
2012-04-28 04:00:00,10.41
2012-04-28 05:00:00,9.806666666666667
2012-04-28 06:00:00,28.615
2012-04-28 07:00:00,98.105
2012-04-28 08:00:00,154.85
2012-04-28 09:00:00,257.0283333333333
2012-04-28 10:00:00,330.54
2012-04-28 11:00:00,391.23833333333334
2012-04-28 12:00:00,409.22833333333335
2012-04-28 13:00:00,476.03
2012-04-28 14:00:00,505.4266666666667
2012-04-28 15:00:00,459.71166666666664
2012-04-28 16:00:00,489.5183333333333
2012-04-28 17:00:00,435.90166666666664
2012-04-28 18:00:00,176.69333333333333
2012-04-28 19:00:00,176.21
2012-04-28 20:00:00,204.47666666666666
2012-04-28 21:00:00,155.02333333333334
2012-04-28 22:00:00,159.98333333333332
2012-04-28 23:00:00,143.17
2012-04-29 00:00:00,47.16
2012-04-29 01:00:00,73.82
2012-04-29 02:00:00,65.27833333333334
2012-04-29 03:00:00,23.598333333333333
2012-04-29 04:00:00,11.51
2012-04-29 05:00:00,11.575
2012-04-29 06:00:00,32.07833333333333
2012-04-29 07:00:00,74.02
2012-04-29 08:00:00,124.615
2012-04-29 09:00:00,230.925
2012-04-29 10:00:00,349.12333333333333
2012-04-29 11:00:00,443.6166666666667
2012-04-29 12:00:00,566.4583333333334
2012-04-29 13:00:00,578.4933333333333
2012-04-29 14:00:00,581.6966666666667
2012-04-29 15:00:00,600.475
2012-04-29 16:00:00,491.86
2012-04-29 17:00:00,464.6166666666667
2012-04-29 18:00:00,398.2033333333333
2012-04-29 19:00:00,383.6983333333333
2012-04-29 20:00:00,261.35833333333335
2012-04-29 21:00:00,162.49333333333334
2012-04-29 22:00:00,121.25666666666666
2012-04-29 23:00:00,68.92833333333333
2012-04-30 00:00:00,41.416666666666664
2012-04-30 01:00:00,13.426666666666666
2012-04-30 02:00:00,9.45
2012-04-30 03:00:00,3.4766666666666666
2012-04-30 04:00:00,2.8383333333333334
2012-04-30 05:00:00,27.058333333333334
2012-04-30 06:00:00,112.00166666666667
2012-04-30 07:00:00,344.42833333333334
2012-04-30 08:00:00,630.7433333333333
2012-04-30 09:00:00,316.14
2012-04-30 10:00:00,199.84166666666667
2012-04-30 11:00:00,203.65666666666667
2012-04-30 12:00:00,243.39833333333334
2012-04-30 13:00:00,257.9633333333333
2012-04-30 14:00:00,249.66666666666666
2012-04-30 15:00:00,261.245
2012-04-30 16:00:00,396.235
2012-04-30 17:00:00,737.2116666666667
2012-04-30 18:00:00,725.775
2012-04-30 19:00:00,480.94
2012-04-30 20:00:00,304.17833333333334
2012-04-30 21:00:00,230.76666666666668
2012-04-30 22:00:00,156.01833333333335
2012-04-30 23:00:00,80.92166666666667
2012-05-20 00:00:00,149.09166666666667
2012-05-20 01:00:00,104.1268611111111
2012-05-20 02:00:00,72.60333333333334
2012-05-20 03:00:00,33.38
2012-05-20 04:00:00,14.073333333333334
2012-05-20 05:00:00,12.711666666666666
2012-05-20 06:00:00,21.566666666666666
2012-05-20 07:00:00,58.01833333333333
2012-05-20 08:00:00,144.11833333333334
2012-05-20 09:00:00,278.9916666666667
2012-05-20 10:00:00,432.4866666666667
2012-05-20 11:00:00,560.0516666666666
2012-05-20 12:00:00,657.2333333333333
2012-05-20 13:00:00,656.9766666666667
2012-05-20 14:00:00,607.6816666666666
2012-05-20 15:00:00,606.51
2012-05-20 16:00:00,575.2266666666667
2012-05-20 17:00:00,531.49
2012-05-20 18:00:00,447.965
2012-05-20 19:00:00,360.88
2012-05-20 20:00:00,270.645
2012-05-20 21:00:00,213.50166666666667
2012-05-20 22:00:00,129.72333333333333
2012-05-20 23:00:00,83.945
2012-05-21 00:00:00,35.446666666666665
2012-05-21 01:00:00,17.138333333333332
2012-05-21 02:00:00,7.905
2012-05-21 03:00:00,4.263333333333334
2012-05-21 04:00:00,4.543333333333333
2012-05-21 05:00:00,17.403333333333332
2012-05-21 06:00:00,64.36666666666666
2012-05-21 07:00:00,174.71833333333333
2012-05-21 08:00:00,256.9316666666667
2012-05-21 09:00:00,129.34833333333333
2012-05-21 10:00:00,117.93166666666667
2012-05-21 11:00:00,151.555
2012-05-21 12:00:00,197.345
2012-05-21 13:00:00,142.24166666666667
2012-05-21 14:00:00,147.11833333333334
2012-05-21 15:00:00,210.65
2012-05-21 16:00:00,342.83166666666665
2012-05-21 17:00:00,686.085
2012-05-21 18:00:00,694.935
2012-05-21 19:00:00,514.24
2012-05-21 20:00:00,347.00166666666667
2012-05-21 21:00:00,272.0133333333333
2012-05-21 22:00:00,162.13166666666666
2012-05-21 23:00:00,85.26333333333334
2012-05-22 00:00:00,36.486666666666665
2012-05-22 01:00:00,19.505
2012-05-22 02:00:00,7.733333333333333
2012-05-22 03:00:00,5.711666666666667
2012-05-22 04:00:00,4.865
2012-05-22 05:00:00,17.286666666666665
2012-05-22 06:00:00,71.48833333333333
2012-05-22 07:00:00,169.37
2012-05-22 08:00:00,521.685
2012-05-22 09:00:00,336.9116666666667
2012-05-22 10:00:00,176.03333333333333
2012-05-22 11:00:00,209.65333333333334
2012-05-22 12:00:00,205.50333333333333
2012-05-22 13:00:00,235.53833333333333
2012-05-22 14:00:00,204.92166666666665
2012-05-22 15:00:00,265.655
2012-05-22 16:00:00,390.5366666666667
2012-05-22 17:00:00,725.4916666666667
2012-05-22 18:00:00,724.3833333333333
2012-05-22 19:00:00,503.18
2012-05-22 20:00:00,374.58166666666665
2012-05-22 21:00:00,269.195
2012-05-22 22:00:00,187.74333333333334
2012-05-22 23:00:00,101.58333333333333
2012-05-23 00:00:00,46.403333333333336
2012-05-23 01:00:00,21.921666666666667
2012-05-23 02:00:00,8.735
2012-05-23 03:00:00,6.15
2012-05-23 04:00:00,5.118333333333333
2012-05-23 05:00:00,20.036666666666665
2012-05-23 06:00:00,141.33
2012-05-23 07:00:00,436.28
2012-05-23 08:00:00,608.0033333333333
2012-05-23 09:00:00,330.2816666666667
2012-05-23 10:00:00,178.065
2012-05-23 11:00:00,220.49
2012-05-23 12:00:00,273.575
2012-05-23 13:00:00,222.37333333333333
2012-05-23 14:00:00,249.99166666666667
2012-05-23 15:00:00,282.5233333333333
2012-05-23 16:00:00,331.0133333333333
2012-05-23 17:00:00,628.09
2012-05-23 18:00:00,637.8033333333333
2012-05-23 19:00:00,360.485
2012-05-23 20:00:00,301.47333333333336
2012-05-23 21:00:00,206.57666666666665
2012-05-23 22:00:00,187.63333333333333
2012-05-23 23:00:00,119.09
2012-05-24 00:00:00,64.48666666666666
2012-05-24 01:00:00,22.05666666666667
2012-05-24 02:00:00,11.79
2012-05-24 03:00:00,6.621666666666667
2012-05-24 04:00:00,5.111666666666666
2012-05-24 05:00:00,26.211666666666666
2012-05-24 06:00:00,139.12
2012-05-24 07:00:00,441.985
2012-05-24 08:00:00,686.0725833333333
2012-05-24 09:00:00,330.52
2012-05-24 10:00:00,184.005
2012-05-24 11:00:00,230.87833333333333
2012-05-24 12:00:00,300.99
2012-05-24 13:00:00,292.4483333333333
2012-05-24 14:00:00,254.78166666666667
2012-05-24 15:00:00,279.405
2012-05-24 16:00:00,387.9033333333333
2012-05-24 17:00:00,748.1233333333333
2012-05-24 18:00:00,744.1783333333333
2012-05-24 19:00:00,551.9266666666666
2012-05-24 20:00:00,381.035
2012-05-24 21:00:00,148.33666666666667
2012-05-24 22:00:00,205.36333333333334
2012-05-24 23:00:00,159.31333333333333
2012-05-25 00:00:00,82.74833333333333
2012-05-25 01:00:00,40.14333333333333
2012-05-25 02:00:00,12.37
2012-05-25 03:00:00,7.491666666666666
2012-05-25 04:00:00,6.888333333333334
2012-05-25 05:00:00,26.933333333333334
2012-05-25 06:00:00,137.48
2012-05-25 07:00:00,389.18
2012-05-25 08:00:00,659.0766666666667
2012-05-25 09:00:00,293.8283333333333
2012-05-25 10:00:00,218.70166666666665
2012-05-25 11:00:00,242.72333333333333
2012-05-25 12:00:00,309.525
2012-05-25 13:00:00,322.525
2012-05-25 14:00:00,316.4216666666667
2012-05-25 15:00:00,311.7266666666667
2012-05-25 16:00:00,465.29833333333335
2012-05-25 17:00:00,666.5433333333333
2012-05-25 18:00:00,662.5983333333334
2012-05-25 19:00:00,506.52666666666664
2012-05-25 20:00:00,361.1716666666667
2012-05-25 21:00:00,278.66333333333336
2012-05-25 22:00:00,274.59
2012-05-25 23:00:00,206.26166666666666
2012-05-26 00:00:00,144.435
2012-05-26 01:00:00,99.3175
2012-05-26 02:00:00,67.785
2012-05-26 03:00:00,29.108333333333334
2012-05-26 04:00:00,10.976666666666667
2012-05-26 05:00:00,12.41
2012-05-26 06:00:00,43.71666666666667
2012-05-26 07:00:00,81.27333333333333
2012-05-26 08:00:00,193.19
2012-05-26 09:00:00,289.245
2012-05-26 10:00:00,435.76
2012-05-26 11:00:00,485.06
2012-05-26 12:00:00,513.0566666666666
2012-05-26 13:00:00,514.08
2012-05-26 14:00:00,507.9633333333333
2012-05-26 15:00:00,507.6616666666667
2012-05-26 16:00:00,504.45166666666665
2012-05-26 17:00:00,515.7716666666666
2012-05-26 18:00:00,483.0883333333333
2012-05-26 19:00:00,394.32166666666666
2012-05-26 20:00:00,283.4683333333333
2012-05-26 21:00:00,249.395
2012-05-26 22:00:00,263.57
2012-05-26 23:00:00,202.315
2012-05-27 00:00:00,149.66875
2012-05-27 01:00:00,114.71791666666667
2012-05-27 02:00:00,78.33333333333333
2012-05-27 03:00:00,35.67166666666667
2012-05-27 04:00:00,10.821666666666667
2012-05-27 05:00:00,11.645
2012-05-27 06:00:00,24.348333333333333
2012-05-27 07:00:00,65.71166666666667
2012-05-27 08:00:00,157.005
2012-05-27 09:00:00,266.22333333333336
2012-05-27 10:00:00,404.60833333333335
2012-05-27 11:00:00,461.0683333333333
2012-05-27 12:00:00,490.69
2012-05-27 13:00:00,508.665
2012-05-27 14:00:00,504.5316666666667
2012-05-27 15:00:00,510.6716666666667
2012-05-27 16:00:00,503.425
2012-05-27 17:00:00,501.75666666666666
2012-05-27 18:00:00,447.975
2012-05-27 19:00:00,361.0416666666667
2012-05-27 20:00:00,286.99
2012-05-27 21:00:00,199.20166666666665
2012-05-27 22:00:00,109.645
2012-05-27 23:00:00,106.07833333333333
2012-05-28 00:00:00,102.63
2012-05-28 01:00:00,62.5
2012-05-28 02:00:00,36.19166666666667
2012-05-28 03:00:00,17.615
2012-05-28 04:00:00,11.565
2012-05-28 05:00:00,25.89666666666667
2012-05-28 06:00:00,83.72333333333333
2012-05-28 07:00:00,292.17
2012-05-28 08:00:00,221.855
2012-05-28 09:00:00,284.01
2012-05-28 10:00:00,311.0316666666667
2012-05-28 11:00:00,351.775
2012-05-28 12:00:00,426.5933333333333
2012-05-28 13:00:00,417.51
2012-05-28 14:00:00,415.97833333333335
2012-05-28 15:00:00,413.36833333333334
2012-05-28 16:00:00,421.01666666666665
2012-05-28 17:00:00,477.5516666666667
2012-05-28 18:00:00,477.31166666666667
2012-05-28 19:00:00,477.7783333333333
2012-05-28 20:00:00,353.81
2012-05-28 21:00:00,271.545
2012-05-28 22:00:00,235.64166666666668
2012-05-28 23:00:00,123.61
2012-05-29 00:00:00,45.14833333333333
2012-05-29 01:00:00,18.803333333333335
2012-05-29 02:00:00,9.636666666666667
2012-05-29 03:00:00,5.156666666666666
2012-05-29 04:00:00,6.1866666666666665
2012-05-29 05:00:00,25.691666666666666
2012-05-29 06:00:00,154.60666666666665
2012-05-29 07:00:00,367.7133333333333
2012-05-29 08:00:00,662.5708333333333
2012-05-29 09:00:00,329.10833333333335
2012-05-29 10:00:00,181.04333333333332
2012-05-29 11:00:00,224.675
2012-05-29 12:00:00,263.9166666666667
2012-05-29 13:00:00,257.3383333333333
2012-05-29 14:00:00,252.58333333333334
2012-05-29 15:00:00,263.1483333333333
2012-05-29 16:00:00,382.91
2012-05-29 17:00:00,762.0883333333334
2012-05-29 18:00:00,761.3366666666667
2012-05-29 19:00:00,550.96
2012-05-29 20:00:00,335.97333333333336
2012-05-29 21:00:00,148.93
2012-05-29 22:00:00,164.13666666666666
2012-05-29 23:00:00,89.065
2012-05-30 00:00:00,46.485
2012-05-30 01:00:00,18.065
2012-05-30 02:00:00,9.433333333333334
2012-05-30 03:00:00,4.878333333333333
2012-05-30 04:00:00,5.483333333333333
2012-05-30 05:00:00,28.656666666666666
2012-05-30 06:00:00,152.145
2012-05-30 07:00:00,243.31666666666666
2012-05-30 08:00:00,681.9333333333333
2012-05-30 09:00:00,351.6066666666667
2012-05-30 10:00:00,173.975
2012-05-30 11:00:00,226.39166666666668
2012-05-30 12:00:00,309.745
2012-05-30 13:00:00,299.82666666666665
2012-05-30 14:00:00,265.815
2012-05-30 15:00:00,274.9116666666667
2012-05-30 16:00:00,388.38666666666666
2012-05-30 17:00:00,741.1583333333333
2012-05-30 18:00:00,798.33
2012-05-30 19:00:00,512.09
2012-05-30 20:00:00,350.925
2012-05-30 21:00:00,313.535
2012-05-30 22:00:00,270.4166666666667
2012-05-30 23:00:00,148.22166666666666
2012-05-31 00:00:00,68.72166666666666
2012-05-31 01:00:00,23.51
2012-05-31 02:00:00,11.071666666666667
2012-05-31 03:00:00,6.781666666666666
2012-05-31 04:00:00,6.685
2012-05-31 05:00:00,29.398333333333333
2012-05-31 06:00:00,156.4
2012-05-31 07:00:00,473.27166666666665
2012-05-31 08:00:00,692.9578055555555
2012-05-31 09:00:00,328.98333333333335
2012-05-31 10:00:00,197.10333333333332
2012-05-31 11:00:00,242.21166666666667
2012-05-31 12:00:00,315.87666666666667
2012-05-31 13:00:00,299.57666666666665
2012-05-31 14:00:00,254.55166666666668
2012-05-31 15:00:00,281.325
2012-05-31 16:00:00,437.89166666666665
2012-05-31 17:00:00,808.8516666666667
2012-05-31 18:00:00,801.35
2012-05-31 19:00:00,534.845
2012-05-31 20:00:00,374.6166666666667
2012-05-31 21:00:00,302.76666666666665
2012-05-31 22:00:00,287.455
2012-05-31 23:00:00,182.63666666666666
2012-06-20 00:00:00,46.38166666666667
2012-06-20 01:00:00,23.33
2012-06-20 02:00:00,7.815
2012-06-20 03:00:00,7.096666666666667
2012-06-20 04:00:00,7.92
2012-06-20 05:00:00,39.15
2012-06-20 06:00:00,160.76833333333335
2012-06-20 07:00:00,404.2866666666667
2012-06-20 08:00:00,661.9509166666667
2012-06-20 09:00:00,349.945
2012-06-20 10:00:00,182.62666666666667
2012-06-20 11:00:00,217.07333333333332
2012-06-20 12:00:00,264.5416666666667
2012-06-20 13:00:00,265.32
2012-06-20 14:00:00,239.565
2012-06-20 15:00:00,263.10833333333335
2012-06-20 16:00:00,408.1016666666667
2012-06-20 17:00:00,746.875
2012-06-20 18:00:00,741.0133333333333
2012-06-20 19:00:00,531.7416666666667
2012-06-20 20:00:00,440.7816666666667
2012-06-20 21:00:00,337.91
2012-06-20 22:00:00,290.3
2012-06-20 23:00:00,142.70166666666665
2012-06-21 00:00:00,66.62833333333333
2012-06-21 01:00:00,24.378333333333334
2012-06-21 02:00:00,9.165
2012-06-21 03:00:00,6.118333333333333
2012-06-21 04:00:00,7.373333333333333
2012-06-21 05:00:00,37.67166666666667
2012-06-21 06:00:00,180.71
2012-06-21 07:00:00,478.15833333333336
2012-06-21 08:00:00,619.3202301587302
2012-06-21 09:00:00,309.35833333333335
2012-06-21 10:00:00,177.96833333333333
2012-06-21 11:00:00,228.22
2012-06-21 12:00:00,275.92333333333335
2012-06-21 13:00:00,269.04333333333335
2012-06-21 14:00:00,234.045
2012-06-21 15:00:00,254.15
2012-06-21 16:00:00,407.19166666666666
2012-06-21 17:00:00,739.0766666666667
2012-06-21 18:00:00,765.325
2012-06-21 19:00:00,501.2733333333333
2012-06-21 20:00:00,431.505
2012-06-21 21:00:00,322.58666666666664
2012-06-21 22:00:00,259.23833333333334
2012-06-21 23:00:00,150.425
2012-06-22 00:00:00,85.81833333333333
2012-06-22 01:00:00,40.995
2012-06-22 02:00:00,19.373333333333335
2012-06-22 03:00:00,8.216666666666667
2012-06-22 04:00:00,8.156666666666666
2012-06-22 05:00:00,36.01
2012-06-22 06:00:00,144.13166666666666
2012-06-22 07:00:00,419.89
2012-06-22 08:00:00,646.5329166666667
2012-06-22 09:00:00,358.4116666666667
2012-06-22 10:00:00,242.24
2012-06-22 11:00:00,273.825
2012-06-22 12:00:00,336.73333333333335
2012-06-22 13:00:00,343.4816666666667
2012-06-22 14:00:00,339.7316666666667
2012-06-22 15:00:00,305.94166666666666
2012-06-22 16:00:00,438.54833333333335
2012-06-22 17:00:00,776.6916666666667
2012-06-22 18:00:00,689.2166666666667
2012-06-22 19:00:00,506.16
2012-06-22 20:00:00,378.05333333333334
2012-06-22 21:00:00,241.41833333333332
2012-06-22 22:00:00,261.80333333333334
2012-06-22 23:00:00,196.19
2012-06-23 00:00:00,157.32166666666666
2012-06-23 01:00:00,103.15166666666667
2012-06-23 02:00:00,78.04166666666667
2012-06-23 03:00:00,30.89
2012-06-23 04:00:00,10.581666666666667
2012-06-23 05:00:00,10.708333333333334
2012-06-23 06:00:00,35.33833333333333
2012-06-23 07:00:00,66.40166666666667
2012-06-23 08:00:00,174.99333333333334
2012-06-23 09:00:00,280.865
2012-06-23 10:00:00,432.30333333333334
2012-06-23 11:00:00,515.0516666666666
2012-06-23 12:00:00,538.4
2012-06-23 13:00:00,544.695
2012-06-23 14:00:00,573.36
2012-06-23 15:00:00,534.0983333333334
2012-06-23 16:00:00,510.86333333333334
2012-06-23 17:00:00,500.69666666666666
2012-06-23 18:00:00,465.905
2012-06-23 19:00:00,394.74666666666667
2012-06-23 20:00:00,344.6716666666667
2012-06-23 21:00:00,292.9166666666667
2012-06-23 22:00:00,261.0233333333333
2012-06-23 23:00:00,211.46166666666667
2012-06-24 00:00:00,180.66333333333333
2012-06-24 01:00:00,124.18166666666667
2012-06-24 02:00:00,96.58
2012-06-24 03:00:00,36.986666666666665
2012-06-24 04:00:00,12.685
2012-06-24 05:00:00,12.8
2012-06-24 06:00:00,20.803333333333335
2012-06-24 07:00:00,47.45
2012-06-24 08:00:00,142.54333333333332
2012-06-24 09:00:00,242.545
2012-06-24 10:00:00,415.10833333333335
2012-06-24 11:00:00,495.4533333333333
2012-06-24 12:00:00,527.3516666666667
2012-06-24 13:00:00,540.8983333333333
2012-06-24 14:00:00,503.4433333333333
2012-06-24 15:00:00,488.675
2012-06-24 16:00:00,487.33
2012-06-24 17:00:00,482.99666666666667
2012-06-24 18:00:00,470.23833333333334
2012-06-24 19:00:00,414.54
2012-06-24 20:00:00,341.9216666666667
2012-06-24 21:00:00,227.08833333333334
2012-06-24 22:00:00,156.575
2012-06-24 23:00:00,108.48666666666666
2012-06-25 00:00:00,43.32
2012-06-25 01:00:00,21.428333333333335
2012-06-25 02:00:00,11.245
2012-06-25 03:00:00,7.39
2012-06-25 04:00:00,7.84
2012-06-25 05:00:00,38.91
2012-06-25 06:00:00,152.14666666666668
2012-06-25 07:00:00,474.5566666666667
2012-06-25 08:00:00,657.7233333333334
2012-06-25 09:00:00,333.87666666666667
2012-06-25 10:00:00,181.855
2012-06-25 11:00:00,231.52166666666668
2012-06-25 12:00:00,261.43833333333333
2012-06-25 13:00:00,263.7216666666667
2012-06-25 14:00:00,247.4
2012-06-25 15:00:00,263.5883333333333
2012-06-25 16:00:00,434.75
2012-06-25 17:00:00,773.9283333333333
2012-06-25 18:00:00,773.5116666666667
2012-06-25 19:00:00,588.065
2012-06-25 20:00:00,421.6383333333333
2012-06-25 21:00:00,277.85333333333335
2012-06-25 22:00:00,206.12
2012-06-25 23:00:00,117.32333333333334
2012-06-26 00:00:00,42.343333333333334
2012-06-26 01:00:00,15.98
2012-06-26 02:00:00,11.27
2012-06-26 03:00:00,8.238333333333333
2012-06-26 04:00:00,9.903333333333334
2012-06-26 05:00:00,41.88333333333333
2012-06-26 06:00:00,157.14666666666668
2012-06-26 07:00:00,487.3
2012-06-26 08:00:00,680.955
2012-06-26 09:00:00,323.5883333333333
2012-06-26 10:00:00,195.425
2012-06-26 11:00:00,237.315
2012-06-26 12:00:00,277.64166666666665
2012-06-26 13:00:00,271.855
2012-06-26 14:00:00,267.87666666666667
2012-06-26 15:00:00,278.085
2012-06-26 16:00:00,427.635
2012-06-26 17:00:00,800.5833333333334
2012-06-26 18:00:00,783.9783333333334
2012-06-26 19:00:00,583.565
2012-06-26 20:00:00,423.96166666666664
2012-06-26 21:00:00,293.17333333333335
2012-06-26 22:00:00,211.23666666666668
2012-06-26 23:00:00,137.88333333333333
2012-06-27 00:00:00,44.985
2012-06-27 01:00:00,16.42
2012-06-27 02:00:00,10.408333333333333
2012-06-27 03:00:00,8.011666666666667
2012-06-27 04:00:00,9.141666666666667
2012-06-27 05:00:00,38.78333333333333
2012-06-27 06:00:00,159.91666666666666
2012-06-27 07:00:00,457.07166666666666
2012-06-27 08:00:00,669.4857222222222
2012-06-27 09:00:00,321.84833333333336
2012-06-27 10:00:00,200.24
2012-06-27 11:00:00,236.69666666666666
2012-06-27 12:00:00,288.7683333333333
2012-06-27 13:00:00,277.475
2012-06-27 14:00:00,299.4216666666667
2012-06-27 15:00:00,276.8183333333333
2012-06-27 16:00:00,448.26166666666666
2012-06-27 17:00:00,771.3966666666666
2012-06-27 18:00:00,776.9766666666667
2012-06-27 19:00:00,583.8183333333334
2012-06-27 20:00:00,465.3283333333333
2012-06-27 21:00:00,335.76
2012-06-27 22:00:00,265.7366666666667
2012-06-27 23:00:00,156.325
2012-06-28 00:00:00,65.60666666666667
2012-06-28 01:00:00,22.961666666666666
2012-06-28 02:00:00,10.616666666666667
2012-06-28 03:00:00,7.9783333333333335
2012-06-28 04:00:00,7.225
2012-06-28 05:00:00,36.425
2012-06-28 06:00:00,158.79
2012-06-28 07:00:00,491.40833333333336
2012-06-28 08:00:00,657.8396666666666
2012-06-28 09:00:00,340.1933333333333
2012-06-28 10:00:00,203.11166666666668
2012-06-28 11:00:00,229.90833333333333
2012-06-28 12:00:00,295.885
2012-06-28 13:00:00,287.5516666666667
2012-06-28 14:00:00,282.62666666666667
2012-06-28 15:00:00,294.3016666666667
2012-06-28 16:00:00,467.78333333333336
2012-06-28 17:00:00,726.7116666666667
2012-06-28 18:00:00,723.2833333333333
2012-06-28 19:00:00,540.4666666666667
2012-06-28 20:00:00,475.3466666666667
2012-06-28 21:00:00,338.65166666666664
2012-06-28 22:00:00,285.395
2012-06-28 23:00:00,190.39333333333335
2012-06-29 00:00:00,84.55
2012-06-29 01:00:00,36.405
2012-06-29 02:00:00,16.93166666666667
2012-06-29 03:00:00,8.0
2012-06-29 04:00:00,8.378333333333334
2012-06-29 05:00:00,35.69166666666667
2012-06-29 06:00:00,139.61166666666668
2012-06-29 07:00:00,419.03
2012-06-29 08:00:00,674.3170833333334
2012-06-29 09:00:00,362.69666666666666
2012-06-29 10:00:00,240.47166666666666
2012-06-29 11:00:00,273.62666666666667
2012-06-29 12:00:00,309.985
2012-06-29 13:00:00,306.79
2012-06-29 14:00:00,299.285
2012-06-29 15:00:00,304.33166666666665
2012-06-29 16:00:00,413.94166666666666
2012-06-29 17:00:00,655.1783333333333
2012-06-29 18:00:00,629.815
2012-06-29 19:00:00,458.185
2012-06-29 20:00:00,376.62
2012-06-29 21:00:00,389.4
2012-06-29 22:00:00,239.76166666666666
2012-06-29 23:00:00,155.03
2012-06-30 00:00:00,151.63833333333332
2012-06-30 01:00:00,111.91
2012-06-30 02:00:00,74.925
2012-06-30 03:00:00,32.14666666666667
2012-06-30 04:00:00,12.878333333333334
2012-06-30 05:00:00,10.693333333333333
2012-06-30 06:00:00,34.471666666666664
2012-06-30 07:00:00,69.80166666666666
2012-06-30 08:00:00,184.61333333333334
2012-06-30 09:00:00,288.035
2012-06-30 10:00:00,400.62333333333333
2012-06-30 11:00:00,468.055
2012-06-30 12:00:00,502.2633333333333
2012-06-30 13:00:00,507.4916666666667
2012-06-30 14:00:00,510.00333333333333
2012-06-30 15:00:00,504.8616666666667
2012-06-30 16:00:00,456.60333333333335
2012-06-30 17:00:00,463.82
2012-06-30 18:00:00,443.675
2012-06-30 19:00:00,424.47833333333335
2012-06-30 20:00:00,305.815
2012-06-30 21:00:00,283.395
2012-06-30 22:00:00,250.67333333333335
2012-06-30 23:00:00,205.195
2012-07-20 00:00:00,81.36333333333333
2012-07-20 01:00:00,36.025
2012-07-20 02:00:00,11.361666666666666
2012-07-20 03:00:00,7.283333333333333
2012-07-20 04:00:00,7.988333333333333
2012-07-20 05:00:00,40.47666666666667
2012-07-20 06:00:00,151.77666666666667
2012-07-20 07:00:00,417.75
2012-07-20 08:00:00,643.3090000000001
2012-07-20 09:00:00,347.53833333333336
2012-07-20 10:00:00,223.39333333333335
2012-07-20 11:00:00,250.08333333333334
2012-07-20 12:00:00,222.52333333333334
2012-07-20 13:00:00,226.64
2012-07-20 14:00:00,216.45166666666665
2012-07-20 15:00:00,278.6933333333333
2012-07-20 16:00:00,392.72333333333336
2012-07-20 17:00:00,584.415
2012-07-20 18:00:00,589.245
2012-07-20 19:00:00,340.39166666666665
2012-07-20 20:00:00,113.21666666666667
2012-07-20 21:00:00,161.93666666666667
2012-07-20 22:00:00,209.28
2012-07-20 23:00:00,192.99
2012-07-21 00:00:00,160.69833333333332
2012-07-21 01:00:00,117.14333333333333
2012-07-21 02:00:00,63.468333333333334
2012-07-21 03:00:00,27.30666666666667
2012-07-21 04:00:00,11.065
2012-07-21 05:00:00,12.265
2012-07-21 06:00:00,34.88
2012-07-21 07:00:00,73.985
2012-07-21 08:00:00,194.65166666666667
2012-07-21 09:00:00,287.9766666666667
2012-07-21 10:00:00,253.39833333333334
2012-07-21 11:00:00,437.6983333333333
2012-07-21 12:00:00,281.41833333333335
2012-07-21 13:00:00,238.73333333333332
2012-07-21 14:00:00,423.4266666666667
2012-07-21 15:00:00,256.455
2012-07-21 16:00:00,172.94166666666666
2012-07-21 17:00:00,178.26666666666668
2012-07-21 18:00:00,323.62166666666667
2012-07-21 19:00:00,295.9683333333333
2012-07-21 20:00:00,163.22833333333332
2012-07-21 21:00:00,176.37333333333333
2012-07-21 22:00:00,174.24666666666667
2012-07-21 23:00:00,161.05666666666667
2012-07-22 00:00:00,119.88166666666666
2012-07-22 01:00:00,105.19666666666667
2012-07-22 02:00:00,86.56333333333333
2012-07-22 03:00:00,34.585
2012-07-22 04:00:00,13.286666666666667
2012-07-22 05:00:00,14.733333333333333
2012-07-22 06:00:00,20.423333333333332
2012-07-22 07:00:00,58.208333333333336
2012-07-22 08:00:00,156.72666666666666
2012-07-22 09:00:00,265.61833333333334
2012-07-22 10:00:00,395.56
2012-07-22 11:00:00,436.3516666666667
2012-07-22 12:00:00,469.32166666666666
2012-07-22 13:00:00,473.845
2012-07-22 14:00:00,481.93
2012-07-22 15:00:00,473.4433333333333
2012-07-22 16:00:00,446.365
2012-07-22 17:00:00,448.12333333333333
2012-07-22 18:00:00,394.3433333333333
2012-07-22 19:00:00,328.13166666666666
2012-07-22 20:00:00,268.93666666666667
2012-07-22 21:00:00,212.88666666666666
2012-07-22 22:00:00,144.87333333333333
2012-07-22 23:00:00,109.62666666666667
2012-07-23 00:00:00,45.501666666666665
2012-07-23 01:00:00,18.376666666666665
2012-07-23 02:00:00,8.505
2012-07-23 03:00:00,7.223333333333334
2012-07-23 04:00:00,8.571666666666667
2012-07-23 05:00:00,38.995
2012-07-23 06:00:00,150.63833333333332
2012-07-23 07:00:00,457.5083333333333
2012-07-23 08:00:00,633.8007083333334
2012-07-23 09:00:00,329.74833333333333
2012-07-23 10:00:00,182.33
2012-07-23 11:00:00,227.67833333333334
2012-07-23 12:00:00,262.87833333333333
2012-07-23 13:00:00,263.7416666666667
2012-07-23 14:00:00,246.645
2012-07-23 15:00:00,264.6383333333333
2012-07-23 16:00:00,388.89
2012-07-23 17:00:00,796.125
2012-07-23 18:00:00,785.8266666666667
2012-07-23 19:00:00,567.4483333333334
2012-07-23 20:00:00,446.36
2012-07-23 21:00:00,301.85
2012-07-23 22:00:00,194.09833333333333
2012-07-23 23:00:00,132.96166666666667
2012-07-24 00:00:00,52.32666666666667
2012-07-24 01:00:00,22.158333333333335
2012-07-24 02:00:00,8.745
2012-07-24 03:00:00,6.125
2012-07-24 04:00:00,7.295
2012-07-24 05:00:00,41.345
2012-07-24 06:00:00,175.95333333333335
2012-07-24 07:00:00,501.14166666666665
2012-07-24 08:00:00,609.6033333333334
2012-07-24 09:00:00,307.975
2012-07-24 10:00:00,182.17333333333335
2012-07-24 11:00:00,200.53833333333333
2012-07-24 12:00:00,250.135
2012-07-24 13:00:00,243.35
2012-07-24 14:00:00,231.98666666666668
2012-07-24 15:00:00,265.56333333333333
2012-07-24 16:00:00,380.7966666666667
2012-07-24 17:00:00,791.72
2012-07-24 18:00:00,717.5183333333333
2012-07-24 19:00:00,552.2266666666667
2012-07-24 20:00:00,447.61833333333334
2012-07-24 21:00:00,310.695
2012-07-24 22:00:00,207.60833333333332
2012-07-24 23:00:00,128.475
2012-07-25 00:00:00,47.19166666666667
2012-07-25 01:00:00,22.986666666666668
2012-07-25 02:00:00,9.201666666666666
2012-07-25 03:00:00,6.536666666666667
2012-07-25 04:00:00,6.326666666666667
2012-07-25 05:00:00,39.06666666666667
2012-07-25 06:00:00,164.77333333333334
2012-07-25 07:00:00,450.38
2012-07-25 08:00:00,642.73
2012-07-25 09:00:00,316.42
2012-07-25 10:00:00,202.87833333333333
2012-07-25 11:00:00,238.49333333333334
2012-07-25 12:00:00,305.27166666666665
2012-07-25 13:00:00,277.10833333333335
2012-07-25 14:00:00,253.56666666666666
2012-07-25 15:00:00,274.48
2012-07-25 16:00:00,433.37333333333333
2012-07-25 17:00:00,791.6783333333333
2012-07-25 18:00:00,791.9416666666667
2012-07-25 19:00:00,592.1333333333333
2012-07-25 20:00:00,463.54333333333335
2012-07-25 21:00:00,343.085
2012-07-25 22:00:00,249.26833333333335
2012-07-25 23:00:00,142.91833333333332
2012-07-26 00:00:00,64.05
2012-07-26 01:00:00,23.813333333333333
2012-07-26 02:00:00,9.936666666666667
2012-07-26 03:00:00,7.818333333333333
2012-07-26 04:00:00,5.988333333333333
2012-07-26 05:00:00,39.428333333333335
2012-07-26 06:00:00,173.09833333333333
2012-07-26 07:00:00,493.8566666666667
2012-07-26 08:00:00,647.7239246031746
2012-07-26 09:00:00,334.02
2012-07-26 10:00:00,200.065
2012-07-26 11:00:00,209.535
2012-07-26 12:00:00,271.225
2012-07-26 13:00:00,265.5933333333333
2012-07-26 14:00:00,213.01666666666668
2012-07-26 15:00:00,219.365
2012-07-26 16:00:00,408.995
2012-07-26 17:00:00,692.0883333333334
2012-07-26 18:00:00,683.4516666666667
2012-07-26 19:00:00,506.8333333333333
2012-07-26 20:00:00,449.80833333333334
2012-07-26 21:00:00,340.92333333333335
2012-07-26 22:00:00,275.86
2012-07-26 23:00:00,161.85666666666665
2012-07-27 00:00:00,84.715
2012-07-27 01:00:00,43.88166666666667
2012-07-27 02:00:00,20.35
2012-07-27 03:00:00,7.15
2012-07-27 04:00:00,8.351666666666667
2012-07-27 05:00:00,36.373333333333335
2012-07-27 06:00:00,157.15166666666667
2012-07-27 07:00:00,426.31666666666666
2012-07-27 08:00:00,660.4679166666666
2012-07-27 09:00:00,335.135
2012-07-27 10:00:00,244.97333333333333
2012-07-27 11:00:00,268.93833333333333
2012-07-27 12:00:00,332.295
2012-07-27 13:00:00,336.12666666666667
2012-07-27 14:00:00,331.10833333333335
2012-07-27 15:00:00,346.14666666666665
2012-07-27 16:00:00,442.88166666666666
2012-07-27 17:00:00,688.4366666666666
2012-07-27 18:00:00,677.3016666666666
2012-07-27 19:00:00,478.77166666666665
2012-07-27 20:00:00,385.33666666666664
2012-07-27 21:00:00,303.56333333333333
2012-07-27 22:00:00,255.19833333333332
2012-07-27 23:00:00,198.79666666666665
2012-07-28 00:00:00,164.28833333333333
2012-07-28 01:00:00,98.06333333333333
2012-07-28 02:00:00,75.48666666666666
2012-07-28 03:00:00,33.015
2012-07-28 04:00:00,8.538333333333334
2012-07-28 05:00:00,11.881666666666666
2012-07-28 06:00:00,35.97
2012-07-28 07:00:00,67.965
2012-07-28 08:00:00,169.195
2012-07-28 09:00:00,264.72333333333336
2012-07-28 10:00:00,412.24333333333334
2012-07-28 11:00:00,495.585
2012-07-28 12:00:00,518.8616666666667
2012-07-28 13:00:00,523.26
2012-07-28 14:00:00,517.715
2012-07-28 15:00:00,506.48833333333334
2012-07-28 16:00:00,485.2683333333333
2012-07-28 17:00:00,462.54333333333335
2012-07-28 18:00:00,467.43666666666667
2012-07-28 19:00:00,364.98333333333335
2012-07-28 20:00:00,251.84833333333333
2012-07-28 21:00:00,269.445
2012-07-28 22:00:00,228.63
2012-07-28 23:00:00,198.89333333333335
2012-07-29 00:00:00,150.21
2012-07-29 01:00:00,106.24166666666666
2012-07-29 02:00:00,84.57833333333333
2012-07-29 03:00:00,42.08833333333333
2012-07-29 04:00:00,10.231666666666667
2012-07-29 05:00:00,10.278333333333334
2012-07-29 06:00:00,21.446666666666665
2012-07-29 07:00:00,52.468333333333334
2012-07-29 08:00:00,129.295
2012-07-29 09:00:00,246.65833333333333
2012-07-29 10:00:00,399.03333333333336
2012-07-29 11:00:00,481.8433333333333
2012-07-29 12:00:00,520.7583333333333
2012-07-29 13:00:00,509.84833333333336
2012-07-29 14:00:00,523.6133333333333
2012-07-29 15:00:00,526.695
2012-07-29 16:00:00,501.3066666666667
2012-07-29 17:00:00,475.61
2012-07-29 18:00:00,472.82666666666665
2012-07-29 19:00:00,369.495
2012-07-29 20:00:00,278.4533333333333
2012-07-29 21:00:00,218.00333333333333
2012-07-29 22:00:00,148.7
2012-07-29 23:00:00,107.39166666666667
2012-07-30 00:00:00,51.70666666666666
2012-07-30 01:00:00,17.888333333333332
2012-07-30 02:00:00,13.28
2012-07-30 03:00:00,6.42
2012-07-30 04:00:00,8.873333333333333
2012-07-30 05:00:00,40.08833333333333
2012-07-30 06:00:00,151.55833333333334
2012-07-30 07:00:00,476.04333333333335
2012-07-30 08:00:00,655.2227083333335
2012-07-30 09:00:00,341.4766666666667
2012-07-30 10:00:00,188.94333333333333
2012-07-30 11:00:00,226.905
2012-07-30 12:00:00,267.49333333333334
2012-07-30 13:00:00,265.01166666666666
2012-07-30 14:00:00,249.145
2012-07-30 15:00:00,267.7033333333333
2012-07-30 16:00:00,400.4
2012-07-30 17:00:00,776.6433333333333
2012-07-30 18:00:00,742.3683333333333
2012-07-30 19:00:00,563.3816666666667
2012-07-30 20:00:00,423.42
2012-07-30 21:00:00,289.415
2012-07-30 22:00:00,185.66333333333333
2012-07-30 23:00:00,125.65666666666667
2012-07-31 00:00:00,46.03666666666667
2012-07-31 01:00:00,23.75
2012-07-31 02:00:00,8.661666666666667
2012-07-31 03:00:00,6.495
2012-07-31 04:00:00,7.295
2012-07-31 05:00:00,40.596666666666664
2012-07-31 06:00:00,167.015
2012-07-31 07:00:00,467.43666666666667
2012-07-31 08:00:00,641.7175
2012-07-31 09:00:00,331.72333333333336
2012-07-31 10:00:00,197.64
2012-07-31 11:00:00,221.955
2012-07-31 12:00:00,281.93666666666667
2012-07-31 13:00:00,259.28
2012-07-31 14:00:00,247.12833333333333
2012-07-31 15:00:00,265.4866666666667
2012-07-31 16:00:00,374.56333333333333
2012-07-31 17:00:00,833.98
2012-07-31 18:00:00,777.8
2012-07-31 19:00:00,504.17333333333335
2012-07-31 20:00:00,385.715
2012-07-31 21:00:00,268.20166666666665
2012-07-31 22:00:00,193.56
2012-07-31 23:00:00,146.275
2012-08-20 00:00:00,35.405
2012-08-20 01:00:00,19.205
2012-08-20 02:00:00,7.873333333333333
2012-08-20 03:00:00,6.821666666666666
2012-08-20 04:00:00,9.256666666666666
2012-08-20 05:00:00,39.11833333333333
2012-08-20 06:00:00,153.90833333333333
2012-08-20 07:00:00,474.93
2012-08-20 08:00:00,691.725
2012-08-20 09:00:00,349.73
2012-08-20 10:00:00,216.795
2012-08-20 11:00:00,236.38333333333333
2012-08-20 12:00:00,292.63666666666666
2012-08-20 13:00:00,288.94166666666666
2012-08-20 14:00:00,267.49333333333334
2012-08-20 15:00:00,286.5683333333333
2012-08-20 16:00:00,460.075
2012-08-20 17:00:00,847.805
2012-08-20 18:00:00,728.2816666666666
2012-08-20 19:00:00,430.57666666666665
2012-08-20 20:00:00,300.41833333333335
2012-08-20 21:00:00,208.65166666666667
2012-08-20 22:00:00,153.82
2012-08-20 23:00:00,95.46666666666667
2012-08-21 00:00:00,34.821666666666665
2012-08-21 01:00:00,19.39
2012-08-21 02:00:00,6.206666666666667
2012-08-21 03:00:00,6.558333333333334
2012-08-21 04:00:00,7.156666666666666
2012-08-21 05:00:00,39.806666666666665
2012-08-21 06:00:00,176.565
2012-08-21 07:00:00,494.47833333333335
2012-08-21 08:00:00,692.7291666666666
2012-08-21 09:00:00,353.40166666666664
2012-08-21 10:00:00,207.49833333333333
2012-08-21 11:00:00,237.915
2012-08-21 12:00:00,301.4716666666667
2012-08-21 13:00:00,298.58
2012-08-21 14:00:00,261.04333333333335
2012-08-21 15:00:00,298.11
2012-08-21 16:00:00,484.3666666666667
2012-08-21 17:00:00,843.1316666666667
2012-08-21 18:00:00,841.595
2012-08-21 19:00:00,326.8233333333333
2012-08-21 20:00:00,414.4766666666667
2012-08-21 21:00:00,291.7083333333333
2012-08-21 22:00:00,166.665
2012-08-21 23:00:00,105.21166666666667
2012-08-22 00:00:00,46.76833333333333
2012-08-22 01:00:00,19.33
2012-08-22 02:00:00,9.576666666666666
2012-08-22 03:00:00,6.806666666666667
2012-08-22 04:00:00,7.081666666666667
2012-08-22 05:00:00,39.123333333333335
2012-08-22 06:00:00,178.795
2012-08-22 07:00:00,493.63
2012-08-22 08:00:00,704.5742579365078
2012-08-22 09:00:00,353.16833333333335
2012-08-22 10:00:00,208.66166666666666
2012-08-22 11:00:00,239.58833333333334
2012-08-22 12:00:00,304.085
2012-08-22 13:00:00,290.28
2012-08-22 14:00:00,260.18333333333334
2012-08-22 15:00:00,285.0366666666667
2012-08-22 16:00:00,415.84833333333336
2012-08-22 17:00:00,840.14
2012-08-22 18:00:00,842.5566666666666
2012-08-22 19:00:00,531.3216666666667
2012-08-22 20:00:00,430.6383333333333
2012-08-22 21:00:00,331.5133333333333
2012-08-22 22:00:00,253.975
2012-08-22 23:00:00,135.625
2012-08-23 00:00:00,67.80166666666666
2012-08-23 01:00:00,25.421666666666667
2012-08-23 02:00:00,10.888333333333334
2012-08-23 03:00:00,7.306666666666667
2012-08-23 04:00:00,7.421666666666667
2012-08-23 05:00:00,41.53
2012-08-23 06:00:00,167.50666666666666
2012-08-23 07:00:00,458.68833333333333
2012-08-23 08:00:00,696.4801746031746
2012-08-23 09:00:00,354.3016666666667
2012-08-23 10:00:00,208.17
2012-08-23 11:00:00,240.95333333333335
2012-08-23 12:00:00,308.3233333333333
2012-08-23 13:00:00,287.6
2012-08-23 14:00:00,254.4
2012-08-23 15:00:00,278.87666666666667
2012-08-23 16:00:00,438.1
2012-08-23 17:00:00,843.7516666666667
2012-08-23 18:00:00,838.94
2012-08-23 19:00:00,620.0316666666666
2012-08-23 20:00:00,446.28833333333336
2012-08-23 21:00:00,328.625
2012-08-23 22:00:00,249.43166666666667
2012-08-23 23:00:00,169.345
2012-08-24 00:00:00,84.425
2012-08-24 01:00:00,45.78
2012-08-24 02:00:00,18.153333333333332
2012-08-24 03:00:00,8.97
2012-08-24 04:00:00,8.153333333333334
2012-08-24 05:00:00,40.16
2012-08-24 06:00:00,153.36833333333334
2012-08-24 07:00:00,425.3383333333333
2012-08-24 08:00:00,681.3815833333333
2012-08-24 09:00:00,381.2033333333333
2012-08-24 10:00:00,259.4583333333333
2012-08-24 11:00:00,278.3016666666667
2012-08-24 12:00:00,370.06
2012-08-24 13:00:00,370.095
2012-08-24 14:00:00,364.92
2012-08-24 15:00:00,364.27666666666664
2012-08-24 16:00:00,484.88666666666666
2012-08-24 17:00:00,790.26
2012-08-24 18:00:00,714.4833333333333
2012-08-24 19:00:00,522.3283333333334
2012-08-24 20:00:00,391.24
2012-08-24 21:00:00,300.855
2012-08-24 22:00:00,247.59833333333333
2012-08-24 23:00:00,199.255
2012-08-25 00:00:00,158.375
2012-08-25 01:00:00,116.5
2012-08-25 02:00:00,92.82333333333334
2012-08-25 03:00:00,33.196666666666665
2012-08-25 04:00:00,11.435
2012-08-25 05:00:00,11.586666666666666
2012-08-25 06:00:00,31.796666666666667
2012-08-25 07:00:00,63.385
2012-08-25 08:00:00,172.82166666666666
2012-08-25 09:00:00,279.0233333333333
2012-08-25 10:00:00,447.00666666666666
2012-08-25 11:00:00,496.84
2012-08-25 12:00:00,538.6966666666667
2012-08-25 13:00:00,567.02
2012-08-25 14:00:00,435.6933333333333
2012-08-25 15:00:00,389.99833333333333
2012-08-25 16:00:00,428.7133333333333
2012-08-25 17:00:00,428.995
2012-08-25 18:00:00,430.83166666666665
2012-08-25 19:00:00,361.84
2012-08-25 20:00:00,181.795
2012-08-25 21:00:00,212.64833333333334
2012-08-25 22:00:00,199.53
2012-08-25 23:00:00,184.86166666666668
2012-08-26 00:00:00,149.365
2012-08-26 01:00:00,104.89833333333333
2012-08-26 02:00:00,90.10166666666667
2012-08-26 03:00:00,36.85666666666667
2012-08-26 04:00:00,11.918333333333333
2012-08-26 05:00:00,10.383333333333333
2012-08-26 06:00:00,19.733333333333334
2012-08-26 07:00:00,62.916666666666664
2012-08-26 08:00:00,127.60666666666667
2012-08-26 09:00:00,260.63666666666666
2012-08-26 10:00:00,407.0833333333333
2012-08-26 11:00:00,476.12666666666667
2012-08-26 12:00:00,441.52166666666665
2012-08-26 13:00:00,348.705
2012-08-26 14:00:00,362.375
2012-08-26 15:00:00,248.025
2012-08-26 16:00:00,222.13
2012-08-26 17:00:00,330.75166666666667
2012-08-26 18:00:00,321.4483333333333
2012-08-26 19:00:00,287.035
2012-08-26 20:00:00,212.39
2012-08-26 21:00:00,169.855
2012-08-26 22:00:00,128.19666666666666
2012-08-26 23:00:00,106.46166666666667
2012-08-27 00:00:00,45.098333333333336
2012-08-27 01:00:00,17.795
2012-08-27 02:00:00,7.758333333333334
2012-08-27 03:00:00,6.9783333333333335
2012-08-27 04:00:00,8.603333333333333
2012-08-27 05:00:00,38.255
2012-08-27 06:00:00,154.86333333333334
2012-08-27 07:00:00,292.64
2012-08-27 08:00:00,566.155
2012-08-27 09:00:00,322.4583333333333
2012-08-27 10:00:00,199.12666666666667
2012-08-27 11:00:00,234.33333333333334
2012-08-27 12:00:00,289.29333333333335
2012-08-27 13:00:00,274.25333333333333
2012-08-27 14:00:00,267.35833333333335
2012-08-27 15:00:00,272.85333333333335
2012-08-27 16:00:00,453.85333333333335
2012-08-27 17:00:00,841.4416666666667
2012-08-27 18:00:00,827.1833333333333
2012-08-27 19:00:00,583.2916666666666
2012-08-27 20:00:00,433.01666666666665
2012-08-27 21:00:00,286.9433333333333
2012-08-27 22:00:00,174.61
2012-08-27 23:00:00,124.01
2012-08-28 00:00:00,45.445
2012-08-28 01:00:00,19.583333333333332
2012-08-28 02:00:00,9.39
2012-08-28 03:00:00,6.676666666666667
2012-08-28 04:00:00,7.256666666666667
2012-08-28 05:00:00,40.778333333333336
2012-08-28 06:00:00,169.10333333333332
2012-08-28 07:00:00,328.05833333333334
2012-08-28 08:00:00,636.3636111111111
2012-08-28 09:00:00,339.42833333333334
2012-08-28 10:00:00,210.97333333333333
2012-08-28 11:00:00,233.39833333333334
2012-08-28 12:00:00,279.5566666666667
2012-08-28 13:00:00,271.825
2012-08-28 14:00:00,251.205
2012-08-28 15:00:00,270.09833333333336
2012-08-28 16:00:00,446.8983333333333
2012-08-28 17:00:00,843.9133333333333
2012-08-28 18:00:00,839.205
2012-08-28 19:00:00,596.4633333333334
2012-08-28 20:00:00,433.7266666666667
2012-08-28 21:00:00,307.335
2012-08-28 22:00:00,215.78
2012-08-28 23:00:00,145.43
2012-08-29 00:00:00,50.38166666666667
2012-08-29 01:00:00,19.31833333333333
2012-08-29 02:00:00,8.578333333333333
2012-08-29 03:00:00,7.8
2012-08-29 04:00:00,5.68
2012-08-29 05:00:00,39.13
2012-08-29 06:00:00,176.56333333333333
2012-08-29 07:00:00,469.09
2012-08-29 08:00:00,693.1861111111111
2012-08-29 09:00:00,341.3183333333333
2012-08-29 10:00:00,207.20833333333334
2012-08-29 11:00:00,247.11333333333334
2012-08-29 12:00:00,305.0566666666667
2012-08-29 13:00:00,306.49833333333333
2012-08-29 14:00:00,261.12666666666667
2012-08-29 15:00:00,278.465
2012-08-29 16:00:00,479.865
2012-08-29 17:00:00,871.1333333333333
2012-08-29 18:00:00,849.2866666666666
2012-08-29 19:00:00,620.7183333333334
2012-08-29 20:00:00,448.38666666666666
2012-08-29 21:00:00,336.23333333333335
2012-08-29 22:00:00,258.86
2012-08-29 23:00:00,151.655
2012-08-30 00:00:00,66.21333333333334
2012-08-30 01:00:00,22.80666666666667
2012-08-30 02:00:00,9.791666666666666
2012-08-30 03:00:00,7.323333333333333
2012-08-30 04:00:00,6.476666666666667
2012-08-30 05:00:00,40.89
2012-08-30 06:00:00,172.035
2012-08-30 07:00:00,476.37166666666667
2012-08-30 08:00:00,693.3415555555556
2012-08-30 09:00:00,348.835
2012-08-30 10:00:00,199.19333333333333
2012-08-30 11:00:00,245.58333333333334
2012-08-30 12:00:00,296.0516666666667
2012-08-30 13:00:00,290.73
2012-08-30 14:00:00,259.105
2012-08-30 15:00:00,279.91
2012-08-30 16:00:00,440.5366666666667
2012-08-30 17:00:00,872.1416666666667
2012-08-30 18:00:00,834.6727777777778
2012-08-30 19:00:00,635.14
2012-08-30 20:00:00,468.15
2012-08-30 21:00:00,328.945
2012-08-30 22:00:00,247.11333333333334
2012-08-30 23:00:00,163.09833333333333
2012-08-31 00:00:00,83.515
2012-08-31 01:00:00,40.06666666666667
2012-08-31 02:00:00,11.183333333333334
2012-08-31 03:00:00,7.82
2012-08-31 04:00:00,8.228333333333333
2012-08-31 05:00:00,39.23
2012-08-31 06:00:00,152.15833333333333
2012-08-31 07:00:00,411.3283333333333
2012-08-31 08:00:00,674.57575
2012-08-31 09:00:00,367.9166666666667
2012-08-31 10:00:00,240.88833333333332
2012-08-31 11:00:00,254.885
2012-08-31 12:00:00,333.505
2012-08-31 13:00:00,329.885
2012-08-31 14:00:00,301.53
2012-08-31 15:00:00,305.69166666666666
2012-08-31 16:00:00,468.6116666666667
2012-08-31 17:00:00,788.5383333333333
2012-08-31 18:00:00,762.6183333333333
2012-08-31 19:00:00,513.9933333333333
2012-08-31 20:00:00,391.1016666666667
2012-08-31 21:00:00,302.58
2012-08-31 22:00:00,263.88666666666666
2012-08-31 23:00:00,204.685
2012-09-20 00:00:00,54.37166666666667
2012-09-20 01:00:00,28.148333333333333
2012-09-20 02:00:00,11.246666666666666
2012-09-20 03:00:00,7.881666666666667
2012-09-20 04:00:00,7.341666666666667
2012-09-20 05:00:00,44.028333333333336
2012-09-20 06:00:00,186.07166666666666
2012-09-20 07:00:00,508.37666666666667
2012-09-20 08:00:00,773.9148611111111
2012-09-20 09:00:00,335.16880555555554
2012-09-20 10:00:00,200.26
2012-09-20 11:00:00,240.57666666666665
2012-09-20 12:00:00,314.16333333333336
2012-09-20 13:00:00,306.69666666666666
2012-09-20 14:00:00,292.85833333333335
2012-09-20 15:00:00,332.435
2012-09-20 16:00:00,472.18333333333334
2012-09-20 17:00:00,881.9516666666667
2012-09-20 18:00:00,860.2483333333333
2012-09-20 19:00:00,557.5683333333334
2012-09-20 20:00:00,415.86833333333334
2012-09-20 21:00:00,294.7133333333333
2012-09-20 22:00:00,231.765
2012-09-20 23:00:00,155.22166666666666
2012-09-21 00:00:00,79.37
2012-09-21 01:00:00,39.74666666666667
2012-09-21 02:00:00,20.97
2012-09-21 03:00:00,10.22
2012-09-21 04:00:00,10.785
2012-09-21 05:00:00,45.605
2012-09-21 06:00:00,159.29333333333332
2012-09-21 07:00:00,464.29833333333335
2012-09-21 08:00:00,751.95
2012-09-21 09:00:00,342.4081388888889
2012-09-21 10:00:00,240.655
2012-09-21 11:00:00,283.83
2012-09-21 12:00:00,362.32166666666666
2012-09-21 13:00:00,400.5133333333333
2012-09-21 14:00:00,386.625
2012-09-21 15:00:00,389.17833333333334
2012-09-21 16:00:00,530.575
2012-09-21 17:00:00,819.995
2012-09-21 18:00:00,802.2616666666667
2012-09-21 19:00:00,559.9583333333334
2012-09-21 20:00:00,395.31
2012-09-21 21:00:00,269.22833333333335
2012-09-21 22:00:00,246.125
2012-09-21 23:00:00,192.60166666666666
2012-09-22 00:00:00,155.50666666666666
2012-09-22 01:00:00,120.49333333333334
2012-09-22 02:00:00,77.75833333333334
2012-09-22 03:00:00,35.90833333333333
2012-09-22 04:00:00,13.151666666666667
2012-09-22 05:00:00,15.841666666666667
2012-09-22 06:00:00,36.458333333333336
2012-09-22 07:00:00,75.06
2012-09-22 08:00:00,196.57833333333335
2012-09-22 09:00:00,309.00666666666666
2012-09-22 10:00:00,456.05833333333334
2012-09-22 11:00:00,555.4166666666666
2012-09-22 12:00:00,594.795
2012-09-22 13:00:00,585.1183333333333
2012-09-22 14:00:00,564.585
2012-09-22 15:00:00,571.5033333333333
2012-09-22 16:00:00,566.5333333333333
2012-09-22 17:00:00,562.4966666666667
2012-09-22 18:00:00,507.8566666666667
2012-09-22 19:00:00,423.0083333333333
2012-09-22 20:00:00,297.435
2012-09-22 21:00:00,281.79
2012-09-22 22:00:00,250.34
2012-09-22 23:00:00,214.79
2012-09-23 00:00:00,176.65666666666667
2012-09-23 01:00:00,117.72291666666666
2012-09-23 02:00:00,82.53
2012-09-23 03:00:00,37.41
2012-09-23 04:00:00,11.485
2012-09-23 05:00:00,11.843333333333334
2012-09-23 06:00:00,22.438333333333333
2012-09-23 07:00:00,78.90888888888888
2012-09-23 08:00:00,124.14333333333333
2012-09-23 09:00:00,253.60333333333332
2012-09-23 10:00:00,415.8983333333333
2012-09-23 11:00:00,514.1283333333333
2012-09-23 12:00:00,637.6166666666667
2012-09-23 13:00:00,649.3
2012-09-23 14:00:00,638.0866666666667
2012-09-23 15:00:00,640.5683333333334
2012-09-23 16:00:00,623.8183333333334
2012-09-23 17:00:00,582.8433333333334
2012-09-23 18:00:00,490.6816666666667
2012-09-23 19:00:00,380.62333333333333
2012-09-23 20:00:00,248.18833333333333
2012-09-23 21:00:00,173.66833333333332
2012-09-23 22:00:00,129.67166666666665
2012-09-23 23:00:00,76.03666666666666
2012-09-24 00:00:00,48.13666666666666
2012-09-24 01:00:00,24.866666666666667
2012-09-24 02:00:00,11.916666666666666
2012-09-24 03:00:00,5.475
2012-09-24 04:00:00,9.061666666666667
2012-09-24 05:00:00,41.955
2012-09-24 06:00:00,157.36666666666667
2012-09-24 07:00:00,475.68666666666667
2012-09-24 08:00:00,792.8716666666667
2012-09-24 09:00:00,341.8738888888889
2012-09-24 10:00:00,201.0
2012-09-24 11:00:00,262.7633333333333
2012-09-24 12:00:00,326.57
2012-09-24 13:00:00,316.61333333333334
2012-09-24 14:00:00,295.4766666666667
2012-09-24 15:00:00,306.03333333333336
2012-09-24 16:00:00,466.32
2012-09-24 17:00:00,875.6716666666666
2012-09-24 18:00:00,840.7516666666667
2012-09-24 19:00:00,512.8083333333333
2012-09-24 20:00:00,354.175
2012-09-24 21:00:00,253.09666666666666
2012-09-24 22:00:00,145.47
2012-09-24 23:00:00,88.26166666666667
2012-09-25 00:00:00,46.13
2012-09-25 01:00:00,20.76
2012-09-25 02:00:00,7.703333333333333
2012-09-25 03:00:00,4.866666666666666
2012-09-25 04:00:00,7.258333333333334
2012-09-25 05:00:00,41.50333333333333
2012-09-25 06:00:00,168.45666666666668
2012-09-25 07:00:00,487.8183333333333
2012-09-25 08:00:00,785.575
2012-09-25 09:00:00,354.0306944444444
2012-09-25 10:00:00,206.35833333333332
2012-09-25 11:00:00,237.72
2012-09-25 12:00:00,320.2916666666667
2012-09-25 13:00:00,314.345
2012-09-25 14:00:00,307.11833333333334
2012-09-25 15:00:00,335.44
2012-09-25 16:00:00,498.17333333333335
2012-09-25 17:00:00,909.2466666666667
2012-09-25 18:00:00,909.4616666666667
2012-09-25 19:00:00,578.31
2012-09-25 20:00:00,417.2966666666667
2012-09-25 21:00:00,265.445
2012-09-25 22:00:00,215.28833333333333
2012-09-25 23:00:00,118.525
2012-09-26 00:00:00,40.795
2012-09-26 01:00:00,20.385
2012-09-26 02:00:00,8.683333333333334
2012-09-26 03:00:00,5.648333333333333
2012-09-26 04:00:00,6.991666666666666
2012-09-26 05:00:00,41.443333333333335
2012-09-26 06:00:00,172.56333333333333
2012-09-26 07:00:00,524.395
2012-09-26 08:00:00,778.3866666666667
2012-09-26 09:00:00,348.93
2012-09-26 10:00:00,192.09166666666667
2012-09-26 11:00:00,232.295
2012-09-26 12:00:00,329.62
2012-09-26 13:00:00,305.90166666666664
2012-09-26 14:00:00,284.955
2012-09-26 15:00:00,311.635
2012-09-26 16:00:00,475.12833333333333
2012-09-26 17:00:00,863.4966666666667
2012-09-26 18:00:00,855.1933333333334
2012-09-26 19:00:00,588.7966666666666
2012-09-26 20:00:00,445.04
2012-09-26 21:00:00,321.40166666666664
2012-09-26 22:00:00,236.5
2012-09-26 23:00:00,118.65666666666667
2012-09-27 00:00:00,65.25833333333334
2012-09-27 01:00:00,21.51
2012-09-27 02:00:00,12.215
2012-09-27 03:00:00,7.8533333333333335
2012-09-27 04:00:00,7.558333333333334
2012-09-27 05:00:00,40.975
2012-09-27 06:00:00,166.73833333333334
2012-09-27 07:00:00,497.0966666666667
2012-09-27 08:00:00,740.1655555555557
2012-09-27 09:00:00,352.3566666666667
2012-09-27 10:00:00,207.25333333333333
2012-09-27 11:00:00,241.965
2012-09-27 12:00:00,301.085
2012-09-27 13:00:00,290.43
2012-09-27 14:00:00,270.5233333333333
2012-09-27 15:00:00,307.65833333333336
2012-09-27 16:00:00,475.2633333333333
2012-09-27 17:00:00,832.8266666666667
2012-09-27 18:00:00,827.3716666666667
2012-09-27 19:00:00,582.0983333333334
2012-09-27 20:00:00,407.1383333333333
2012-09-27 21:00:00,201.71166666666667
2012-09-27 22:00:00,151.28333333333333
2012-09-27 23:00:00,116.26833333333333
2012-09-28 00:00:00,74.55166666666666
2012-09-28 01:00:00,26.878333333333334
2012-09-28 02:00:00,10.285
2012-09-28 03:00:00,6.495
2012-09-28 04:00:00,7.386666666666667
2012-09-28 05:00:00,38.75833333333333
2012-09-28 06:00:00,144.07
2012-09-28 07:00:00,410.96166666666664
2012-09-28 08:00:00,641.725
2012-09-28 09:00:00,347.12902777777776
2012-09-28 10:00:00,210.33
2012-09-28 11:00:00,270.99666666666667
2012-09-28 12:00:00,408.28
2012-09-28 13:00:00,409.15166666666664
2012-09-28 14:00:00,398.42333333333335
2012-09-28 15:00:00,397.69166666666666
2012-09-28 16:00:00,540.935
2012-09-28 17:00:00,826.9116666666666
2012-09-28 18:00:00,818.5533333333333
2012-09-28 19:00:00,495.15
2012-09-28 20:00:00,370.6816666666667
2012-09-28 21:00:00,241.54
2012-09-28 22:00:00,223.36333333333334
2012-09-28 23:00:00,172.32333333333332
2012-09-29 00:00:00,158.08
2012-09-29 01:00:00,116.4286111111111
2012-09-29 02:00:00,73.735
2012-09-29 03:00:00,41.445
2012-09-29 04:00:00,18.558333333333334
2012-09-29 05:00:00,16.631666666666668
2012-09-29 06:00:00,35.395
2012-09-29 07:00:00,82.64666666666666
2012-09-29 08:00:00,192.09166666666667
2012-09-29 09:00:00,314.46666666666664
2012-09-29 10:00:00,431.27166666666665
2012-09-29 11:00:00,531.7916666666666
2012-09-29 12:00:00,642.5566666666666
2012-09-29 13:00:00,650.615
2012-09-29 14:00:00,639.165
2012-09-29 15:00:00,626.6083333333333
2012-09-29 16:00:00,614.8983333333333
2012-09-29 17:00:00,611.8183333333334
2012-09-29 18:00:00,482.1816666666667
2012-09-29 19:00:00,371.9816666666667
2012-09-29 20:00:00,254.52166666666668
2012-09-29 21:00:00,238.78333333333333
2012-09-29 22:00:00,219.47166666666666
2012-09-29 23:00:00,193.03333333333333
2012-09-30 00:00:00,163.87166666666667
2012-09-30 01:00:00,111.31075000000001
2012-09-30 02:00:00,68.82666666666667
2012-09-30 03:00:00,33.43
2012-09-30 04:00:00,11.025
2012-09-30 05:00:00,11.015
2012-09-30 06:00:00,26.44
2012-09-30 07:00:00,87.93166666666667
2012-09-30 08:00:00,126.97833333333334
2012-09-30 09:00:00,262.79333333333335
2012-09-30 10:00:00,429.07666666666665
2012-09-30 11:00:00,542.915
2012-09-30 12:00:00,626.7116666666667
2012-09-30 13:00:00,639.3666666666667
2012-09-30 14:00:00,618.0266666666666
2012-09-30 15:00:00,647.1383333333333
2012-09-30 16:00:00,643.1466666666666
2012-09-30 17:00:00,596.8516666666667
2012-09-30 18:00:00,457.015
2012-09-30 19:00:00,269.7366666666667
2012-09-30 20:00:00,228.63166666666666
2012-09-30 21:00:00,172.335
2012-09-30 22:00:00,118.01333333333334
2012-09-30 23:00:00,76.32833333333333
2012-10-20 00:00:00,140.89833333333334
2012-10-20 01:00:00,106.70219444444443
2012-10-20 02:00:00,63.73166666666667
2012-10-20 03:00:00,28.268333333333334
2012-10-20 04:00:00,10.5
2012-10-20 05:00:00,10.575
2012-10-20 06:00:00,29.305
2012-10-20 07:00:00,112.07833333333333
2012-10-20 08:00:00,189.435
2012-10-20 09:00:00,323.685
2012-10-20 10:00:00,426.82666666666665
2012-10-20 11:00:00,545.0783333333334
2012-10-20 12:00:00,631.7466666666667
2012-10-20 13:00:00,642.3883333333333
2012-10-20 14:00:00,636.0733333333334
2012-10-20 15:00:00,622.28
2012-10-20 16:00:00,593.5866666666667
2012-10-20 17:00:00,580.6833333333333
2012-10-20 18:00:00,499.2266666666667
2012-10-20 19:00:00,367.3433333333333
2012-10-20 20:00:00,240.595
2012-10-20 21:00:00,219.71833333333333
2012-10-20 22:00:00,182.30666666666667
2012-10-20 23:00:00,170.00333333333333
2012-10-21 00:00:00,133.72333333333333
2012-10-21 01:00:00,114.70583333333333
2012-10-21 02:00:00,70.37333333333333
2012-10-21 03:00:00,36.93333333333333
2012-10-21 04:00:00,11.063333333333333
2012-10-21 05:00:00,10.511666666666667
2012-10-21 06:00:00,24.366666666666667
2012-10-21 07:00:00,90.595
2012-10-21 08:00:00,143.34333333333333
2012-10-21 09:00:00,246.85388888888886
2012-10-21 10:00:00,411.375
2012-10-21 11:00:00,508.4166666666667
2012-10-21 12:00:00,595.9266666666666
2012-10-21 13:00:00,634.9133333333333
2012-10-21 14:00:00,641.2866666666666
2012-10-21 15:00:00,629.3366666666667
2012-10-21 16:00:00,621.025
2012-10-21 17:00:00,561.475
2012-10-21 18:00:00,477.39166666666665
2012-10-21 19:00:00,362.0466666666667
2012-10-21 20:00:00,244.42833333333334
2012-10-21 21:00:00,147.55666666666667
2012-10-21 22:00:00,120.82166666666667
2012-10-21 23:00:00,93.14666666666666
2012-10-22 00:00:00,43.635
2012-10-22 01:00:00,16.958333333333332
2012-10-22 02:00:00,8.816666666666666
2012-10-22 03:00:00,6.306666666666667
2012-10-22 04:00:00,8.346666666666666
2012-10-22 05:00:00,34.763333333333335
2012-10-22 06:00:00,152.94333333333333
2012-10-22 07:00:00,391.3491666666667
2012-10-22 08:00:00,772.17
2012-10-22 09:00:00,334.03444444444443
2012-10-22 10:00:00,194.81833333333333
2012-10-22 11:00:00,264.45166666666665
2012-10-22 12:00:00,320.71
2012-10-22 13:00:00,319.645
2012-10-22 14:00:00,311.63
2012-10-22 15:00:00,330.69
2012-10-22 16:00:00,495.565
2012-10-22 17:00:00,904.3983333333333
2012-10-22 18:00:00,748.7783333333333
2012-10-22 19:00:00,507.40833333333336
2012-10-22 20:00:00,355.9216666666667
2012-10-22 21:00:00,227.12833333333333
2012-10-22 22:00:00,143.14166666666668
2012-10-22 23:00:00,96.35
2012-10-23 00:00:00,42.531666666666666
2012-10-23 01:00:00,17.653333333333332
2012-10-23 02:00:00,6.403333333333333
2012-10-23 03:00:00,5.59
2012-10-23 04:00:00,7.7283333333333335
2012-10-23 05:00:00,40.34166666666667
2012-10-23 06:00:00,167.06833333333333
2012-10-23 07:00:00,482.35
2012-10-23 08:00:00,784.6083333333333
2012-10-23 09:00:00,361.2
2012-10-23 10:00:00,194.13
2012-10-23 11:00:00,232.69166666666666
2012-10-23 12:00:00,313.71166666666664
2012-10-23 13:00:00,302.02666666666664
2012-10-23 14:00:00,285.19666666666666
2012-10-23 15:00:00,321.685
2012-10-23 16:00:00,494.49833333333333
2012-10-23 17:00:00,904.7766666666666
2012-10-23 18:00:00,868.2866666666666
2012-10-23 19:00:00,560.9333333333333
2012-10-23 20:00:00,414.1933333333333
2012-10-23 21:00:00,254.205
2012-10-23 22:00:00,203.26166666666666
2012-10-23 23:00:00,99.345
2012-10-24 00:00:00,46.22833333333333
2012-10-24 01:00:00,19.053333333333335
2012-10-24 02:00:00,8.786666666666667
2012-10-24 03:00:00,6.681666666666667
2012-10-24 04:00:00,6.676666666666667
2012-10-24 05:00:00,41.885
2012-10-24 06:00:00,177.27166666666668
2012-10-24 07:00:00,477.345
2012-10-24 08:00:00,631.515
2012-10-24 09:00:00,364.745
2012-10-24 10:00:00,196.97833333333332
2012-10-24 11:00:00,253.57166666666666
2012-10-24 12:00:00,322.5416666666667
2012-10-24 13:00:00,307.57666666666665
2012-10-24 14:00:00,295.535
2012-10-24 15:00:00,318.97833333333335
2012-10-24 16:00:00,505.6483333333333
2012-10-24 17:00:00,904.3133333333334
2012-10-24 18:00:00,913.6066666666667
2012-10-24 19:00:00,566.0533333333333
2012-10-24 20:00:00,423.5783333333333
2012-10-24 21:00:00,287.39166666666665
2012-10-24 22:00:00,233.905
2012-10-24 23:00:00,129.03166666666667
2012-10-25 00:00:00,56.778333333333336
2012-10-25 01:00:00,23.19333333333333
2012-10-25 02:00:00,9.95
2012-10-25 03:00:00,6.756666666666667
2012-10-25 04:00:00,7.506666666666667
2012-10-25 05:00:00,42.41
2012-10-25 06:00:00,160.94666666666666
2012-10-25 07:00:00,452.83166666666665
2012-10-25 08:00:00,632.5333333333333
2012-10-25 09:00:00,367.24
2012-10-25 10:00:00,184.69
2012-10-25 11:00:00,179.555
2012-10-25 12:00:00,243.18666666666667
2012-10-25 13:00:00,236.27166666666668
2012-10-25 14:00:00,258.75
2012-10-25 15:00:00,324.715
2012-10-25 16:00:00,438.23
2012-10-25 17:00:00,801.6416666666667
2012-10-25 18:00:00,399.145
2012-10-25 19:00:00,344.235
2012-10-25 20:00:00,297.4066666666667
2012-10-25 21:00:00,243.36666666666667
2012-10-25 22:00:00,218.055
2012-10-25 23:00:00,141.895
2012-10-26 00:00:00,72.69166666666666
2012-10-26 01:00:00,32.678333333333335
2012-10-26 02:00:00,10.141666666666667
2012-10-26 03:00:00,7.428333333333334
2012-10-26 04:00:00,7.6866666666666665
2012-10-26 05:00:00,40.25
2012-10-26 06:00:00,142.49166666666667
2012-10-26 07:00:00,417.3233333333333
2012-10-26 08:00:00,576.465
2012-10-26 09:00:00,365.03402777777774
2012-10-26 10:00:00,211.615
2012-10-26 11:00:00,245.94
2012-10-26 12:00:00,326.7683333333333
2012-10-26 13:00:00,342.09833333333336
2012-10-26 14:00:00,359.50666666666666
2012-10-26 15:00:00,379.3233333333333
2012-10-26 16:00:00,467.535
2012-10-26 17:00:00,775.6483333333333
2012-10-26 18:00:00,723.5005555555555
2012-10-26 19:00:00,326.52166666666665
2012-10-26 20:00:00,281.7816666666667
2012-10-26 21:00:00,244.39833333333334
2012-10-26 22:00:00,213.16333333333333
2012-10-26 23:00:00,169.06666666666666
2012-10-27 00:00:00,157.48833333333334
2012-10-27 01:00:00,111.69069444444445
2012-10-27 02:00:00,65.155
2012-10-27 03:00:00,42.49333333333333
2012-10-27 04:00:00,14.018333333333333
2012-10-27 05:00:00,17.675
2012-10-27 06:00:00,30.83
2012-10-27 07:00:00,86.09333333333333
2012-10-27 08:00:00,191.34833333333333
2012-10-27 09:00:00,317.3466666666667
2012-10-27 10:00:00,432.7866666666667
2012-10-27 11:00:00,520.7816666666666
2012-10-27 12:00:00,617.3216666666667
2012-10-27 13:00:00,643.08
2012-10-27 14:00:00,610.7833333333333
2012-10-27 15:00:00,538.4266666666666
2012-10-27 16:00:00,521.7333333333333
2012-10-27 17:00:00,531.8533333333334
2012-10-27 18:00:00,475.865
2012-10-27 19:00:00,373.17833333333334
2012-10-27 20:00:00,255.63
2012-10-27 21:00:00,223.84666666666666
2012-10-27 22:00:00,217.29333333333332
2012-10-27 23:00:00,164.24833333333333
2012-10-28 00:00:00,137.73333333333332
2012-10-28 01:00:00,116.27466666666668
2012-10-28 02:00:00,81.54666666666667
2012-10-28 03:00:00,39.37833333333333
2012-10-28 04:00:00,15.611666666666666
2012-10-28 05:00:00,19.721666666666668
2012-10-28 06:00:00,25.088333333333335
2012-10-28 07:00:00,59.651666666666664
2012-10-28 08:00:00,124.23
2012-10-28 09:00:00,244.32166666666666
2012-10-28 10:00:00,378.875
2012-10-28 11:00:00,484.31666666666666
2012-10-28 12:00:00,532.6066666666667
2012-10-28 13:00:00,531.285
2012-10-28 14:00:00,529.995
2012-10-28 15:00:00,531.335
2012-10-28 16:00:00,377.145
2012-10-28 17:00:00,278.21666666666664
2012-10-28 18:00:00,205.76
2012-10-28 19:00:00,201.855
2012-10-28 20:00:00,200.14666666666668
2012-10-28 21:00:00,125.35333333333334
2012-10-28 22:00:00,103.44833333333334
2012-10-28 23:00:00,82.57666666666667
2012-10-29 00:00:00,35.78333333333333
2012-10-30 13:00:00,179.4
2012-10-30 14:00:00,178.86166666666668
2012-10-30 15:00:00,206.64
2012-10-30 16:00:00,249.68
2012-10-30 17:00:00,356.65833333333336
2012-10-30 18:00:00,424.4433333333333
2012-10-30 19:00:00,508.03833333333336
2012-10-30 20:00:00,242.76333333333332
2012-10-30 21:00:00,182.095
2012-10-30 22:00:00,137.19666666666666
2012-10-30 23:00:00,112.27
2012-10-31 00:00:00,34.02333333333333
2012-10-31 01:00:00,16.188333333333333
2012-10-31 02:00:00,6.523333333333333
2012-10-31 03:00:00,5.425
2012-10-31 04:00:00,6.966666666666667
2012-10-31 05:00:00,32.79
2012-10-31 06:00:00,151.99
2012-10-31 07:00:00,306.55833333333334
2012-10-31 08:00:00,689.6
2012-10-31 09:00:00,321.863126984127
2012-10-31 10:00:00,174.32666666666665
2012-10-31 11:00:00,180.12166666666667
2012-10-31 12:00:00,241.26166666666666
2012-10-31 13:00:00,236.29833333333335
2012-10-31 14:00:00,215.475
2012-10-31 15:00:00,250.56333333333333
2012-10-31 16:00:00,411.19
2012-10-31 17:00:00,617.9166666666666
2012-10-31 18:00:00,622.8766666666667
2012-10-31 19:00:00,443.62666666666667
2012-10-31 20:00:00,325.9816666666667
2012-10-31 21:00:00,211.75833333333333
2012-10-31 22:00:00,161.11166666666668
2012-10-31 23:00:00,113.52166666666666
2012-11-20 00:00:00,34.083333333333336
2012-11-20 01:00:00,15.44
2012-11-20 02:00:00,6.111666666666666
2012-11-20 03:00:00,4.945
2012-11-20 04:00:00,8.376666666666667
2012-11-20 05:00:00,38.795
2012-11-20 06:00:00,137.10333333333332
2012-11-20 07:00:00,351.34872222222225
2012-11-20 08:00:00,658.7216666666667
2012-11-20 09:00:00,342.39544444444437
2012-11-20 10:00:00,188.355
2012-11-20 11:00:00,201.215
2012-11-20 12:00:00,232.15
2012-11-20 13:00:00,241.91
2012-11-20 14:00:00,226.35833333333332
2012-11-20 15:00:00,253.425
2012-11-20 16:00:00,377.445
2012-11-20 17:00:00,581.315
2012-11-20 18:00:00,541.4183333333333
2012-11-20 19:00:00,383.155
2012-11-20 20:00:00,287.6
2012-11-20 21:00:00,210.63666666666666
2012-11-20 22:00:00,165.26666666666668
2012-11-20 23:00:00,115.32
2012-11-21 00:00:00,35.446666666666665
2012-11-21 01:00:00,16.691666666666666
2012-11-21 02:00:00,6.165
2012-11-21 03:00:00,5.738333333333333
2012-11-21 04:00:00,6.145
2012-11-21 05:00:00,31.363333333333333
2012-11-21 06:00:00,134.57833333333335
2012-11-21 07:00:00,304.84097222222226
2012-11-21 08:00:00,656.0833333333334
2012-11-21 09:00:00,316.7032936507936
2012-11-21 10:00:00,195.55396825396826
2012-11-21 11:00:00,204.51
2012-11-21 12:00:00,233.38
2012-11-21 13:00:00,237.48333333333332
2012-11-21 14:00:00,254.45833333333334
2012-11-21 15:00:00,276.43333333333334
2012-11-21 16:00:00,423.0466666666667
2012-11-21 17:00:00,614.52
2012-11-21 18:00:00,539.4133333333333
2012-11-21 19:00:00,389.43666666666667
2012-11-21 20:00:00,273.00333333333333
2012-11-21 21:00:00,214.76666666666668
2012-11-21 22:00:00,156.83666666666667
2012-11-21 23:00:00,140.83833333333334
2012-11-22 00:00:00,80.93
2012-11-22 01:00:00,56.340833333333336
2012-11-22 02:00:00,22.821666666666665
2012-11-22 03:00:00,9.61375
2012-11-22 04:00:00,8.548333333333334
2012-11-22 05:00:00,19.09
2012-11-22 06:00:00,37.471666666666664
2012-11-22 07:00:00,253.84833333333333
2012-11-22 08:00:00,279.00333333333333
2012-11-22 09:00:00,293.90944444444443
2012-11-22 10:00:00,268.5711111111111
2012-11-22 11:00:00,409.7733333333333
2012-11-22 12:00:00,531.6183333333333
2012-11-22 13:00:00,577.22
2012-11-22 14:00:00,550.94
2012-11-22 15:00:00,525.6533333333333
2012-11-22 16:00:00,535.7416666666667
2012-11-22 17:00:00,471.9166666666667
2012-11-22 18:00:00,366.93
2012-11-22 19:00:00,288.5316666666667
2012-11-22 20:00:00,237.18
2012-11-22 21:00:00,186.07166666666666
2012-11-22 22:00:00,166.35166666666666
2012-11-22 23:00:00,143.26333333333332
2012-11-23 00:00:00,51.76166666666666
2012-11-23 01:00:00,24.495
2012-11-23 02:00:00,11.06
2012-11-23 03:00:00,8.6075
2012-11-23 04:00:00,8.891666666666667
2012-11-23 05:00:00,32.64
2012-11-23 06:00:00,134.65333333333334
2012-11-23 07:00:00,341.09625
2012-11-23 08:00:00,613.6
2012-11-23 09:00:00,321.48812499999997
2012-11-23 10:00:00,193.39125
2012-11-23 11:00:00,234.21
2012-11-23 12:00:00,283.0683333333333
2012-11-23 13:00:00,297.86833333333334
2012-11-23 14:00:00,398.02166666666665
2012-11-23 15:00:00,401.37833333333333
2012-11-23 16:00:00,485.13
2012-11-23 17:00:00,772.35
2012-11-23 18:00:00,705.09
2012-11-23 19:00:00,473.0966666666667
2012-11-23 20:00:00,330.48333333333335
2012-11-23 21:00:00,226.09666666666666
2012-11-23 22:00:00,175.50333333333333
2012-11-23 23:00:00,116.23166666666667
2012-11-24 00:00:00,115.27722222222222
2012-11-24 01:00:00,100.61527777777779
2012-11-24 02:00:00,46.75833333333333
2012-11-24 03:00:00,18.676666666666666
2012-11-24 04:00:00,7.68
2012-11-24 05:00:00,7.63
2012-11-24 06:00:00,21.005
2012-11-24 07:00:00,89.60666666666667
2012-11-24 08:00:00,169.55166666666668
2012-11-24 09:00:00,224.225
2012-11-24 10:00:00,267.02666666666664
2012-11-24 11:00:00,295.37833333333333
2012-11-24 12:00:00,351.4533333333333
2012-11-24 13:00:00,361.095
2012-11-24 14:00:00,354.8466666666667
2012-11-24 15:00:00,353.41
2012-11-24 16:00:00,338.545
2012-11-24 17:00:00,309.23
2012-11-24 18:00:00,277.4066666666667
2012-11-24 19:00:00,246.65333333333334
2012-11-24 20:00:00,196.57833333333335
2012-11-24 21:00:00,152.65833333333333
2012-11-24 22:00:00,125.71166666666667
2012-11-24 23:00:00,99.37
2012-11-25 00:00:00,111.83333333333333
2012-11-25 01:00:00,111.09277777777778
2012-11-25 02:00:00,51.12833333333333
2012-11-25 03:00:00,26.111666666666668
2012-11-25 04:00:00,7.746666666666667
2012-11-25 05:00:00,9.236666666666666
2012-11-25 06:00:00,17.333333333333332
2012-11-25 07:00:00,63.54833333333333
2012-11-25 08:00:00,140.625
2012-11-25 09:00:00,195.26166666666666
2012-11-25 10:00:00,248.52
2012-11-25 11:00:00,283.5833333333333
2012-11-25 12:00:00,330.7
2012-11-25 13:00:00,332.995
2012-11-25 14:00:00,339.9433333333333
2012-11-25 15:00:00,320.83166666666665
2012-11-25 16:00:00,317.9033333333333
2012-11-25 17:00:00,278.56333333333333
2012-11-25 18:00:00,230.06833333333333
2012-11-25 19:00:00,218.46833333333333
2012-11-25 20:00:00,160.52166666666668
2012-11-25 21:00:00,120.73333333333333
2012-11-25 22:00:00,97.965
2012-11-25 23:00:00,72.62333333333333
2012-11-26 00:00:00,29.416666666666668
2012-11-26 01:00:00,13.758333333333333
2012-11-26 02:00:00,5.128333333333333
2012-11-26 03:00:00,5.59
2012-11-26 04:00:00,7.445333333333333
2012-11-26 05:00:00,38.005
2012-11-26 06:00:00,141.36
2012-11-26 07:00:00,358.81166666666667
2012-11-26 08:00:00,672.5883333333334
2012-11-26 09:00:00,308.5894722222223
2012-11-26 10:00:00,190.38416666666666
2012-11-26 11:00:00,224.01666666666668
2012-11-26 12:00:00,240.87666666666667
2012-11-26 13:00:00,237.93666666666667
2012-11-26 14:00:00,231.57833333333335
2012-11-26 15:00:00,247.045
2012-11-26 16:00:00,418.3566666666667
2012-11-26 17:00:00,612.685
2012-11-26 18:00:00,561.11
2012-11-26 19:00:00,352.64666666666665
2012-11-26 20:00:00,283.90166666666664
2012-11-26 21:00:00,202.315
2012-11-26 22:00:00,134.35333333333332
2012-11-26 23:00:00,92.14166666666667
2012-11-27 00:00:00,31.09
2012-11-27 01:00:00,15.835
2012-11-27 02:00:00,5.663333333333333
2012-11-27 03:00:00,5.02
2012-11-27 04:00:00,6.126666666666667
2012-11-27 05:00:00,31.893333333333334
2012-11-27 06:00:00,131.035
2012-11-27 07:00:00,188.78833333333333
2012-11-27 08:00:00,450.6483333333333
2012-11-27 09:00:00,310.5669325396826
2012-11-27 10:00:00,145.03666666666666
2012-11-27 11:00:00,149.08666666666667
2012-11-27 12:00:00,184.45
2012-11-27 13:00:00,191.885
2012-11-27 14:00:00,189.03333333333333
2012-11-27 15:00:00,214.08166666666668
2012-11-27 16:00:00,303.51666666666665
2012-11-27 17:00:00,529.1116666666667
2012-11-27 18:00:00,485.25333333333333
2012-11-27 19:00:00,348.17333333333335
2012-11-27 20:00:00,247.45166666666665
2012-11-27 21:00:00,160.87666666666667
2012-11-27 22:00:00,127.20166666666667
2012-11-27 23:00:00,93.38333333333334
2012-11-28 00:00:00,66.22833333333334
2012-11-28 01:00:00,29.9
2012-11-28 02:00:00,7.426666666666667
2012-11-28 03:00:00,4.575
2012-11-28 04:00:00,7.165
2012-11-28 05:00:00,34.98166666666667
2012-11-28 06:00:00,138.42
2012-11-28 07:00:00,373.57166666666666
2012-11-28 08:00:00,645.5433333333333
2012-11-28 09:00:00,323.2683333333334
2012-11-28 10:00:00,183.28166666666667
2012-11-28 11:00:00,188.605
2012-11-28 12:00:00,219.70166666666665
2012-11-28 13:00:00,240.35666666666665
2012-11-28 14:00:00,224.81
2012-11-28 15:00:00,255.71333333333334
2012-11-28 16:00:00,350.9916666666667
2012-11-28 17:00:00,591.8883333333333
2012-11-28 18:00:00,535.5616666666666
2012-11-28 19:00:00,370.80333333333334
2012-11-28 20:00:00,250.235
2012-11-28 21:00:00,190.93
2012-11-28 22:00:00,123.52833333333334
2012-11-28 23:00:00,87.46
2012-11-29 00:00:00,38.45333333333333
2012-11-29 01:00:00,18.66
2012-11-29 02:00:00,7.863333333333333
2012-11-29 04:00:00,6.858333333333333
2012-11-29 05:00:00,35.44166666666667
2012-11-29 06:00:00,144.65833333333333
2012-11-29 07:00:00,358.8393055555556
2012-11-29 08:00:00,638.92
2012-11-29 09:00:00,324.9823194444445
2012-11-29 10:00:00,171.99833333333333
2012-11-29 11:00:00,198.345
2012-11-29 12:00:00,244.595
2012-11-29 13:00:00,240.135
2012-11-29 14:00:00,228.26166666666666
2012-11-29 15:00:00,264.03
2012-11-29 16:00:00,359.46666666666664
2012-11-29 17:00:00,592.975
2012-11-29 18:00:00,559.6733333333333
2012-11-29 19:00:00,374.54
2012-11-29 20:00:00,258.315
2012-11-29 21:00:00,175.11166666666668
2012-11-29 22:00:00,149.21166666666667
2012-11-29 23:00:00,140.55833333333334
2012-11-30 00:00:00,44.535
2012-11-30 01:00:00,24.926666666666666
2012-11-30 02:00:00,10.414166666666667
2012-11-30 03:00:00,9.002083333333333
2012-11-30 04:00:00,8.514916666666666
2012-11-30 05:00:00,32.818333333333335
2012-11-30 06:00:00,134.61166666666668
2012-11-30 07:00:00,337.25625
2012-11-30 08:00:00,626.5566666666666
2012-11-30 09:00:00,326.35215277777775
2012-11-30 10:00:00,191.14041666666665
2012-11-30 11:00:00,212.58780555555558
2012-11-30 12:00:00,261.29833333333335
2012-11-30 13:00:00,274.6483333333333
2012-11-30 14:00:00,264.335
2012-11-30 15:00:00,273.16333333333336
2012-11-30 16:00:00,430.26666666666665
2012-11-30 17:00:00,588.6566666666666
2012-11-30 18:00:00,509.75666666666666
2012-11-30 19:00:00,353.12666666666667
2012-11-30 20:00:00,251.48
2012-11-30 21:00:00,182.62833333333333
2012-11-30 22:00:00,157.98166666666665
2012-11-30 23:00:00,140.72166666666666
2012-12-20 00:00:00,46.85166666666667
2012-12-20 01:00:00,17.145
2012-12-20 02:00:00,11.408333333333333
2012-12-20 03:00:00,5.236666666666666
2012-12-20 04:00:00,7.065
2012-12-20 05:00:00,34.595
2012-12-20 06:00:00,141.67833333333334
2012-12-20 07:00:00,360.4579166666667
2012-12-20 08:00:00,679.1566666666666
2012-12-20 09:00:00,314.51342063492064
2012-12-20 10:00:00,173.61166666666668
2012-12-20 11:00:00,176.13833333333332
2012-12-20 12:00:00,231.21944444444446
2012-12-20 13:00:00,233.70944444444447
2012-12-20 14:00:00,225.8077777777778
2012-12-20 15:00:00,254.96
2012-12-20 16:00:00,317.25
2012-12-20 17:00:00,572.6666666666666
2012-12-20 18:00:00,545.5216666666666
2012-12-20 19:00:00,272.2083333333333
2012-12-20 20:00:00,237.10333333333332
2012-12-20 21:00:00,168.545
2012-12-20 22:00:00,112.06166666666667
2012-12-20 23:00:00,102.01
2012-12-21 00:00:00,56.641666666666666
2012-12-21 01:00:00,26.61
2012-12-21 02:00:00,13.853333333333333
2012-12-21 03:00:00,8.705
2012-12-21 04:00:00,8.225
2012-12-21 05:00:00,31.08
2012-12-21 06:00:00,103.73666666666666
2012-12-21 07:00:00,337.30833333333334
2012-12-21 08:00:00,609.1683333333333
2012-12-21 09:00:00,309.15416666666664
2012-12-21 10:00:00,199.895
2012-12-21 11:00:00,198.17
2012-12-21 12:00:00,222.19833333333332
2012-12-21 13:00:00,226.45166666666665
2012-12-21 14:00:00,223.67833333333334
2012-12-21 15:00:00,241.42
2012-12-21 16:00:00,295.0083333333333
2012-12-21 17:00:00,543.0
2012-12-21 18:00:00,496.025
2012-12-21 19:00:00,310.80333333333334
2012-12-21 20:00:00,229.95
2012-12-21 21:00:00,181.90666666666667
2012-12-21 22:00:00,130.245
2012-12-21 23:00:00,99.155
2012-12-22 00:00:00,107.76
2012-12-22 01:00:00,99.07527777777779
2012-12-22 02:00:00,49.208333333333336
2012-12-22 03:00:00,21.041666666666668
2012-12-22 04:00:00,9.01
2012-12-22 05:00:00,8.561666666666667
2012-12-22 06:00:00,22.391666666666666
2012-12-22 07:00:00,101.635
2012-12-22 08:00:00,167.87833333333333
2012-12-22 09:00:00,215.25
2012-12-22 10:00:00,254.82166666666666
2012-12-22 11:00:00,284.56666666666666
2012-12-22 12:00:00,332.12166666666667
2012-12-22 13:00:00,351.51666666666665
2012-12-22 14:00:00,348.62833333333333
2012-12-22 15:00:00,340.205
2012-12-22 16:00:00,334.11333333333334
2012-12-22 17:00:00,299.40166666666664
2012-12-22 18:00:00,269.39666666666665
2012-12-22 19:00:00,249.19166666666666
2012-12-22 20:00:00,186.62166666666667
2012-12-22 21:00:00,153.77166666666668
2012-12-22 22:00:00,120.08666666666667
2012-12-22 23:00:00,97.665
2012-12-23 00:00:00,111.49666666666667
2012-12-23 01:00:00,107.47277777777778
2012-12-23 02:00:00,56.01833333333333
2012-12-23 03:00:00,37.31333333333333
2012-12-23 04:00:00,11.488333333333333
2012-12-23 05:00:00,7.833333333333333
2012-12-23 06:00:00,14.931666666666667
2012-12-23 07:00:00,66.41666666666667
2012-12-23 08:00:00,133.385
2012-12-23 09:00:00,191.95416666666668
2012-12-23 10:00:00,243.55666666666667
2012-12-23 11:00:00,266.625
2012-12-23 12:00:00,328.67
2012-12-23 13:00:00,340.97833333333335
2012-12-23 14:00:00,370.39166666666665
2012-12-23 15:00:00,386.975
2012-12-23 16:00:00,379.99666666666667
2012-12-23 17:00:00,309.08666666666664
2012-12-23 18:00:00,256.9866666666667
2012-12-23 19:00:00,226.215
2012-12-23 20:00:00,164.42666666666668
2012-12-23 21:00:00,120.19
2012-12-23 22:00:00,96.08666666666667
2012-12-23 23:00:00,75.35
2012-12-24 00:00:00,30.14
2012-12-24 01:00:00,14.523333333333333
2012-12-24 02:00:00,5.516666666666667
2012-12-24 03:00:00,5.763333333333334
2012-12-24 05:00:00,34.26833333333333
2012-12-24 06:00:00,132.84333333333333
2012-12-24 07:00:00,340.67833333333334
2012-12-24 08:00:00,649.0283333333333
2012-12-24 09:00:00,297.96194444444444
2012-12-24 10:00:00,163.44333333333333
2012-12-24 11:00:00,166.35666666666665
2012-12-24 12:00:00,195.11
2012-12-24 13:00:00,189.11833333333334
2012-12-24 14:00:00,188.44166666666666
2012-12-24 15:00:00,204.48333333333332
2012-12-24 16:00:00,239.10666666666665
2012-12-24 17:00:00,418.70166666666665
2012-12-24 18:00:00,455.31
2012-12-24 19:00:00,294.82166666666666
2012-12-24 20:00:00,218.435
2012-12-24 21:00:00,156.14666666666668
2012-12-24 22:00:00,110.05
2012-12-24 23:00:00,94.965
2012-12-25 00:00:00,59.87166666666667
2012-12-25 01:00:00,40.535
2012-12-25 02:00:00,21.468333333333334
2012-12-25 04:00:00,8.031666666666666
2012-12-25 05:00:00,14.425
2012-12-25 06:00:00,39.693333333333335
2012-12-25 07:00:00,227.48
2012-12-25 08:00:00,261.7083333333333
2012-12-25 09:00:00,249.8711111111111
2012-12-25 10:00:00,242.15333333333334
2012-12-25 11:00:00,252.215
2012-12-25 12:00:00,307.985
2012-12-25 13:00:00,412.58666666666664
2012-12-25 14:00:00,408.19166666666666
2012-12-25 15:00:00,340.22333333333336
2012-12-25 16:00:00,369.98833333333334
2012-12-25 17:00:00,337.025
2012-12-25 18:00:00,338.88666666666666
2012-12-25 19:00:00,327.28
2012-12-25 20:00:00,231.21666666666667
2012-12-25 21:00:00,175.68833333333333
2012-12-25 22:00:00,131.37666666666667
2012-12-25 23:00:00,79.63833333333334
2012-12-26 00:00:00,45.501666666666665
2012-12-26 01:00:00,30.456666666666667
2012-12-26 02:00:00,18.571666666666665
2012-12-26 03:00:00,5.876666666666667
2012-12-26 04:00:00,7.695
2012-12-26 05:00:00,33.943333333333335
2012-12-26 06:00:00,125.14
2012-12-26 07:00:00,176.72833333333332
2012-12-26 08:00:00,311.47833333333335
2012-12-26 09:00:00,171.42666666666668
2012-12-26 10:00:00,155.22
2012-12-26 11:00:00,159.61166666666668
2012-12-26 12:00:00,188.515
2012-12-26 13:00:00,190.90833333333333
2012-12-26 14:00:00,186.195
2012-12-26 15:00:00,204.03666666666666
2012-12-26 16:00:00,228.77333333333334
2012-12-26 17:00:00,397.82
2012-12-26 18:00:00,415.455
2012-12-26 19:00:00,244.92
2012-12-26 20:00:00,203.94833333333332
2012-12-26 21:00:00,166.845
2012-12-26 22:00:00,94.61166666666666
2012-12-26 23:00:00,62.77166666666667
2012-12-27 00:00:00,37.83833333333333
2012-12-27 01:00:00,11.916666666666666
2012-12-27 02:00:00,17.498333333333335
2012-12-27 03:00:00,4.240972222222222
2012-12-27 04:00:00,7.891666666666667
2012-12-27 05:00:00,34.263333333333335
2012-12-27 06:00:00,116.47833333333334
2012-12-27 07:00:00,350.4866666666667
2012-12-27 08:00:00,636.3483333333334
2012-12-27 09:00:00,333.35333333333335
2012-12-27 10:00:00,177.345
2012-12-27 11:00:00,176.34333333333333
2012-12-27 12:00:00,211.20166666666665
2012-12-27 13:00:00,211.415
2012-12-27 14:00:00,199.795
2012-12-27 15:00:00,222.87
2012-12-27 16:00:00,287.61333333333334
2012-12-27 17:00:00,546.4233333333333
2012-12-27 18:00:00,517.255
2012-12-27 19:00:00,320.82
2012-12-27 20:00:00,235.735
2012-12-27 21:00:00,173.46166666666667
2012-12-27 22:00:00,131.975
2012-12-27 23:00:00,95.06
2012-12-28 00:00:00,48.86666666666667
2012-12-28 01:00:00,22.81
2012-12-28 02:00:00,11.988333333333333
2012-12-28 03:00:00,6.224166666666667
2012-12-28 04:00:00,7.8133333333333335
2012-12-28 05:00:00,32.06666666666667
2012-12-28 06:00:00,112.88166666666666
2012-12-28 07:00:00,337.34833333333336
2012-12-28 08:00:00,613.2666666666667
2012-12-28 09:00:00,322.3455555555555
2012-12-28 10:00:00,186.72666666666666
2012-12-28 11:00:00,191.865
2012-12-28 12:00:00,217.60666666666665
2012-12-28 13:00:00,220.60666666666665
2012-12-28 14:00:00,218.42833333333334
2012-12-28 15:00:00,251.85166666666666
2012-12-28 16:00:00,325.3383333333333
2012-12-28 17:00:00,583.6166666666667
2012-12-28 18:00:00,488.5133333333333
2012-12-28 19:00:00,321.065
2012-12-28 20:00:00,225.015
2012-12-28 21:00:00,168.36833333333334
2012-12-28 22:00:00,136.165
2012-12-28 23:00:00,113.71333333333334
2012-12-29 00:00:00,106.1
2012-12-29 01:00:00,95.645
2012-12-29 02:00:00,51.705
2012-12-29 03:00:00,25.821666666666665
2012-12-29 04:00:00,8.666666666666666
2012-12-29 05:00:00,8.955
2012-12-29 06:00:00,22.743333333333332
2012-12-29 07:00:00,82.12333333333333
2012-12-29 08:00:00,149.65
2012-12-29 09:00:00,210.12625
2012-12-29 10:00:00,210.26666666666668
2012-12-29 11:00:00,221.975
2012-12-29 12:00:00,232.52833333333334
2012-12-29 13:00:00,237.85666666666665
2012-12-29 14:00:00,307.63
2012-12-29 15:00:00,306.09166666666664
2012-12-29 16:00:00,317.47833333333335
2012-12-29 17:00:00,287.23333333333335
2012-12-29 18:00:00,263.75666666666666
2012-12-29 19:00:00,251.98333333333332
2012-12-29 20:00:00,210.14
2012-12-29 21:00:00,159.31666666666666
2012-12-29 22:00:00,128.91333333333333
2012-12-29 23:00:00,113.65333333333334
2012-12-30 00:00:00,114.33166666666666
2012-12-30 01:00:00,106.54333333333334
2012-12-30 02:00:00,55.958333333333336
2012-12-30 03:00:00,28.15
2012-12-30 04:00:00,9.0
2012-12-30 05:00:00,8.38
2012-12-30 06:00:00,19.63
2012-12-30 07:00:00,79.63833333333334
2012-12-30 08:00:00,143.93166666666667
2012-12-30 09:00:00,195.04
2012-12-30 10:00:00,252.77166666666668
2012-12-30 11:00:00,271.09166666666664
2012-12-30 12:00:00,311.41833333333335
2012-12-30 13:00:00,316.62666666666667
2012-12-30 14:00:00,321.165
2012-12-30 15:00:00,312.0783333333333
2012-12-30 16:00:00,298.005
2012-12-30 17:00:00,269.68
2012-12-30 18:00:00,240.58833333333334
2012-12-30 19:00:00,217.125
2012-12-30 20:00:00,166.315
2012-12-30 21:00:00,101.83333333333333
2012-12-30 22:00:00,85.89666666666666
2012-12-30 23:00:00,60.26833333333333
2012-12-31 00:00:00,34.513333333333335
2012-12-31 01:00:00,15.951666666666666
2012-12-31 02:00:00,5.95
2012-12-31 03:00:00,6.915
2012-12-31 04:00:00,8.566666666666666
2012-12-31 05:00:00,36.611666666666665
2012-12-31 06:00:00,124.87666666666667
2012-12-31 07:00:00,344.7266666666667
2012-12-31 08:00:00,615.3866666666667
2012-12-31 09:00:00,300.8782222222222
2012-12-31 10:00:00,170.09
2012-12-31 11:00:00,170.35833333333332
2012-12-31 12:00:00,181.16333333333333
2012-12-31 13:00:00,191.21
2012-12-31 14:00:00,192.65666666666667
2012-12-31 15:00:00,216.83833333333334
2012-12-31 16:00:00,313.67333333333335
2012-12-31 17:00:00,579.9483333333334
2012-12-31 18:00:00,504.725
2012-12-31 19:00:00,340.985
2012-12-31 20:00:00,233.26
2012-12-31 21:00:00,168.935
2012-12-31 22:00:00,115.555
2012-12-31 23:00:00,69.035
