datetime,count
2011-01-20 00:00:00,10.875
2011-01-20 01:00:00,5.3966666666666665
2011-01-20 02:00:00,3.5683333333333334
2011-01-20 03:00:00,3.305
2011-01-20 04:00:00,2.8516666666666666
2011-01-20 05:00:00,5.99
2011-01-20 06:00:00,35.891666666666666
2011-01-20 07:00:00,90.82
2011-01-20 08:00:00,203.92833333333334
2011-01-20 09:00:00,119.88833333333334
2011-01-20 10:00:00,59.263333333333335
2011-01-20 11:00:00,60.75
2011-01-20 12:00:00,81.495
2011-01-20 13:00:00,74.75166666666667
2011-01-20 14:00:00,79.21333333333334
2011-01-20 15:00:00,83.82
2011-01-20 16:00:00,90.05333333333333
2011-01-20 17:00:00,203.73166666666665
2011-01-20 18:00:00,174.95
2011-01-20 19:00:00,93.81833333333333
2011-01-20 20:00:00,73.155
2011-01-20 21:00:00,48.405
2011-01-20 22:00:00,42.85333333333333
2011-01-20 23:00:00,23.131666666666668
2011-01-21 00:00:00,14.506666666666666
2011-01-21 01:00:00,6.91
2011-01-21 02:00:00,4.631666666666667
2011-01-21 03:00:00,2.795
2011-01-21 04:00:00,2.5233333333333334
2011-01-21 05:00:00,3.9566666666666666
2011-01-21 06:00:00,32.58166666666666
2011-01-21 07:00:00,88.985
2011-01-21 08:00:00,192.06833333333333
2011-01-21 09:00:00,126.31166666666667
2011-01-21 10:00:00,48.95
2011-01-21 11:00:00,60.35333333333333
2011-01-21 12:00:00,70.50666666666666
2011-01-21 13:00:00,68.85
2011-01-21 14:00:00,65.95
2011-01-21 15:00:00,63.836666666666666
2011-01-21 16:00:00,81.93
2011-01-21 17:00:00,159.485
2011-01-21 18:00:00,152.70833333333334
2011-01-21 19:00:00,84.67
2011-01-21 20:00:00,63.531666666666666
2011-01-21 21:00:00,40.483333333333334
2011-01-21 22:00:00,33.236666666666665
2011-01-21 23:00:00,20.608333333333334
2011-01-22 00:00:00,24.23
2011-01-22 01:00:00,17.415
2011-01-22 02:00:00,14.176666666666666
2011-01-22 03:00:00,8.451666666666666
2011-01-22 04:00:00,3.49
2011-01-22 06:00:00,4.341666666666667
2011-01-22 07:00:00,14.76
2011-01-22 08:00:00,20.22
2011-01-22 09:00:00,31.473333333333333
2011-01-22 10:00:00,52.895
2011-01-22 11:00:00,56.79833333333333
2011-01-22 12:00:00,64.18
2011-01-22 13:00:00,69.25833333333334
2011-01-22 14:00:00,66.15
2011-01-22 15:00:00,68.22333333333333
2011-01-22 16:00:00,64.01166666666667
2011-01-22 17:00:00,70.62333333333333
2011-01-22 18:00:00,51.99666666666667
2011-01-22 19:00:00,43.531666666666666
2011-01-22 20:00:00,37.43833333333333
2011-01-22 21:00:00,38.03333333333333
2011-01-22 22:00:00,32.835
2011-01-22 23:00:00,17.278333333333332
2011-01-23 00:00:00,26.328333333333333
2011-01-23 01:00:00,19.808333333333334
2011-01-23 02:00:00,14.955
2011-01-23 03:00:00,14.436666666666667
2011-01-23 05:00:00,2.7916666666666665
2011-01-23 06:00:00,2.283333333333333
2011-01-23 07:00:00,11.843333333333334
2011-01-23 08:00:00,16.71
2011-01-23 09:00:00,26.911666666666665
2011-01-23 10:00:00,51.72666666666667
2011-01-23 11:00:00,57.24
2011-01-23 12:00:00,66.71
2011-01-23 13:00:00,61.943333333333335
2011-01-23 14:00:00,64.82666666666667
2011-01-23 15:00:00,64.54333333333334
2011-01-23 16:00:00,65.355
2011-01-23 17:00:00,60.045
2011-01-23 18:00:00,53.39833333333333
2011-01-23 19:00:00,40.06666666666667
2011-01-23 20:00:00,33.931666666666665
2011-01-23 21:00:00,28.083333333333332
2011-01-23 22:00:00,20.518333333333334
2011-01-23 23:00:00,14.908333333333333
2011-01-24 00:00:00,10.148333333333333
2011-01-24 01:00:00,4.121666666666667
2011-01-24 03:00:00,2.0033333333333334
2011-01-24 04:00:00,2.4316666666666666
2011-01-24 05:00:00,5.443333333333333
2011-01-24 06:00:00,31.30666666666667
2011-01-24 07:00:00,78.11166666666666
2011-01-24 08:00:00,186.75833333333333
2011-01-24 09:00:00,100.355
2011-01-24 10:00:00,44.093333333333334
2011-01-24 11:00:00,40.12166666666667
2011-01-24 12:00:00,50.153333333333336
2011-01-24 13:00:00,46.95333333333333
2011-01-24 14:00:00,43.92333333333333
2011-01-24 15:00:00,56.695
2011-01-24 16:00:00,76.88833333333334
2011-01-24 17:00:00,157.23333333333332
2011-01-24 18:00:00,152.49333333333334
2011-01-24 19:00:00,90.59166666666667
2011-01-24 20:00:00,63.45166666666667
2011-01-24 21:00:00,43.225
2011-01-24 22:00:00,26.933333333333334
2011-01-24 23:00:00,18.836666666666666
2011-01-25 00:00:00,8.22
2011-01-25 01:00:00,3.7883333333333336
2011-01-25 02:00:00,2.3933333333333335
2011-01-25 04:00:00,1.8383333333333334
2011-01-25 05:00:00,4.885
2011-01-25 06:00:00,33.345
2011-01-25 07:00:00,75.80166666666666
2011-01-25 08:00:00,187.11666666666667
2011-01-25 09:00:00,112.22666666666667
2011-01-25 10:00:00,58.001666666666665
2011-01-25 11:00:00,58.30166666666667
2011-01-25 12:00:00,75.40166666666667
2011-01-25 13:00:00,74.33333333333333
2011-01-25 14:00:00,77.70833333333333
2011-01-25 15:00:00,80.72166666666666
2011-01-25 16:00:00,89.89833333333333
2011-01-25 17:00:00,209.73166666666665
2011-01-25 18:00:00,188.97
2011-01-25 19:00:00,100.995
2011-01-25 20:00:00,72.49
2011-01-25 21:00:00,47.983333333333334
2011-01-25 22:00:00,36.715
2011-01-25 23:00:00,18.255
2011-01-26 00:00:00,8.185
2011-01-26 01:00:00,5.908333333333333
2011-01-26 02:00:00,3.125
2011-01-26 05:00:00,3.243333333333333
2011-01-26 06:00:00,27.473333333333333
2011-01-26 07:00:00,59.32
2011-01-26 08:00:00,154.195
2011-01-26 09:00:00,78.72833333333334
2011-01-26 10:00:00,42.306666666666665
2011-01-26 11:00:00,37.61
2011-01-26 12:00:00,36.266666666666666
2011-01-26 13:00:00,38.245
2011-01-26 14:00:00,37.111666666666665
2011-01-26 15:00:00,36.461666666666666
2011-01-26 16:00:00,54.04333333333334
2011-01-26 17:00:00,124.22666666666667
2011-01-27 16:00:00,75.98333333333333
2011-01-27 17:00:00,172.75666666666666
2011-01-27 18:00:00,141.59833333333333
2011-01-27 19:00:00,94.31166666666667
2011-01-27 20:00:00,73.565
2011-01-27 21:00:00,46.58833333333333
2011-01-27 22:00:00,38.641666666666666
2011-01-27 23:00:00,20.061666666666667
2011-01-28 00:00:00,13.558333333333334
2011-01-28 01:00:00,6.601666666666667
2011-01-28 02:00:00,2.513333333333333
2011-01-28 03:00:00,2.3566666666666665
2011-01-28 05:00:00,5.983333333333333
2011-01-28 06:00:00,31.238333333333333
2011-01-28 07:00:00,82.20333333333333
2011-01-28 08:00:00,191.02666666666667
2011-01-28 09:00:00,76.30833333333334
2011-01-28 10:00:00,39.788333333333334
2011-01-28 11:00:00,42.28
2011-01-28 12:00:00,45.763333333333335
2011-01-28 13:00:00,48.525
2011-01-28 14:00:00,56.483333333333334
2011-01-28 15:00:00,53.56
2011-01-28 16:00:00,79.925
2011-01-28 17:00:00,165.435
2011-01-28 18:00:00,153.01833333333335
2011-01-28 19:00:00,96.38666666666667
2011-01-28 20:00:00,71.63333333333334
2011-01-28 21:00:00,46.086666666666666
2011-01-28 22:00:00,41.07333333333333
2011-01-28 23:00:00,23.975
2011-01-29 00:00:00,26.1
2011-01-29 01:00:00,21.403333333333332
2011-01-29 02:00:00,15.906666666666666
2011-01-29 03:00:00,11.935
2011-01-29 04:00:00,2.7683333333333335
2011-01-29 06:00:00,3.1483333333333334
2011-01-29 07:00:00,12.251666666666667
2011-01-29 08:00:00,20.753333333333334
2011-01-29 09:00:00,36.413333333333334
2011-01-29 10:00:00,58.41
2011-01-29 11:00:00,60.36666666666667
2011-01-29 12:00:00,78.95833333333333
2011-01-29 13:00:00,80.665
2011-01-29 14:00:00,77.41
2011-01-29 15:00:00,80.72166666666666
2011-01-29 16:00:00,81.69833333333334
2011-01-29 17:00:00,78.83833333333334
2011-01-29 18:00:00,70.285
2011-01-29 19:00:00,68.42833333333333
2011-01-29 20:00:00,49.083333333333336
2011-01-29 21:00:00,39.60666666666667
2011-01-29 22:00:00,32.17
2011-01-29 23:00:00,19.605
2011-01-30 00:00:00,25.843333333333334
2011-01-30 01:00:00,27.42
2011-01-30 02:00:00,20.06
2011-01-30 03:00:00,11.183333333333334
2011-01-30 04:00:00,4.935
2011-01-30 05:00:00,4.151666666666666
2011-01-30 07:00:00,10.068333333333333
2011-01-30 08:00:00,15.648333333333333
2011-01-30 09:00:00,30.936666666666667
2011-01-30 10:00:00,55.965
2011-01-30 11:00:00,60.163333333333334
2011-01-30 12:00:00,89.20333333333333
2011-01-30 13:00:00,77.83833333333334
2011-01-30 14:00:00,78.77666666666667
2011-01-30 15:00:00,86.96166666666667
2011-01-30 16:00:00,86.42666666666666
2011-01-30 17:00:00,80.48
2011-01-30 18:00:00,68.84333333333333
2011-01-30 19:00:00,53.528333333333336
2011-01-30 20:00:00,47.53333333333333
2011-01-30 21:00:00,31.915
2011-01-30 22:00:00,21.655
2011-01-30 23:00:00,14.33
2011-01-31 00:00:00,10.348333333333333
2011-01-31 01:00:00,3.495
2011-01-31 02:00:00,2.63
2011-01-31 03:00:00,2.4633333333333334
2011-01-31 04:00:00,1.99
2011-01-31 05:00:00,2.5316666666666667
2011-01-31 06:00:00,33.825
2011-01-31 07:00:00,77.995
2011-01-31 08:00:00,166.31166666666667
2011-01-31 09:00:00,91.595
2011-01-31 10:00:00,43.233333333333334
2011-01-31 11:00:00,42.80833333333333
2011-01-31 12:00:00,58.075
2011-01-31 13:00:00,58.18666666666667
2011-01-31 14:00:00,53.806666666666665
2011-01-31 15:00:00,50.946666666666665
2011-01-31 16:00:00,76.09666666666666
2011-01-31 17:00:00,157.61833333333334
2011-01-31 18:00:00,154.49833333333333
2011-01-31 19:00:00,97.59666666666666
2011-01-31 20:00:00,60.598333333333336
2011-01-31 21:00:00,35.19833333333333
2011-01-31 22:00:00,29.81
2011-01-31 23:00:00,17.498333333333335
2011-02-20 00:00:00,36.85666666666667
2011-02-20 01:00:00,28.821666666666665
2011-02-20 02:00:00,19.118333333333332
2011-02-20 03:00:00,9.926666666666666
2011-02-20 04:00:00,3.055
2011-02-20 06:00:00,2.96
2011-02-20 07:00:00,14.995
2011-02-20 08:00:00,19.696666666666665
2011-02-20 09:00:00,42.89833333333333
2011-02-20 10:00:00,82.10166666666667
2011-02-20 11:00:00,104.265
2011-02-20 12:00:00,119.05666666666667
2011-02-20 13:00:00,156.46333333333334
2011-02-20 14:00:00,141.25
2011-02-20 15:00:00,156.32666666666665
2011-02-20 16:00:00,146.64833333333334
2011-02-20 17:00:00,128.125
2011-02-20 18:00:00,112.65666666666667
2011-02-20 19:00:00,94.895
2011-02-20 20:00:00,89.06666666666666
2011-02-20 21:00:00,56.69166666666667
2011-02-20 22:00:00,48.57333333333333
2011-02-20 23:00:00,37.10333333333333
2011-02-21 00:00:00,23.291666666666668
2011-02-21 01:00:00,19.456666666666667
2011-02-21 02:00:00,10.5
2011-02-21 03:00:00,4.918333333333333
2011-02-21 04:00:00,3.933333333333333
2011-02-21 05:00:00,8.353333333333333
2011-02-21 06:00:00,18.34
2011-02-21 07:00:00,100.98166666666667
2011-02-21 08:00:00,90.21166666666667
2011-02-21 09:00:00,112.00333333333333
2011-02-21 10:00:00,80.20166666666667
2011-02-21 11:00:00,78.57666666666667
2011-02-21 12:00:00,85.43
2011-02-21 13:00:00,60.735
2011-02-21 14:00:00,86.465
2011-02-21 15:00:00,89.20333333333333
2011-02-21 16:00:00,67.26333333333334
2011-02-21 17:00:00,84.52166666666666
2011-02-21 18:00:00,81.555
2011-02-21 19:00:00,80.71666666666667
2011-02-21 20:00:00,49.266666666666666
2011-02-21 21:00:00,41.68333333333333
2011-02-21 22:00:00,29.456666666666667
2011-02-21 23:00:00,18.37
2011-02-22 06:00:00,32.47833333333333
2011-02-22 07:00:00,89.04666666666667
2011-02-22 08:00:00,192.37333333333333
2011-02-22 09:00:00,117.63
2011-02-22 10:00:00,46.445
2011-02-22 11:00:00,50.223333333333336
2011-02-22 12:00:00,58.91166666666667
2011-02-22 13:00:00,70.12333333333333
2011-02-22 14:00:00,67.75833333333334
2011-02-22 15:00:00,75.015
2011-02-22 16:00:00,73.68166666666667
2011-02-22 17:00:00,169.73666666666668
2011-02-22 18:00:00,162.55666666666667
2011-02-22 19:00:00,92.82666666666667
2011-02-22 20:00:00,73.97333333333333
2011-02-22 21:00:00,55.775
2011-02-22 22:00:00,35.053333333333335
2011-02-22 23:00:00,22.223333333333333
2011-02-23 00:00:00,12.06
2011-02-23 01:00:00,5.891666666666667
2011-02-23 02:00:00,2.256666666666667
2011-02-23 03:00:00,1.3783333333333334
2011-02-23 05:00:00,5.695
2011-02-23 06:00:00,30.89666666666667
2011-02-23 07:00:00,89.54166666666667
2011-02-23 08:00:00,200.375
2011-02-23 09:00:00,122.68333333333334
2011-02-23 10:00:00,57.016666666666666
2011-02-23 11:00:00,61.26166666666666
2011-02-23 12:00:00,75.55333333333333
2011-02-23 13:00:00,78.70333333333333
2011-02-23 14:00:00,80.49833333333333
2011-02-23 15:00:00,84.71833333333333
2011-02-23 16:00:00,107.73166666666667
2011-02-23 17:00:00,221.06666666666666
2011-02-23 18:00:00,206.77
2011-02-23 19:00:00,117.31333333333333
2011-02-23 20:00:00,75.29333333333334
2011-02-23 21:00:00,63.25666666666667
2011-02-23 22:00:00,47.33
2011-02-23 23:00:00,27.988333333333333
2011-02-24 00:00:00,12.418333333333333
2011-02-24 01:00:00,5.631666666666667
2011-02-24 02:00:00,2.415
2011-02-24 03:00:00,1.7466666666666666
2011-02-24 05:00:00,5.258333333333334
2011-02-24 06:00:00,35.20666666666666
2011-02-24 07:00:00,94.215
2011-02-24 08:00:00,224.105
2011-02-24 09:00:00,125.85666666666667
2011-02-24 10:00:00,61.36666666666667
2011-02-24 11:00:00,81.39666666666666
2011-02-24 12:00:00,98.36333333333333
2011-02-24 13:00:00,99.36
2011-02-24 14:00:00,103.84666666666666
2011-02-24 15:00:00,39.251666666666665
2011-02-24 16:00:00,48.75333333333333
2011-02-24 17:00:00,195.3
2011-02-24 18:00:00,173.04
2011-02-24 19:00:00,48.446666666666665
2011-02-24 20:00:00,84.76333333333334
2011-02-24 21:00:00,60.28
2011-02-24 22:00:00,39.86
2011-02-24 23:00:00,36.89833333333333
2011-02-25 00:00:00,13.726666666666667
2011-02-25 01:00:00,11.545
2011-02-25 02:00:00,9.121666666666666
2011-02-25 03:00:00,2.381666666666667
2011-02-25 05:00:00,8.823333333333334
2011-02-25 06:00:00,33.695
2011-02-25 07:00:00,56.52166666666667
2011-02-25 08:00:00,198.10666666666665
2011-02-25 09:00:00,46.19166666666667
2011-02-25 10:00:00,29.16
2011-02-25 11:00:00,127.41333333333333
2011-02-25 12:00:00,157.07
2011-02-25 13:00:00,156.22833333333332
2011-02-25 14:00:00,158.04666666666665
2011-02-25 15:00:00,164.54166666666666
2011-02-25 16:00:00,112.34833333333333
2011-02-25 17:00:00,191.99666666666667
2011-02-25 18:00:00,179.65833333333333
2011-02-25 19:00:00,106.75166666666667
2011-02-25 20:00:00,74.16666666666667
2011-02-25 21:00:00,52.858333333333334
2011-02-25 22:00:00,41.51166666666666
2011-02-25 23:00:00,31.788333333333334
2011-02-26 00:00:00,30.311666666666667
2011-02-26 01:00:00,24.073333333333334
2011-02-26 02:00:00,17.29
2011-02-26 03:00:00,12.323333333333334
2011-02-26 04:00:00,2.9916666666666667
2011-02-26 05:00:00,2.3966666666666665
2011-02-26 06:00:00,3.1816666666666666
2011-02-26 07:00:00,11.56
2011-02-26 08:00:00,24.09
2011-02-26 09:00:00,54.778333333333336
2011-02-26 10:00:00,100.66666666666667
2011-02-26 11:00:00,121.55166666666666
2011-02-26 12:00:00,122.71666666666667
2011-02-26 13:00:00,133.67
2011-02-26 14:00:00,131.425
2011-02-26 15:00:00,134.10166666666666
2011-02-26 16:00:00,132.01166666666666
2011-02-26 17:00:00,128.95666666666668
2011-02-26 18:00:00,115.10666666666667
2011-02-26 19:00:00,83.12
2011-02-26 20:00:00,63.803333333333335
2011-02-26 21:00:00,49.215
2011-02-26 22:00:00,45.60666666666667
2011-02-26 23:00:00,41.69833333333333
2011-02-27 00:00:00,35.63
2011-02-27 01:00:00,30.205
2011-02-27 02:00:00,22.128333333333334
2011-02-27 03:00:00,12.465
2011-02-27 04:00:00,5.546666666666667
2011-02-27 06:00:00,3.2533333333333334
2011-02-27 07:00:00,13.878333333333334
2011-02-27 08:00:00,33.10333333333333
2011-02-27 09:00:00,53.58
2011-02-27 10:00:00,85.24333333333334
2011-02-27 11:00:00,127.49666666666667
2011-02-27 12:00:00,148.42
2011-02-27 13:00:00,160.09833333333333
2011-02-27 14:00:00,182.405
2011-02-27 15:00:00,212.995
2011-02-27 16:00:00,252.76833333333335
2011-02-27 17:00:00,133.58
2011-02-27 18:00:00,110.255
2011-02-27 19:00:00,92.93
2011-02-27 20:00:00,82.65166666666667
2011-02-27 21:00:00,66.28666666666666
2011-02-27 22:00:00,52.885
2011-02-27 23:00:00,40.873333333333335
2011-02-28 00:00:00,15.99
2011-02-28 01:00:00,4.801666666666667
2011-02-28 03:00:00,2.1416666666666666
2011-02-28 05:00:00,9.655
2011-02-28 06:00:00,39.711666666666666
2011-02-28 07:00:00,109.95
2011-02-28 08:00:00,229.32666666666665
2011-02-28 09:00:00,115.91833333333334
2011-02-28 10:00:00,86.76
2011-02-28 11:00:00,104.48833333333333
2011-02-28 12:00:00,127.38333333333334
2011-02-28 13:00:00,83.15666666666667
2011-02-28 14:00:00,39.656666666666666
2011-02-28 15:00:00,39.135
2011-02-28 16:00:00,60.51166666666666
2011-02-28 17:00:00,177.34166666666667
2011-02-28 18:00:00,244.70166666666665
2011-02-28 19:00:00,59.82666666666667
2011-02-28 20:00:00,59.49
2011-02-28 21:00:00,64.97
2011-02-28 22:00:00,38.14833333333333
2011-02-28 23:00:00,25.61
2011-03-20 00:00:00,38.53333333333333
2011-03-20 01:00:00,33.526666666666664
2011-03-20 02:00:00,21.145
2011-03-20 03:00:00,11.923333333333334
2011-03-20 04:00:00,3.49
2011-03-20 05:00:00,3.3583333333333334
2011-03-20 06:00:00,2.99
2011-03-20 07:00:00,24.918333333333333
2011-03-20 08:00:00,46.25666666666667
2011-03-20 09:00:00,78.84166666666667
2011-03-20 10:00:00,120.64
2011-03-20 11:00:00,139.145
2011-03-20 12:00:00,152.69
2011-03-20 13:00:00,157.42166666666665
2011-03-20 14:00:00,156.77166666666668
2011-03-20 15:00:00,157.23166666666665
2011-03-20 16:00:00,150.485
2011-03-20 17:00:00,124.58166666666666
2011-03-20 18:00:00,128.95166666666665
2011-03-20 19:00:00,105.26583333333333
2011-03-20 20:00:00,92.42
2011-03-20 21:00:00,57.15833333333333
2011-03-20 22:00:00,51.67666666666667
2011-03-20 23:00:00,36.04666666666667
2011-03-21 00:00:00,11.855
2011-03-21 01:00:00,6.608333333333333
2011-03-21 02:00:00,7.203333333333333
2011-03-21 03:00:00,3.645
2011-03-21 05:00:00,4.941666666666666
2011-03-21 06:00:00,40.35333333333333
2011-03-21 07:00:00,56.18666666666667
2011-03-21 08:00:00,230.63666666666666
2011-03-21 09:00:00,115.86
2011-03-21 10:00:00,76.62833333333333
2011-03-21 11:00:00,85.835
2011-03-21 12:00:00,97.55
2011-03-21 13:00:00,126.61166666666666
2011-03-21 14:00:00,126.41833333333334
2011-03-21 15:00:00,143.05833333333334
2011-03-21 16:00:00,164.33333333333334
2011-03-21 17:00:00,347.615
2011-03-21 18:00:00,313.31166666666667
2011-03-21 19:00:00,198.53666666666666
2011-03-21 20:00:00,167.47833333333332
2011-03-21 21:00:00,99.27666666666667
2011-03-21 22:00:00,84.04833333333333
2011-03-21 23:00:00,66.965
2011-03-22 00:00:00,30.435
2011-03-22 01:00:00,8.281666666666666
2011-03-22 02:00:00,7.386666666666667
2011-03-22 03:00:00,3.6433333333333335
2011-03-22 04:00:00,3.35
2011-03-22 05:00:00,11.99
2011-03-22 06:00:00,44.35666666666667
2011-03-22 07:00:00,125.24833333333333
2011-03-22 08:00:00,271.125
2011-03-22 09:00:00,127.22
2011-03-22 10:00:00,97.665
2011-03-22 11:00:00,98.63166666666666
2011-03-22 12:00:00,129.47
2011-03-22 13:00:00,113.84666666666666
2011-03-22 14:00:00,113.425
2011-03-22 15:00:00,116.95833333333333
2011-03-22 16:00:00,162.21833333333333
2011-03-22 17:00:00,321.27666666666664
2011-03-22 18:00:00,302.71666666666664
2011-03-22 19:00:00,159.12666666666667
2011-03-22 20:00:00,137.11
2011-03-22 21:00:00,89.37
2011-03-22 22:00:00,63.69
2011-03-22 23:00:00,35.611666666666665
2011-03-23 00:00:00,15.646666666666667
2011-03-23 01:00:00,7.548333333333333
2011-03-23 02:00:00,4.623333333333333
2011-03-23 03:00:00,3.066666666666667
2011-03-23 05:00:00,7.698333333333333
2011-03-23 06:00:00,46.42666666666667
2011-03-23 07:00:00,108.03166666666667
2011-03-23 08:00:00,256.05
2011-03-23 09:00:00,132.90333333333334
2011-03-23 10:00:00,70.54666666666667
2011-03-23 11:00:00,72.48333333333333
2011-03-23 12:00:00,79.805
2011-03-23 13:00:00,61.72833333333333
2011-03-23 14:00:00,81.88333333333334
2011-03-23 15:00:00,85.90833333333333
2011-03-23 16:00:00,133.54
2011-03-23 17:00:00,258.3383333333333
2011-03-23 18:00:00,174.43666666666667
2011-03-23 19:00:00,53.4
2011-03-23 20:00:00,48.126666666666665
2011-03-23 21:00:00,51.44166666666667
2011-03-23 22:00:00,35.3
2011-03-23 23:00:00,27.418333333333333
2011-03-24 00:00:00,11.198333333333334
2011-03-24 01:00:00,6.458333333333333
2011-03-24 02:00:00,4.975
2011-03-24 03:00:00,2.546666666666667
2011-03-24 04:00:00,2.005
2011-03-24 05:00:00,6.735
2011-03-24 06:00:00,39.43666666666667
2011-03-24 07:00:00,65.29166666666667
2011-03-24 08:00:00,155.285
2011-03-24 09:00:00,140.915
2011-03-24 10:00:00,59.205
2011-03-24 11:00:00,70.24
2011-03-24 12:00:00,87.69666666666667
2011-03-24 13:00:00,92.50833333333334
2011-03-24 14:00:00,89.12666666666667
2011-03-24 15:00:00,84.10333333333334
2011-03-24 16:00:00,99.345
2011-03-24 17:00:00,237.865
2011-03-24 18:00:00,206.34666666666666
2011-03-24 19:00:00,113.70833333333333
2011-03-24 20:00:00,79.09666666666666
2011-03-24 21:00:00,57.08833333333333
2011-03-24 22:00:00,46.626666666666665
2011-03-24 23:00:00,30.988333333333333
2011-03-25 00:00:00,14.325
2011-03-25 01:00:00,5.346666666666667
2011-03-25 02:00:00,2.5483333333333333
2011-03-25 03:00:00,2.4116666666666666
2011-03-25 04:00:00,1.695
2011-03-25 05:00:00,7.451666666666667
2011-03-25 06:00:00,39.211666666666666
2011-03-25 07:00:00,105.02666666666667
2011-03-25 08:00:00,238.90166666666667
2011-03-25 09:00:00,139.94666666666666
2011-03-25 10:00:00,77.01166666666667
2011-03-25 11:00:00,85.57166666666667
2011-03-25 12:00:00,94.77777777777777
2011-03-25 13:00:00,91.16
2011-03-25 14:00:00,106.35833333333333
2011-03-25 15:00:00,96.90444444444444
2011-03-25 16:00:00,122.2075
2011-03-25 17:00:00,223.00333333333333
2011-03-25 18:00:00,218.97333333333333
2011-03-25 19:00:00,114.11333333333333
2011-03-25 20:00:00,84.15666666666667
2011-03-25 21:00:00,61.141666666666666
2011-03-25 22:00:00,45.858333333333334
2011-03-25 23:00:00,32.64333333333333
2011-03-26 00:00:00,33.19166666666667
2011-03-26 01:00:00,28.65
2011-03-26 02:00:00,16.903333333333332
2011-03-26 03:00:00,9.831666666666667
2011-03-26 04:00:00,3.5283333333333333
2011-03-26 05:00:00,3.305
2011-03-26 06:00:00,5.651666666666666
2011-03-26 07:00:00,27.091666666666665
2011-03-26 08:00:00,36.88166666666667
2011-03-26 09:00:00,63.723333333333336
2011-03-26 10:00:00,88.40833333333333
2011-03-26 11:00:00,90.9
2011-03-26 12:00:00,111.60333333333334
2011-03-26 13:00:00,121.98777777777777
2011-03-26 14:00:00,138.72
2011-03-26 15:00:00,147.04166666666666
2011-03-26 16:00:00,136.45166666666665
2011-03-26 17:00:00,114.79166666666667
2011-03-26 18:00:00,105.19666666666667
2011-03-26 19:00:00,66.8
2011-03-26 20:00:00,59.83833333333333
2011-03-26 21:00:00,52.32333333333333
2011-03-26 22:00:00,44.486666666666665
2011-03-26 23:00:00,32.79666666666667
2011-03-27 00:00:00,35.31
2011-03-27 01:00:00,25.235
2011-03-27 02:00:00,19.546666666666667
2011-03-27 03:00:00,11.62
2011-03-27 04:00:00,5.125
2011-03-27 06:00:00,5.336666666666667
2011-03-27 07:00:00,28.173333333333332
2011-03-27 08:00:00,32.623333333333335
2011-03-27 09:00:00,54.98166666666667
2011-03-27 10:00:00,77.45166666666667
2011-03-27 11:00:00,80.98833333333333
2011-03-27 12:00:00,87.44833333333334
2011-03-27 13:00:00,112.02166666666666
2011-03-27 14:00:00,122.545
2011-03-27 15:00:00,121.9561111111111
2011-03-27 16:00:00,155.07166666666666
2011-03-27 17:00:00,119.58666666666667
2011-03-27 18:00:00,97.26166666666667
2011-03-27 19:00:00,81.86166666666666
2011-03-27 20:00:00,50.653333333333336
2011-03-27 21:00:00,42.675
2011-03-27 22:00:00,39.55166666666667
2011-03-27 23:00:00,31.621666666666666
2011-03-28 00:00:00,9.918333333333333
2011-03-28 01:00:00,4.446666666666666
2011-03-28 02:00:00,2.8366666666666664
2011-03-28 03:00:00,2.0183333333333335
2011-03-28 05:00:00,6.135
2011-03-28 06:00:00,39.721666666666664
2011-03-28 07:00:00,103.505
2011-03-28 08:00:00,238.205
2011-03-28 09:00:00,129.34166666666667
2011-03-28 10:00:00,63.80833333333333
2011-03-28 11:00:00,61.66833333333334
2011-03-28 12:00:00,74.645
2011-03-28 13:00:00,79.35
2011-03-28 14:00:00,84.44333333333333
2011-03-28 15:00:00,87.42
2011-03-28 16:00:00,117.395
2011-03-28 17:00:00,240.77333333333334
2011-03-28 18:00:00,227.71333333333334
2011-03-28 19:00:00,122.98
2011-03-28 20:00:00,95.00833333333334
2011-03-28 21:00:00,61.82
2011-03-28 22:00:00,46.17666666666667
2011-03-28 23:00:00,28.101666666666667
2011-03-29 00:00:00,11.953333333333333
2011-03-29 01:00:00,2.703333333333333
2011-03-29 02:00:00,3.3383333333333334
2011-03-29 03:00:00,2.5633333333333335
2011-03-29 04:00:00,1.5633333333333332
2011-03-29 05:00:00,5.56
2011-03-29 06:00:00,42.38333333333333
2011-03-29 07:00:00,109.32333333333334
2011-03-29 08:00:00,242.055
2011-03-29 09:00:00,137.405
2011-03-29 10:00:00,72.01666666666667
2011-03-29 11:00:00,79.61333333333333
2011-03-29 12:00:00,92.41722222222221
2011-03-29 13:00:00,88.40166666666667
2011-03-29 14:00:00,94.64333333333333
2011-03-29 15:00:00,98.56333333333333
2011-03-29 16:00:00,117.30333333333333
2011-03-29 17:00:00,260.25
2011-03-29 18:00:00,244.15
2011-03-29 19:00:00,139.93666666666667
2011-03-29 20:00:00,111.86166666666666
2011-03-29 21:00:00,76.10166666666667
2011-03-29 22:00:00,58.126666666666665
2011-03-29 23:00:00,26.848333333333333
2011-03-30 00:00:00,15.17
2011-03-30 01:00:00,8.443333333333333
2011-03-30 02:00:00,4.371666666666667
2011-03-30 03:00:00,3.37
2011-03-30 04:00:00,3.2133333333333334
2011-03-30 05:00:00,7.35
2011-03-30 06:00:00,45.806666666666665
2011-03-30 07:00:00,125.88833333333334
2011-03-30 08:00:00,265.59833333333336
2011-03-30 09:00:00,141.31666666666666
2011-03-30 10:00:00,80.375
2011-03-30 11:00:00,80.565
2011-03-30 12:00:00,90.6
2011-03-30 13:00:00,93.13833333333334
2011-03-30 14:00:00,87.79166666666667
2011-03-30 15:00:00,44.79
2011-03-30 16:00:00,53.66
2011-03-30 17:00:00,168.68333333333334
2011-03-30 18:00:00,191.17333333333335
2011-03-30 19:00:00,91.37166666666667
2011-03-30 20:00:00,47.92
2011-03-30 21:00:00,60.64833333333333
2011-03-30 22:00:00,37.235
2011-03-30 23:00:00,26.086666666666666
2011-03-31 00:00:00,6.255
2011-03-31 01:00:00,4.78
2011-03-31 02:00:00,4.298333333333333
2011-03-31 03:00:00,2.83
2011-03-31 04:00:00,2.441666666666667
2011-03-31 05:00:00,7.945
2011-03-31 06:00:00,29.721666666666668
2011-03-31 07:00:00,67.415
2011-03-31 08:00:00,222.43833333333333
2011-03-31 09:00:00,82.61833333333334
2011-03-31 10:00:00,43.69
2011-03-31 11:00:00,46.955
2011-03-31 12:00:00,52.075
2011-03-31 13:00:00,61.111666666666665
2011-03-31 14:00:00,61.711666666666666
2011-03-31 15:00:00,40.843333333333334
2011-03-31 16:00:00,91.125
2011-03-31 17:00:00,214.42
2011-03-31 18:00:00,210.97166666666666
2011-03-31 19:00:00,104.99
2011-03-31 20:00:00,49.27
2011-03-31 21:00:00,58.291666666666664
2011-03-31 22:00:00,39.015
2011-03-31 23:00:00,36.931666666666665
2011-04-20 00:00:00,29.606666666666666
2011-04-20 01:00:00,7.266666666666667
2011-04-20 02:00:00,7.816666666666666
2011-04-20 03:00:00,3.763333333333333
2011-04-20 04:00:00,3.9833333333333334
2011-04-20 05:00:00,12.795
2011-04-20 06:00:00,46.60166666666667
2011-04-20 07:00:00,120.92333333333333
2011-04-20 08:00:00,373.81333333333333
2011-04-20 09:00:00,179.27333333333334
2011-04-20 10:00:00,117.48333333333333
2011-04-20 11:00:00,127.72166666666666
2011-04-20 12:00:00,144.005
2011-04-20 13:00:00,142.16666666666666
2011-04-20 14:00:00,137.74666666666667
2011-04-20 15:00:00,138.97333333333333
2011-04-20 16:00:00,221.01666666666668
2011-04-20 17:00:00,371.1816666666667
2011-04-20 18:00:00,367.43833333333333
2011-04-20 19:00:00,254.65333333333334
2011-04-20 20:00:00,177.02166666666668
2011-04-20 21:00:00,150.19333333333333
2011-04-20 22:00:00,125.68833333333333
2011-04-20 23:00:00,90.29
2011-04-21 00:00:00,32.985
2011-04-21 01:00:00,16.38
2011-04-21 02:00:00,12.675
2011-04-21 03:00:00,4.44
2011-04-21 04:00:00,3.8133333333333335
2011-04-21 05:00:00,8.135
2011-04-21 06:00:00,48.045
2011-04-21 07:00:00,143.75
2011-04-21 08:00:00,281.105
2011-04-21 09:00:00,153.02833333333334
2011-04-21 10:00:00,114.35666666666667
2011-04-21 11:00:00,130.23
2011-04-21 12:00:00,141.065
2011-04-21 13:00:00,126.025
2011-04-21 14:00:00,124.27
2011-04-21 15:00:00,127.50166666666667
2011-04-21 16:00:00,184.3
2011-04-21 17:00:00,329.92333333333335
2011-04-21 18:00:00,317.455
2011-04-21 19:00:00,189.33166666666668
2011-04-21 20:00:00,190.415
2011-04-21 21:00:00,107.24666666666667
2011-04-21 22:00:00,80.49333333333334
2011-04-21 23:00:00,48.93
2011-04-22 00:00:00,26.135
2011-04-22 01:00:00,19.06833333333333
2011-04-22 02:00:00,8.911666666666667
2011-04-22 03:00:00,5.823333333333333
2011-04-22 04:00:00,4.471666666666667
2011-04-22 05:00:00,8.22
2011-04-22 06:00:00,52.045
2011-04-22 07:00:00,126.78666666666666
2011-04-22 08:00:00,271.435
2011-04-22 09:00:00,101.55833333333334
2011-04-22 10:00:00,119.94
2011-04-22 11:00:00,93.335
2011-04-22 12:00:00,108.11666666666666
2011-04-22 13:00:00,62.75
2011-04-22 14:00:00,29.093333333333334
2011-04-22 15:00:00,63.49666666666667
2011-04-22 16:00:00,93.29333333333334
2011-04-22 17:00:00,153.78333333333333
2011-04-22 18:00:00,118.09833333333333
2011-04-22 19:00:00,74.135
2011-04-22 20:00:00,71.29666666666667
2011-04-22 21:00:00,59.965
2011-04-22 22:00:00,49.56
2011-04-22 23:00:00,50.145
2011-04-23 00:00:00,31.43166666666667
2011-04-23 01:00:00,25.238333333333333
2011-04-23 02:00:00,23.418333333333333
2011-04-23 03:00:00,17.32
2011-04-23 04:00:00,7.211666666666667
2011-04-23 05:00:00,7.083333333333333
2011-04-23 06:00:00,14.893333333333333
2011-04-23 07:00:00,77.46666666666667
2011-04-23 08:00:00,49.78666666666667
2011-04-23 09:00:00,81.38833333333334
2011-04-23 10:00:00,140.87333333333333
2011-04-23 11:00:00,113.23166666666667
2011-04-23 12:00:00,130.72833333333332
2011-04-23 13:00:00,139.13
2011-04-23 14:00:00,246.16666666666666
2011-04-23 15:00:00,273.325
2011-04-23 16:00:00,303.94166666666666
2011-04-23 17:00:00,282.895
2011-04-23 18:00:00,227.96833333333333
2011-04-23 19:00:00,177.905
2011-04-23 20:00:00,137.65666666666667
2011-04-23 21:00:00,130.14333333333335
2011-04-23 22:00:00,118.29833333333333
2011-04-23 23:00:00,84.975
2011-04-24 00:00:00,43.358333333333334
2011-04-24 01:00:00,34.10166666666667
2011-04-24 02:00:00,29.485
2011-04-24 03:00:00,28.378333333333334
2011-04-24 04:00:00,10.205
2011-04-24 05:00:00,10.946666666666667
2011-04-24 06:00:00,15.951666666666666
2011-04-24 07:00:00,73.98333333333333
2011-04-24 08:00:00,101.665
2011-04-24 09:00:00,137.28666666666666
2011-04-24 10:00:00,245.04833333333335
2011-04-24 11:00:00,376.8983333333333
2011-04-24 12:00:00,393.83666666666664
2011-04-24 13:00:00,385.3821527777778
2011-04-24 14:00:00,390.8233333333333
2011-04-24 15:00:00,398.19208333333336
2011-04-24 16:00:00,386.0229999999999
2011-04-24 17:00:00,396.91
2011-04-24 18:00:00,361.54833333333335
2011-04-24 19:00:00,189.66
2011-04-24 20:00:00,161.46333333333334
2011-04-24 21:00:00,89.07666666666667
2011-04-24 22:00:00,56.82333333333333
2011-04-24 23:00:00,56.94166666666667
2011-04-25 00:00:00,27.096666666666668
2011-04-25 01:00:00,13.695
2011-04-25 02:00:00,8.241666666666667
2011-04-25 03:00:00,4.65
2011-04-25 04:00:00,4.121666666666667
2011-04-25 05:00:00,14.251666666666667
2011-04-25 06:00:00,56.583333333333336
2011-04-25 07:00:00,168.97166666666666
2011-04-25 08:00:00,396.83666666666664
2011-04-25 09:00:00,162.93166666666667
2011-04-25 10:00:00,116.015
2011-04-25 11:00:00,128.47166666666666
2011-04-25 12:00:00,145.07666666666665
2011-04-25 13:00:00,147.52833333333334
2011-04-25 14:00:00,149.16666666666666
2011-04-25 15:00:00,149.37
2011-04-25 16:00:00,227.23666666666668
2011-04-25 17:00:00,383.895
2011-04-25 18:00:00,379.78833333333336
2011-04-25 19:00:00,242.03666666666666
2011-04-25 20:00:00,179.33333333333334
2011-04-25 21:00:00,151.95
2011-04-25 22:00:00,99.78333333333333
2011-04-25 23:00:00,60.785
2011-04-26 00:00:00,27.07
2011-04-26 01:00:00,13.091666666666667
2011-04-26 02:00:00,5.68
2011-04-26 03:00:00,3.6616666666666666
2011-04-26 04:00:00,4.381666666666667
2011-04-26 05:00:00,9.206666666666667
2011-04-26 06:00:00,53.045
2011-04-26 07:00:00,186.73166666666665
2011-04-26 08:00:00,403.54
2011-04-26 09:00:00,173.20833333333334
2011-04-26 10:00:00,113.92833333333333
2011-04-26 11:00:00,126.40333333333334
2011-04-26 12:00:00,140.60166666666666
2011-04-26 13:00:00,143.14666666666668
2011-04-26 14:00:00,139.83166666666668
2011-04-26 15:00:00,137.675
2011-04-26 16:00:00,226.65166666666667
2011-04-26 17:00:00,380.29333333333335
2011-04-26 18:00:00,377.30833333333334
2011-04-26 19:00:00,228.7
2011-04-26 20:00:00,172.45833333333334
2011-04-26 21:00:00,150.11833333333334
2011-04-26 22:00:00,120.52166666666666
2011-04-26 23:00:00,63.916666666666664
2011-04-27 00:00:00,25.688333333333333
2011-04-27 01:00:00,14.745
2011-04-27 02:00:00,6.3116666666666665
2011-04-27 03:00:00,3.651666666666667
2011-04-27 04:00:00,4.248333333333333
2011-04-27 05:00:00,9.043333333333333
2011-04-27 06:00:00,52.61666666666667
2011-04-27 07:00:00,181.13
2011-04-27 08:00:00,389.8016666666667
2011-04-27 09:00:00,145.42
2011-04-27 10:00:00,96.08333333333333
2011-04-27 11:00:00,96.025
2011-04-27 12:00:00,127.11666666666666
2011-04-27 13:00:00,113.94166666666666
2011-04-27 14:00:00,134.22833333333332
2011-04-27 15:00:00,134.48166666666665
2011-04-27 16:00:00,222.85166666666666
2011-04-27 17:00:00,374.69166666666666
2011-04-27 18:00:00,371.31333333333333
2011-04-27 19:00:00,214.43166666666667
2011-04-27 20:00:00,166.035
2011-04-27 21:00:00,129.86
2011-04-27 22:00:00,100.31333333333333
2011-04-27 23:00:00,64.70833333333333
2011-04-28 00:00:00,31.866666666666667
2011-04-28 01:00:00,15.573333333333334
2011-04-28 02:00:00,8.766666666666667
2011-04-28 03:00:00,5.105
2011-04-28 04:00:00,4.44
2011-04-28 05:00:00,9.21
2011-04-28 06:00:00,55.58
2011-04-28 07:00:00,180.76833333333335
2011-04-28 08:00:00,386.92833333333334
2011-04-28 09:00:00,148.55166666666668
2011-04-28 10:00:00,104.55166666666666
2011-04-28 11:00:00,103.51166666666667
2011-04-28 12:00:00,114.01166666666667
2011-04-28 13:00:00,117.27
2011-04-28 14:00:00,113.12333333333333
2011-04-28 15:00:00,139.87166666666667
2011-04-28 16:00:00,188.51333333333332
2011-04-28 17:00:00,370.6383333333333
2011-04-28 18:00:00,368.3333333333333
2011-04-28 19:00:00,220.18
2011-04-28 20:00:00,183.21833333333333
2011-04-28 21:00:00,150.03333333333333
2011-04-28 22:00:00,113.71333333333334
2011-04-28 23:00:00,85.6
2011-04-29 00:00:00,40.596666666666664
2011-04-29 01:00:00,22.573333333333334
2011-04-29 02:00:00,15.31
2011-04-29 03:00:00,6.475
2011-04-29 04:00:00,4.993333333333333
2011-04-29 05:00:00,12.513333333333334
2011-04-29 06:00:00,54.25333333333333
2011-04-29 07:00:00,199.52833333333334
2011-04-29 08:00:00,352.055
2011-04-29 09:00:00,192.44333333333333
2011-04-29 10:00:00,144.305
2011-04-29 11:00:00,174.685
2011-04-29 12:00:00,183.41666666666666
2011-04-29 13:00:00,184.06833333333333
2011-04-29 14:00:00,190.62666666666667
2011-04-29 15:00:00,179.35
2011-04-29 16:00:00,191.98
2011-04-29 17:00:00,329.35333333333335
2011-04-29 18:00:00,334.32
2011-04-29 19:00:00,202.29166666666666
2011-04-29 20:00:00,166.97166666666666
2011-04-29 21:00:00,131.59833333333333
2011-04-29 22:00:00,91.41166666666666
2011-04-29 23:00:00,60.61833333333333
2011-04-30 00:00:00,35.115
2011-04-30 01:00:00,30.023333333333333
2011-04-30 02:00:00,25.656666666666666
2011-04-30 03:00:00,19.761666666666667
2011-04-30 04:00:00,6.27
2011-04-30 05:00:00,5.966666666666667
2011-04-30 06:00:00,20.64666666666667
2011-04-30 07:00:00,63.415
2011-04-30 08:00:00,86.22166666666666
2011-04-30 09:00:00,172.825
2011-04-30 10:00:00,250.45833333333334
2011-04-30 11:00:00,277.27
2011-04-30 12:00:00,313.01
2011-04-30 13:00:00,317.34
2011-04-30 14:00:00,312.42333333333335
2011-04-30 15:00:00,312.64
2011-04-30 16:00:00,316.54
2011-04-30 17:00:00,278.76166666666666
2011-04-30 18:00:00,262.87333333333333
2011-04-30 19:00:00,224.48166666666665
2011-04-30 20:00:00,157.76166666666666
2011-04-30 21:00:00,104.94333333333333
2011-04-30 22:00:00,83.34333333333333
2011-04-30 23:00:00,63.266666666666666
2011-05-20 00:00:00,45.555
2011-05-20 01:00:00,23.748333333333335
2011-05-20 02:00:00,13.51
2011-05-20 03:00:00,5.651111111111111
2011-05-20 04:00:00,5.223333333333334
2011-05-20 05:00:00,24.82
2011-05-20 06:00:00,86.56833333333333
2011-05-20 07:00:00,270.65
2011-05-20 08:00:00,471.4433333333333
2011-05-20 09:00:00,214.16333333333333
2011-05-20 10:00:00,162.38166666666666
2011-05-20 11:00:00,179.91
2011-05-20 12:00:00,243.765
2011-05-20 13:00:00,223.005
2011-05-20 14:00:00,238.535
2011-05-20 15:00:00,249.39166666666668
2011-05-20 16:00:00,345.73833333333334
2011-05-20 17:00:00,461.96166666666664
2011-05-20 18:00:00,478.06666666666666
2011-05-20 19:00:00,352.0233333333333
2011-05-20 20:00:00,222.91
2011-05-20 21:00:00,201.54333333333332
2011-05-20 22:00:00,141.44333333333333
2011-05-20 23:00:00,112.79333333333334
2011-05-21 00:00:00,96.63833333333334
2011-05-21 01:00:00,71.37666666666667
2011-05-21 02:00:00,56.25
2011-05-21 03:00:00,27.391666666666666
2011-05-21 04:00:00,7.783333333333333
2011-05-21 05:00:00,9.018333333333333
2011-05-21 06:00:00,18.321666666666665
2011-05-21 07:00:00,62.22666666666667
2011-05-21 08:00:00,128.975
2011-05-21 09:00:00,213.72833333333332
2011-05-21 10:00:00,278.4683333333333
2011-05-21 11:00:00,376.60833333333335
2011-05-21 12:00:00,388.01944444444445
2011-05-21 13:00:00,395.98594444444444
2011-05-21 14:00:00,394.9958611111111
2011-05-21 15:00:00,403.775
2011-05-21 16:00:00,389.3961111111111
2011-05-21 17:00:00,386.45138888888886
2011-05-21 18:00:00,358.6663888888889
2011-05-21 19:00:00,329.76416666666665
2011-05-21 20:00:00,226.34
2011-05-21 21:00:00,186.22666666666666
2011-05-21 22:00:00,139.45333333333335
2011-05-21 23:00:00,113.61
2011-05-22 00:00:00,104.175
2011-05-22 01:00:00,67.30666666666667
2011-05-22 02:00:00,56.03666666666667
2011-05-22 03:00:00,31.343333333333334
2011-05-22 04:00:00,12.041666666666666
2011-05-22 05:00:00,12.625
2011-05-22 06:00:00,13.39
2011-05-22 07:00:00,58.64333333333333
2011-05-22 08:00:00,94.05
2011-05-22 09:00:00,183.75666666666666
2011-05-22 10:00:00,274.60833333333335
2011-05-22 11:00:00,379.0366666666667
2011-05-22 12:00:00,386.4372222222222
2011-05-22 13:00:00,394.57166666666666
2011-05-22 14:00:00,366.8666666666667
2011-05-22 15:00:00,404.70666666666665
2011-05-22 16:00:00,400.86566666666664
2011-05-22 17:00:00,401.1269861111111
2011-05-22 18:00:00,378.25
2011-05-22 19:00:00,347.52666666666664
2011-05-22 20:00:00,236.61333333333334
2011-05-22 21:00:00,177.90166666666667
2011-05-22 22:00:00,126.415
2011-05-22 23:00:00,96.14333333333333
2011-05-23 00:00:00,27.796666666666667
2011-05-23 01:00:00,15.465
2011-05-23 02:00:00,7.0216666666666665
2011-05-23 03:00:00,4.61
2011-05-23 04:00:00,5.8933333333333335
2011-05-23 05:00:00,19.755
2011-05-23 06:00:00,96.47
2011-05-23 07:00:00,225.05166666666668
2011-05-23 08:00:00,376.645
2011-05-23 09:00:00,185.07
2011-05-23 10:00:00,122.04166666666667
2011-05-23 11:00:00,150.605
2011-05-23 12:00:00,186.50166666666667
2011-05-23 13:00:00,183.96833333333333
2011-05-23 14:00:00,163.03833333333333
2011-05-23 15:00:00,165.775
2011-05-23 16:00:00,282.06166666666667
2011-05-23 17:00:00,461.235
2011-05-23 18:00:00,502.985
2011-05-23 19:00:00,378.1166666666667
2011-05-23 20:00:00,214.39666666666668
2011-05-23 21:00:00,132.86333333333334
2011-05-23 22:00:00,118.69666666666667
2011-05-23 23:00:00,69.07833333333333
2011-05-24 00:00:00,29.97833333333333
2011-05-24 01:00:00,14.56
2011-05-24 02:00:00,17.908333333333335
2011-05-24 03:00:00,4.805
2011-05-24 04:00:00,5.338333333333333
2011-05-24 05:00:00,20.606666666666666
2011-05-24 06:00:00,111.25333333333333
2011-05-24 07:00:00,167.185
2011-05-24 08:00:00,431.41
2011-05-24 09:00:00,206.85833333333332
2011-05-24 10:00:00,120.45
2011-05-24 11:00:00,145.82166666666666
2011-05-24 12:00:00,183.50666666666666
2011-05-24 13:00:00,187.43666666666667
2011-05-24 14:00:00,165.87583333333333
2011-05-24 15:00:00,174.51
2011-05-24 16:00:00,288.085
2011-05-24 17:00:00,496.14666666666665
2011-05-24 18:00:00,497.37
2011-05-24 19:00:00,364.78
2011-05-24 20:00:00,285.62
2011-05-24 21:00:00,215.25
2011-05-24 22:00:00,90.58333333333333
2011-05-24 23:00:00,81.17666666666666
2011-05-25 00:00:00,26.606666666666666
2011-05-25 01:00:00,13.666666666666666
2011-05-25 02:00:00,10.21
2011-05-25 03:00:00,4.886666666666667
2011-05-25 04:00:00,5.155
2011-05-25 05:00:00,21.69333333333333
2011-05-25 06:00:00,104.41166666666666
2011-05-25 07:00:00,299.4033333333333
2011-05-25 08:00:00,451.9483333333333
2011-05-25 09:00:00,207.08166666666668
2011-05-25 10:00:00,127.525
2011-05-25 11:00:00,145.495
2011-05-25 12:00:00,195.1497222222222
2011-05-25 13:00:00,185.39055555555555
2011-05-25 14:00:00,161.03
2011-05-25 15:00:00,167.5947619047619
2011-05-25 16:00:00,292.18833333333333
2011-05-25 17:00:00,545.1916666666667
2011-05-25 18:00:00,520.2533333333333
2011-05-25 19:00:00,394.7366666666667
2011-05-25 20:00:00,315.1383333333333
2011-05-25 21:00:00,201.85833333333332
2011-05-25 22:00:00,144.31
2011-05-25 23:00:00,86.27333333333333
2011-05-26 00:00:00,59.655
2011-05-26 01:00:00,25.74
2011-05-26 02:00:00,10.615
2011-05-26 03:00:00,4.808333333333334
2011-05-26 04:00:00,5.195
2011-05-26 05:00:00,20.38
2011-05-26 06:00:00,88.12833333333333
2011-05-26 07:00:00,193.94833333333332
2011-05-26 08:00:00,409.095
2011-05-26 09:00:00,203.86833333333334
2011-05-26 10:00:00,118.74333333333334
2011-05-26 11:00:00,149.665
2011-05-26 12:00:00,188.64
2011-05-26 13:00:00,166.13
2011-05-26 14:00:00,162.24833333333333
2011-05-26 15:00:00,162.205
2011-05-26 16:00:00,269.5833333333333
2011-05-26 17:00:00,526.7133333333334
2011-05-26 18:00:00,508.8333333333333
2011-05-26 19:00:00,363.995
2011-05-26 20:00:00,301.045
2011-05-26 21:00:00,201.37333333333333
2011-05-26 22:00:00,145.01666666666668
2011-05-26 23:00:00,117.84166666666667
2011-05-27 00:00:00,65.745
2011-05-27 01:00:00,25.576666666666668
2011-05-27 02:00:00,15.275
2011-05-27 03:00:00,5.934722222222222
2011-05-27 04:00:00,5.690833333333333
2011-05-27 05:00:00,27.346666666666668
2011-05-27 06:00:00,102.14833333333333
2011-05-27 07:00:00,282.595
2011-05-27 08:00:00,462.5
2011-05-27 09:00:00,221.13333333333333
2011-05-27 10:00:00,161.67166666666665
2011-05-27 11:00:00,168.54833333333335
2011-05-27 12:00:00,220.29166666666666
2011-05-27 13:00:00,218.46166666666667
2011-05-27 14:00:00,214.26833333333335
2011-05-27 15:00:00,218.47833333333332
2011-05-27 16:00:00,326.75
2011-05-27 17:00:00,526.5316666666666
2011-05-27 18:00:00,459.94166666666666
2011-05-27 19:00:00,279.085
2011-05-27 20:00:00,222.21166666666667
2011-05-27 21:00:00,169.59
2011-05-27 22:00:00,140.865
2011-05-27 23:00:00,117.81
2011-05-28 00:00:00,104.99666666666667
2011-05-28 01:00:00,83.535
2011-05-28 02:00:00,56.596666666666664
2011-05-28 03:00:00,27.39666666666667
2011-05-28 04:00:00,9.111666666666666
2011-05-28 05:00:00,10.908333333333333
2011-05-28 06:00:00,23.376666666666665
2011-05-28 07:00:00,64.52833333333334
2011-05-28 08:00:00,113.91
2011-05-28 09:00:00,215.95166666666665
2011-05-28 10:00:00,293.89
2011-05-28 11:00:00,381.0183333333333
2011-05-28 12:00:00,383.1794444444444
2011-05-28 13:00:00,407.79375
2011-05-28 14:00:00,391.07166666666666
2011-05-28 15:00:00,413.4338888888889
2011-05-28 16:00:00,401.98
2011-05-28 17:00:00,404.0220833333333
2011-05-28 18:00:00,360.8833333333333
2011-05-28 19:00:00,322.2366666666667
2011-05-28 20:00:00,256.44666666666666
2011-05-28 21:00:00,204.08333333333334
2011-05-28 22:00:00,172.655
2011-05-28 23:00:00,133.33
2011-05-29 00:00:00,110.56
2011-05-29 01:00:00,85.525
2011-05-29 02:00:00,59.445
2011-05-29 03:00:00,27.716666666666665
2011-05-29 04:00:00,9.838333333333333
2011-05-29 05:00:00,11.66
2011-05-29 06:00:00,15.401666666666667
2011-05-29 07:00:00,43.56
2011-05-29 08:00:00,73.76333333333334
2011-05-29 09:00:00,112.22
2011-05-29 10:00:00,225.84
2011-05-29 11:00:00,258.115
2011-05-29 12:00:00,296.9
2011-05-29 13:00:00,410.57666666666665
2011-05-29 14:00:00,397.3983333333333
2011-05-29 15:00:00,392.94
2011-05-29 16:00:00,392.39
2011-05-29 17:00:00,389.44055555555553
2011-05-29 18:00:00,262.9216666666667
2011-05-29 19:00:00,258.98
2011-05-29 20:00:00,207.765
2011-05-29 21:00:00,163.52833333333334
2011-05-29 22:00:00,124.005
2011-05-29 23:00:00,118.36166666666666
2011-05-30 00:00:00,94.43833333333333
2011-05-30 01:00:00,75.07333333333334
2011-05-30 02:00:00,42.45
2011-05-30 03:00:00,22.121666666666666
2011-05-30 04:00:00,13.668333333333333
2011-05-30 05:00:00,11.118333333333334
2011-05-30 06:00:00,54.89333333333333
2011-05-30 07:00:00,82.50166666666667
2011-05-30 08:00:00,138.27166666666668
2011-05-30 09:00:00,212.03
2011-05-30 10:00:00,290.39
2011-05-30 11:00:00,379.7916666666667
2011-05-30 12:00:00,380.4716666666667
2011-05-30 13:00:00,389.7966666666667
2011-05-30 14:00:00,400.28333333333336
2011-05-30 15:00:00,374.3066666666667
2011-05-30 16:00:00,381.13666666666666
2011-05-30 17:00:00,380.7461111111111
2011-05-30 18:00:00,370.4244444444445
2011-05-30 19:00:00,274.75166666666667
2011-05-30 20:00:00,370.4316666666667
2011-05-30 21:00:00,313.6666666666667
2011-05-30 22:00:00,206.03666666666666
2011-05-30 23:00:00,121.46833333333333
2011-05-31 00:00:00,33.336666666666666
2011-05-31 01:00:00,17.82
2011-05-31 02:00:00,8.911666666666667
2011-05-31 03:00:00,3.775
2011-05-31 04:00:00,5.255
2011-05-31 05:00:00,21.605
2011-05-31 06:00:00,109.37166666666667
2011-05-31 07:00:00,296.98333333333335
2011-05-31 08:00:00,446.24666666666667
2011-05-31 09:00:00,184.85833333333332
2011-05-31 10:00:00,127.55166666666666
2011-05-31 11:00:00,133.75333333333333
2011-05-31 12:00:00,153.77333333333334
2011-05-31 13:00:00,147.58166666666668
2011-05-31 14:00:00,141.27
2011-05-31 15:00:00,145.72333333333333
2011-05-31 16:00:00,240.04833333333335
2011-05-31 17:00:00,510.4583333333333
2011-05-31 18:00:00,507.725
2011-05-31 19:00:00,363.74666666666667
2011-05-31 20:00:00,280.775
2011-05-31 21:00:00,216.44166666666666
2011-05-31 22:00:00,139.22
2011-05-31 23:00:00,76.70666666666666
2011-06-20 00:00:00,30.808333333333334
2011-06-20 01:00:00,15.776666666666667
2011-06-20 02:00:00,7.663333333333333
2011-06-20 03:00:00,4.126666666666667
2011-06-20 04:00:00,5.263333333333334
2011-06-20 05:00:00,21.18
2011-06-20 06:00:00,101.15166666666667
2011-06-20 07:00:00,153.13
2011-06-20 08:00:00,430.935
2011-06-20 09:00:00,195.64166666666668
2011-06-20 10:00:00,120.465
2011-06-20 11:00:00,131.43833333333333
2011-06-20 12:00:00,179.07166666666666
2011-06-20 13:00:00,181.53666666666666
2011-06-20 14:00:00,170.83583333333334
2011-06-20 15:00:00,168.48583333333335
2011-06-20 16:00:00,288.675
2011-06-20 17:00:00,531.2516666666667
2011-06-20 18:00:00,529.1983333333334
2011-06-20 19:00:00,387.26
2011-06-20 20:00:00,305.05
2011-06-20 21:00:00,199.04666666666665
2011-06-20 22:00:00,124.84
2011-06-20 23:00:00,76.13333333333334
2011-06-21 00:00:00,30.003333333333334
2011-06-21 01:00:00,11.971666666666666
2011-06-21 02:00:00,6.035
2011-06-21 03:00:00,5.011666666666667
2011-06-21 04:00:00,6.1066666666666665
2011-06-21 05:00:00,20.458333333333332
2011-06-21 06:00:00,110.615
2011-06-21 07:00:00,223.74166666666667
2011-06-21 08:00:00,389.34166666666664
2011-06-21 09:00:00,185.52333333333334
2011-06-21 10:00:00,116.08
2011-06-21 11:00:00,123.215
2011-06-21 12:00:00,164.34333333333333
2011-06-21 13:00:00,162.32
2011-06-21 14:00:00,159.015
2011-06-21 15:00:00,169.41666666666666
2011-06-21 16:00:00,278.76666666666665
2011-06-21 17:00:00,547.2333333333333
2011-06-21 18:00:00,508.35333333333335
2011-06-21 19:00:00,350.94666666666666
2011-06-21 20:00:00,242.16333333333333
2011-06-21 21:00:00,230.23166666666665
2011-06-21 22:00:00,155.55
2011-06-21 23:00:00,73.94833333333334
2011-06-22 00:00:00,32.95666666666666
2011-06-22 01:00:00,20.22
2011-06-22 02:00:00,10.566666666666666
2011-06-22 03:00:00,5.596666666666667
2011-06-22 04:00:00,5.776666666666666
2011-06-22 05:00:00,22.81
2011-06-22 06:00:00,109.04333333333334
2011-06-22 07:00:00,304.6766666666667
2011-06-22 08:00:00,436.56333333333333
2011-06-22 09:00:00,191.34833333333333
2011-06-22 10:00:00,125.44166666666666
2011-06-22 11:00:00,145.49666666666667
2011-06-22 12:00:00,167.92
2011-06-22 13:00:00,160.07666666666665
2011-06-22 14:00:00,158.555
2011-06-22 15:00:00,159.72
2011-06-22 16:00:00,262.08
2011-06-22 17:00:00,542.665
2011-06-22 18:00:00,510.24333333333334
2011-06-22 19:00:00,368.5466666666667
2011-06-22 20:00:00,283.35833333333335
2011-06-22 21:00:00,228.9
2011-06-22 22:00:00,167.69666666666666
2011-06-22 23:00:00,89.44833333333334
2011-06-23 00:00:00,42.986666666666665
2011-06-23 01:00:00,21.511666666666667
2011-06-23 02:00:00,9.686666666666667
2011-06-23 03:00:00,5.631666666666667
2011-06-23 04:00:00,6.7941666666666665
2011-06-23 05:00:00,24.941666666666666
2011-06-23 06:00:00,122.26833333333333
2011-06-23 07:00:00,318.06333333333333
2011-06-23 08:00:00,433.12166666666667
2011-06-23 09:00:00,198.47833333333332
2011-06-23 10:00:00,125.68
2011-06-23 11:00:00,135.23666666666668
2011-06-23 12:00:00,172.72333333333333
2011-06-23 13:00:00,177.75666666666666
2011-06-23 14:00:00,164.18333333333334
2011-06-23 15:00:00,165.39833333333334
2011-06-23 16:00:00,282.275
2011-06-23 17:00:00,520.715
2011-06-23 18:00:00,508.84166666666664
2011-06-23 19:00:00,367.70666666666665
2011-06-23 20:00:00,306.81166666666667
2011-06-23 21:00:00,223.68166666666667
2011-06-23 22:00:00,164.72666666666666
2011-06-23 23:00:00,120.46333333333334
2011-06-24 00:00:00,57.74666666666667
2011-06-24 01:00:00,22.796666666666667
2011-06-24 02:00:00,11.578333333333333
2011-06-24 03:00:00,5.793333333333333
2011-06-24 04:00:00,5.3
2011-06-24 05:00:00,23.85
2011-06-24 06:00:00,101.07166666666667
2011-06-24 07:00:00,278.5316666666667
2011-06-24 08:00:00,452.54
2011-06-24 09:00:00,223.78833333333333
2011-06-24 10:00:00,142.61166666666668
2011-06-24 11:00:00,163.52666666666667
2011-06-24 12:00:00,217.55333333333334
2011-06-24 13:00:00,214.29833333333335
2011-06-24 14:00:00,221.39333333333335
2011-06-24 15:00:00,211.59666666666666
2011-06-24 16:00:00,334.84
2011-06-24 17:00:00,554.785
2011-06-24 18:00:00,498.85833333333335
2011-06-24 19:00:00,383.8066666666667
2011-06-24 20:00:00,291.41833333333335
2011-06-24 21:00:00,233.78
2011-06-24 22:00:00,199.65
2011-06-24 23:00:00,144.81333333333333
2011-06-25 00:00:00,122.49333333333334
2011-06-25 01:00:00,87.38333333333334
2011-06-25 02:00:00,59.736666666666665
2011-06-25 03:00:00,33.641666666666666
2011-06-25 04:00:00,10.075
2011-06-25 05:00:00,10.366666666666667
2011-06-25 06:00:00,31.433333333333334
2011-06-25 07:00:00,74.92666666666666
2011-06-25 08:00:00,163.385
2011-06-25 09:00:00,207.04833333333335
2011-06-25 10:00:00,287.8283333333333
2011-06-25 11:00:00,384.7597817460318
2011-06-25 12:00:00,433.295
2011-06-25 13:00:00,434.8666666666667
2011-06-25 14:00:00,427.6330555555556
2011-06-25 15:00:00,412.14003174603175
2011-06-25 16:00:00,441.20388888888897
2011-06-25 17:00:00,423.98308333333335
2011-06-25 18:00:00,390.8952777777778
2011-06-25 19:00:00,348.875
2011-06-25 20:00:00,267.8466666666667
2011-06-25 21:00:00,223.485
2011-06-25 22:00:00,202.20166666666665
2011-06-25 23:00:00,160.75333333333333
2011-06-26 00:00:00,104.98833333333333
2011-06-26 01:00:00,92.04833333333333
2011-06-26 02:00:00,76.34166666666667
2011-06-26 03:00:00,37.49333333333333
2011-06-26 04:00:00,11.995
2011-06-26 05:00:00,12.176666666666666
2011-06-26 06:00:00,25.453333333333333
2011-06-26 07:00:00,57.875
2011-06-26 08:00:00,114.02833333333334
2011-06-26 09:00:00,193.83
2011-06-26 10:00:00,294.43666666666667
2011-06-26 11:00:00,383.7756944444444
2011-06-26 12:00:00,412.79222222222216
2011-06-26 13:00:00,403.8733055555556
2011-06-26 14:00:00,409.46958333333333
2011-06-26 15:00:00,402.02738888888894
2011-06-26 16:00:00,401.8596111111112
2011-06-26 17:00:00,385.5319444444444
2011-06-26 18:00:00,378.75555555555553
2011-06-26 19:00:00,337.56333333333333
2011-06-26 20:00:00,245.72833333333332
2011-06-26 21:00:00,205.4
2011-06-26 22:00:00,191.50333333333333
2011-06-26 23:00:00,132.93666666666667
2011-06-27 00:00:00,40.24333333333333
2011-06-27 01:00:00,12.366666666666667
2011-06-27 02:00:00,9.098333333333333
2011-06-27 03:00:00,5.871666666666667
2011-06-27 04:00:00,5.63
2011-06-27 05:00:00,21.3
2011-06-27 06:00:00,113.91666666666667
2011-06-27 07:00:00,315.12166666666667
2011-06-27 08:00:00,408.3933333333333
2011-06-27 09:00:00,198.14333333333335
2011-06-27 10:00:00,119.73666666666666
2011-06-27 11:00:00,155.155
2011-06-27 12:00:00,187.17666666666668
2011-06-27 13:00:00,172.05833333333334
2011-06-27 14:00:00,162.15166666666667
2011-06-27 15:00:00,164.54
2011-06-27 16:00:00,283.73
2011-06-27 17:00:00,560.15
2011-06-27 18:00:00,538.2633333333333
2011-06-27 19:00:00,394.81666666666666
2011-06-27 20:00:00,315.59833333333336
2011-06-27 21:00:00,193.24333333333334
2011-06-27 22:00:00,139.43666666666667
2011-06-27 23:00:00,78.195
2011-06-28 00:00:00,30.775
2011-06-28 01:00:00,16.873333333333335
2011-06-28 02:00:00,10.803333333333333
2011-06-28 03:00:00,6.6066666666666665
2011-06-28 04:00:00,6.81
2011-06-28 05:00:00,22.421666666666667
2011-06-28 06:00:00,110.54833333333333
2011-06-28 07:00:00,296.77
2011-06-28 08:00:00,437.545
2011-06-28 09:00:00,192.15333333333334
2011-06-28 10:00:00,119.93833333333333
2011-06-28 11:00:00,143.90166666666667
2011-06-28 12:00:00,167.21333333333334
2011-06-28 13:00:00,161.99
2011-06-28 14:00:00,151.20333333333335
2011-06-28 15:00:00,153.30166666666668
2011-06-28 16:00:00,250.56166666666667
2011-06-28 17:00:00,395.7866666666667
2011-06-28 18:00:00,396.50333333333333
2011-06-28 19:00:00,349.8
2011-06-28 20:00:00,301.48833333333334
2011-06-28 21:00:00,208.19666666666666
2011-06-28 22:00:00,151.67833333333334
2011-06-28 23:00:00,90.27166666666666
2011-06-29 00:00:00,33.71666666666667
2011-06-29 01:00:00,19.72833333333333
2011-06-29 02:00:00,7.945
2011-06-29 03:00:00,5.663333333333333
2011-06-29 04:00:00,5.601666666666667
2011-06-29 05:00:00,24.183333333333334
2011-06-29 06:00:00,110.16666666666667
2011-06-29 07:00:00,302.73333333333335
2011-06-29 08:00:00,465.645
2011-06-29 09:00:00,208.33
2011-06-29 10:00:00,121.596875
2011-06-29 11:00:00,160.54333333333332
2011-06-29 12:00:00,197.86833333333334
2011-06-29 13:00:00,191.0775
2011-06-29 14:00:00,165.69666666666666
2011-06-29 15:00:00,174.52666666666667
2011-06-29 16:00:00,293.76
2011-06-29 17:00:00,567.95
2011-06-29 18:00:00,557.2483333333333
2011-06-29 19:00:00,381.595
2011-06-29 20:00:00,302.56666666666666
2011-06-29 21:00:00,224.66
2011-06-29 22:00:00,170.57666666666665
2011-06-29 23:00:00,97.71166666666667
2011-06-30 00:00:00,46.34
2011-06-30 01:00:00,20.086666666666666
2011-06-30 02:00:00,8.348333333333333
2011-06-30 03:00:00,6.835
2011-06-30 04:00:00,6.836666666666667
2011-06-30 05:00:00,27.468333333333334
2011-06-30 06:00:00,120.15166666666667
2011-06-30 07:00:00,325.7966666666667
2011-06-30 08:00:00,460.08166666666665
2011-06-30 09:00:00,208.81833333333333
2011-06-30 10:00:00,126.86854166666667
2011-06-30 11:00:00,158.63333333333333
2011-06-30 12:00:00,205.26666666666668
2011-06-30 13:00:00,197.995
2011-06-30 14:00:00,167.94333333333333
2011-06-30 15:00:00,182.63166666666666
2011-06-30 16:00:00,294.34
2011-06-30 17:00:00,575.3733333333333
2011-06-30 18:00:00,556.5633333333334
2011-06-30 19:00:00,383.15166666666664
2011-06-30 20:00:00,300.0316666666667
2011-06-30 21:00:00,225.23
2011-06-30 22:00:00,173.40833333333333
2011-06-30 23:00:00,125.65833333333333
2011-07-20 00:00:00,33.175
2011-07-20 01:00:00,16.428333333333335
2011-07-20 02:00:00,6.171666666666667
2011-07-20 03:00:00,6.04
2011-07-20 04:00:00,6.163333333333333
2011-07-20 05:00:00,31.855
2011-07-20 06:00:00,121.4
2011-07-20 07:00:00,301.815
2011-07-20 08:00:00,430.76
2011-07-20 09:00:00,197.4
2011-07-20 10:00:00,117.19833333333334
2011-07-20 11:00:00,135.30333333333334
2011-07-20 12:00:00,162.14333333333335
2011-07-20 13:00:00,155.53333333333333
2011-07-20 14:00:00,152.27333333333334
2011-07-20 15:00:00,153.87833333333333
2011-07-20 16:00:00,252.935
2011-07-20 17:00:00,507.33
2011-07-20 18:00:00,498.49
2011-07-20 19:00:00,371.2633333333333
2011-07-20 20:00:00,292.9033333333333
2011-07-20 21:00:00,219.28833333333333
2011-07-20 22:00:00,165.42833333333334
2011-07-20 23:00:00,109.31666666666666
2011-07-21 00:00:00,45.77333333333333
2011-07-21 01:00:00,19.226666666666667
2011-07-21 02:00:00,7.608333333333333
2011-07-21 03:00:00,5.845
2011-07-21 04:00:00,5.808888888888888
2011-07-21 05:00:00,21.861666666666668
2011-07-21 06:00:00,122.11166666666666
2011-07-21 07:00:00,310.53
2011-07-21 08:00:00,438.325
2011-07-21 09:00:00,195.94666666666666
2011-07-21 10:00:00,123.72833333333334
2011-07-21 11:00:00,130.76166666666666
2011-07-21 12:00:00,149.26666666666668
2011-07-21 13:00:00,146.07833333333335
2011-07-21 14:00:00,142.31666666666666
2011-07-21 15:00:00,144.585
2011-07-21 16:00:00,240.25666666666666
2011-07-21 17:00:00,468.435
2011-07-21 18:00:00,459.1983333333333
2011-07-21 19:00:00,358.055
2011-07-21 20:00:00,287.0966666666667
2011-07-21 21:00:00,224.05
2011-07-21 22:00:00,168.91833333333332
2011-07-21 23:00:00,123.735
2011-07-22 00:00:00,58.705
2011-07-22 01:00:00,30.641666666666666
2011-07-22 02:00:00,19.46
2011-07-22 03:00:00,6.611666666666666
2011-07-22 04:00:00,7.04
2011-07-22 05:00:00,24.73
2011-07-22 06:00:00,106.36
2011-07-22 07:00:00,288.54333333333335
2011-07-22 08:00:00,450.66333333333336
2011-07-22 09:00:00,222.40333333333334
2011-07-22 10:00:00,152.25333333333333
2011-07-22 11:00:00,164.77833333333334
2011-07-22 12:00:00,198.885
2011-07-22 13:00:00,198.33166666666668
2011-07-22 14:00:00,195.835
2011-07-22 15:00:00,179.32
2011-07-22 16:00:00,280.1166666666667
2011-07-22 17:00:00,471.79333333333335
2011-07-22 18:00:00,455.165
2011-07-22 19:00:00,343.0466666666667
2011-07-22 20:00:00,281.81166666666667
2011-07-22 21:00:00,209.73666666666668
2011-07-22 22:00:00,194.31666666666666
2011-07-22 23:00:00,141.94166666666666
2011-07-23 00:00:00,111.63166666666666
2011-07-23 01:00:00,85.85
2011-07-23 02:00:00,65.35833333333333
2011-07-23 03:00:00,30.698333333333334
2011-07-23 04:00:00,11.175
2011-07-23 05:00:00,9.87
2011-07-23 06:00:00,33.715
2011-07-23 07:00:00,104.30166666666666
2011-07-23 08:00:00,163.555
2011-07-23 09:00:00,225.52333333333334
2011-07-23 10:00:00,291.12
2011-07-23 11:00:00,340.02166666666665
2011-07-23 12:00:00,372.15166666666664
2011-07-23 13:00:00,359.51666666666665
2011-07-23 14:00:00,374.6066666666667
2011-07-23 15:00:00,375.3433333333333
2011-07-23 16:00:00,360.25166666666667
2011-07-23 17:00:00,358.445
2011-07-23 18:00:00,355.53833333333336
2011-07-23 19:00:00,321.33166666666665
2011-07-23 20:00:00,290.49666666666667
2011-07-23 21:00:00,253.15333333333334
2011-07-23 22:00:00,215.42166666666665
2011-07-23 23:00:00,193.91833333333332
2011-07-24 00:00:00,116.68333333333334
2011-07-24 01:00:00,88.715
2011-07-24 02:00:00,78.96
2011-07-24 03:00:00,34.56666666666667
2011-07-24 04:00:00,10.183333333333334
2011-07-24 05:00:00,10.703333333333333
2011-07-24 06:00:00,24.31
2011-07-24 07:00:00,67.205
2011-07-24 08:00:00,148.64166666666668
2011-07-24 09:00:00,196.72
2011-07-24 10:00:00,290.79833333333335
2011-07-24 11:00:00,345.91833333333335
2011-07-24 12:00:00,365.1483333333333
2011-07-24 13:00:00,357.5966666666667
2011-07-24 14:00:00,366.89666666666665
2011-07-24 15:00:00,349.19166666666666
2011-07-24 16:00:00,355.3833333333333
2011-07-24 17:00:00,357.63666666666666
2011-07-24 18:00:00,350.95666666666665
2011-07-24 19:00:00,335.425
2011-07-24 20:00:00,275.5466666666667
2011-07-24 21:00:00,227.89666666666668
2011-07-24 22:00:00,192.54
2011-07-24 23:00:00,145.24333333333334
2011-07-25 00:00:00,44.86333333333334
2011-07-25 01:00:00,15.421666666666667
2011-07-25 02:00:00,7.098333333333334
2011-07-25 03:00:00,5.3116666666666665
2011-07-25 04:00:00,5.538888888888889
2011-07-25 05:00:00,22.233333333333334
2011-07-25 06:00:00,118.975
2011-07-25 07:00:00,308.78333333333336
2011-07-25 08:00:00,411.855
2011-07-25 09:00:00,187.54333333333332
2011-07-25 10:00:00,121.78
2011-07-25 11:00:00,126.715
2011-07-25 12:00:00,154.665
2011-07-25 13:00:00,152.32666666666665
2011-07-25 14:00:00,124.605
2011-07-25 15:00:00,121.28333333333333
2011-07-25 16:00:00,237.60833333333332
2011-07-25 17:00:00,498.625
2011-07-25 18:00:00,491.945
2011-07-25 19:00:00,388.2916666666667
2011-07-25 20:00:00,292.67
2011-07-25 21:00:00,184.5
2011-07-25 22:00:00,131.03833333333333
2011-07-25 23:00:00,67.8
2011-07-26 00:00:00,30.133333333333333
2011-07-26 01:00:00,15.358333333333333
2011-07-26 02:00:00,8.221666666666666
2011-07-26 03:00:00,5.845
2011-07-26 04:00:00,5.965
2011-07-26 05:00:00,23.083333333333332
2011-07-26 06:00:00,116.9
2011-07-26 07:00:00,308.19666666666666
2011-07-26 08:00:00,439.6983333333333
2011-07-26 09:00:00,195.425
2011-07-26 10:00:00,128.50166666666667
2011-07-26 11:00:00,154.10833333333332
2011-07-26 12:00:00,192.09666666666666
2011-07-26 13:00:00,193.30583333333334
2011-07-26 14:00:00,171.8275
2011-07-26 15:00:00,162.07666666666665
2011-07-26 16:00:00,278.87166666666667
2011-07-26 17:00:00,563.6266666666667
2011-07-26 18:00:00,556.03
2011-07-26 19:00:00,374.8066666666667
2011-07-26 20:00:00,301.49666666666667
2011-07-26 21:00:00,235.83333333333334
2011-07-26 22:00:00,164.43
2011-07-26 23:00:00,78.15
2011-07-27 00:00:00,44.82666666666667
2011-07-27 01:00:00,16.31
2011-07-27 02:00:00,10.02
2011-07-27 03:00:00,4.386666666666667
2011-07-27 04:00:00,5.251666666666667
2011-07-27 05:00:00,28.283333333333335
2011-07-27 06:00:00,115.47
2011-07-27 07:00:00,306.7866666666667
2011-07-27 08:00:00,443.48
2011-07-27 09:00:00,201.835
2011-07-27 10:00:00,118.285
2011-07-27 11:00:00,156.54833333333335
2011-07-27 12:00:00,198.825
2011-07-27 13:00:00,195.06583333333333
2011-07-27 14:00:00,174.215
2011-07-27 15:00:00,179.98166666666665
2011-07-27 16:00:00,284.59166666666664
2011-07-27 17:00:00,565.5333333333333
2011-07-27 18:00:00,561.2116666666667
2011-07-27 19:00:00,393.7816666666667
2011-07-27 20:00:00,304.0283333333333
2011-07-27 21:00:00,226.61333333333334
2011-07-27 22:00:00,162.96166666666667
2011-07-27 23:00:00,86.49666666666667
2011-07-28 00:00:00,48.568333333333335
2011-07-28 01:00:00,20.208333333333332
2011-07-28 02:00:00,10.346666666666666
2011-07-28 03:00:00,5.331666666666667
2011-07-28 04:00:00,5.528333333333333
2011-07-28 05:00:00,28.94333333333333
2011-07-28 06:00:00,111.80833333333334
2011-07-28 07:00:00,307.87333333333333
2011-07-28 08:00:00,437.24333333333334
2011-07-28 09:00:00,192.79333333333332
2011-07-28 10:00:00,117.18666666666667
2011-07-28 11:00:00,131.255
2011-07-28 12:00:00,157.33833333333334
2011-07-28 13:00:00,148.25333333333333
2011-07-28 14:00:00,158.75
2011-07-28 15:00:00,152.88
2011-07-28 16:00:00,245.38333333333333
2011-07-28 17:00:00,503.2366666666667
2011-07-28 18:00:00,488.645
2011-07-28 19:00:00,367.6166666666667
2011-07-28 20:00:00,285.8016666666667
2011-07-28 21:00:00,220.08833333333334
2011-07-28 22:00:00,162.03833333333333
2011-07-28 23:00:00,122.87166666666667
2011-07-29 00:00:00,55.605
2011-07-29 01:00:00,28.398333333333333
2011-07-29 02:00:00,18.911666666666665
2011-07-29 03:00:00,6.763333333333334
2011-07-29 04:00:00,6.575555555555555
2011-07-29 05:00:00,24.575
2011-07-29 06:00:00,107.23833333333333
2011-07-29 07:00:00,295.91333333333336
2011-07-29 08:00:00,440.2266666666667
2011-07-29 09:00:00,219.58333333333334
2011-07-29 10:00:00,152.99666666666667
2011-07-29 11:00:00,164.87166666666667
2011-07-29 12:00:00,198.88666666666666
2011-07-29 13:00:00,192.24
2011-07-29 14:00:00,197.13333333333333
2011-07-29 15:00:00,192.77833333333334
2011-07-29 16:00:00,298.035
2011-07-29 17:00:00,488.575
2011-07-29 18:00:00,458.03333333333336
2011-07-29 19:00:00,352.98
2011-07-29 20:00:00,277.69166666666666
2011-07-29 21:00:00,244.53833333333333
2011-07-29 22:00:00,202.82666666666665
2011-07-29 23:00:00,143.725
2011-07-30 00:00:00,137.42333333333335
2011-07-30 01:00:00,84.90666666666667
2011-07-30 02:00:00,68.06166666666667
2011-07-30 03:00:00,33.818333333333335
2011-07-30 04:00:00,9.551666666666666
2011-07-30 05:00:00,11.158333333333333
2011-07-30 06:00:00,30.506666666666668
2011-07-30 07:00:00,59.82666666666667
2011-07-30 08:00:00,139.09
2011-07-30 09:00:00,227.13166666666666
2011-07-30 10:00:00,284.58666666666664
2011-07-30 11:00:00,346.9683333333333
2011-07-30 12:00:00,374.275
2011-07-30 13:00:00,393.75333333333333
2011-07-30 14:00:00,388.6566666666667
2011-07-30 15:00:00,367.01166666666666
2011-07-30 16:00:00,369.595
2011-07-30 17:00:00,373.68333333333334
2011-07-30 18:00:00,363.345
2011-07-30 19:00:00,350.07
2011-07-30 20:00:00,284.5933333333333
2011-07-30 21:00:00,247.52333333333334
2011-07-30 22:00:00,228.015
2011-07-30 23:00:00,198.16833333333332
2011-07-31 00:00:00,120.11333333333333
2011-07-31 01:00:00,90.39666666666666
2011-07-31 02:00:00,80.28666666666666
2011-07-31 03:00:00,33.67666666666667
2011-07-31 04:00:00,9.828333333333333
2011-07-31 05:00:00,10.816666666666666
2011-07-31 06:00:00,24.56
2011-07-31 07:00:00,73.90333333333334
2011-07-31 08:00:00,146.17333333333335
2011-07-31 09:00:00,191.94
2011-07-31 10:00:00,272.86333333333334
2011-07-31 11:00:00,342.1616666666667
2011-07-31 12:00:00,370.54
2011-07-31 13:00:00,370.895
2011-07-31 14:00:00,360.9941666666667
2011-07-31 15:00:00,352.2133333333333
2011-07-31 16:00:00,361.4225
2011-07-31 17:00:00,358.4558333333333
2011-07-31 18:00:00,358.00958333333335
2011-07-31 19:00:00,330.18666666666667
2011-07-31 20:00:00,273.34166666666664
2011-07-31 21:00:00,235.77833333333334
2011-07-31 22:00:00,158.37
2011-07-31 23:00:00,119.595
2011-08-20 00:00:00,109.75
2011-08-20 01:00:00,80.44333333333333
2011-08-20 02:00:00,63.0
2011-08-20 03:00:00,31.545
2011-08-20 04:00:00,9.763333333333334
2011-08-20 05:00:00,15.476666666666667
2011-08-20 06:00:00,21.786666666666665
2011-08-20 07:00:00,63.705
2011-08-20 08:00:00,112.805
2011-08-20 09:00:00,215.34
2011-08-20 10:00:00,275.69166666666666
2011-08-20 11:00:00,371.9533333333333
2011-08-20 12:00:00,346.9683333333333
2011-08-20 13:00:00,379.60583333333335
2011-08-20 14:00:00,391.9668055555556
2011-08-20 15:00:00,377.59555555555556
2011-08-20 16:00:00,382.7638888888889
2011-08-20 17:00:00,385.2277777777778
2011-08-20 18:00:00,334.515
2011-08-20 19:00:00,330.24
2011-08-20 20:00:00,259.28833333333336
2011-08-20 21:00:00,207.59166666666667
2011-08-20 22:00:00,159.04833333333335
2011-08-20 23:00:00,116.74333333333334
2011-08-21 00:00:00,117.205
2011-08-21 01:00:00,79.62666666666667
2011-08-21 02:00:00,77.27833333333334
2011-08-21 03:00:00,36.85166666666667
2011-08-21 04:00:00,7.848333333333334
2011-08-21 05:00:00,8.116666666666667
2011-08-21 06:00:00,12.816666666666666
2011-08-21 07:00:00,54.025
2011-08-21 08:00:00,94.90166666666667
2011-08-21 09:00:00,193.50333333333333
2011-08-21 10:00:00,244.66666666666666
2011-08-21 11:00:00,351.5966666666667
2011-08-21 12:00:00,385.84833333333336
2011-08-21 13:00:00,407.86333333333334
2011-08-21 14:00:00,272.25166666666667
2011-08-21 15:00:00,284.6016666666667
2011-08-21 16:00:00,274.22333333333336
2011-08-21 17:00:00,227.52166666666668
2011-08-21 18:00:00,235.91166666666666
2011-08-21 19:00:00,319.88666666666666
2011-08-21 20:00:00,202.27833333333334
2011-08-21 21:00:00,171.67166666666665
2011-08-21 22:00:00,146.93333333333334
2011-08-21 23:00:00,89.86666666666666
2011-08-22 00:00:00,31.738333333333333
2011-08-22 01:00:00,17.531666666666666
2011-08-22 02:00:00,11.023333333333333
2011-08-22 03:00:00,5.195
2011-08-22 04:00:00,6.696666666666666
2011-08-22 05:00:00,27.668333333333333
2011-08-22 06:00:00,105.575
2011-08-22 07:00:00,295.94666666666666
2011-08-22 08:00:00,402.765
2011-08-22 09:00:00,200.80666666666667
2011-08-22 10:00:00,120.165
2011-08-22 11:00:00,152.21
2011-08-22 12:00:00,187.915
2011-08-22 13:00:00,191.56166666666667
2011-08-22 14:00:00,180.285
2011-08-22 15:00:00,181.12833333333333
2011-08-22 16:00:00,296.8883333333333
2011-08-22 17:00:00,570.1483333333333
2011-08-22 18:00:00,563.4966666666667
2011-08-22 19:00:00,406.6116666666667
2011-08-22 20:00:00,304.79333333333335
2011-08-22 21:00:00,218.33333333333334
2011-08-22 22:00:00,120.92
2011-08-22 23:00:00,88.56833333333333
2011-08-23 00:00:00,33.335
2011-08-23 01:00:00,16.43
2011-08-23 02:00:00,10.398333333333333
2011-08-23 03:00:00,4.571666666666666
2011-08-23 04:00:00,5.346666666666667
2011-08-23 05:00:00,25.778333333333332
2011-08-23 06:00:00,111.43833333333333
2011-08-23 07:00:00,324.205
2011-08-23 08:00:00,452.155
2011-08-23 09:00:00,201.77666666666667
2011-08-23 10:00:00,121.54833333333333
2011-08-23 11:00:00,147.4
2011-08-23 12:00:00,208.03666666666666
2011-08-23 13:00:00,203.21833333333333
2011-08-23 14:00:00,181.50333333333333
2011-08-23 15:00:00,182.015
2011-08-23 16:00:00,300.2633333333333
2011-08-23 17:00:00,581.9916666666667
2011-08-23 18:00:00,574.685
2011-08-23 19:00:00,388.3
2011-08-23 20:00:00,292.1383333333333
2011-08-23 21:00:00,209.67166666666665
2011-08-23 22:00:00,163.48833333333334
2011-08-23 23:00:00,77.40333333333334
2011-08-24 00:00:00,37.945
2011-08-24 01:00:00,15.145
2011-08-24 02:00:00,11.37
2011-08-24 03:00:00,6.45
2011-08-24 04:00:00,7.178333333333334
2011-08-24 05:00:00,24.436666666666667
2011-08-24 06:00:00,109.845
2011-08-24 07:00:00,323.185
2011-08-24 08:00:00,432.31666666666666
2011-08-24 09:00:00,206.05166666666668
2011-08-24 10:00:00,123.445
2011-08-24 11:00:00,156.50738095238097
2011-08-24 12:00:00,187.49416666666667
2011-08-24 13:00:00,187.79833333333335
2011-08-24 14:00:00,179.00333333333333
2011-08-24 15:00:00,180.77166666666668
2011-08-24 16:00:00,278.02166666666665
2011-08-24 17:00:00,571.1233333333333
2011-08-24 18:00:00,544.6616666666666
2011-08-24 19:00:00,371.03833333333336
2011-08-24 20:00:00,287.3283333333333
2011-08-24 21:00:00,204.18333333333334
2011-08-24 22:00:00,155.95833333333334
2011-08-24 23:00:00,99.92166666666667
2011-08-25 00:00:00,47.196666666666665
2011-08-25 01:00:00,23.02
2011-08-25 02:00:00,8.778333333333334
2011-08-25 03:00:00,6.446666666666666
2011-08-25 04:00:00,6.243333333333333
2011-08-25 05:00:00,26.451666666666668
2011-08-25 06:00:00,101.08166666666666
2011-08-25 07:00:00,285.0366666666667
2011-08-25 08:00:00,436.6
2011-08-25 09:00:00,212.91333333333333
2011-08-25 10:00:00,124.54
2011-08-25 11:00:00,110.59833333333333
2011-08-25 12:00:00,123.635
2011-08-25 13:00:00,132.05666666666667
2011-08-25 14:00:00,157.11833333333334
2011-08-25 15:00:00,161.78833333333333
2011-08-25 16:00:00,223.33333333333334
2011-08-25 17:00:00,417.505
2011-08-25 18:00:00,410.805
2011-08-25 19:00:00,247.28833333333333
2011-08-25 20:00:00,215.535
2011-08-25 21:00:00,202.04833333333335
2011-08-25 22:00:00,142.47333333333333
2011-08-25 23:00:00,105.73333333333333
2011-08-26 00:00:00,46.16833333333334
2011-08-26 01:00:00,21.858333333333334
2011-08-26 02:00:00,10.483333333333333
2011-08-26 03:00:00,6.3133333333333335
2011-08-26 04:00:00,5.973333333333334
2011-08-26 05:00:00,19.466666666666665
2011-08-26 06:00:00,91.26
2011-08-26 07:00:00,248.20833333333334
2011-08-26 08:00:00,399.31333333333333
2011-08-26 09:00:00,212.58333333333334
2011-08-26 10:00:00,156.42833333333334
2011-08-26 11:00:00,161.90833333333333
2011-08-26 12:00:00,218.18166666666667
2011-08-26 13:00:00,223.715
2011-08-26 14:00:00,201.30833333333334
2011-08-26 15:00:00,199.05666666666667
2011-08-26 16:00:00,313.9533333333333
2011-08-26 17:00:00,505.5083333333333
2011-08-26 18:00:00,437.45666666666665
2011-08-26 19:00:00,306.395
2011-08-26 20:00:00,261.9433333333333
2011-08-26 21:00:00,212.83833333333334
2011-08-26 22:00:00,165.765
2011-08-26 23:00:00,134.40833333333333
2011-08-27 00:00:00,107.69833333333334
2011-08-27 01:00:00,76.845
2011-08-27 02:00:00,63.85333333333333
2011-08-27 03:00:00,38.92
2011-08-27 04:00:00,9.091666666666667
2011-08-27 05:00:00,10.665
2011-08-27 06:00:00,27.453333333333333
2011-08-27 07:00:00,52.56166666666667
2011-08-27 08:00:00,131.6
2011-08-27 09:00:00,182.28
2011-08-27 10:00:00,215.14
2011-08-27 11:00:00,170.49
2011-08-27 12:00:00,235.77
2011-08-27 13:00:00,257.985
2011-08-27 14:00:00,160.505
2011-08-27 15:00:00,163.07166666666666
2011-08-27 16:00:00,162.19333333333333
2011-08-27 17:00:00,146.97833333333332
2011-08-28 07:00:00,94.64333333333333
2011-08-28 08:00:00,126.22
2011-08-28 09:00:00,193.74666666666667
2011-08-28 10:00:00,296.23
2011-08-28 11:00:00,346.1016666666667
2011-08-28 12:00:00,412.62069444444444
2011-08-28 13:00:00,435.86513888888885
2011-08-28 14:00:00,378.78180555555554
2011-08-28 15:00:00,373.87013888888885
2011-08-28 16:00:00,363.8905555555556
2011-08-28 17:00:00,417.41708333333327
2011-08-28 18:00:00,397.5173888888889
2011-08-28 19:00:00,346.46666666666664
2011-08-28 20:00:00,253.68
2011-08-28 21:00:00,201.90833333333333
2011-08-28 22:00:00,144.60666666666665
2011-08-28 23:00:00,90.10166666666667
2011-08-29 00:00:00,36.39
2011-08-29 01:00:00,13.518333333333333
2011-08-29 02:00:00,8.483333333333333
2011-08-29 03:00:00,6.6883333333333335
2011-08-29 04:00:00,5.991666666666666
2011-08-29 05:00:00,24.638333333333332
2011-08-29 06:00:00,110.52666666666667
2011-08-29 07:00:00,318.64666666666665
2011-08-29 08:00:00,418.74333333333334
2011-08-29 09:00:00,206.17166666666665
2011-08-29 10:00:00,124.39
2011-08-29 11:00:00,157.19833333333332
2011-08-29 12:00:00,197.58166666666668
2011-08-29 13:00:00,209.58666666666667
2011-08-29 14:00:00,184.485
2011-08-29 15:00:00,186.25666666666666
2011-08-29 16:00:00,300.33666666666664
2011-08-29 17:00:00,555.7966666666666
2011-08-29 18:00:00,543.6316666666667
2011-08-29 19:00:00,396.2
2011-08-29 20:00:00,293.52
2011-08-29 21:00:00,216.60833333333332
2011-08-29 22:00:00,140.60833333333332
2011-08-29 23:00:00,78.26666666666667
2011-08-30 00:00:00,33.91833333333334
2011-08-30 01:00:00,14.373333333333333
2011-08-30 02:00:00,8.025
2011-08-30 03:00:00,5.171666666666667
2011-08-30 04:00:00,6.278333333333333
2011-08-30 05:00:00,22.648333333333333
2011-08-30 06:00:00,110.23
2011-08-30 07:00:00,339.19
2011-08-30 08:00:00,450.89166666666665
2011-08-30 09:00:00,201.95333333333335
2011-08-30 10:00:00,127.60166666666667
2011-08-30 11:00:00,148.5
2011-08-30 12:00:00,207.16
2011-08-30 13:00:00,199.34
2011-08-30 14:00:00,179.12
2011-08-30 15:00:00,179.415
2011-08-30 16:00:00,298.9266666666667
2011-08-30 17:00:00,576.8483333333334
2011-08-30 18:00:00,561.99
2011-08-30 19:00:00,389.33166666666665
2011-08-30 20:00:00,296.5683333333333
2011-08-30 21:00:00,194.43666666666667
2011-08-30 22:00:00,159.76666666666668
2011-08-30 23:00:00,77.16833333333334
2011-08-31 00:00:00,32.99
2011-08-31 01:00:00,14.416666666666666
2011-08-31 02:00:00,8.883333333333333
2011-08-31 03:00:00,6.793333333333333
2011-08-31 04:00:00,6.663333333333333
2011-08-31 05:00:00,25.418333333333333
2011-08-31 06:00:00,107.52166666666666
2011-08-31 07:00:00,333.12333333333333
2011-08-31 08:00:00,428.88
2011-08-31 09:00:00,207.42333333333335
2011-08-31 10:00:00,127.92833333333333
2011-08-31 11:00:00,141.78166666666667
2011-08-31 12:00:00,200.61833333333334
2011-08-31 13:00:00,201.9
2011-08-31 14:00:00,178.095
2011-08-31 15:00:00,178.59833333333333
2011-08-31 16:00:00,295.3066666666667
2011-08-31 17:00:00,582.3733333333333
2011-08-31 18:00:00,545.7766666666666
2011-08-31 19:00:00,368.77
2011-08-31 20:00:00,291.81666666666666
2011-08-31 21:00:00,199.29833333333335
2011-08-31 22:00:00,153.275
2011-08-31 23:00:00,79.205
2011-09-20 00:00:00,33.471666666666664
2011-09-20 01:00:00,11.731666666666667
2011-09-20 02:00:00,4.291666666666667
2011-09-20 03:00:00,5.108333333333333
2011-09-20 04:00:00,5.405
2011-09-20 05:00:00,21.736666666666668
2011-09-20 06:00:00,108.58166666666666
2011-09-20 07:00:00,301.50333333333333
2011-09-20 08:00:00,249.34166666666667
2011-09-20 09:00:00,133.77833333333334
2011-09-20 10:00:00,85.13666666666667
2011-09-20 11:00:00,84.65
2011-09-20 12:00:00,93.305
2011-09-20 13:00:00,90.67833333333333
2011-09-20 14:00:00,123.90666666666667
2011-09-20 15:00:00,170.85
2011-09-20 16:00:00,232.18
2011-09-20 17:00:00,391.1433333333333
2011-09-20 18:00:00,388.15
2011-09-20 19:00:00,258.5366666666667
2011-09-20 20:00:00,172.40833333333333
2011-09-20 21:00:00,114.59333333333333
2011-09-20 22:00:00,122.96
2011-09-20 23:00:00,65.055
2011-09-21 00:00:00,21.833333333333332
2011-09-21 01:00:00,10.468333333333334
2011-09-21 02:00:00,5.895
2011-09-21 03:00:00,4.206666666666667
2011-09-21 04:00:00,4.908333333333333
2011-09-21 05:00:00,14.868333333333334
2011-09-21 06:00:00,98.9
2011-09-21 07:00:00,250.64833333333334
2011-09-21 08:00:00,370.25166666666667
2011-09-21 09:00:00,135.10166666666666
2011-09-21 10:00:00,82.09666666666666
2011-09-21 11:00:00,111.995
2011-09-21 12:00:00,166.905
2011-09-21 13:00:00,168.375
2011-09-21 14:00:00,159.41166666666666
2011-09-21 15:00:00,164.03166666666667
2011-09-21 16:00:00,281.37166666666667
2011-09-21 17:00:00,424.35333333333335
2011-09-21 18:00:00,330.18333333333334
2011-09-21 19:00:00,127.12666666666667
2011-09-21 20:00:00,101.79666666666667
2011-09-21 21:00:00,99.30833333333334
2011-09-21 22:00:00,127.89166666666667
2011-09-21 23:00:00,63.58166666666666
2011-09-22 00:00:00,23.596666666666668
2011-09-22 01:00:00,13.261666666666667
2011-09-22 02:00:00,16.708333333333332
2011-09-22 03:00:00,3.835
2011-09-22 04:00:00,3.9966666666666666
2011-09-22 05:00:00,17.076666666666668
2011-09-22 06:00:00,86.415
2011-09-22 07:00:00,219.66
2011-09-22 08:00:00,322.645
2011-09-22 09:00:00,133.73166666666665
2011-09-22 10:00:00,112.15
2011-09-22 11:00:00,117.77666666666667
2011-09-22 12:00:00,131.865
2011-09-22 13:00:00,134.10666666666665
2011-09-22 14:00:00,126.305
2011-09-22 15:00:00,131.795
2011-09-22 16:00:00,279.47
2011-09-22 17:00:00,403.3333333333333
2011-09-22 18:00:00,333.3466666666667
2011-09-22 19:00:00,203.61833333333334
2011-09-22 20:00:00,125.03833333333333
2011-09-22 21:00:00,115.68833333333333
2011-09-22 22:00:00,120.97166666666666
2011-09-22 23:00:00,86.79
2011-09-23 00:00:00,38.431666666666665
2011-09-23 01:00:00,14.785
2011-09-23 02:00:00,12.046666666666667
2011-09-23 03:00:00,4.600833333333332
2011-09-23 04:00:00,3.94
2011-09-23 05:00:00,15.851666666666667
2011-09-23 06:00:00,78.755
2011-09-23 07:00:00,144.88666666666666
2011-09-23 08:00:00,245.61166666666668
2011-09-23 09:00:00,111.1
2011-09-23 10:00:00,83.09833333333333
2011-09-23 11:00:00,85.215
2011-09-23 12:00:00,98.93
2011-09-23 13:00:00,86.395
2011-09-23 14:00:00,87.1
2011-09-23 15:00:00,100.22833333333334
2011-09-23 16:00:00,143.23
2011-09-23 17:00:00,298.15
2011-09-23 18:00:00,303.57166666666666
2011-09-23 19:00:00,205.96166666666667
2011-09-23 20:00:00,169.275
2011-09-23 21:00:00,120.75666666666666
2011-09-23 22:00:00,124.555
2011-09-23 23:00:00,105.52
2011-09-24 00:00:00,84.505
2011-09-24 01:00:00,73.63
2011-09-24 02:00:00,57.63
2011-09-24 03:00:00,33.62833333333333
2011-09-24 04:00:00,9.361666666666666
2011-09-24 05:00:00,13.476666666666667
2011-09-24 06:00:00,17.008333333333333
2011-09-24 07:00:00,83.75666666666666
2011-09-24 08:00:00,135.41833333333332
2011-09-24 09:00:00,144.055
2011-09-24 10:00:00,235.36166666666668
2011-09-24 11:00:00,253.3
2011-09-24 12:00:00,273.065
2011-09-24 13:00:00,309.81166666666667
2011-09-24 14:00:00,295.795
2011-09-24 15:00:00,295.255
2011-09-24 16:00:00,290.1016666666667
2011-09-24 17:00:00,276.9166666666667
2011-09-24 18:00:00,265.105
2011-09-24 19:00:00,217.30833333333334
2011-09-24 20:00:00,200.08
2011-09-24 21:00:00,159.86333333333334
2011-09-24 22:00:00,144.48333333333332
2011-09-24 23:00:00,113.26166666666667
2011-09-25 00:00:00,104.04333333333334
2011-09-25 01:00:00,79.41
2011-09-25 02:00:00,56.88666666666666
2011-09-25 03:00:00,33.53666666666667
2011-09-25 04:00:00,9.75
2011-09-25 05:00:00,18.493333333333332
2011-09-25 06:00:00,15.791666666666666
2011-09-25 07:00:00,58.01833333333333
2011-09-25 08:00:00,96.835
2011-09-25 09:00:00,155.03
2011-09-25 10:00:00,246.03166666666667
2011-09-25 11:00:00,267.625
2011-09-25 12:00:00,276.95166666666665
2011-09-25 13:00:00,296.31
2011-09-25 14:00:00,279.64666666666665
2011-09-25 15:00:00,278.36333333333334
2011-09-25 16:00:00,376.82666666666665
2011-09-25 17:00:00,264.00166666666667
2011-09-25 18:00:00,258.88166666666666
2011-09-25 19:00:00,221.53333333333333
2011-09-25 20:00:00,190.39166666666668
2011-09-25 21:00:00,117.67666666666666
2011-09-25 22:00:00,137.125
2011-09-25 23:00:00,114.505
2011-09-26 00:00:00,36.33833333333333
2011-09-26 01:00:00,12.576666666666666
2011-09-26 02:00:00,5.906666666666666
2011-09-26 03:00:00,3.8766666666666665
2011-09-26 04:00:00,5.226666666666667
2011-09-26 05:00:00,20.44
2011-09-26 06:00:00,92.70166666666667
2011-09-26 07:00:00,229.99
2011-09-26 08:00:00,354.11333333333334
2011-09-26 09:00:00,183.12333333333333
2011-09-26 10:00:00,113.68
2011-09-26 11:00:00,135.01666666666668
2011-09-26 12:00:00,139.33333333333334
2011-09-26 13:00:00,159.955
2011-09-26 14:00:00,165.37166666666667
2011-09-26 15:00:00,166.645
2011-09-26 16:00:00,287.91
2011-09-26 17:00:00,530.8833333333333
2011-09-26 18:00:00,355.03333333333336
2011-09-26 19:00:00,227.94333333333333
2011-09-26 20:00:00,172.01333333333332
2011-09-26 21:00:00,125.32833333333333
2011-09-26 22:00:00,117.59666666666666
2011-09-26 23:00:00,63.495
2011-09-27 00:00:00,30.895
2011-09-27 01:00:00,12.17
2011-09-27 02:00:00,6.79
2011-09-27 03:00:00,3.5183333333333335
2011-09-27 04:00:00,3.86
2011-09-27 05:00:00,15.626666666666667
2011-09-27 06:00:00,97.56166666666667
2011-09-27 07:00:00,239.385
2011-09-27 08:00:00,367.7583333333333
2011-09-27 09:00:00,166.54
2011-09-27 10:00:00,98.55166666666666
2011-09-27 11:00:00,108.58
2011-09-27 12:00:00,131.17166666666665
2011-09-27 13:00:00,162.35666666666665
2011-09-27 14:00:00,121.88666666666667
2011-09-27 15:00:00,117.91333333333333
2011-09-27 16:00:00,198.81166666666667
2011-09-27 17:00:00,303.1933333333333
2011-09-27 18:00:00,303.8333333333333
2011-09-27 19:00:00,209.0
2011-09-27 20:00:00,223.80166666666668
2011-09-27 21:00:00,164.865
2011-09-27 22:00:00,132.585
2011-09-27 23:00:00,67.05166666666666
2011-09-28 00:00:00,29.791666666666668
2011-09-28 01:00:00,12.676666666666666
2011-09-28 02:00:00,5.39
2011-09-28 03:00:00,4.111666666666666
2011-09-28 04:00:00,6.305
2011-09-28 05:00:00,16.77166666666667
2011-09-28 06:00:00,57.595
2011-09-28 07:00:00,113.41833333333334
2011-09-28 08:00:00,246.36333333333334
2011-09-28 09:00:00,144.70833333333334
2011-09-28 10:00:00,67.29666666666667
2011-09-28 11:00:00,119.47166666666666
2011-09-28 12:00:00,130.19166666666666
2011-09-28 13:00:00,165.88333333333333
2011-09-28 14:00:00,167.31666666666666
2011-09-28 15:00:00,166.78333333333333
2011-09-28 16:00:00,290.425
2011-09-28 17:00:00,537.9783333333334
2011-09-28 18:00:00,316.495
2011-09-28 19:00:00,206.38333333333333
2011-09-28 20:00:00,140.445
2011-09-28 21:00:00,122.27
2011-09-28 22:00:00,132.61666666666667
2011-09-28 23:00:00,62.905
2011-09-29 00:00:00,24.326666666666668
2011-09-29 01:00:00,14.126666666666667
2011-09-29 02:00:00,16.003333333333334
2011-09-29 03:00:00,4.801666666666667
2011-09-29 04:00:00,6.116666666666666
2011-09-29 05:00:00,21.54
2011-09-29 06:00:00,113.36666666666666
2011-09-29 07:00:00,270.82666666666665
2011-09-29 08:00:00,428.255
2011-09-29 09:00:00,211.65
2011-09-29 10:00:00,130.775
2011-09-29 11:00:00,158.51166666666666
2011-09-29 12:00:00,203.84333333333333
2011-09-29 13:00:00,198.92
2011-09-29 14:00:00,184.09166666666667
2011-09-29 15:00:00,182.23166666666665
2011-09-29 16:00:00,295.9683333333333
2011-09-29 17:00:00,559.6333333333333
2011-09-29 18:00:00,543.875
2011-09-29 19:00:00,364.39
2011-09-29 20:00:00,273.45
2011-09-29 21:00:00,193.82833333333335
2011-09-29 22:00:00,145.40666666666667
2011-09-29 23:00:00,98.16666666666667
2011-09-30 00:00:00,51.23833333333334
2011-09-30 01:00:00,25.17
2011-09-30 02:00:00,10.356666666666667
2011-09-30 03:00:00,5.748333333333333
2011-09-30 04:00:00,5.674166666666666
2011-09-30 05:00:00,25.926666666666666
2011-09-30 06:00:00,91.175
2011-09-30 07:00:00,276.51166666666666
2011-09-30 08:00:00,453.9916666666667
2011-09-30 09:00:00,217.86
2011-09-30 10:00:00,172.215
2011-09-30 11:00:00,189.005
2011-09-30 12:00:00,243.91
2011-09-30 13:00:00,232.50333333333333
2011-09-30 14:00:00,240.23166666666665
2011-09-30 15:00:00,242.27666666666667
2011-09-30 16:00:00,345.9433333333333
2011-09-30 17:00:00,529.835
2011-09-30 18:00:00,482.18833333333333
2011-09-30 19:00:00,299.24666666666667
2011-09-30 20:00:00,206.19166666666666
2011-09-30 21:00:00,168.66166666666666
2011-09-30 22:00:00,117.32
2011-09-30 23:00:00,105.58
2011-10-20 00:00:00,21.9
2011-10-20 01:00:00,13.945
2011-10-20 02:00:00,8.185
2011-10-20 03:00:00,4.5216666666666665
2011-10-20 04:00:00,4.976666666666667
2011-10-20 05:00:00,26.69333333333333
2011-10-20 06:00:00,96.19666666666667
2011-10-20 07:00:00,271.10833333333335
2011-10-20 08:00:00,369.15166666666664
2011-10-20 09:00:00,207.86166666666668
2011-10-20 10:00:00,143.66333333333333
2011-10-20 11:00:00,146.93833333333333
2011-10-20 12:00:00,172.75166666666667
2011-10-20 13:00:00,170.43833333333333
2011-10-20 14:00:00,148.765
2011-10-20 15:00:00,148.83666666666667
2011-10-20 16:00:00,240.71833333333333
2011-10-20 17:00:00,438.185
2011-10-20 18:00:00,426.025
2011-10-20 19:00:00,262.16833333333335
2011-10-20 20:00:00,219.74166666666667
2011-10-20 21:00:00,132.48166666666665
2011-10-20 22:00:00,112.27
2011-10-20 23:00:00,87.32166666666667
2011-10-21 00:00:00,51.888333333333335
2011-10-21 01:00:00,26.23
2011-10-21 02:00:00,13.66
2011-10-21 03:00:00,6.195
2011-10-21 04:00:00,5.422777777777777
2011-10-21 05:00:00,22.436666666666667
2011-10-21 06:00:00,87.23666666666666
2011-10-21 07:00:00,231.035
2011-10-21 08:00:00,444.93
2011-10-21 09:00:00,210.36
2011-10-21 10:00:00,168.24166666666667
2011-10-21 11:00:00,179.69833333333332
2011-10-21 12:00:00,215.20958333333334
2011-10-21 13:00:00,206.46833333333333
2011-10-21 14:00:00,211.845
2011-10-21 15:00:00,212.51
2011-10-21 16:00:00,317.53333333333336
2011-10-21 17:00:00,444.74666666666667
2011-10-21 18:00:00,425.93833333333333
2011-10-21 19:00:00,248.20166666666665
2011-10-21 20:00:00,202.365
2011-10-21 21:00:00,137.56333333333333
2011-10-21 22:00:00,116.465
2011-10-21 23:00:00,92.25333333333333
2011-10-22 00:00:00,82.98166666666667
2011-10-22 01:00:00,70.07666666666667
2011-10-22 02:00:00,61.08166666666666
2011-10-22 03:00:00,24.936666666666667
2011-10-22 04:00:00,7.84
2011-10-22 05:00:00,8.285
2011-10-22 06:00:00,20.256666666666668
2011-10-22 07:00:00,64.08
2011-10-22 08:00:00,94.29833333333333
2011-10-22 09:00:00,154.30833333333334
2011-10-22 10:00:00,236.14666666666668
2011-10-22 11:00:00,261.09166666666664
2011-10-22 12:00:00,320.24291666666664
2011-10-22 13:00:00,349.16333333333336
2011-10-22 14:00:00,330.25
2011-10-22 15:00:00,321.7683333333333
2011-10-22 16:00:00,321.345
2011-10-22 17:00:00,260.2916666666667
2011-10-22 18:00:00,220.35833333333332
2011-10-22 19:00:00,200.58833333333334
2011-10-22 20:00:00,160.69333333333333
2011-10-22 21:00:00,121.83
2011-10-22 22:00:00,109.99
2011-10-22 23:00:00,92.60833333333333
2011-10-23 00:00:00,83.99333333333334
2011-10-23 01:00:00,75.26666666666667
2011-10-23 02:00:00,55.16166666666667
2011-10-23 03:00:00,32.71333333333333
2011-10-23 04:00:00,9.73
2011-10-23 05:00:00,8.493333333333334
2011-10-23 06:00:00,17.481666666666666
2011-10-23 07:00:00,62.695
2011-10-23 08:00:00,89.10333333333334
2011-10-23 09:00:00,143.055
2011-10-23 10:00:00,238.19166666666666
2011-10-23 11:00:00,249.96333333333334
2011-10-23 12:00:00,326.595
2011-10-23 13:00:00,338.0933333333333
2011-10-23 14:00:00,338.3183333333333
2011-10-23 15:00:00,336.24833333333333
2011-10-23 16:00:00,327.93
2011-10-23 17:00:00,279.2083333333333
2011-10-23 18:00:00,251.41833333333332
2011-10-23 19:00:00,184.89166666666668
2011-10-23 20:00:00,151.9
2011-10-23 21:00:00,108.37
2011-10-23 22:00:00,87.96166666666667
2011-10-23 23:00:00,75.57166666666667
2011-10-24 00:00:00,38.35
2011-10-24 01:00:00,10.568333333333333
2011-10-24 02:00:00,4.5633333333333335
2011-10-24 03:00:00,6.541666666666667
2011-10-24 04:00:00,6.533333333333333
2011-10-24 05:00:00,25.226666666666667
2011-10-24 06:00:00,98.13166666666666
2011-10-24 07:00:00,256.52166666666665
2011-10-24 08:00:00,402.37
2011-10-24 09:00:00,188.495
2011-10-24 10:00:00,116.21166666666667
2011-10-24 11:00:00,129.31666666666666
2011-10-24 12:00:00,180.59
2011-10-24 13:00:00,174.59666666666666
2011-10-24 14:00:00,169.31833333333333
2011-10-24 15:00:00,190.83333333333334
2011-10-24 16:00:00,293.6016666666667
2011-10-24 17:00:00,489.95666666666665
2011-10-24 18:00:00,500.32
2011-10-24 19:00:00,202.405
2011-10-24 20:00:00,224.85
2011-10-24 21:00:00,165.99833333333333
2011-10-24 22:00:00,122.38166666666666
2011-10-24 23:00:00,68.59166666666667
2011-10-25 00:00:00,45.123333333333335
2011-10-25 01:00:00,16.051666666666666
2011-10-25 02:00:00,4.51
2011-10-25 03:00:00,5.88
2011-10-25 04:00:00,5.836666666666667
2011-10-25 05:00:00,25.75
2011-10-25 06:00:00,101.72666666666667
2011-10-25 07:00:00,275.655
2011-10-25 08:00:00,454.21
2011-10-25 09:00:00,207.88833333333332
2011-10-25 10:00:00,128.21805555555557
2011-10-25 11:00:00,139.40805555555556
2011-10-25 12:00:00,187.7475
2011-10-25 13:00:00,181.54666666666665
2011-10-25 14:00:00,165.78833333333333
2011-10-25 15:00:00,178.0747619047619
2011-10-25 16:00:00,305.07666666666665
2011-10-25 17:00:00,574.5966666666667
2011-10-25 18:00:00,495.05333333333334
2011-10-25 19:00:00,311.77666666666664
2011-10-25 20:00:00,223.31833333333333
2011-10-25 21:00:00,154.61333333333334
2011-10-25 22:00:00,133.76166666666666
2011-10-25 23:00:00,69.58666666666667
2011-10-26 00:00:00,50.47
2011-10-26 01:00:00,14.366666666666667
2011-10-26 02:00:00,6.918333333333333
2011-10-26 03:00:00,4.626666666666667
2011-10-26 04:00:00,4.323333333333333
2011-10-26 05:00:00,26.006666666666668
2011-10-26 06:00:00,112.18833333333333
2011-10-26 07:00:00,292.00166666666667
2011-10-26 08:00:00,447.21166666666664
2011-10-26 09:00:00,211.69833333333332
2011-10-26 10:00:00,129.7
2011-10-26 11:00:00,140.0463888888889
2011-10-26 12:00:00,174.38833333333332
2011-10-26 13:00:00,161.985
2011-10-26 14:00:00,162.49666666666667
2011-10-26 15:00:00,167.695
2011-10-26 16:00:00,245.645
2011-10-26 17:00:00,469.3566666666667
2011-10-26 18:00:00,466.06
2011-10-26 19:00:00,264.59
2011-10-26 20:00:00,191.65
2011-10-26 21:00:00,173.51333333333332
2011-10-26 22:00:00,129.33666666666667
2011-10-26 23:00:00,66.45333333333333
2011-10-27 00:00:00,31.325
2011-10-27 01:00:00,10.971666666666666
2011-10-27 02:00:00,8.59
2011-10-27 03:00:00,4.12
2011-10-27 04:00:00,4.658333333333333
2011-10-27 05:00:00,20.45
2011-10-27 06:00:00,70.86
2011-10-27 07:00:00,245.53166666666667
2011-10-27 08:00:00,287.2683333333333
2011-10-27 09:00:00,208.58333333333334
2011-10-27 10:00:00,92.76833333333333
2011-10-27 11:00:00,94.02
2011-10-27 12:00:00,83.43333333333334
2011-10-27 13:00:00,127.49
2011-10-27 14:00:00,132.35166666666666
2011-10-27 15:00:00,138.21666666666667
2011-10-27 16:00:00,291.00166666666667
2011-10-27 17:00:00,393.53
2011-10-27 18:00:00,379.335
2011-10-27 19:00:00,231.12
2011-10-27 20:00:00,205.42666666666668
2011-10-27 21:00:00,132.26333333333332
2011-10-27 22:00:00,91.01833333333333
2011-10-27 23:00:00,70.38166666666666
2011-10-28 00:00:00,57.015
2011-10-28 01:00:00,19.255
2011-10-28 02:00:00,10.86
2011-10-28 03:00:00,3.681805555555555
2011-10-28 04:00:00,4.026388888888889
2011-10-28 05:00:00,22.596666666666668
2011-10-28 06:00:00,84.80333333333333
2011-10-28 07:00:00,195.22833333333332
2011-10-28 08:00:00,403.585
2011-10-28 09:00:00,194.00166666666667
2011-10-28 10:00:00,143.58666666666667
2011-10-28 11:00:00,165.28333333333333
2011-10-28 12:00:00,183.46
2011-10-28 13:00:00,181.55333333333334
2011-10-28 14:00:00,175.285
2011-10-28 15:00:00,162.65666666666667
2011-10-28 16:00:00,220.73166666666665
2011-10-28 17:00:00,388.11333333333334
2011-10-28 18:00:00,356.425
2011-10-28 19:00:00,225.83666666666667
2011-10-28 20:00:00,138.96333333333334
2011-10-28 21:00:00,89.54166666666667
2011-10-28 22:00:00,66.3
2011-10-28 23:00:00,61.903333333333336
2011-10-29 00:00:00,51.766666666666666
2011-10-29 01:00:00,37.961666666666666
2011-10-29 02:00:00,36.16166666666667
2011-10-29 03:00:00,10.848333333333333
2011-10-29 04:00:00,5.9
2011-10-29 05:00:00,4.758333333333334
2011-10-29 06:00:00,16.37
2011-10-29 07:00:00,83.58
2011-10-29 08:00:00,86.82666666666667
2011-10-29 09:00:00,89.335
2011-10-29 10:00:00,80.515
2011-10-29 11:00:00,81.58666666666667
2011-10-29 12:00:00,86.93833333333333
2011-10-29 13:00:00,86.63333333333334
2011-10-29 14:00:00,88.65166666666667
2011-10-29 15:00:00,83.25333333333333
2011-10-29 16:00:00,89.58333333333333
2011-10-29 17:00:00,91.88166666666666
2011-10-29 18:00:00,96.43333333333334
2011-10-29 19:00:00,138.09833333333333
2011-10-29 20:00:00,120.61166666666666
2011-10-29 21:00:00,76.92666666666666
2011-10-29 22:00:00,73.755
2011-10-29 23:00:00,63.346666666666664
2011-10-30 00:00:00,61.78
2011-10-30 01:00:00,44.001666666666665
2011-10-30 02:00:00,40.28666666666667
2011-10-30 03:00:00,12.165
2011-10-30 04:00:00,3.966666666666667
2011-10-30 05:00:00,3.2016666666666667
2011-10-30 06:00:00,13.511666666666667
2011-10-30 07:00:00,36.455
2011-10-30 08:00:00,84.70666666666666
2011-10-30 09:00:00,140.59166666666667
2011-10-30 10:00:00,223.02333333333334
2011-10-30 11:00:00,244.81333333333333
2011-10-30 12:00:00,312.91333333333336
2011-10-30 13:00:00,324.5783333333333
2011-10-30 14:00:00,341.4583333333333
2011-10-30 15:00:00,343.7966666666667
2011-10-30 16:00:00,321.91
2011-10-30 17:00:00,265.355
2011-10-30 18:00:00,211.85666666666665
2011-10-30 19:00:00,261.63166666666666
2011-10-30 20:00:00,159.74333333333334
2011-10-30 21:00:00,93.34333333333333
2011-10-30 22:00:00,63.376666666666665
2011-10-30 23:00:00,53.05
2011-10-31 00:00:00,19.878333333333334
2011-10-31 01:00:00,8.96
2011-10-31 02:00:00,3.57
2011-10-31 03:00:00,4.494305555555555
2011-10-31 04:00:00,4.279845238095238
2011-10-31 05:00:00,21.53
2011-10-31 06:00:00,94.44333333333333
2011-10-31 07:00:00,237.36
2011-10-31 08:00:00,443.30333333333334
2011-10-31 09:00:00,182.765
2011-10-31 10:00:00,128.64333333333335
2011-10-31 11:00:00,140.075
2011-10-31 12:00:00,165.46
2011-10-31 13:00:00,160.365
2011-10-31 14:00:00,157.27
2011-10-31 15:00:00,173.52333333333334
2011-10-31 16:00:00,274.5933333333333
2011-10-31 17:00:00,471.34833333333336
2011-10-31 18:00:00,418.125
2011-10-31 19:00:00,267.405
2011-10-31 20:00:00,202.335
2011-10-31 21:00:00,125.74833333333333
2011-10-31 22:00:00,96.58
2011-10-31 23:00:00,57.72
2011-11-20 00:00:00,80.515
2011-11-20 01:00:00,70.33
2011-11-20 02:00:00,62.78
2011-11-20 03:00:00,29.616666666666667
2011-11-20 04:00:00,8.613333333333333
2011-11-20 05:00:00,7.115
2011-11-20 06:00:00,16.17
2011-11-20 07:00:00,69.17833333333333
2011-11-20 08:00:00,98.16166666666666
2011-11-20 09:00:00,152.835
2011-11-20 10:00:00,236.20333333333335
2011-11-20 11:00:00,309.09
2011-11-20 12:00:00,329.0516666666667
2011-11-20 13:00:00,345.85
2011-11-20 14:00:00,339.86833333333334
2011-11-20 15:00:00,329.5
2011-11-20 16:00:00,327.0
2011-11-20 17:00:00,301.6433333333333
2011-11-20 18:00:00,292.435
2011-11-20 19:00:00,223.01333333333332
2011-11-20 20:00:00,177.56833333333333
2011-11-20 21:00:00,139.00166666666667
2011-11-20 22:00:00,79.11666666666666
2011-11-20 23:00:00,65.69666666666667
2011-11-21 00:00:00,30.741666666666667
2011-11-21 01:00:00,9.501666666666667
2011-11-21 02:00:00,6.633333333333334
2011-11-21 03:00:00,4.336666666666667
2011-11-21 04:00:00,4.485
2011-11-21 05:00:00,13.793333333333333
2011-11-21 06:00:00,87.98333333333333
2011-11-21 07:00:00,255.36833333333334
2011-11-21 08:00:00,399.2183333333333
2011-11-21 09:00:00,181.39333333333335
2011-11-21 10:00:00,107.72166666666666
2011-11-21 11:00:00,113.22633333333334
2011-11-21 12:00:00,170.94555555555556
2011-11-21 13:00:00,166.63722222222225
2011-11-21 14:00:00,127.6
2011-11-21 15:00:00,57.77166666666667
2011-11-21 16:00:00,74.68833333333333
2011-11-21 17:00:00,122.175
2011-11-21 18:00:00,240.00333333333333
2011-11-21 19:00:00,139.42333333333335
2011-11-21 20:00:00,132.985
2011-11-21 21:00:00,98.655
2011-11-21 22:00:00,73.01833333333333
2011-11-21 23:00:00,48.705
2011-11-22 00:00:00,22.36
2011-11-22 01:00:00,8.098333333333333
2011-11-22 02:00:00,4.973333333333334
2011-11-22 03:00:00,4.468333333333334
2011-11-22 04:00:00,3.973333333333333
2011-11-22 05:00:00,18.705
2011-11-22 06:00:00,89.48333333333333
2011-11-22 07:00:00,102.62166666666667
2011-11-22 08:00:00,186.98833333333334
2011-11-22 09:00:00,84.98666666666666
2011-11-22 10:00:00,71.27166666666666
2011-11-22 11:00:00,71.325
2011-11-22 12:00:00,72.085
2011-11-22 13:00:00,53.505
2011-11-22 14:00:00,52.26166666666666
2011-11-22 15:00:00,52.98833333333334
2011-11-22 16:00:00,74.555
2011-11-22 17:00:00,171.865
2011-11-22 18:00:00,166.54666666666665
2011-11-22 19:00:00,140.72666666666666
2011-11-22 20:00:00,183.015
2011-11-22 21:00:00,120.35166666666667
2011-11-22 22:00:00,115.15
2011-11-22 23:00:00,65.48
2011-11-23 00:00:00,26.213333333333335
2011-11-23 01:00:00,11.888333333333334
2011-11-23 02:00:00,5.6466666666666665
2011-11-23 03:00:00,4.081666666666667
2011-11-23 04:00:00,5.13
2011-11-23 05:00:00,18.8
2011-11-23 06:00:00,86.4
2011-11-23 07:00:00,239.77
2011-11-23 08:00:00,384.1766666666667
2011-11-23 09:00:00,180.34333333333333
2011-11-23 10:00:00,109.09666666666666
2011-11-23 11:00:00,132.39833333333334
2011-11-23 12:00:00,168.47
2011-11-23 13:00:00,154.575
2011-11-23 14:00:00,161.805
2011-11-23 15:00:00,159.22833333333332
2011-11-23 16:00:00,224.05333333333334
2011-11-23 17:00:00,294.00666666666666
2011-11-23 18:00:00,363.725
2011-11-23 19:00:00,238.64166666666668
2011-11-23 20:00:00,176.09333333333333
2011-11-23 21:00:00,125.245
2011-11-23 22:00:00,94.485
2011-11-23 23:00:00,54.516666666666666
2011-11-24 00:00:00,60.931666666666665
2011-11-24 01:00:00,32.94
2011-11-24 02:00:00,17.815
2011-11-24 03:00:00,8.376666666666667
2011-11-24 04:00:00,7.592083333333333
2011-11-24 05:00:00,15.263333333333334
2011-11-24 06:00:00,39.138333333333335
2011-11-24 07:00:00,146.09166666666667
2011-11-24 08:00:00,183.27166666666668
2011-11-24 09:00:00,195.125
2011-11-24 10:00:00,203.26666666666668
2011-11-24 11:00:00,211.09
2011-11-24 12:00:00,232.33333333333334
2011-11-24 13:00:00,246.295
2011-11-24 14:00:00,252.11833333333334
2011-11-24 15:00:00,243.95833333333334
2011-11-24 16:00:00,278.37666666666667
2011-11-24 17:00:00,269.765
2011-11-24 18:00:00,245.25
2011-11-24 19:00:00,226.96833333333333
2011-11-24 20:00:00,160.90333333333334
2011-11-24 21:00:00,113.38666666666667
2011-11-24 22:00:00,95.985
2011-11-24 23:00:00,70.8
2011-11-25 00:00:00,40.11
2011-11-25 01:00:00,19.838333333333335
2011-11-25 02:00:00,10.061666666666667
2011-11-25 03:00:00,4.922222222222222
2011-11-25 04:00:00,4.689277777777778
2011-11-25 05:00:00,24.631666666666668
2011-11-25 06:00:00,80.045
2011-11-25 07:00:00,216.20166666666665
2011-11-25 08:00:00,385.02
2011-11-25 09:00:00,224.47333333333333
2011-11-25 10:00:00,156.38333333333333
2011-11-25 11:00:00,158.025
2011-11-25 12:00:00,204.82791666666665
2011-11-25 13:00:00,216.02833333333334
2011-11-25 14:00:00,216.77666666666667
2011-11-25 15:00:00,218.07
2011-11-25 16:00:00,312.49833333333333
2011-11-25 17:00:00,491.015
2011-11-25 18:00:00,462.035
2011-11-25 19:00:00,253.99
2011-11-25 20:00:00,194.63166666666666
2011-11-25 21:00:00,134.95333333333335
2011-11-25 22:00:00,106.625
2011-11-25 23:00:00,76.18833333333333
2011-11-26 00:00:00,77.11833333333334
2011-11-26 01:00:00,70.41
2011-11-26 02:00:00,49.11666666666667
2011-11-26 03:00:00,23.355
2011-11-26 04:00:00,7.193333333333333
2011-11-26 05:00:00,6.005
2011-11-26 06:00:00,17.783333333333335
2011-11-26 07:00:00,42.516666666666666
2011-11-26 08:00:00,108.52166666666666
2011-11-26 09:00:00,159.53166666666667
2011-11-26 10:00:00,224.75
2011-11-26 11:00:00,280.215
2011-11-26 12:00:00,342.21666666666664
2011-11-26 13:00:00,345.56666666666666
2011-11-26 14:00:00,334.87166666666667
2011-11-26 15:00:00,343.54333333333335
2011-11-26 16:00:00,297.7216666666667
2011-11-26 17:00:00,259.4766666666667
2011-11-26 18:00:00,205.65666666666667
2011-11-26 19:00:00,186.77333333333334
2011-11-26 20:00:00,165.57833333333335
2011-11-26 21:00:00,116.955
2011-11-26 22:00:00,103.815
2011-11-26 23:00:00,86.50333333333333
2011-11-27 00:00:00,81.77333333333333
2011-11-27 01:00:00,77.81333333333333
2011-11-27 02:00:00,51.015
2011-11-27 03:00:00,34.635
2011-11-27 04:00:00,7.54
2011-11-27 05:00:00,6.335
2011-11-27 06:00:00,14.253333333333334
2011-11-27 07:00:00,82.32
2011-11-27 08:00:00,99.13666666666667
2011-11-27 09:00:00,151.17
2011-11-27 10:00:00,242.58166666666668
2011-11-27 11:00:00,308.22
2011-11-27 12:00:00,347.815
2011-11-27 13:00:00,349.26166666666666
2011-11-27 14:00:00,438.53333333333336
2011-11-27 15:00:00,441.19
2011-11-27 16:00:00,343.085
2011-11-27 17:00:00,309.155
2011-11-27 18:00:00,251.545
2011-11-27 19:00:00,205.88666666666666
2011-11-27 20:00:00,159.28333333333333
2011-11-27 21:00:00,118.545
2011-11-27 22:00:00,115.55666666666667
2011-11-27 23:00:00,87.25833333333334
2011-11-28 00:00:00,38.21
2011-11-28 01:00:00,16.843333333333334
2011-11-28 03:00:00,5.4383333333333335
2011-11-28 04:00:00,6.79
2011-11-28 05:00:00,25.045
2011-11-28 06:00:00,100.645
2011-11-28 07:00:00,291.74666666666667
2011-11-28 08:00:00,407.8433333333333
2011-11-28 09:00:00,194.19666666666666
2011-11-28 10:00:00,122.515
2011-11-28 11:00:00,130.68966666666668
2011-11-28 12:00:00,194.30875
2011-11-28 13:00:00,185.0
2011-11-28 14:00:00,183.49666666666667
2011-11-28 15:00:00,186.93666666666667
2011-11-28 16:00:00,290.8066666666667
2011-11-28 17:00:00,549.3966666666666
2011-11-28 18:00:00,515.6
2011-11-28 19:00:00,308.7683333333333
2011-11-28 20:00:00,236.355
2011-11-28 21:00:00,188.10833333333332
2011-11-28 22:00:00,123.0
2011-11-28 23:00:00,66.40666666666667
2011-11-29 00:00:00,29.121666666666666
2011-11-29 01:00:00,10.771666666666667
2011-11-29 02:00:00,5.235
2011-11-29 03:00:00,3.865
2011-11-29 04:00:00,4.858333333333333
2011-11-29 05:00:00,24.29
2011-11-29 06:00:00,101.73666666666666
2011-11-29 07:00:00,315.71166666666664
2011-11-29 08:00:00,443.54
2011-11-29 09:00:00,184.76
2011-11-29 10:00:00,114.525
2011-11-29 11:00:00,83.98166666666667
2011-11-29 12:00:00,94.22
2011-11-29 13:00:00,97.68833333333333
2011-11-29 14:00:00,66.365
2011-11-29 15:00:00,82.26666666666667
2011-11-29 16:00:00,91.49166666666666
2011-11-29 17:00:00,367.24833333333333
2011-11-29 18:00:00,373.325
2011-11-29 19:00:00,227.06833333333333
2011-11-29 20:00:00,180.86833333333334
2011-11-29 21:00:00,133.22333333333333
2011-11-29 22:00:00,98.13666666666667
2011-11-29 23:00:00,48.77
2011-11-30 00:00:00,74.16666666666667
2011-11-30 01:00:00,16.635
2011-11-30 02:00:00,6.116666666666666
2011-11-30 03:00:00,4.415
2011-11-30 04:00:00,5.857083333333334
2011-11-30 05:00:00,20.503333333333334
2011-11-30 06:00:00,90.62333333333333
2011-11-30 07:00:00,222.08666666666667
2011-11-30 08:00:00,398.10333333333335
2011-11-30 09:00:00,197.02166666666668
2011-11-30 10:00:00,121.61
2011-11-30 11:00:00,145.80333333333334
2011-11-30 12:00:00,148.16166666666666
2011-11-30 13:00:00,154.75
2011-11-30 14:00:00,154.05166666666668
2011-11-30 15:00:00,154.23
2011-11-30 16:00:00,213.36666666666667
2011-11-30 17:00:00,396.66333333333336
2011-11-30 18:00:00,374.5283333333333
2011-11-30 19:00:00,213.31166666666667
2011-11-30 20:00:00,162.83
2011-11-30 21:00:00,119.96833333333333
2011-11-30 22:00:00,93.81
2011-11-30 23:00:00,55.68333333333333
2011-12-20 00:00:00,30.328333333333333
2011-12-20 01:00:00,11.421666666666667
2011-12-20 02:00:00,5.621666666666667
2011-12-20 03:00:00,4.959444444444445
2011-12-20 04:00:00,5.483333333333333
2011-12-20 05:00:00,23.73
2011-12-20 06:00:00,92.585
2011-12-20 07:00:00,258.835
2011-12-20 08:00:00,428.62333333333333
2011-12-20 09:00:00,212.93
2011-12-20 10:00:00,127.93666666666667
2011-12-20 11:00:00,130.94833333333332
2011-12-20 12:00:00,163.13333333333333
2011-12-20 13:00:00,159.94166666666666
2011-12-20 14:00:00,155.18
2011-12-20 15:00:00,161.48
2011-12-20 16:00:00,276.4033333333333
2011-12-20 17:00:00,414.05
2011-12-20 18:00:00,388.415
2011-12-20 19:00:00,252.32333333333332
2011-12-20 20:00:00,193.16666666666666
2011-12-20 21:00:00,144.95166666666665
2011-12-20 22:00:00,101.42833333333333
2011-12-20 23:00:00,63.968333333333334
2011-12-21 00:00:00,38.09166666666667
2011-12-21 01:00:00,16.316666666666666
2011-12-21 02:00:00,6.2283333333333335
2011-12-21 03:00:00,5.553333333333334
2011-12-21 04:00:00,5.357777777777779
2011-12-21 05:00:00,24.855
2011-12-21 06:00:00,92.51333333333334
2011-12-21 07:00:00,247.44333333333333
2011-12-21 08:00:00,173.56166666666667
2011-12-21 09:00:00,194.52833333333334
2011-12-21 10:00:00,115.32666666666667
2011-12-21 11:00:00,116.805
2011-12-21 12:00:00,68.09166666666667
2011-12-21 13:00:00,45.515
2011-12-21 14:00:00,116.655
2011-12-21 15:00:00,119.75166666666667
2011-12-21 16:00:00,68.16166666666666
2011-12-21 17:00:00,83.68333333333334
2011-12-21 18:00:00,276.62
2011-12-21 19:00:00,180.635
2011-12-21 20:00:00,161.10333333333332
2011-12-21 21:00:00,136.395
2011-12-21 22:00:00,128.19833333333332
2011-12-21 23:00:00,71.73166666666667
2011-12-22 00:00:00,38.86
2011-12-22 01:00:00,13.081666666666667
2011-12-22 02:00:00,9.21
2011-12-22 03:00:00,5.4725
2011-12-22 04:00:00,5.456666666666667
2011-12-22 05:00:00,27.378333333333334
2011-12-22 06:00:00,93.755
2011-12-22 07:00:00,258.2866666666667
2011-12-22 08:00:00,442.425
2011-12-22 09:00:00,203.90666666666667
2011-12-22 10:00:00,114.025
2011-12-22 11:00:00,127.37
2011-12-22 12:00:00,169.98
2011-12-22 13:00:00,153.83333333333334
2011-12-22 14:00:00,149.265
2011-12-22 15:00:00,150.435
2011-12-22 16:00:00,251.04
2011-12-22 17:00:00,416.3616666666667
2011-12-22 18:00:00,407.5
2011-12-22 19:00:00,259.92333333333335
2011-12-22 20:00:00,138.035
2011-12-22 21:00:00,103.09333333333333
2011-12-22 22:00:00,66.45
2011-12-22 23:00:00,71.92166666666667
2011-12-23 00:00:00,43.836666666666666
2011-12-23 01:00:00,22.331666666666667
2011-12-23 02:00:00,11.061666666666667
2011-12-23 03:00:00,5.753333333333333
2011-12-23 04:00:00,4.570833333333334
2011-12-23 05:00:00,22.345
2011-12-23 06:00:00,84.04666666666667
2011-12-23 07:00:00,248.57666666666665
2011-12-23 08:00:00,416.2133333333333
2011-12-23 09:00:00,220.63833333333332
2011-12-23 10:00:00,153.64833333333334
2011-12-23 11:00:00,170.375
2011-12-23 12:00:00,196.06
2011-12-23 13:00:00,195.09666666666666
2011-12-23 14:00:00,193.215
2011-12-23 15:00:00,190.22833333333332
2011-12-23 16:00:00,222.91166666666666
2011-12-23 17:00:00,382.7783333333333
2011-12-23 18:00:00,372.71166666666664
2011-12-23 19:00:00,231.355
2011-12-23 20:00:00,153.55333333333334
2011-12-23 21:00:00,123.44
2011-12-23 22:00:00,102.17333333333333
2011-12-23 23:00:00,79.88833333333334
2011-12-24 00:00:00,77.035
2011-12-24 01:00:00,81.16166666666666
2011-12-24 02:00:00,58.461666666666666
2011-12-24 03:00:00,26.215
2011-12-24 04:00:00,6.011666666666667
2011-12-24 05:00:00,5.8933333333333335
2011-12-24 06:00:00,16.441666666666666
2011-12-24 07:00:00,62.365
2011-12-24 08:00:00,86.76666666666667
2011-12-24 09:00:00,187.99833333333333
2011-12-24 10:00:00,203.13
2011-12-24 11:00:00,222.51833333333335
2011-12-24 12:00:00,253.64833333333334
2011-12-24 13:00:00,267.495
2011-12-24 14:00:00,267.595
2011-12-24 15:00:00,218.32
2011-12-24 16:00:00,219.96833333333333
2011-12-24 17:00:00,172.465
2011-12-24 18:00:00,193.185
2011-12-24 19:00:00,183.98
2011-12-24 20:00:00,125.46666666666667
2011-12-24 21:00:00,90.6
2011-12-24 22:00:00,84.53333333333333
2011-12-24 23:00:00,66.51166666666667
2011-12-25 00:00:00,68.285
2011-12-25 01:00:00,58.36333333333334
2011-12-25 02:00:00,51.95166666666667
2011-12-25 03:00:00,16.626666666666665
2011-12-25 05:00:00,5.471666666666667
2011-12-25 06:00:00,9.198333333333334
2011-12-25 07:00:00,27.575
2011-12-25 08:00:00,75.38
2011-12-25 09:00:00,107.615
2011-12-25 10:00:00,155.65166666666667
2011-12-25 11:00:00,191.08166666666668
2011-12-25 12:00:00,203.76833333333335
2011-12-25 13:00:00,204.63833333333332
2011-12-25 14:00:00,232.08666666666667
2011-12-25 15:00:00,237.00666666666666
2011-12-25 16:00:00,273.2416666666667
2011-12-25 17:00:00,212.675
2011-12-25 18:00:00,177.94666666666666
2011-12-25 19:00:00,181.09833333333333
2011-12-25 20:00:00,143.77
2011-12-25 21:00:00,77.85
2011-12-25 22:00:00,62.57
2011-12-25 23:00:00,49.428333333333335
2011-12-26 00:00:00,55.18833333333333
2011-12-26 01:00:00,39.678333333333335
2011-12-26 02:00:00,17.886666666666667
2011-12-26 04:00:00,8.08
2011-12-26 05:00:00,13.513333333333334
2011-12-26 06:00:00,40.156666666666666
2011-12-26 07:00:00,174.27333333333334
2011-12-26 08:00:00,188.31
2011-12-26 09:00:00,193.08
2011-12-26 10:00:00,175.5
2011-12-26 11:00:00,171.515
2011-12-26 12:00:00,211.93
2011-12-26 13:00:00,206.71666666666667
2011-12-26 14:00:00,202.44166666666666
2011-12-26 15:00:00,213.27666666666667
2011-12-26 16:00:00,218.64166666666668
2011-12-26 17:00:00,211.73833333333334
2011-12-26 18:00:00,220.855
2011-12-26 19:00:00,204.0
2011-12-26 20:00:00,150.08166666666668
2011-12-26 21:00:00,104.69166666666666
2011-12-26 22:00:00,83.38
2011-12-26 23:00:00,55.70333333333333
2011-12-27 00:00:00,25.533333333333335
2011-12-27 01:00:00,12.905
2011-12-27 02:00:00,4.858333333333333
2011-12-27 03:00:00,4.801666666666667
2011-12-27 04:00:00,5.565
2011-12-27 05:00:00,21.861666666666668
2011-12-27 06:00:00,85.89833333333333
2011-12-27 07:00:00,217.995
2011-12-27 08:00:00,400.60833333333335
2011-12-27 09:00:00,129.13666666666666
2011-12-27 10:00:00,122.71333333333334
2011-12-27 11:00:00,107.88166666666666
2011-12-27 12:00:00,98.08
2011-12-27 13:00:00,67.33166666666666
2011-12-27 14:00:00,89.665
2011-12-27 15:00:00,87.61666666666666
2011-12-27 16:00:00,85.24
2011-12-27 17:00:00,290.045
2011-12-27 18:00:00,358.63166666666666
2011-12-27 19:00:00,223.555
2011-12-27 20:00:00,165.52166666666668
2011-12-27 21:00:00,138.94333333333333
2011-12-27 22:00:00,104.27
2011-12-27 23:00:00,57.19
2011-12-28 00:00:00,22.696666666666665
2011-12-28 01:00:00,14.51
2011-12-28 02:00:00,6.173333333333333
2011-12-28 03:00:00,4.833333333333333
2011-12-28 05:00:00,22.158333333333335
2011-12-28 06:00:00,86.15166666666667
2011-12-28 07:00:00,215.52333333333334
2011-12-28 08:00:00,434.99333333333334
2011-12-28 09:00:00,204.56166666666667
2011-12-28 10:00:00,119.36666666666666
2011-12-28 11:00:00,138.57833333333335
2011-12-28 12:00:00,148.06166666666667
2011-12-28 13:00:00,153.74666666666667
2011-12-28 14:00:00,149.71833333333333
2011-12-28 15:00:00,157.23
2011-12-28 16:00:00,206.72666666666666
2011-12-28 17:00:00,370.9266666666667
2011-12-28 18:00:00,375.02666666666664
2011-12-28 19:00:00,187.56166666666667
2011-12-28 20:00:00,156.50166666666667
2011-12-28 21:00:00,116.585
2011-12-28 22:00:00,89.9
2011-12-28 23:00:00,57.735
2011-12-29 00:00:00,35.97833333333333
2011-12-29 01:00:00,13.475
2011-12-29 02:00:00,7.48
2011-12-29 03:00:00,4.536527777777779
2011-12-29 04:00:00,4.576999999999999
2011-12-29 05:00:00,22.018333333333334
2011-12-29 06:00:00,84.87166666666667
2011-12-29 07:00:00,211.07666666666665
2011-12-29 08:00:00,397.99833333333333
2011-12-29 09:00:00,208.03833333333333
2011-12-29 10:00:00,113.99666666666667
2011-12-29 11:00:00,125.83
2011-12-29 12:00:00,147.90166666666667
2011-12-29 13:00:00,138.79935897435897
2011-12-29 14:00:00,150.78833333333333
2011-12-29 15:00:00,145.93166666666667
2011-12-29 16:00:00,206.96666666666667
2011-12-29 17:00:00,368.98
2011-12-29 18:00:00,337.5683333333333
2011-12-29 19:00:00,218.355
2011-12-29 20:00:00,164.345
2011-12-29 21:00:00,138.10833333333332
2011-12-29 22:00:00,99.715
2011-12-29 23:00:00,73.28666666666666
2011-12-30 00:00:00,36.818333333333335
2011-12-30 01:00:00,16.41
2011-12-30 02:00:00,11.179444444444444
2011-12-30 03:00:00,4.202142857142857
2011-12-30 04:00:00,3.5516845238095245
2011-12-30 05:00:00,22.781666666666666
2011-12-30 06:00:00,75.84
2011-12-30 07:00:00,200.23
2011-12-30 08:00:00,392.805
2011-12-30 09:00:00,218.55166666666668
2011-12-30 10:00:00,117.19333333333333
2011-12-30 11:00:00,145.05166666666668
2011-12-30 12:00:00,175.865
2011-12-30 13:00:00,177.78
2011-12-30 14:00:00,184.09333333333333
2011-12-30 15:00:00,195.63166666666666
2011-12-30 16:00:00,252.85166666666666
2011-12-30 17:00:00,390.70666666666665
2011-12-30 18:00:00,369.4866666666667
2011-12-30 19:00:00,209.64333333333335
2011-12-30 20:00:00,170.74666666666667
2011-12-30 21:00:00,133.34333333333333
2011-12-30 22:00:00,104.25333333333333
2011-12-30 23:00:00,82.83166666666666
2011-12-31 00:00:00,75.435
2011-12-31 01:00:00,67.025
2011-12-31 02:00:00,59.681666666666665
2011-12-31 03:00:00,26.588333333333335
2011-12-31 04:00:00,7.29
2011-12-31 05:00:00,5.941666666666666
2011-12-31 06:00:00,17.571666666666665
2011-12-31 07:00:00,108.75
2011-12-31 08:00:00,106.10166666666667
2011-12-31 09:00:00,159.60166666666666
2011-12-31 10:00:00,227.27666666666667
2011-12-31 11:00:00,251.75833333333333
2011-12-31 12:00:00,371.41125
2011-12-31 13:00:00,356.82166666666666
2011-12-31 14:00:00,309.10833333333335
2011-12-31 15:00:00,311.185
2011-12-31 16:00:00,290.7316666666667
2011-12-31 17:00:00,249.845
2011-12-31 18:00:00,211.555
2011-12-31 19:00:00,192.355
2011-12-31 20:00:00,154.875
2011-12-31 21:00:00,120.405
2011-12-31 22:00:00,105.855
2011-12-31 23:00:00,87.23333333333333
2012-01-20 00:00:00,25.373333333333335
2012-01-20 01:00:00,11.06
2012-01-20 02:00:00,8.375
2012-01-20 03:00:00,4.855
2012-01-20 04:00:00,3.46
2012-01-20 05:00:00,20.425
2012-01-20 06:00:00,79.45833333333333
2012-01-20 07:00:00,215.80333333333334
2012-01-20 08:00:00,445.46666666666664
2012-01-20 09:00:00,203.34
2012-01-20 10:00:00,149.005
2012-01-20 11:00:00,162.80333333333334
2012-01-20 12:00:00,177.87
2012-01-20 13:00:00,167.685
2012-01-20 14:00:00,169.87666666666667
2012-01-20 15:00:00,162.46833333333333
2012-01-20 16:00:00,165.24333333333334
2012-01-20 17:00:00,391.19166666666666
2012-01-20 18:00:00,356.0516666666667
2012-01-20 19:00:00,168.66666666666666
2012-01-20 20:00:00,155.41833333333332
2012-01-20 21:00:00,79.585
2012-01-20 22:00:00,66.28666666666666
2012-01-20 23:00:00,47.836666666666666
2012-01-21 00:00:00,37.98833333333334
2012-01-21 01:00:00,41.156666666666666
2012-01-21 02:00:00,41.41166666666667
2012-01-21 03:00:00,18.495
2012-01-21 04:00:00,6.345
2012-01-21 05:00:00,5.483333333333333
2012-01-21 06:00:00,6.696666666666666
2012-01-21 07:00:00,89.15833333333333
2012-01-21 08:00:00,103.75333333333333
2012-01-21 09:00:00,131.96666666666667
2012-01-21 10:00:00,132.04166666666666
2012-01-21 11:00:00,160.22166666666666
2012-01-21 12:00:00,179.37666666666667
2012-01-21 13:00:00,185.27166666666668
2012-01-21 14:00:00,118.325
2012-01-21 15:00:00,119.68333333333334
2012-01-21 16:00:00,191.08666666666667
2012-01-21 17:00:00,177.36666666666667
2012-01-21 18:00:00,170.44666666666666
2012-01-21 19:00:00,124.86333333333333
2012-01-21 20:00:00,152.63833333333332
2012-01-21 21:00:00,72.51833333333333
2012-01-21 22:00:00,64.07166666666667
2012-01-21 23:00:00,58.50333333333333
2012-01-22 00:00:00,55.151666666666664
2012-01-22 01:00:00,47.51
2012-01-22 02:00:00,45.3
2012-01-22 03:00:00,22.303333333333335
2012-01-22 04:00:00,5.16
2012-01-22 05:00:00,4.088333333333333
2012-01-22 06:00:00,5.498333333333333
2012-01-22 07:00:00,87.85333333333334
2012-01-22 08:00:00,100.24
2012-01-22 09:00:00,132.715
2012-01-22 10:00:00,136.91166666666666
2012-01-22 11:00:00,137.22
2012-01-22 12:00:00,149.79666666666665
2012-01-22 13:00:00,161.83666666666667
2012-01-22 14:00:00,161.59
2012-01-22 15:00:00,144.43333333333334
2012-01-22 16:00:00,142.52333333333334
2012-01-22 17:00:00,142.13333333333333
2012-01-22 18:00:00,133.645
2012-01-22 19:00:00,136.44333333333333
2012-01-22 20:00:00,124.08333333333333
2012-01-22 21:00:00,68.38166666666666
2012-01-22 22:00:00,62.708333333333336
2012-01-22 23:00:00,42.833333333333336
2012-01-23 00:00:00,17.115
2012-01-23 01:00:00,5.8133333333333335
2012-01-23 02:00:00,3.7416666666666667
2012-01-23 03:00:00,3.2683333333333335
2012-01-23 04:00:00,3.4366666666666665
2012-01-23 05:00:00,20.77
2012-01-23 06:00:00,80.02
2012-01-23 07:00:00,120.72166666666666
2012-01-23 08:00:00,189.05666666666667
2012-01-23 09:00:00,194.795
2012-01-23 10:00:00,116.73333333333333
2012-01-23 11:00:00,112.08333333333333
2012-01-23 12:00:00,112.93
2012-01-23 13:00:00,81.69333333333333
2012-01-23 14:00:00,70.04333333333334
2012-01-23 15:00:00,115.25833333333334
2012-01-23 16:00:00,114.73666666666666
2012-01-23 17:00:00,429.21166666666664
2012-01-23 18:00:00,406.16
2012-01-23 19:00:00,123.055
2012-01-23 20:00:00,123.10833333333333
2012-01-23 21:00:00,91.435
2012-01-23 22:00:00,78.76166666666667
2012-01-23 23:00:00,46.83
2012-01-24 00:00:00,19.676666666666666
2012-01-24 01:00:00,6.645
2012-01-24 02:00:00,5.73
2012-01-24 03:00:00,3.09
2012-01-24 04:00:00,3.3016666666666667
2012-01-24 05:00:00,20.125
2012-01-24 06:00:00,81.415
2012-01-24 07:00:00,185.44
2012-01-24 08:00:00,483.2633333333333
2012-01-24 09:00:00,182.385
2012-01-24 10:00:00,109.13
2012-01-24 11:00:00,95.24833333333333
2012-01-24 12:00:00,102.59
2012-01-24 13:00:00,102.145
2012-01-24 14:00:00,132.37
2012-01-24 15:00:00,141.55333333333334
2012-01-24 16:00:00,252.455
2012-01-24 17:00:00,467.655
2012-01-24 18:00:00,441.95
2012-01-24 19:00:00,283.3983333333333
2012-01-24 20:00:00,176.84
2012-01-24 21:00:00,151.01333333333332
2012-01-24 22:00:00,107.88
2012-01-24 23:00:00,62.611666666666665
2012-01-25 00:00:00,18.293333333333333
2012-01-25 01:00:00,8.481666666666667
2012-01-25 02:00:00,6.476666666666667
2012-01-25 03:00:00,3.1733333333333333
2012-01-25 04:00:00,2.82
2012-01-25 05:00:00,18.746666666666666
2012-01-25 06:00:00,75.39833333333333
2012-01-25 07:00:00,209.52833333333334
2012-01-25 08:00:00,470.7183333333333
2012-01-25 09:00:00,206.55333333333334
2012-01-25 10:00:00,157.85833333333332
2012-01-25 11:00:00,128.975
2012-01-25 12:00:00,140.75166666666667
2012-01-25 13:00:00,142.27666666666667
2012-01-25 14:00:00,140.715
2012-01-25 15:00:00,147.46833333333333
2012-01-25 16:00:00,192.63166666666666
2012-01-25 17:00:00,447.705
2012-01-25 18:00:00,448.19
2012-01-25 19:00:00,229.41666666666666
2012-01-25 20:00:00,167.20833333333334
2012-01-25 21:00:00,140.55833333333334
2012-01-25 22:00:00,108.17166666666667
2012-01-25 23:00:00,59.086666666666666
2012-01-26 00:00:00,21.008333333333333
2012-01-26 01:00:00,8.285
2012-01-26 02:00:00,7.011666666666667
2012-01-26 03:00:00,3.4716666666666667
2012-01-26 04:00:00,3.34
2012-01-26 05:00:00,20.371666666666666
2012-01-26 06:00:00,83.005
2012-01-26 07:00:00,195.33666666666667
2012-01-26 08:00:00,486.8
2012-01-26 09:00:00,197.56333333333333
2012-01-26 10:00:00,124.65333333333334
2012-01-26 11:00:00,117.98
2012-01-26 12:00:00,135.36666666666667
2012-01-26 13:00:00,150.685
2012-01-26 14:00:00,149.53666666666666
2012-01-26 15:00:00,162.315
2012-01-26 16:00:00,261.54
2012-01-26 17:00:00,468.8883333333333
2012-01-26 18:00:00,444.9
2012-01-26 19:00:00,286.9316666666667
2012-01-26 20:00:00,207.99333333333334
2012-01-26 21:00:00,149.25
2012-01-26 22:00:00,120.26166666666667
2012-01-26 23:00:00,78.07
2012-01-27 00:00:00,39.51833333333333
2012-01-27 01:00:00,16.898333333333333
2012-01-27 02:00:00,7.695
2012-01-27 03:00:00,4.328333333333333
2012-01-27 04:00:00,3.2
2012-01-27 05:00:00,22.691666666666666
2012-01-27 06:00:00,92.87
2012-01-27 07:00:00,238.17833333333334
2012-01-27 08:00:00,331.89
2012-01-27 09:00:00,177.65833333333333
2012-01-27 10:00:00,135.29833333333335
2012-01-27 11:00:00,205.43666666666667
2012-01-27 12:00:00,228.20333333333335
2012-01-27 13:00:00,254.17
2012-01-27 14:00:00,260.9
2012-01-27 15:00:00,270.555
2012-01-27 16:00:00,266.6666666666667
2012-01-27 17:00:00,457.705
2012-01-27 18:00:00,420.2683333333333
2012-01-27 19:00:00,259.29833333333335
2012-01-27 20:00:00,169.14833333333334
2012-01-27 21:00:00,131.24666666666667
2012-01-27 22:00:00,107.10833333333333
2012-01-27 23:00:00,66.635
2012-01-28 00:00:00,66.44166666666666
2012-01-28 01:00:00,51.94
2012-01-28 02:00:00,47.858333333333334
2012-01-28 03:00:00,22.268333333333334
2012-01-28 04:00:00,4.921666666666667
2012-01-28 05:00:00,4.3533333333333335
2012-01-28 06:00:00,7.233333333333333
2012-01-28 07:00:00,93.30666666666667
2012-01-28 08:00:00,120.44833333333334
2012-01-28 09:00:00,144.62166666666667
2012-01-28 10:00:00,162.67666666666668
2012-01-28 11:00:00,172.315
2012-01-28 12:00:00,203.985
2012-01-28 13:00:00,267.76666666666665
2012-01-28 14:00:00,287.6533333333333
2012-01-28 15:00:00,306.895
2012-01-28 16:00:00,383.5883333333333
2012-01-28 17:00:00,302.32166666666666
2012-01-28 18:00:00,266.445
2012-01-28 19:00:00,229.67833333333334
2012-01-28 20:00:00,197.15
2012-01-28 21:00:00,118.305
2012-01-28 22:00:00,109.68666666666667
2012-01-28 23:00:00,78.82333333333334
2012-01-29 00:00:00,68.37
2012-01-29 01:00:00,59.02166666666667
2012-01-29 02:00:00,46.861666666666665
2012-01-29 03:00:00,25.038333333333334
2012-01-29 04:00:00,5.508333333333334
2012-01-29 05:00:00,4.515
2012-01-29 06:00:00,7.0616666666666665
2012-01-29 07:00:00,77.98666666666666
2012-01-29 08:00:00,97.23166666666667
2012-01-29 09:00:00,124.87833333333333
2012-01-29 10:00:00,155.96833333333333
2012-01-29 11:00:00,187.12333333333333
2012-01-29 12:00:00,231.86666666666667
2012-01-29 13:00:00,230.07
2012-01-29 14:00:00,226.31333333333333
2012-01-29 15:00:00,310.74666666666667
2012-01-29 16:00:00,295.34166666666664
2012-01-29 17:00:00,263.75666666666666
2012-01-29 18:00:00,207.61166666666668
2012-01-29 19:00:00,163.60333333333332
2012-01-29 20:00:00,125.835
2012-01-29 21:00:00,90.03
2012-01-29 22:00:00,86.035
2012-01-29 23:00:00,51.376666666666665
2012-01-30 00:00:00,25.718333333333334
2012-01-30 01:00:00,3.6733333333333333
2012-01-30 02:00:00,3.9366666666666665
2012-01-30 03:00:00,2.78
2012-01-30 04:00:00,2.558333333333333
2012-01-30 05:00:00,18.151666666666667
2012-01-30 06:00:00,77.13166666666666
2012-01-30 07:00:00,186.98833333333334
2012-01-30 08:00:00,370.21
2012-01-30 09:00:00,182.58
2012-01-30 10:00:00,124.31333333333333
2012-01-30 11:00:00,112.97
2012-01-30 12:00:00,153.79
2012-01-30 13:00:00,137.21833333333333
2012-01-30 14:00:00,146.2
2012-01-30 15:00:00,144.075
2012-01-30 16:00:00,198.89833333333334
2012-01-30 17:00:00,408.76666666666665
2012-01-30 18:00:00,404.0233333333333
2012-01-30 19:00:00,176.74166666666667
2012-01-30 20:00:00,166.77
2012-01-30 21:00:00,132.56
2012-01-30 22:00:00,85.08833333333334
2012-01-30 23:00:00,48.475
2012-01-31 00:00:00,18.215
2012-01-31 01:00:00,6.026666666666666
2012-01-31 02:00:00,4.558333333333334
2012-01-31 03:00:00,2.7716666666666665
2012-01-31 04:00:00,2.41
2012-01-31 05:00:00,17.683333333333334
2012-01-31 06:00:00,83.825
2012-01-31 07:00:00,199.46833333333333
2012-01-31 08:00:00,468.725
2012-01-31 09:00:00,186.275
2012-01-31 10:00:00,130.86666666666667
2012-01-31 11:00:00,126.385
2012-01-31 12:00:00,145.905
2012-01-31 13:00:00,173.145
2012-01-31 14:00:00,189.495
2012-01-31 15:00:00,202.15833333333333
2012-01-31 16:00:00,303.49833333333333
2012-01-31 17:00:00,484.8016666666667
2012-01-31 18:00:00,480.835
2012-01-31 19:00:00,324.1933333333333
2012-01-31 20:00:00,197.47
2012-01-31 21:00:00,166.41166666666666
2012-01-31 22:00:00,112.97166666666666
2012-01-31 23:00:00,79.28666666666666
2012-02-20 00:00:00,30.991666666666667
2012-02-20 01:00:00,26.766666666666666
2012-02-20 02:00:00,19.065
2012-02-20 03:00:00,6.0183333333333335
2012-02-20 05:00:00,7.975
2012-02-20 06:00:00,12.77
2012-02-20 07:00:00,106.58833333333334
2012-02-20 08:00:00,146.47333333333333
2012-02-20 09:00:00,175.845
2012-02-20 10:00:00,157.98666666666668
2012-02-20 11:00:00,161.465
2012-02-20 12:00:00,162.915
2012-02-20 13:00:00,171.08166666666668
2012-02-20 14:00:00,181.04
2012-02-20 15:00:00,191.75666666666666
2012-02-20 16:00:00,287.74333333333334
2012-02-20 17:00:00,280.66833333333335
2012-02-20 18:00:00,234.755
2012-02-20 19:00:00,225.18166666666667
2012-02-20 20:00:00,202.61
2012-02-20 21:00:00,128.68666666666667
2012-02-20 22:00:00,100.7
2012-02-20 23:00:00,68.41666666666667
2012-02-21 00:00:00,19.38
2012-02-21 01:00:00,6.1033333333333335
2012-02-21 02:00:00,3.131666666666667
2012-02-21 04:00:00,2.12
2012-02-21 05:00:00,20.341666666666665
2012-02-21 06:00:00,80.545
2012-02-21 07:00:00,211.71333333333334
2012-02-21 08:00:00,482.13666666666666
2012-02-21 09:00:00,236.35
2012-02-21 10:00:00,140.84666666666666
2012-02-21 11:00:00,133.405
2012-02-21 12:00:00,144.97666666666666
2012-02-21 13:00:00,149.34666666666666
2012-02-21 14:00:00,155.40333333333334
2012-02-21 15:00:00,149.395
2012-02-21 16:00:00,230.04833333333335
2012-02-21 17:00:00,446.22833333333335
2012-02-21 18:00:00,424.62833333333333
2012-02-21 19:00:00,271.3066666666667
2012-02-21 20:00:00,189.98333333333332
2012-02-21 21:00:00,165.005
2012-02-21 22:00:00,104.89
2012-02-21 23:00:00,51.653333333333336
2012-02-22 00:00:00,23.128333333333334
2012-02-22 01:00:00,9.326666666666666
2012-02-22 02:00:00,4.156666666666666
2012-02-22 03:00:00,2.9166666666666665
2012-02-22 04:00:00,2.223333333333333
2012-02-22 05:00:00,19.918333333333333
2012-02-22 06:00:00,82.455
2012-02-22 07:00:00,258.91
2012-02-22 08:00:00,506.61333333333334
2012-02-22 09:00:00,258.98833333333334
2012-02-22 10:00:00,151.25
2012-02-22 11:00:00,142.96
2012-02-22 12:00:00,156.23
2012-02-22 13:00:00,164.41666666666666
2012-02-22 14:00:00,157.645
2012-02-22 15:00:00,195.37
2012-02-22 16:00:00,293.8233333333333
2012-02-22 17:00:00,494.5683333333333
2012-02-22 18:00:00,476.61
2012-02-22 19:00:00,292.61333333333334
2012-02-22 20:00:00,201.40666666666667
2012-02-22 21:00:00,202.35333333333332
2012-02-22 22:00:00,116.96833333333333
2012-02-22 23:00:00,80.36333333333333
2012-02-23 00:00:00,37.755
2012-02-23 01:00:00,10.361666666666666
2012-02-23 02:00:00,9.095
2012-02-23 03:00:00,3.365
2012-02-23 04:00:00,2.7266666666666666
2012-02-23 05:00:00,21.565
2012-02-23 06:00:00,85.6
2012-02-23 07:00:00,238.92833333333334
2012-02-23 08:00:00,483.83166666666665
2012-02-23 09:00:00,232.47666666666666
2012-02-23 10:00:00,149.42833333333334
2012-02-23 11:00:00,185.16666666666666
2012-02-23 12:00:00,209.06
2012-02-23 13:00:00,208.64333333333335
2012-02-23 14:00:00,199.65833333333333
2012-02-23 15:00:00,211.075
2012-02-23 16:00:00,317.6566666666667
2012-02-23 17:00:00,504.125
2012-02-23 18:00:00,497.40166666666664
2012-02-23 19:00:00,319.82666666666665
2012-02-23 20:00:00,207.38833333333332
2012-02-23 21:00:00,163.21833333333333
2012-02-23 22:00:00,124.77833333333334
2012-02-23 23:00:00,95.935
2012-02-24 00:00:00,46.04333333333334
2012-02-24 01:00:00,20.485
2012-02-24 02:00:00,8.116666666666667
2012-02-24 03:00:00,4.941666666666666
2012-02-24 04:00:00,3.243333333333333
2012-02-24 05:00:00,21.191666666666666
2012-02-24 06:00:00,82.79
2012-02-24 07:00:00,239.68833333333333
2012-02-24 08:00:00,478.65
2012-02-24 09:00:00,159.815
2012-02-24 10:00:00,120.41833333333334
2012-02-24 11:00:00,169.395
2012-02-24 12:00:00,185.58333333333334
2012-02-24 13:00:00,185.475
2012-02-24 14:00:00,187.04333333333332
2012-02-24 15:00:00,137.275
2012-02-24 16:00:00,170.65666666666667
2012-02-24 17:00:00,332.205
2012-02-24 18:00:00,463.32
2012-02-24 19:00:00,272.12
2012-02-24 20:00:00,191.67333333333335
2012-02-24 21:00:00,143.32333333333332
2012-02-24 22:00:00,120.81
2012-02-24 23:00:00,91.21666666666667
2012-02-25 00:00:00,73.78
2012-02-25 01:00:00,63.06
2012-02-25 02:00:00,44.98166666666667
2012-02-25 03:00:00,16.008333333333333
2012-02-25 04:00:00,4.623333333333333
2012-02-25 05:00:00,4.34
2012-02-25 06:00:00,8.575
2012-02-25 07:00:00,88.01833333333333
2012-02-25 08:00:00,103.11666666666666
2012-02-25 09:00:00,105.6
2012-02-25 10:00:00,184.69
2012-02-25 11:00:00,183.4
2012-02-25 12:00:00,229.17833333333334
2012-02-25 13:00:00,243.36
2012-02-25 14:00:00,223.075
2012-02-25 15:00:00,242.47333333333333
2012-02-25 16:00:00,214.87333333333333
2012-02-25 17:00:00,183.55
2012-02-25 18:00:00,168.385
2012-02-25 19:00:00,149.25833333333333
2012-02-25 20:00:00,137.01333333333332
2012-02-25 21:00:00,76.92333333333333
2012-02-25 22:00:00,80.65
2012-02-25 23:00:00,54.49333333333333
2012-02-26 00:00:00,64.28833333333333
2012-02-26 01:00:00,53.44
2012-02-26 02:00:00,43.87833333333333
2012-02-26 03:00:00,22.871666666666666
2012-02-26 04:00:00,3.82
2012-02-26 05:00:00,3.79
2012-02-26 06:00:00,6.825
2012-02-26 07:00:00,74.015
2012-02-26 08:00:00,104.075
2012-02-26 09:00:00,122.045
2012-02-26 10:00:00,182.295
2012-02-26 11:00:00,188.315
2012-02-26 12:00:00,239.71833333333333
2012-02-26 13:00:00,264.61333333333334
2012-02-26 14:00:00,281.9533333333333
2012-02-26 15:00:00,324.76
2012-02-26 16:00:00,305.29333333333335
2012-02-26 17:00:00,274.47
2012-02-26 18:00:00,218.76333333333332
2012-02-26 19:00:00,212.095
2012-02-26 20:00:00,171.03333333333333
2012-02-26 21:00:00,100.37833333333333
2012-02-26 22:00:00,96.18666666666667
2012-02-26 23:00:00,39.08
2012-02-27 00:00:00,16.063333333333333
2012-02-27 01:00:00,6.088333333333333
2012-02-27 02:00:00,4.868333333333333
2012-02-27 03:00:00,2.3116666666666665
2012-02-27 04:00:00,1.875
2012-02-27 05:00:00,18.878333333333334
2012-02-27 06:00:00,81.69666666666667
2012-02-27 07:00:00,216.60166666666666
2012-02-27 08:00:00,458.03333333333336
2012-02-27 09:00:00,211.15333333333334
2012-02-27 10:00:00,145.00833333333333
2012-02-27 11:00:00,143.285
2012-02-27 12:00:00,157.99333333333334
2012-02-27 13:00:00,162.23333333333332
2012-02-27 14:00:00,158.06666666666666
2012-02-27 15:00:00,201.08333333333334
2012-02-27 16:00:00,304.995
2012-02-27 17:00:00,497.385
2012-02-27 18:00:00,480.64666666666665
2012-02-27 19:00:00,331.175
2012-02-27 20:00:00,240.68666666666667
2012-02-27 21:00:00,168.735
2012-02-27 22:00:00,113.215
2012-02-27 23:00:00,71.98
2012-02-28 00:00:00,29.348333333333333
2012-02-28 01:00:00,9.035
2012-02-28 02:00:00,7.668333333333333
2012-02-28 03:00:00,3.158333333333333
2012-02-28 04:00:00,2.52
2012-02-28 05:00:00,19.425
2012-02-28 06:00:00,86.14833333333333
2012-02-28 07:00:00,196.38833333333332
2012-02-28 08:00:00,442.61833333333334
2012-02-28 09:00:00,201.91333333333333
2012-02-28 10:00:00,129.675
2012-02-28 11:00:00,140.33333333333334
2012-02-28 12:00:00,152.86333333333334
2012-02-28 13:00:00,156.13333333333333
2012-02-28 14:00:00,142.73666666666668
2012-02-28 15:00:00,156.47833333333332
2012-02-28 16:00:00,261.895
2012-02-28 17:00:00,486.1016666666667
2012-02-28 18:00:00,483.71
2012-02-28 19:00:00,283.69
2012-02-28 20:00:00,194.08
2012-02-28 21:00:00,151.46
2012-02-28 22:00:00,106.545
2012-02-28 23:00:00,52.471666666666664
2012-02-29 00:00:00,23.463333333333335
2012-02-29 01:00:00,8.693333333333333
2012-02-29 02:00:00,4.213333333333333
2012-02-29 03:00:00,2.17
2012-02-29 05:00:00,20.505
2012-02-29 06:00:00,81.31333333333333
2012-02-29 07:00:00,238.63
2012-02-29 08:00:00,503.685
2012-02-29 09:00:00,70.76
2012-02-29 10:00:00,62.781666666666666
2012-02-29 11:00:00,72.10833333333333
2012-02-29 12:00:00,74.77833333333334
2012-02-29 13:00:00,141.00833333333333
2012-02-29 14:00:00,136.07333333333332
2012-02-29 15:00:00,149.11
2012-02-29 16:00:00,163.75666666666666
2012-02-29 17:00:00,465.4683333333333
2012-02-29 18:00:00,315.0566666666667
2012-02-29 19:00:00,274.03
2012-02-29 20:00:00,158.93
2012-02-29 21:00:00,114.77333333333333
2012-02-29 22:00:00,90.63166666666666
2012-02-29 23:00:00,71.00166666666667
2012-03-20 00:00:00,27.736666666666668
2012-03-20 01:00:00,17.743333333333332
2012-03-20 02:00:00,5.545
2012-03-20 03:00:00,4.666666666666667
2012-03-20 04:00:00,4.281666666666666
2012-03-20 05:00:00,24.268333333333334
2012-03-20 06:00:00,120.135
2012-03-20 07:00:00,122.08166666666666
2012-03-20 08:00:00,575.915
2012-03-20 09:00:00,338.16333333333336
2012-03-20 10:00:00,149.73166666666665
2012-03-20 11:00:00,159.16833333333332
2012-03-20 12:00:00,215.85
2012-03-20 13:00:00,220.58833333333334
2012-03-20 14:00:00,210.04333333333332
2012-03-20 15:00:00,245.63
2012-03-20 16:00:00,357.7316666666667
2012-03-20 17:00:00,689.27
2012-03-20 18:00:00,685.01
2012-03-20 19:00:00,465.8883333333333
2012-03-20 20:00:00,344.8883333333333
2012-03-20 21:00:00,229.75666666666666
2012-03-20 22:00:00,172.745
2012-03-20 23:00:00,84.05833333333334
2012-03-21 00:00:00,29.383333333333333
2012-03-21 01:00:00,19.44333333333333
2012-03-21 02:00:00,5.875
2012-03-21 03:00:00,4.118333333333333
2012-03-21 04:00:00,4.676666666666667
2012-03-21 05:00:00,23.416666666666668
2012-03-21 06:00:00,121.065
2012-03-21 07:00:00,141.19166666666666
2012-03-21 08:00:00,415.2083333333333
2012-03-21 09:00:00,336.76
2012-03-21 10:00:00,157.84833333333333
2012-03-21 11:00:00,160.11166666666668
2012-03-21 12:00:00,232.98666666666668
2012-03-21 13:00:00,222.15
2012-03-21 14:00:00,223.00333333333333
2012-03-21 15:00:00,233.01
2012-03-21 16:00:00,400.3566666666667
2012-03-21 17:00:00,680.0283333333333
2012-03-21 18:00:00,679.6616666666666
2012-03-21 19:00:00,499.02666666666664
2012-03-21 20:00:00,320.46666666666664
2012-03-21 21:00:00,225.44666666666666
2012-03-21 22:00:00,182.07666666666665
2012-03-21 23:00:00,106.68833333333333
2012-03-22 00:00:00,41.96666666666667
2012-03-22 01:00:00,20.266666666666666
2012-03-22 02:00:00,8.505
2012-03-22 03:00:00,6.06
2012-03-22 04:00:00,5.256666666666667
2012-03-22 05:00:00,24.375
2012-03-22 06:00:00,121.62333333333333
2012-03-22 07:00:00,324.17
2012-03-22 08:00:00,584.4
2012-03-22 09:00:00,317.12166666666667
2012-03-22 10:00:00,164.72833333333332
2012-03-22 11:00:00,157.245
2012-03-22 12:00:00,203.685
2012-03-22 13:00:00,236.945
2012-03-22 14:00:00,228.59666666666666
2012-03-22 15:00:00,245.68666666666667
2012-03-22 16:00:00,380.6433333333333
2012-03-22 17:00:00,724.115
2012-03-22 18:00:00,728.94
2012-03-22 19:00:00,501.585
2012-03-22 20:00:00,344.89166666666665
2012-03-22 21:00:00,247.51166666666666
2012-03-22 22:00:00,188.37
2012-03-22 23:00:00,124.025
2012-03-23 00:00:00,52.7
2012-03-23 01:00:00,26.793333333333333
2012-03-23 02:00:00,9.706666666666667
2012-03-23 03:00:00,7.303333333333334
2012-03-23 04:00:00,6.95
2012-03-23 05:00:00,25.496666666666666
2012-03-23 06:00:00,119.16166666666666
2012-03-23 07:00:00,322.8566666666667
2012-03-23 08:00:00,575.3066666666666
2012-03-23 09:00:00,324.25
2012-03-23 10:00:00,194.67166666666665
2012-03-23 11:00:00,239.12666666666667
2012-03-23 12:00:00,324.1333333333333
2012-03-23 13:00:00,366.37666666666667
2012-03-23 14:00:00,357.39166666666665
2012-03-23 15:00:00,362.4533333333333
2012-03-23 16:00:00,462.60833333333335
2012-03-23 17:00:00,727.3533333333334
2012-03-23 18:00:00,709.585
2012-03-23 19:00:00,463.5466666666667
2012-03-23 20:00:00,343.3883333333333
2012-03-23 21:00:00,266.2033333333333
2012-03-23 22:00:00,243.885
2012-03-23 23:00:00,174.44666666666666
2012-03-24 00:00:00,109.06166666666667
2012-03-24 01:00:00,95.73366666666666
2012-03-24 02:00:00,58.18
2012-03-24 03:00:00,28.093333333333334
2012-03-24 04:00:00,12.323333333333334
2012-03-24 05:00:00,11.635
2012-03-24 06:00:00,26.726666666666667
2012-03-24 07:00:00,117.325
2012-03-24 08:00:00,231.47666666666666
2012-03-24 09:00:00,302.6816666666667
2012-03-24 10:00:00,384.23833333333334
2012-03-24 11:00:00,448.21166666666664
2012-03-24 12:00:00,308.53333333333336
2012-03-24 13:00:00,305.01666666666665
2012-03-24 14:00:00,298.16333333333336
2012-03-24 15:00:00,301.0233333333333
2012-03-24 16:00:00,224.86333333333334
2012-03-24 17:00:00,215.625
2012-03-24 18:00:00,160.35166666666666
2012-03-24 19:00:00,155.92333333333335
2012-03-24 20:00:00,135.56
2012-03-24 21:00:00,121.35833333333333
2012-03-24 22:00:00,106.42666666666666
2012-03-24 23:00:00,98.45
2012-03-25 00:00:00,88.07166666666667
2012-03-25 01:00:00,72.97333333333333
2012-03-25 02:00:00,51.11666666666667
2012-03-25 03:00:00,20.616666666666667
2012-03-25 04:00:00,10.175
2012-03-25 05:00:00,8.988333333333333
2012-03-25 06:00:00,12.56
2012-03-25 07:00:00,85.07666666666667
2012-03-25 08:00:00,121.35333333333334
2012-03-25 09:00:00,182.73833333333334
2012-03-25 10:00:00,246.46666666666667
2012-03-25 11:00:00,295.785
2012-03-25 12:00:00,374.51666666666665
2012-03-25 13:00:00,423.4166666666667
2012-03-25 14:00:00,444.585
2012-03-25 15:00:00,424.625
2012-03-25 16:00:00,442.83
2012-03-25 17:00:00,508.12666666666667
2012-03-25 18:00:00,430.525
2012-03-25 19:00:00,324.555
2012-03-25 20:00:00,221.38
2012-03-25 21:00:00,152.375
2012-03-25 22:00:00,107.26666666666667
2012-03-25 23:00:00,60.391666666666666
2012-03-26 00:00:00,25.47833333333333
2012-03-26 01:00:00,13.603333333333333
2012-03-26 02:00:00,7.158333333333333
2012-03-26 03:00:00,3.05
2012-03-26 04:00:00,3.88
2012-03-26 05:00:00,26.85
2012-03-26 06:00:00,113.41
2012-03-26 07:00:00,347.71
2012-03-26 08:00:00,594.845
2012-03-26 09:00:00,302.315
2012-03-26 10:00:00,170.55333333333334
2012-03-26 11:00:00,207.49333333333334
2012-03-26 12:00:00,232.685
2012-03-26 13:00:00,233.07
2012-03-26 14:00:00,226.25166666666667
2012-03-26 15:00:00,232.68166666666667
2012-03-26 16:00:00,341.95
2012-03-26 17:00:00,562.8866666666667
2012-03-26 18:00:00,515.5433333333333
2012-03-26 19:00:00,294.925
2012-03-26 20:00:00,220.9
2012-03-26 21:00:00,175.50166666666667
2012-03-26 22:00:00,108.95166666666667
2012-03-26 23:00:00,64.11
2012-03-27 00:00:00,25.485
2012-03-27 01:00:00,7.483333333333333
2012-03-27 02:00:00,4.441666666666666
2012-03-27 03:00:00,2.6033333333333335
2012-03-27 04:00:00,2.2883333333333336
2012-03-27 05:00:00,22.648333333333333
2012-03-27 06:00:00,98.67666666666666
2012-03-27 07:00:00,241.03166666666667
2012-03-27 08:00:00,471.78833333333336
2012-03-27 09:00:00,230.96277777777777
2012-03-27 10:00:00,147.45333333333335
2012-03-27 11:00:00,174.98666666666668
2012-03-27 12:00:00,191.85
2012-03-27 13:00:00,209.12
2012-03-27 14:00:00,195.98166666666665
2012-03-27 15:00:00,209.92
2012-03-27 16:00:00,298.73833333333334
2012-03-27 17:00:00,569.075
2012-03-27 18:00:00,507.5683333333333
2012-03-27 19:00:00,317.9316666666667
2012-03-27 20:00:00,256.29
2012-03-27 21:00:00,152.825
2012-03-27 22:00:00,115.67833333333333
2012-03-27 23:00:00,71.14
2012-03-28 00:00:00,24.891666666666666
2012-03-28 01:00:00,10.686666666666667
2012-03-28 02:00:00,5.171666666666667
2012-03-28 03:00:00,3.631666666666667
2012-03-28 04:00:00,2.875
2012-03-28 05:00:00,24.821666666666665
2012-03-28 06:00:00,111.86833333333334
2012-03-28 07:00:00,293.42
2012-03-28 08:00:00,540.4033333333333
2012-03-28 09:00:00,309.775
2012-03-28 10:00:00,179.14166666666668
2012-03-28 11:00:00,202.08666666666667
2012-03-28 12:00:00,237.455
2012-03-28 13:00:00,225.47833333333332
2012-03-28 14:00:00,229.90523809523808
2012-03-28 15:00:00,241.98741269841273
2012-03-28 16:00:00,309.095
2012-03-28 17:00:00,700.5033333333333
2012-03-28 18:00:00,698.6166666666667
2012-03-28 19:00:00,482.7816666666667
2012-03-28 20:00:00,362.84166666666664
2012-03-28 21:00:00,247.68833333333333
2012-03-28 22:00:00,189.50166666666667
2012-03-28 23:00:00,108.23166666666667
2012-03-29 00:00:00,46.818333333333335
2012-03-29 01:00:00,21.518333333333334
2012-03-29 02:00:00,11.833333333333334
2012-03-29 03:00:00,5.418333333333333
2012-03-29 04:00:00,5.828333333333333
2012-03-29 05:00:00,27.185
2012-03-29 06:00:00,119.22833333333334
2012-03-29 07:00:00,349.43333333333334
2012-03-29 08:00:00,580.3
2012-03-29 09:00:00,332.13166666666666
2012-03-29 10:00:00,177.20333333333335
2012-03-29 11:00:00,202.65333333333334
2012-03-29 12:00:00,226.74166666666667
2012-03-29 13:00:00,221.38166666666666
2012-03-29 14:00:00,211.45666666666668
2012-03-29 15:00:00,221.59
2012-03-29 16:00:00,354.9583333333333
2012-03-29 17:00:00,582.8933333333333
2012-03-29 18:00:00,560.1683333333333
2012-03-29 19:00:00,358.41333333333336
2012-03-29 20:00:00,252.32833333333335
2012-03-29 21:00:00,178.67
2012-03-29 22:00:00,134.50833333333333
2012-03-29 23:00:00,87.07666666666667
2012-03-30 00:00:00,50.21666666666667
2012-03-30 01:00:00,20.716666666666665
2012-03-30 02:00:00,7.801666666666667
2012-03-30 03:00:00,6.405
2012-03-30 04:00:00,4.541666666666667
2012-03-30 05:00:00,22.948333333333334
2012-03-30 06:00:00,88.40333333333334
2012-03-30 07:00:00,266.87833333333333
2012-03-30 08:00:00,553.1716666666666
2012-03-30 09:00:00,281.3770555555555
2012-03-30 10:00:00,170.115
2012-03-30 11:00:00,189.27388888888888
2012-03-30 12:00:00,212.41833333333332
2012-03-30 13:00:00,116.24333333333334
2012-03-30 14:00:00,108.27833333333334
2012-03-30 15:00:00,109.09166666666667
2012-03-30 16:00:00,95.58666666666667
2012-03-30 17:00:00,534.4933333333333
2012-03-30 18:00:00,523.085
2012-03-30 19:00:00,302.45
2012-03-30 20:00:00,218.435
2012-03-30 21:00:00,160.07833333333335
2012-03-30 22:00:00,126.29166666666667
2012-03-30 23:00:00,79.79166666666667
2012-03-31 00:00:00,83.405
2012-03-31 01:00:00,69.77666666666667
2012-03-31 02:00:00,49.651666666666664
2012-03-31 03:00:00,23.593333333333334
2012-03-31 04:00:00,9.013333333333334
2012-03-31 05:00:00,8.68
2012-03-31 06:00:00,20.125
2012-03-31 07:00:00,66.40666666666667
2012-03-31 08:00:00,127.11166666666666
2012-03-31 09:00:00,237.52333333333334
2012-03-31 10:00:00,282.6483333333333
2012-03-31 11:00:00,439.07
2012-03-31 12:00:00,532.0233333333333
2012-03-31 13:00:00,589.155
2012-03-31 14:00:00,533.8266666666667
2012-03-31 15:00:00,532.6833333333333
2012-03-31 16:00:00,497.165
2012-03-31 17:00:00,456.4533333333333
2012-03-31 18:00:00,305.75333333333333
2012-03-31 19:00:00,256.85
2012-03-31 20:00:00,193.975
2012-03-31 21:00:00,145.21333333333334
2012-03-31 22:00:00,125.89
2012-03-31 23:00:00,76.00166666666667
2012-04-20 00:00:00,54.86666666666667
2012-04-20 01:00:00,27.523333333333333
2012-04-20 02:00:00,9.06
2012-04-20 03:00:00,7.305
2012-04-20 04:00:00,5.493333333333333
2012-04-20 05:00:00,29.025
2012-04-20 06:00:00,113.55833333333334
2012-04-20 07:00:00,359.58
2012-04-20 08:00:00,606.255
2012-04-20 09:00:00,323.11541666666665
2012-04-20 10:00:00,205.22333333333333
2012-04-20 11:00:00,255.55833333333334
2012-04-20 12:00:00,359.3333333333333
2012-04-20 13:00:00,375.6116666666667
2012-04-20 14:00:00,374.005
2012-04-20 15:00:00,387.0516666666667
2012-04-20 16:00:00,500.9483333333333
2012-04-20 17:00:00,715.1183333333333
2012-04-20 18:00:00,682.59
2012-04-20 19:00:00,479.2583333333333
2012-04-20 20:00:00,352.725
2012-04-20 21:00:00,250.115
2012-04-20 22:00:00,218.15833333333333
2012-04-20 23:00:00,171.42166666666665
2012-04-21 00:00:00,111.72833333333334
2012-04-21 01:00:00,100.72666666666667
2012-04-21 02:00:00,62.06
2012-04-21 03:00:00,32.27166666666667
2012-04-21 04:00:00,12.271666666666667
2012-04-21 05:00:00,12.876666666666667
2012-04-21 06:00:00,40.815
2012-04-21 07:00:00,108.08
2012-04-21 08:00:00,223.72666666666666
2012-04-21 09:00:00,311.28833333333336
2012-04-21 10:00:00,435.545
2012-04-21 11:00:00,508.1433333333333
2012-04-21 12:00:00,587.305
2012-04-21 13:00:00,616.895
2012-04-21 14:00:00,597.5116666666667
2012-04-21 15:00:00,619.01
2012-04-21 16:00:00,606.5983333333334
2012-04-21 17:00:00,594.5583333333333
2012-04-21 18:00:00,454.33166666666665
2012-04-21 19:00:00,250.75
2012-04-21 20:00:00,140.165
2012-04-21 21:00:00,122.735
2012-04-21 22:00:00,182.165
2012-04-21 23:00:00,120.07833333333333
2012-04-22 00:00:00,105.77666666666667
2012-04-22 01:00:00,95.95
2012-04-22 02:00:00,61.455
2012-04-22 03:00:00,25.938333333333333
2012-04-22 04:00:00,11.84
2012-04-22 05:00:00,11.818333333333333
2012-04-22 06:00:00,30.216666666666665
2012-04-22 07:00:00,97.08
2012-04-22 08:00:00,91.18666666666667
2012-04-22 09:00:00,113.44666666666667
2012-04-22 10:00:00,168.80166666666668
2012-04-22 11:00:00,170.39166666666668
2012-04-22 12:00:00,174.90333333333334
2012-04-22 13:00:00,185.18166666666667
2012-04-22 14:00:00,174.73666666666668
2012-04-22 15:00:00,181.83
2012-04-22 16:00:00,180.13833333333332
2012-04-22 17:00:00,181.10166666666666
2012-04-22 18:00:00,168.275
2012-04-22 19:00:00,152.59333333333333
2012-04-22 20:00:00,139.43333333333334
2012-04-22 21:00:00,100.10833333333333
2012-04-22 22:00:00,77.00666666666666
2012-04-22 23:00:00,63.891666666666666
2012-04-23 00:00:00,22.21
2012-04-23 01:00:00,8.541666666666666
2012-04-23 02:00:00,5.505
2012-04-23 03:00:00,2.8233333333333333
2012-04-23 04:00:00,2.28
2012-04-23 05:00:00,18.381666666666668
2012-04-23 06:00:00,96.09
2012-04-23 07:00:00,172.26666666666668
2012-04-23 08:00:00,561.655
2012-04-23 09:00:00,284.73
2012-04-23 10:00:00,159.34333333333333
2012-04-23 11:00:00,162.71333333333334
2012-04-23 12:00:00,154.08
2012-04-23 13:00:00,154.01333333333332
2012-04-23 14:00:00,159.52833333333334
2012-04-23 15:00:00,201.71833333333333
2012-04-23 16:00:00,204.33333333333334
2012-04-23 17:00:00,434.53333333333336
2012-04-23 18:00:00,443.7966666666667
2012-04-23 19:00:00,309.60833333333335
2012-04-23 20:00:00,228.11666666666667
2012-04-23 21:00:00,154.13833333333332
2012-04-23 22:00:00,122.57666666666667
2012-04-23 23:00:00,71.88
2012-04-24 00:00:00,24.485
2012-04-24 01:00:00,11.555
2012-04-24 02:00:00,4.216666666666667
2012-04-24 03:00:00,2.61
2012-04-24 04:00:00,1.73
2012-04-24 05:00:00,23.385
2012-04-24 06:00:00,99.56
2012-04-24 07:00:00,314.595
2012-04-24 08:00:00,618.38
2012-04-24 09:00:00,336.09583333333336
2012-04-24 10:00:00,185.85666666666665
2012-04-24 11:00:00,233.24
2012-04-24 12:00:00,265.9415277777778
2012-04-24 13:00:00,258.50486111111115
2012-04-24 14:00:00,255.54152777777782
2012-04-24 15:00:00,266.1383333333333
2012-04-24 16:00:00,410.615
2012-04-24 17:00:00,671.575
2012-04-24 18:00:00,689.1016666666667
2012-04-24 19:00:00,481.515
2012-04-24 20:00:00,302.205
2012-04-24 21:00:00,232.82833333333335
2012-04-24 22:00:00,158.565
2012-04-24 23:00:00,103.92166666666667
2012-04-25 00:00:00,35.865
2012-04-25 01:00:00,11.135
2012-04-25 02:00:00,6.326666666666667
2012-04-25 03:00:00,2.2666666666666666
2012-04-25 04:00:00,2.118333333333333
2012-04-25 05:00:00,26.723333333333333
2012-04-25 06:00:00,103.72666666666667
2012-04-25 07:00:00,361.285
2012-04-25 08:00:00,644.645
2012-04-25 09:00:00,353.90027777777783
2012-04-25 10:00:00,193.02666666666667
2012-04-25 11:00:00,239.33333333333334
2012-04-25 12:00:00,273.32166666666666
2012-04-25 13:00:00,276.685
2012-04-25 14:00:00,251.46666666666667
2012-04-25 15:00:00,297.79
2012-04-25 16:00:00,411.1333333333333
2012-04-25 17:00:00,747.165
2012-04-25 18:00:00,744.9683333333334
2012-04-25 19:00:00,486.52666666666664
2012-04-25 20:00:00,374.29333333333335
2012-04-25 21:00:00,251.51666666666668
2012-04-25 22:00:00,197.345
2012-04-25 23:00:00,115.76666666666667
2012-04-26 00:00:00,42.78333333333333
2012-04-26 01:00:00,16.138333333333332
2012-04-26 02:00:00,10.581666666666667
2012-04-26 03:00:00,5.206666666666667
2012-04-26 04:00:00,5.376666666666667
2012-04-26 05:00:00,24.411666666666665
2012-04-26 06:00:00,126.3
2012-04-26 07:00:00,211.775
2012-04-26 08:00:00,542.02
2012-04-26 09:00:00,158.99
2012-04-26 10:00:00,178.50166666666667
2012-04-26 11:00:00,180.07166666666666
2012-04-26 12:00:00,232.07166666666666
2012-04-26 13:00:00,227.29333333333332
2012-04-26 14:00:00,226.12
2012-04-26 15:00:00,227.93333333333334
2012-04-26 16:00:00,308.04
2012-04-26 17:00:00,704.1222222222223
2012-04-26 18:00:00,670.3116666666666
2012-04-26 19:00:00,439.9633333333333
2012-04-26 20:00:00,331.565
2012-04-26 21:00:00,233.82833333333335
2012-04-26 22:00:00,211.69833333333332
2012-04-26 23:00:00,127.22833333333334
2012-04-27 00:00:00,55.09
2012-04-27 01:00:00,29.053333333333335
2012-04-27 02:00:00,14.153333333333334
2012-04-27 03:00:00,6.498333333333333
2012-04-27 04:00:00,4.926666666666667
2012-04-27 05:00:00,28.578333333333333
2012-04-27 06:00:00,102.50666666666666
2012-04-27 07:00:00,324.0375
2012-04-27 08:00:00,653.0916666666667
2012-04-27 09:00:00,333.72
2012-04-27 10:00:00,213.375
2012-04-27 11:00:00,246.84166666666667
2012-04-27 12:00:00,354.185
2012-04-27 13:00:00,370.8
2012-04-27 14:00:00,374.1383333333333
2012-04-27 15:00:00,410.335
2012-04-27 16:00:00,474.39166666666665
2012-04-27 17:00:00,651.305
2012-04-27 18:00:00,628.9616666666667
2012-04-27 19:00:00,457.46666666666664
2012-04-27 20:00:00,273.4066666666667
2012-04-27 21:00:00,191.37166666666667
2012-04-27 22:00:00,156.145
2012-04-27 23:00:00,115.91
2012-04-28 00:00:00,86.62833333333333
2012-04-28 01:00:00,62.245
2012-04-28 02:00:00,51.39
2012-04-28 03:00:00,25.821666666666665
2012-04-28 04:00:00,10.235
2012-04-28 05:00:00,9.66
2012-04-28 06:00:00,30.458333333333332
2012-04-28 07:00:00,100.60333333333334
2012-04-28 08:00:00,153.06333333333333
2012-04-28 09:00:00,257.07866666666666
2012-04-28 10:00:00,330.46666666666664
2012-04-28 11:00:00,389.82666666666665
2012-04-28 12:00:00,410.27
2012-04-28 13:00:00,469.6533333333333
2012-04-28 14:00:00,495.175
2012-04-28 15:00:00,461.21166666666664
2012-04-28 16:00:00,485.87666666666667
2012-04-28 17:00:00,427.32166666666666
2012-04-28 18:00:00,177.26333333333332
2012-04-28 19:00:00,174.87333333333333
2012-04-28 20:00:00,204.54833333333335
2012-04-28 21:00:00,151.59833333333333
2012-04-28 22:00:00,159.615
2012-04-28 23:00:00,142.415
2012-04-29 00:00:00,44.95
2012-04-29 01:00:00,72.81666666666666
2012-04-29 02:00:00,64.595
2012-04-29 03:00:00,24.141666666666666
2012-04-29 04:00:00,11.678333333333333
2012-04-29 05:00:00,11.585
2012-04-29 06:00:00,35.04666666666667
2012-04-29 07:00:00,75.89666666666666
2012-04-29 08:00:00,119.745
2012-04-29 09:00:00,237.01333333333332
2012-04-29 10:00:00,346.99
2012-04-29 11:00:00,441.01166666666666
2012-04-29 12:00:00,567.9816666666667
2012-04-29 13:00:00,579.3683333333333
2012-04-29 14:00:00,583.0066666666667
2012-04-29 15:00:00,598.385
2012-04-29 16:00:00,489.7966666666667
2012-04-29 17:00:00,455.3883333333333
2012-04-29 18:00:00,392.6933333333333
2012-04-29 19:00:00,380.68333333333334
2012-04-29 20:00:00,262.89
2012-04-29 21:00:00,162.225
2012-04-29 22:00:00,125.64
2012-04-29 23:00:00,70.625
2012-04-30 00:00:00,40.263333333333335
2012-04-30 01:00:00,12.31
2012-04-30 02:00:00,9.623333333333333
2012-04-30 03:00:00,3.4366666666666665
2012-04-30 04:00:00,2.625
2012-04-30 05:00:00,27.116666666666667
2012-04-30 06:00:00,110.76666666666667
2012-04-30 07:00:00,340.9866666666667
2012-04-30 08:00:00,634.9966666666667
2012-04-30 09:00:00,316.1483333333333
2012-04-30 10:00:00,202.10333333333332
2012-04-30 11:00:00,202.71
2012-04-30 12:00:00,242.98666666666668
2012-04-30 13:00:00,257.80023809523806
2012-04-30 14:00:00,251.30388888888885
2012-04-30 15:00:00,260.89666666666665
2012-04-30 16:00:00,394.615
2012-04-30 17:00:00,742.275
2012-04-30 18:00:00,733.945
2012-04-30 19:00:00,486.4
2012-04-30 20:00:00,306.3666666666667
2012-04-30 21:00:00,227.45166666666665
2012-04-30 22:00:00,154.02333333333334
2012-04-30 23:00:00,82.73833333333333
2012-05-20 00:00:00,149.37666666666667
2012-05-20 01:00:00,103.5058888888889
2012-05-20 02:00:00,72.1
2012-05-20 03:00:00,33.43833333333333
2012-05-20 04:00:00,14.055
2012-05-20 05:00:00,12.783333333333333
2012-05-20 06:00:00,21.22833333333333
2012-05-20 07:00:00,57.02333333333333
2012-05-20 08:00:00,144.64833333333334
2012-05-20 09:00:00,273.71
2012-05-20 10:00:00,428.53333333333336
2012-05-20 11:00:00,553.68
2012-05-20 12:00:00,660.5583333333333
2012-05-20 13:00:00,655.3866666666667
2012-05-20 14:00:00,612.5383333333333
2012-05-20 15:00:00,606.7216666666667
2012-05-20 16:00:00,573.9283333333333
2012-05-20 17:00:00,531.4
2012-05-20 18:00:00,449.09833333333336
2012-05-20 19:00:00,363.51666666666665
2012-05-20 20:00:00,268.9533333333333
2012-05-20 21:00:00,213.46333333333334
2012-05-20 22:00:00,131.23
2012-05-20 23:00:00,82.86833333333334
2012-05-21 00:00:00,36.208333333333336
2012-05-21 01:00:00,17.485
2012-05-21 02:00:00,7.986666666666666
2012-05-21 03:00:00,4.28
2012-05-21 04:00:00,4.671666666666667
2012-05-21 05:00:00,18.108333333333334
2012-05-21 06:00:00,66.37666666666667
2012-05-21 07:00:00,170.665
2012-05-21 08:00:00,243.555
2012-05-21 09:00:00,117.75333333333333
2012-05-21 10:00:00,111.42
2012-05-21 11:00:00,148.75333333333333
2012-05-21 12:00:00,194.39666666666668
2012-05-21 13:00:00,139.39
2012-05-21 14:00:00,145.79666666666665
2012-05-21 15:00:00,210.42333333333335
2012-05-21 16:00:00,335.465
2012-05-21 17:00:00,680.2033333333334
2012-05-21 18:00:00,690.1075
2012-05-21 19:00:00,509.445
2012-05-21 20:00:00,350.56333333333333
2012-05-21 21:00:00,267.945
2012-05-21 22:00:00,162.71
2012-05-21 23:00:00,84.58333333333333
2012-05-22 00:00:00,37.971666666666664
2012-05-22 01:00:00,19.38
2012-05-22 02:00:00,8.04
2012-05-22 03:00:00,5.506666666666667
2012-05-22 04:00:00,5.041666666666667
2012-05-22 05:00:00,17.986666666666668
2012-05-22 06:00:00,71.94833333333334
2012-05-22 07:00:00,166.26333333333332
2012-05-22 08:00:00,534.82
2012-05-22 09:00:00,336.0416666666667
2012-05-22 10:00:00,176.04
2012-05-22 11:00:00,210.25833333333333
2012-05-22 12:00:00,204.67
2012-05-22 13:00:00,233.02666666666667
2012-05-22 14:00:00,204.33333333333334
2012-05-22 15:00:00,265.3665
2012-05-22 16:00:00,386.24
2012-05-22 17:00:00,726.24
2012-05-22 18:00:00,720.865
2012-05-22 19:00:00,503.3016666666667
2012-05-22 20:00:00,378.19
2012-05-22 21:00:00,271.23
2012-05-22 22:00:00,189.275
2012-05-22 23:00:00,103.98166666666667
2012-05-23 00:00:00,47.39
2012-05-23 01:00:00,21.828333333333333
2012-05-23 02:00:00,9.01
2012-05-23 03:00:00,6.19
2012-05-23 04:00:00,4.986666666666666
2012-05-23 05:00:00,20.636666666666667
2012-05-23 06:00:00,139.96
2012-05-23 07:00:00,434.33666666666664
2012-05-23 08:00:00,597.0616666666666
2012-05-23 09:00:00,335.5466666666667
2012-05-23 10:00:00,177.67666666666668
2012-05-23 11:00:00,220.095
2012-05-23 12:00:00,270.915
2012-05-23 13:00:00,224.96833333333333
2012-05-23 14:00:00,249.00583333333333
2012-05-23 15:00:00,282.68333333333334
2012-05-23 16:00:00,328.55333333333334
2012-05-23 17:00:00,617.4029166666667
2012-05-23 18:00:00,628.24
2012-05-23 19:00:00,350.215
2012-05-23 20:00:00,307.75
2012-05-23 21:00:00,209.56166666666667
2012-05-23 22:00:00,196.11666666666667
2012-05-23 23:00:00,118.855
2012-05-24 00:00:00,64.36
2012-05-24 01:00:00,22.475
2012-05-24 02:00:00,11.828333333333333
2012-05-24 03:00:00,6.641666666666667
2012-05-24 04:00:00,5.056666666666667
2012-05-24 05:00:00,25.851666666666667
2012-05-24 06:00:00,138.64333333333335
2012-05-24 07:00:00,437.71166666666664
2012-05-24 08:00:00,688.21375
2012-05-24 09:00:00,332.77666666666664
2012-05-24 10:00:00,183.96333333333334
2012-05-24 11:00:00,231.54888888888885
2012-05-24 12:00:00,303.4683333333333
2012-05-24 13:00:00,293.04411111111114
2012-05-24 14:00:00,258.80361111111114
2012-05-24 15:00:00,277.9786666666667
2012-05-24 16:00:00,391.4533333333333
2012-05-24 17:00:00,748.3166666666667
2012-05-24 18:00:00,748.04
2012-05-24 19:00:00,550.7616666666667
2012-05-24 20:00:00,376.3883333333333
2012-05-24 21:00:00,152.04666666666665
2012-05-24 22:00:00,210.74
2012-05-24 23:00:00,163.85666666666665
2012-05-25 00:00:00,81.63666666666667
2012-05-25 01:00:00,40.66166666666667
2012-05-25 02:00:00,12.231666666666667
2012-05-25 03:00:00,7.95
2012-05-25 04:00:00,6.973333333333334
2012-05-25 05:00:00,26.326666666666668
2012-05-25 06:00:00,138.33833333333334
2012-05-25 07:00:00,386.00166666666667
2012-05-25 08:00:00,660.5795
2012-05-25 09:00:00,293.125
2012-05-25 10:00:00,221.90666666666667
2012-05-25 11:00:00,246.05833333333334
2012-05-25 12:00:00,312.1016666666667
2012-05-25 13:00:00,325.25666666666666
2012-05-25 14:00:00,318.9166666666667
2012-05-25 15:00:00,310.905
2012-05-25 16:00:00,463.33666666666664
2012-05-25 17:00:00,661.6316666666667
2012-05-25 18:00:00,662.5466666666666
2012-05-25 19:00:00,509.055
2012-05-25 20:00:00,361.3566666666667
2012-05-25 21:00:00,279.765
2012-05-25 22:00:00,276.93333333333334
2012-05-25 23:00:00,206.455
2012-05-26 00:00:00,143.43
2012-05-26 01:00:00,99.055
2012-05-26 02:00:00,68.12333333333333
2012-05-26 03:00:00,29.153333333333332
2012-05-26 04:00:00,11.083333333333334
2012-05-26 05:00:00,12.658333333333333
2012-05-26 06:00:00,44.721666666666664
2012-05-26 07:00:00,83.20666666666666
2012-05-26 08:00:00,192.28333333333333
2012-05-26 09:00:00,282.3616666666667
2012-05-26 10:00:00,431.935
2012-05-26 11:00:00,479.38
2012-05-26 12:00:00,508.96166666666664
2012-05-26 13:00:00,501.74
2012-05-26 14:00:00,498.37166666666667
2012-05-26 15:00:00,489.71666666666664
2012-05-26 16:00:00,502.415
2012-05-26 17:00:00,517.0566666666666
2012-05-26 18:00:00,481.3283333333333
2012-05-26 19:00:00,398.85833333333335
2012-05-26 20:00:00,282.52
2012-05-26 21:00:00,247.73833333333334
2012-05-26 22:00:00,261.90166666666664
2012-05-26 23:00:00,202.73
2012-05-27 00:00:00,149.625
2012-05-27 01:00:00,115.12083333333334
2012-05-27 02:00:00,78.965
2012-05-27 03:00:00,35.985
2012-05-27 04:00:00,10.776666666666667
2012-05-27 05:00:00,11.873333333333333
2012-05-27 06:00:00,26.29
2012-05-27 07:00:00,63.568333333333335
2012-05-27 08:00:00,156.01
2012-05-27 09:00:00,261.785
2012-05-27 10:00:00,399.95
2012-05-27 11:00:00,462.575
2012-05-27 12:00:00,493.9266666666667
2012-05-27 13:00:00,513.4666666666667
2012-05-27 14:00:00,509.535
2012-05-27 15:00:00,513.8316666666667
2012-05-27 16:00:00,498.2633333333333
2012-05-27 17:00:00,499.33
2012-05-27 18:00:00,448.45166666666665
2012-05-27 19:00:00,360.2916666666667
2012-05-27 20:00:00,283.61333333333334
2012-05-27 21:00:00,198.93166666666667
2012-05-27 22:00:00,112.91
2012-05-27 23:00:00,103.75166666666667
2012-05-28 00:00:00,99.61
2012-05-28 01:00:00,59.788333333333334
2012-05-28 02:00:00,37.471666666666664
2012-05-28 03:00:00,17.778333333333332
2012-05-28 04:00:00,12.056666666666667
2012-05-28 05:00:00,26.18166666666667
2012-05-28 06:00:00,81.99833333333333
2012-05-28 07:00:00,294.75666666666666
2012-05-28 08:00:00,228.35666666666665
2012-05-28 09:00:00,277.50666666666666
2012-05-28 10:00:00,307.095
2012-05-28 11:00:00,340.9116666666667
2012-05-28 12:00:00,427.7133333333333
2012-05-28 13:00:00,411.46666666666664
2012-05-28 14:00:00,408.1066666666667
2012-05-28 15:00:00,412.86833333333334
2012-05-28 16:00:00,416.65
2012-05-28 17:00:00,482.4716666666667
2012-05-28 18:00:00,480.165
2012-05-28 19:00:00,469.47833333333335
2012-05-28 20:00:00,352.8016666666667
2012-05-28 21:00:00,275.075
2012-05-28 22:00:00,234.32333333333332
2012-05-28 23:00:00,123.97
2012-05-29 00:00:00,46.035
2012-05-29 01:00:00,17.171666666666667
2012-05-29 02:00:00,9.646666666666667
2012-05-29 03:00:00,5.211666666666667
2012-05-29 04:00:00,6.098333333333334
2012-05-29 05:00:00,25.933333333333334
2012-05-29 06:00:00,155.48166666666665
2012-05-29 07:00:00,377.395
2012-05-29 08:00:00,663.6870833333334
2012-05-29 09:00:00,329.1933333333333
2012-05-29 10:00:00,178.84
2012-05-29 11:00:00,226.47833333333332
2012-05-29 12:00:00,264.42833333333334
2012-05-29 13:00:00,256.92808080808084
2012-05-29 14:00:00,251.33333333333334
2012-05-29 15:00:00,260.3136666666667
2012-05-29 16:00:00,384.12
2012-05-29 17:00:00,759.155
2012-05-29 18:00:00,757.6633333333333
2012-05-29 19:00:00,547.4733333333334
2012-05-29 20:00:00,336.06166666666667
2012-05-29 21:00:00,151.17833333333334
2012-05-29 22:00:00,169.975
2012-05-29 23:00:00,88.92666666666666
2012-05-30 00:00:00,46.71
2012-05-30 01:00:00,17.8
2012-05-30 02:00:00,9.79
2012-05-30 03:00:00,5.043333333333333
2012-05-30 04:00:00,5.458333333333333
2012-05-30 05:00:00,27.993333333333332
2012-05-30 06:00:00,152.02833333333334
2012-05-30 07:00:00,251.86
2012-05-30 08:00:00,683.7870833333334
2012-05-30 09:00:00,351.535
2012-05-30 10:00:00,173.275
2012-05-30 11:00:00,226.92833333333334
2012-05-30 12:00:00,312.5783333333333
2012-05-30 13:00:00,303.9919047619047
2012-05-30 14:00:00,267.56136904761905
2012-05-30 15:00:00,272.3593888888889
2012-05-30 16:00:00,394.26166666666666
2012-05-30 17:00:00,740.5116666666667
2012-05-30 18:00:00,809.64
2012-05-30 19:00:00,518.6483333333333
2012-05-30 20:00:00,355.325
2012-05-30 21:00:00,310.72833333333335
2012-05-30 22:00:00,272.005
2012-05-30 23:00:00,149.95833333333334
2012-05-31 00:00:00,70.545
2012-05-31 01:00:00,25.31
2012-05-31 02:00:00,11.195
2012-05-31 03:00:00,6.933333333333334
2012-05-31 04:00:00,6.761666666666667
2012-05-31 05:00:00,29.676666666666666
2012-05-31 06:00:00,156.12666666666667
2012-05-31 07:00:00,475.2216666666667
2012-05-31 08:00:00,691.7082222222222
2012-05-31 09:00:00,327.1116666666667
2012-05-31 10:00:00,198.86166666666668
2012-05-31 11:00:00,243.57166666666666
2012-05-31 12:00:00,316.0733333333333
2012-05-31 13:00:00,300.1638333333333
2012-05-31 14:00:00,256.24083333333334
2012-05-31 15:00:00,277.15638888888884
2012-05-31 16:00:00,442.91333333333336
2012-05-31 17:00:00,816.095
2012-05-31 18:00:00,811.2833333333333
2012-05-31 19:00:00,535.065
2012-05-31 20:00:00,373.8566666666667
2012-05-31 21:00:00,299.66833333333335
2012-05-31 22:00:00,285.545
2012-05-31 23:00:00,186.04666666666665
2012-06-20 00:00:00,46.96333333333333
2012-06-20 01:00:00,23.72
2012-06-20 02:00:00,8.415
2012-06-20 03:00:00,6.8133333333333335
2012-06-20 04:00:00,7.901666666666666
2012-06-20 05:00:00,39.12833333333333
2012-06-20 06:00:00,158.24666666666667
2012-06-20 07:00:00,395.6816666666667
2012-06-20 08:00:00,662.8188055555555
2012-06-20 09:00:00,349.56666666666666
2012-06-20 10:00:00,183.745
2012-06-20 11:00:00,217.05833333333334
2012-06-20 12:00:00,263.6566666666667
2012-06-20 13:00:00,262.58
2012-06-20 14:00:00,239.08299999999997
2012-06-20 15:00:00,260.3
2012-06-20 16:00:00,407.14666666666665
2012-06-20 17:00:00,748.1533333333333
2012-06-20 18:00:00,747.2466666666667
2012-06-20 19:00:00,532.3166666666667
2012-06-20 20:00:00,440.84
2012-06-20 21:00:00,339.84166666666664
2012-06-20 22:00:00,285.1666666666667
2012-06-20 23:00:00,141.64
2012-06-21 00:00:00,67.58333333333333
2012-06-21 01:00:00,24.138333333333332
2012-06-21 02:00:00,9.426666666666666
2012-06-21 03:00:00,6.096666666666667
2012-06-21 04:00:00,7.435
2012-06-21 05:00:00,37.281666666666666
2012-06-21 06:00:00,179.295
2012-06-21 07:00:00,477.105
2012-06-21 08:00:00,620.4467222222222
2012-06-21 09:00:00,311.00333333333333
2012-06-21 10:00:00,178.77333333333334
2012-06-21 11:00:00,226.72166666666666
2012-06-21 12:00:00,274.835
2012-06-21 13:00:00,266.94166666666666
2012-06-21 14:00:00,235.595
2012-06-21 15:00:00,254.90666666666667
2012-06-21 16:00:00,406.8616666666667
2012-06-21 17:00:00,732.3533333333334
2012-06-21 18:00:00,765.035
2012-06-21 19:00:00,501.7633333333333
2012-06-21 20:00:00,428.2133333333333
2012-06-21 21:00:00,322.35
2012-06-21 22:00:00,259.9166666666667
2012-06-21 23:00:00,150.9
2012-06-22 00:00:00,84.66166666666666
2012-06-22 01:00:00,40.535
2012-06-22 02:00:00,18.985
2012-06-22 03:00:00,8.388333333333334
2012-06-22 04:00:00,7.985
2012-06-22 05:00:00,36.155
2012-06-22 06:00:00,144.27166666666668
2012-06-22 07:00:00,417.84166666666664
2012-06-22 08:00:00,647.058888888889
2012-06-22 09:00:00,358.37666666666667
2012-06-22 10:00:00,243.465
2012-06-22 11:00:00,272.12333333333333
2012-06-22 12:00:00,337.3183333333333
2012-06-22 13:00:00,341.96
2012-06-22 14:00:00,337.4483333333333
2012-06-22 15:00:00,308.34833333333336
2012-06-22 16:00:00,438.8183333333333
2012-06-22 17:00:00,776.0183333333333
2012-06-22 18:00:00,683.2416666666667
2012-06-22 19:00:00,502.3233333333333
2012-06-22 20:00:00,376.08
2012-06-22 21:00:00,233.80666666666667
2012-06-22 22:00:00,262.635
2012-06-22 23:00:00,195.36
2012-06-23 00:00:00,156.99
2012-06-23 01:00:00,103.29833333333333
2012-06-23 02:00:00,79.99333333333334
2012-06-23 03:00:00,31.543333333333333
2012-06-23 04:00:00,10.375
2012-06-23 05:00:00,10.93
2012-06-23 06:00:00,37.575
2012-06-23 07:00:00,64.21666666666667
2012-06-23 08:00:00,175.20166666666665
2012-06-23 09:00:00,283.7816666666667
2012-06-23 10:00:00,433.31666666666666
2012-06-23 11:00:00,515.0533333333333
2012-06-23 12:00:00,541.04
2012-06-23 13:00:00,550.495
2012-06-23 14:00:00,571.5466666666666
2012-06-23 15:00:00,535.96
2012-06-23 16:00:00,512.8566666666667
2012-06-23 17:00:00,500.5
2012-06-23 18:00:00,457.645
2012-06-23 19:00:00,396.8016666666667
2012-06-23 20:00:00,346.25166666666667
2012-06-23 21:00:00,289.49833333333333
2012-06-23 22:00:00,255.54833333333335
2012-06-23 23:00:00,209.61
2012-06-24 00:00:00,181.08666666666667
2012-06-24 01:00:00,123.21444444444442
2012-06-24 02:00:00,97.77833333333334
2012-06-24 03:00:00,37.36666666666667
2012-06-24 04:00:00,12.861666666666666
2012-06-24 05:00:00,12.453333333333333
2012-06-24 06:00:00,21.398333333333333
2012-06-24 07:00:00,45.82333333333333
2012-06-24 08:00:00,142.28
2012-06-24 09:00:00,244.665
2012-06-24 10:00:00,412.5183333333333
2012-06-24 11:00:00,493.47333333333336
2012-06-24 12:00:00,529.045
2012-06-24 13:00:00,541.7833333333333
2012-06-24 14:00:00,501.12166666666667
2012-06-24 15:00:00,487.8433333333333
2012-06-24 16:00:00,480.88
2012-06-24 17:00:00,482.27166666666665
2012-06-24 18:00:00,468.5233333333333
2012-06-24 19:00:00,413.30333333333334
2012-06-24 20:00:00,337.18
2012-06-24 21:00:00,227.81666666666666
2012-06-24 22:00:00,157.41833333333332
2012-06-24 23:00:00,108.34666666666666
2012-06-25 00:00:00,43.29333333333334
2012-06-25 01:00:00,20.956666666666667
2012-06-25 02:00:00,11.355
2012-06-25 03:00:00,7.508333333333334
2012-06-25 04:00:00,7.713333333333333
2012-06-25 05:00:00,39.74166666666667
2012-06-25 06:00:00,151.62333333333333
2012-06-25 07:00:00,476.43666666666667
2012-06-25 08:00:00,656.9816666666667
2012-06-25 09:00:00,334.3066666666667
2012-06-25 10:00:00,182.52666666666667
2012-06-25 11:00:00,229.98666666666668
2012-06-25 12:00:00,262.71322222222227
2012-06-25 13:00:00,262.9890833333333
2012-06-25 14:00:00,246.52747222222223
2012-06-25 15:00:00,259.0622222222222
2012-06-25 16:00:00,431.295
2012-06-25 17:00:00,769.1966666666667
2012-06-25 18:00:00,775.825
2012-06-25 19:00:00,592.385
2012-06-25 20:00:00,421.1933333333333
2012-06-25 21:00:00,278.7816666666667
2012-06-25 22:00:00,205.21333333333334
2012-06-25 23:00:00,119.42666666666666
2012-06-26 00:00:00,42.10666666666667
2012-06-26 01:00:00,16.115
2012-06-26 02:00:00,11.43
2012-06-26 03:00:00,8.215
2012-06-26 04:00:00,9.861666666666666
2012-06-26 05:00:00,42.355
2012-06-26 06:00:00,156.95166666666665
2012-06-26 07:00:00,489.38166666666666
2012-06-26 08:00:00,688.58
2012-06-26 09:00:00,320.9736111111111
2012-06-26 10:00:00,195.28166666666667
2012-06-26 11:00:00,236.47
2012-06-26 12:00:00,275.7297222222222
2012-06-26 13:00:00,271.82930555555555
2012-06-26 14:00:00,267.45466666666664
2012-06-26 15:00:00,276.3276388888889
2012-06-26 16:00:00,426.52166666666665
2012-06-26 17:00:00,805.6433333333333
2012-06-26 18:00:00,786.22
2012-06-26 19:00:00,587.94
2012-06-26 20:00:00,422.62833333333333
2012-06-26 21:00:00,292.715
2012-06-26 22:00:00,209.86333333333334
2012-06-26 23:00:00,138.855
2012-06-27 00:00:00,46.01
2012-06-27 01:00:00,17.12
2012-06-27 02:00:00,10.553333333333333
2012-06-27 03:00:00,8.13
2012-06-27 04:00:00,8.908333333333333
2012-06-27 05:00:00,39.281666666666666
2012-06-27 06:00:00,160.39666666666668
2012-06-27 07:00:00,454.8
2012-06-27 08:00:00,668.4440555555555
2012-06-27 09:00:00,320.52666666666664
2012-06-27 10:00:00,200.32166666666666
2012-06-27 11:00:00,237.27333333333334
2012-06-27 12:00:00,287.24619047619046
2012-06-27 13:00:00,275.30077380952383
2012-06-27 14:00:00,295.78333333333336
2012-06-27 15:00:00,275.9941666666667
2012-06-27 16:00:00,444.76666666666665
2012-06-27 17:00:00,775.01
2012-06-27 18:00:00,781.3333333333334
2012-06-27 19:00:00,592.5283333333333
2012-06-27 20:00:00,464.69666666666666
2012-06-27 21:00:00,334.9583333333333
2012-06-27 22:00:00,266.36333333333334
2012-06-27 23:00:00,155.58
2012-06-28 00:00:00,66.51666666666667
2012-06-28 01:00:00,22.713333333333335
2012-06-28 02:00:00,10.546666666666667
2012-06-28 03:00:00,8.185
2012-06-28 04:00:00,7.091666666666667
2012-06-28 05:00:00,36.556666666666665
2012-06-28 06:00:00,157.68333333333334
2012-06-28 07:00:00,492.65166666666664
2012-06-28 08:00:00,659.0083333333333
2012-06-28 09:00:00,340.02
2012-06-28 10:00:00,204.175
2012-06-28 11:00:00,231.73166666666665
2012-06-28 12:00:00,294.085
2012-06-28 13:00:00,284.3433333333333
2012-06-28 14:00:00,280.5833333333333
2012-06-28 15:00:00,295.27666666666664
2012-06-28 16:00:00,463.52
2012-06-28 17:00:00,720.5383333333333
2012-06-28 18:00:00,725.7533333333333
2012-06-28 19:00:00,540.4216666666666
2012-06-28 20:00:00,476.025
2012-06-28 21:00:00,336.11
2012-06-28 22:00:00,281.35833333333335
2012-06-28 23:00:00,193.45666666666668
2012-06-29 00:00:00,84.66333333333333
2012-06-29 01:00:00,35.973333333333336
2012-06-29 02:00:00,16.993333333333332
2012-06-29 03:00:00,7.793333333333333
2012-06-29 04:00:00,8.453333333333333
2012-06-29 05:00:00,35.876666666666665
2012-06-29 06:00:00,139.63666666666666
2012-06-29 07:00:00,418.6
2012-06-29 08:00:00,676.4269444444445
2012-06-29 09:00:00,362.025
2012-06-29 10:00:00,242.72666666666666
2012-06-29 11:00:00,274.56166666666667
2012-06-29 12:00:00,312.62
2012-06-29 13:00:00,308.5966666666667
2012-06-29 14:00:00,301.68833333333333
2012-06-29 15:00:00,307.3883333333333
2012-06-29 16:00:00,407.2733333333333
2012-06-29 17:00:00,658.7983333333333
2012-06-29 18:00:00,622.3466666666667
2012-06-29 19:00:00,459.5133333333333
2012-06-29 20:00:00,379.8016666666667
2012-06-29 21:00:00,392.52
2012-06-29 22:00:00,236.67166666666665
2012-06-29 23:00:00,155.92333333333335
2012-06-30 00:00:00,151.375
2012-06-30 01:00:00,111.03166666666667
2012-06-30 02:00:00,76.595
2012-06-30 03:00:00,32.333333333333336
2012-06-30 04:00:00,13.146666666666667
2012-06-30 05:00:00,10.666666666666666
2012-06-30 06:00:00,35.115
2012-06-30 07:00:00,69.195
2012-06-30 08:00:00,182.375
2012-06-30 09:00:00,279.88
2012-06-30 10:00:00,401.6016666666667
2012-06-30 11:00:00,469.0
2012-06-30 12:00:00,503.10333333333335
2012-06-30 13:00:00,506.96666666666664
2012-06-30 14:00:00,509.49
2012-06-30 15:00:00,500.99666666666667
2012-06-30 16:00:00,452.37333333333333
2012-06-30 17:00:00,465.9116666666667
2012-06-30 18:00:00,439.33666666666664
2012-06-30 19:00:00,418.9116666666667
2012-06-30 20:00:00,306.4433333333333
2012-06-30 21:00:00,282.78833333333336
2012-06-30 22:00:00,251.25
2012-06-30 23:00:00,203.50166666666667
2012-07-20 00:00:00,78.91333333333333
2012-07-20 01:00:00,35.943333333333335
2012-07-20 02:00:00,11.518333333333333
2012-07-20 03:00:00,7.668333333333333
2012-07-20 04:00:00,8.09
2012-07-20 05:00:00,40.208333333333336
2012-07-20 06:00:00,150.125
2012-07-20 07:00:00,410.7733333333333
2012-07-20 08:00:00,648.9620833333333
2012-07-20 09:00:00,347.295
2012-07-20 10:00:00,223.76333333333332
2012-07-20 11:00:00,253.90333333333334
2012-07-20 12:00:00,224.80166666666668
2012-07-20 13:00:00,225.44833333333332
2012-07-20 14:00:00,217.65
2012-07-20 15:00:00,276.75166666666667
2012-07-20 16:00:00,384.19
2012-07-20 17:00:00,603.4616666666667
2012-07-20 18:00:00,598.28
2012-07-20 19:00:00,326.7416666666667
2012-07-20 20:00:00,125.19833333333334
2012-07-20 21:00:00,164.68833333333333
2012-07-20 22:00:00,212.87666666666667
2012-07-20 23:00:00,192.90666666666667
2012-07-21 00:00:00,161.26833333333335
2012-07-21 01:00:00,116.975
2012-07-21 02:00:00,64.545
2012-07-21 03:00:00,26.59
2012-07-21 04:00:00,11.163333333333334
2012-07-21 05:00:00,12.198333333333334
2012-07-21 06:00:00,34.235
2012-07-21 07:00:00,75.20666666666666
2012-07-21 08:00:00,191.80333333333334
2012-07-21 09:00:00,287.85
2012-07-21 10:00:00,235.88
2012-07-21 11:00:00,423.8
2012-07-21 12:00:00,275.3
2012-07-21 13:00:00,231.18333333333334
2012-07-21 14:00:00,414.4816666666667
2012-07-21 15:00:00,248.025
2012-07-21 16:00:00,170.51833333333335
2012-07-21 17:00:00,176.90333333333334
2012-07-21 18:00:00,316.815
2012-07-21 19:00:00,294.41833333333335
2012-07-21 20:00:00,165.825
2012-07-21 21:00:00,180.44333333333333
2012-07-21 22:00:00,181.62666666666667
2012-07-21 23:00:00,157.45666666666668
2012-07-22 00:00:00,120.35666666666667
2012-07-22 01:00:00,104.615
2012-07-22 02:00:00,86.165
2012-07-22 03:00:00,34.20666666666666
2012-07-22 04:00:00,14.018333333333333
2012-07-22 05:00:00,14.573333333333334
2012-07-22 06:00:00,21.676666666666666
2012-07-22 07:00:00,60.37166666666667
2012-07-22 08:00:00,155.545
2012-07-22 09:00:00,264.9583333333333
2012-07-22 10:00:00,396.97333333333336
2012-07-22 11:00:00,425.8616666666667
2012-07-22 12:00:00,471.795
2012-07-22 13:00:00,478.9433333333333
2012-07-22 14:00:00,490.63666666666666
2012-07-22 15:00:00,477.0183333333333
2012-07-22 16:00:00,448.6433333333333
2012-07-22 17:00:00,459.5566666666667
2012-07-22 18:00:00,399.9533333333333
2012-07-22 19:00:00,334.745
2012-07-22 20:00:00,267.38166666666666
2012-07-22 21:00:00,212.195
2012-07-22 22:00:00,144.81166666666667
2012-07-22 23:00:00,108.855
2012-07-23 00:00:00,46.395
2012-07-23 01:00:00,18.785
2012-07-23 02:00:00,8.885
2012-07-23 03:00:00,7.035
2012-07-23 04:00:00,8.666666666666666
2012-07-23 05:00:00,39.09166666666667
2012-07-23 06:00:00,150.27833333333334
2012-07-23 07:00:00,451.26166666666666
2012-07-23 08:00:00,636.1271428571428
2012-07-23 09:00:00,331.3516666666667
2012-07-23 10:00:00,182.505
2012-07-23 11:00:00,227.53666666666666
2012-07-23 12:00:00,263.0930952380952
2012-07-23 13:00:00,263.90822222222226
2012-07-23 14:00:00,245.30342857142858
2012-07-23 15:00:00,262.5137301587302
2012-07-23 16:00:00,387.87666666666667
2012-07-23 17:00:00,802.1216666666667
2012-07-23 18:00:00,786.76
2012-07-23 19:00:00,567.89
2012-07-23 20:00:00,443.63666666666666
2012-07-23 21:00:00,303.3516666666667
2012-07-23 22:00:00,194.11333333333334
2012-07-23 23:00:00,136.83
2012-07-24 00:00:00,53.135
2012-07-24 01:00:00,22.125
2012-07-24 02:00:00,9.01
2012-07-24 03:00:00,6.096666666666667
2012-07-24 04:00:00,7.161666666666667
2012-07-24 05:00:00,41.14333333333333
2012-07-24 06:00:00,174.76166666666666
2012-07-24 07:00:00,498.215
2012-07-24 08:00:00,614.4095833333333
2012-07-24 09:00:00,308.23833333333334
2012-07-24 10:00:00,181.29
2012-07-24 11:00:00,201.42166666666665
2012-07-24 12:00:00,252.10666666666665
2012-07-24 13:00:00,243.32333333333332
2012-07-24 14:00:00,232.67766666666668
2012-07-24 15:00:00,265.45378571428574
2012-07-24 16:00:00,378.405
2012-07-24 17:00:00,792.71
2012-07-24 18:00:00,709.6733333333333
2012-07-24 19:00:00,559.45
2012-07-24 20:00:00,445.72
2012-07-24 21:00:00,312.57166666666666
2012-07-24 22:00:00,207.43833333333333
2012-07-24 23:00:00,129.93
2012-07-25 00:00:00,48.29833333333333
2012-07-25 01:00:00,23.97833333333333
2012-07-25 02:00:00,8.948333333333334
2012-07-25 03:00:00,6.376666666666667
2012-07-25 04:00:00,6.258333333333334
2012-07-25 05:00:00,38.92333333333333
2012-07-25 06:00:00,164.55166666666668
2012-07-25 07:00:00,451.3433333333333
2012-07-25 08:00:00,641.1866666666666
2012-07-25 09:00:00,315.85833333333335
2012-07-25 10:00:00,203.055
2012-07-25 11:00:00,240.09166666666667
2012-07-25 12:00:00,304.08166666666665
2012-07-25 13:00:00,278.29252380952386
2012-07-25 14:00:00,254.36960714285718
2012-07-25 15:00:00,271.8088888888889
2012-07-25 16:00:00,431.66
2012-07-25 17:00:00,786.4016666666666
2012-07-25 18:00:00,791.2816666666666
2012-07-25 19:00:00,596.185
2012-07-25 20:00:00,464.71666666666664
2012-07-25 21:00:00,343.61333333333334
2012-07-25 22:00:00,247.18333333333334
2012-07-25 23:00:00,145.915
2012-07-26 00:00:00,65.17833333333333
2012-07-26 01:00:00,24.031666666666666
2012-07-26 02:00:00,9.855
2012-07-26 03:00:00,7.83
2012-07-26 04:00:00,5.968333333333334
2012-07-26 05:00:00,39.545
2012-07-26 06:00:00,173.72666666666666
2012-07-26 07:00:00,490.35833333333335
2012-07-26 08:00:00,659.7901388888888
2012-07-26 09:00:00,332.84833333333336
2012-07-26 10:00:00,199.37166666666667
2012-07-26 11:00:00,210.825
2012-07-26 12:00:00,271.6566666666667
2012-07-26 13:00:00,263.79
2012-07-26 14:00:00,214.14833333333334
2012-07-26 15:00:00,218.79666666666665
2012-07-26 16:00:00,403.79333333333335
2012-07-26 17:00:00,693.54
2012-07-26 18:00:00,684.075
2012-07-26 19:00:00,511.5083333333333
2012-07-26 20:00:00,445.67
2012-07-26 21:00:00,338.235
2012-07-26 22:00:00,277.1766666666667
2012-07-26 23:00:00,162.02666666666667
2012-07-27 00:00:00,84.55666666666667
2012-07-27 01:00:00,43.32833333333333
2012-07-27 02:00:00,20.023333333333333
2012-07-27 03:00:00,6.986666666666666
2012-07-27 04:00:00,8.451666666666666
2012-07-27 05:00:00,35.745
2012-07-27 06:00:00,158.47833333333332
2012-07-27 07:00:00,424.68833333333333
2012-07-27 08:00:00,666.2293611111112
2012-07-27 09:00:00,338.345
2012-07-27 10:00:00,245.39833333333334
2012-07-27 11:00:00,266.05833333333334
2012-07-27 12:00:00,331.01666666666665
2012-07-27 13:00:00,333.5966666666667
2012-07-27 14:00:00,329.13666666666666
2012-07-27 15:00:00,344.06166666666667
2012-07-27 16:00:00,445.94666666666666
2012-07-27 17:00:00,690.075
2012-07-27 18:00:00,671.5166666666667
2012-07-27 19:00:00,480.01166666666666
2012-07-27 20:00:00,389.29
2012-07-27 21:00:00,304.0516666666667
2012-07-27 22:00:00,258.2683333333333
2012-07-27 23:00:00,199.92833333333334
2012-07-28 00:00:00,164.42666666666668
2012-07-28 01:00:00,98.63833333333334
2012-07-28 02:00:00,75.66
2012-07-28 03:00:00,32.97833333333333
2012-07-28 04:00:00,8.473333333333333
2012-07-28 05:00:00,11.57
2012-07-28 06:00:00,35.61666666666667
2012-07-28 07:00:00,67.53333333333333
2012-07-28 08:00:00,169.10833333333332
2012-07-28 09:00:00,267.10833333333335
2012-07-28 10:00:00,410.095
2012-07-28 11:00:00,499.555
2012-07-28 12:00:00,516.49
2012-07-28 13:00:00,520.4266666666666
2012-07-28 14:00:00,517.4783333333334
2012-07-28 15:00:00,503.705
2012-07-28 16:00:00,486.35333333333335
2012-07-28 17:00:00,459.53333333333336
2012-07-28 18:00:00,464.4216666666667
2012-07-28 19:00:00,366.59833333333336
2012-07-28 20:00:00,244.3
2012-07-28 21:00:00,267.53
2012-07-28 22:00:00,227.035
2012-07-28 23:00:00,196.505
2012-07-29 00:00:00,148.40666666666667
2012-07-29 01:00:00,106.93
2012-07-29 02:00:00,85.04333333333334
2012-07-29 03:00:00,42.85666666666667
2012-07-29 04:00:00,10.181666666666667
2012-07-29 05:00:00,10.468333333333334
2012-07-29 06:00:00,21.1
2012-07-29 07:00:00,53.18
2012-07-29 08:00:00,130.01
2012-07-29 09:00:00,248.61
2012-07-29 10:00:00,402.22
2012-07-29 11:00:00,483.22333333333336
2012-07-29 12:00:00,522.7433333333333
2012-07-29 13:00:00,516.2833333333333
2012-07-29 14:00:00,524.075
2012-07-29 15:00:00,526.8366666666667
2012-07-29 16:00:00,496.705
2012-07-29 17:00:00,474.25333333333333
2012-07-29 18:00:00,469.49
2012-07-29 19:00:00,368.0733333333333
2012-07-29 20:00:00,276.31
2012-07-29 21:00:00,217.96166666666667
2012-07-29 22:00:00,147.98833333333334
2012-07-29 23:00:00,106.99333333333334
2012-07-30 00:00:00,52.73166666666667
2012-07-30 01:00:00,17.753333333333334
2012-07-30 02:00:00,12.96
2012-07-30 03:00:00,6.29
2012-07-30 04:00:00,8.701666666666666
2012-07-30 05:00:00,40.62833333333333
2012-07-30 06:00:00,150.70333333333335
2012-07-30 07:00:00,477.795
2012-07-30 08:00:00,657.1470873015871
2012-07-30 09:00:00,342.3183333333333
2012-07-30 10:00:00,189.39666666666668
2012-07-30 11:00:00,226.71833333333333
2012-07-30 12:00:00,267.69083333333333
2012-07-30 13:00:00,264.3239007936508
2012-07-30 14:00:00,248.74487301587297
2012-07-30 15:00:00,268.88032539682536
2012-07-30 16:00:00,404.09166666666664
2012-07-30 17:00:00,768.7166666666667
2012-07-30 18:00:00,740.8466666666667
2012-07-30 19:00:00,566.09
2012-07-30 20:00:00,425.61
2012-07-30 21:00:00,291.01666666666665
2012-07-30 22:00:00,186.68333333333334
2012-07-30 23:00:00,125.885
2012-07-31 00:00:00,46.35
2012-07-31 01:00:00,23.638333333333332
2012-07-31 02:00:00,8.91
2012-07-31 03:00:00,6.473333333333334
2012-07-31 04:00:00,7.161666666666667
2012-07-31 05:00:00,40.545
2012-07-31 06:00:00,165.68166666666667
2012-07-31 07:00:00,458.82166666666666
2012-07-31 08:00:00,646.2791666666667
2012-07-31 09:00:00,331.405
2012-07-31 10:00:00,196.74333333333334
2012-07-31 11:00:00,222.68666666666667
2012-07-31 12:00:00,280.59138888888884
2012-07-31 13:00:00,258.56847222222217
2012-07-31 14:00:00,247.1511388888889
2012-07-31 15:00:00,264.00322222222223
2012-07-31 16:00:00,376.1383333333333
2012-07-31 17:00:00,830.3266666666667
2012-07-31 18:00:00,772.045
2012-07-31 19:00:00,498.06166666666667
2012-07-31 20:00:00,385.7316666666667
2012-07-31 21:00:00,271.32
2012-07-31 22:00:00,190.065
2012-07-31 23:00:00,147.23666666666668
2012-08-20 00:00:00,34.99166666666667
2012-08-20 01:00:00,19.028333333333332
2012-08-20 02:00:00,7.976666666666667
2012-08-20 03:00:00,6.835
2012-08-20 04:00:00,9.361666666666666
2012-08-20 05:00:00,39.76
2012-08-20 06:00:00,153.01833333333335
2012-08-20 07:00:00,469.1433333333333
2012-08-20 08:00:00,689.5584444444444
2012-08-20 09:00:00,348.7866666666667
2012-08-20 10:00:00,216.755
2012-08-20 11:00:00,237.05555555555551
2012-08-20 12:00:00,291.0316666666667
2012-08-20 13:00:00,288.91766666666666
2012-08-20 14:00:00,268.69785185185185
2012-08-20 15:00:00,286.8254444444445
2012-08-20 16:00:00,459.6166666666667
2012-08-20 17:00:00,848.4833333333333
2012-08-20 18:00:00,725.8216666666667
2012-08-20 19:00:00,426.28333333333336
2012-08-20 20:00:00,299.3016666666667
2012-08-20 21:00:00,210.55166666666668
2012-08-20 22:00:00,157.07833333333335
2012-08-20 23:00:00,94.95833333333333
2012-08-21 00:00:00,34.251666666666665
2012-08-21 01:00:00,19.408333333333335
2012-08-21 02:00:00,6.366666666666666
2012-08-21 03:00:00,6.651666666666666
2012-08-21 04:00:00,7.16
2012-08-21 05:00:00,40.11
2012-08-21 06:00:00,175.82833333333335
2012-08-21 07:00:00,490.1483333333333
2012-08-21 08:00:00,692.1188888888889
2012-08-21 09:00:00,352.54833333333335
2012-08-21 10:00:00,208.065
2012-08-21 11:00:00,237.92
2012-08-21 12:00:00,300.41833333333335
2012-08-21 13:00:00,295.66333333333336
2012-08-21 14:00:00,262.90685185185185
2012-08-21 15:00:00,293.825
2012-08-21 16:00:00,491.64666666666665
2012-08-21 17:00:00,844.2766666666666
2012-08-21 18:00:00,841.3144444444445
2012-08-21 19:00:00,331.745
2012-08-21 20:00:00,418.36
2012-08-21 21:00:00,294.12166666666667
2012-08-21 22:00:00,171.46
2012-08-21 23:00:00,103.06833333333333
2012-08-22 00:00:00,46.89333333333333
2012-08-22 01:00:00,19.523333333333333
2012-08-22 02:00:00,9.776666666666667
2012-08-22 03:00:00,6.736666666666666
2012-08-22 04:00:00,7.0
2012-08-22 05:00:00,39.455
2012-08-22 06:00:00,178.20333333333335
2012-08-22 07:00:00,494.54833333333335
2012-08-22 08:00:00,704.2289722222223
2012-08-22 09:00:00,350.9316666666667
2012-08-22 10:00:00,209.495
2012-08-22 11:00:00,237.05666666666667
2012-08-22 12:00:00,303.6533333333333
2012-08-22 13:00:00,289.33077777777777
2012-08-22 14:00:00,261.3590740740741
2012-08-22 15:00:00,285.38916666666665
2012-08-22 16:00:00,414.17833333333334
2012-08-22 17:00:00,843.885
2012-08-22 18:00:00,835.8816666666667
2012-08-22 19:00:00,527.065
2012-08-22 20:00:00,427.495
2012-08-22 21:00:00,328.27666666666664
2012-08-22 22:00:00,256.01166666666666
2012-08-22 23:00:00,132.88333333333333
2012-08-23 00:00:00,67.665
2012-08-23 01:00:00,26.25
2012-08-23 02:00:00,10.763333333333334
2012-08-23 03:00:00,7.316666666666666
2012-08-23 04:00:00,7.355
2012-08-23 05:00:00,41.585
2012-08-23 06:00:00,164.94833333333332
2012-08-23 07:00:00,451.6433333333333
2012-08-23 08:00:00,696.0101428571429
2012-08-23 09:00:00,352.425
2012-08-23 10:00:00,209.39666666666668
2012-08-23 11:00:00,241.16666666666666
2012-08-23 12:00:00,309.375
2012-08-23 13:00:00,286.67
2012-08-23 14:00:00,256.3551388888889
2012-08-23 15:00:00,278.9625555555555
2012-08-23 16:00:00,439.74
2012-08-23 17:00:00,842.3616666666667
2012-08-23 18:00:00,838.665
2012-08-23 19:00:00,613.4816666666667
2012-08-23 20:00:00,444.865
2012-08-23 21:00:00,329.76666666666665
2012-08-23 22:00:00,248.865
2012-08-23 23:00:00,169.91833333333332
2012-08-24 00:00:00,84.04333333333334
2012-08-24 01:00:00,45.95666666666666
2012-08-24 02:00:00,18.286666666666665
2012-08-24 03:00:00,9.256666666666666
2012-08-24 04:00:00,8.036666666666667
2012-08-24 05:00:00,40.64
2012-08-24 06:00:00,153.96666666666667
2012-08-24 07:00:00,422.8833333333333
2012-08-24 08:00:00,687.6861150793651
2012-08-24 09:00:00,377.5733333333333
2012-08-24 10:00:00,259.62333333333333
2012-08-24 11:00:00,277.07166666666666
2012-08-24 12:00:00,370.795
2012-08-24 13:00:00,368.49333333333334
2012-08-24 14:00:00,363.6333333333333
2012-08-24 15:00:00,360.66
2012-08-24 16:00:00,485.72833333333335
2012-08-24 17:00:00,789.1116666666667
2012-08-24 18:00:00,714.8444444444444
2012-08-24 19:00:00,518.195
2012-08-24 20:00:00,387.6533333333333
2012-08-24 21:00:00,300.75666666666666
2012-08-24 22:00:00,247.74666666666667
2012-08-24 23:00:00,198.81833333333333
2012-08-25 00:00:00,158.885
2012-08-25 01:00:00,117.27325396825394
2012-08-25 02:00:00,95.46
2012-08-25 03:00:00,32.723333333333336
2012-08-25 04:00:00,11.52
2012-08-25 05:00:00,11.038333333333334
2012-08-25 06:00:00,31.545
2012-08-25 07:00:00,61.96666666666667
2012-08-25 08:00:00,175.505
2012-08-25 09:00:00,276.87333333333333
2012-08-25 10:00:00,448.5516666666667
2012-08-25 11:00:00,492.80833333333334
2012-08-25 12:00:00,541.3383333333334
2012-08-25 13:00:00,575.3066666666666
2012-08-25 14:00:00,419.4683333333333
2012-08-25 15:00:00,391.5933333333333
2012-08-25 16:00:00,431.9266666666667
2012-08-25 17:00:00,432.975
2012-08-25 18:00:00,433.76166666666666
2012-08-25 19:00:00,363.2916666666667
2012-08-25 20:00:00,189.61333333333334
2012-08-25 21:00:00,214.46
2012-08-25 22:00:00,199.13833333333332
2012-08-25 23:00:00,185.66666666666666
2012-08-26 00:00:00,148.12333333333333
2012-08-26 01:00:00,103.60333333333334
2012-08-26 02:00:00,89.62333333333333
2012-08-26 03:00:00,36.61666666666667
2012-08-26 04:00:00,12.026666666666667
2012-08-26 05:00:00,10.986666666666666
2012-08-26 06:00:00,20.373333333333335
2012-08-26 07:00:00,62.11666666666667
2012-08-26 08:00:00,132.25166666666667
2012-08-26 09:00:00,256.98
2012-08-26 10:00:00,412.01666666666665
2012-08-26 11:00:00,482.14666666666665
2012-08-26 12:00:00,445.33666666666664
2012-08-26 13:00:00,339.66833333333335
2012-08-26 14:00:00,351.525
2012-08-26 15:00:00,243.86166666666668
2012-08-26 16:00:00,223.41
2012-08-26 17:00:00,330.0683333333333
2012-08-26 18:00:00,322.20666666666665
2012-08-26 19:00:00,290.3466666666667
2012-08-26 20:00:00,216.22833333333332
2012-08-26 21:00:00,167.04833333333335
2012-08-26 22:00:00,136.545
2012-08-26 23:00:00,105.22666666666667
2012-08-27 00:00:00,43.97666666666667
2012-08-27 01:00:00,17.621666666666666
2012-08-27 02:00:00,7.736666666666666
2012-08-27 03:00:00,6.941666666666666
2012-08-27 04:00:00,8.618333333333334
2012-08-27 05:00:00,38.9
2012-08-27 06:00:00,154.115
2012-08-27 07:00:00,288.3516666666667
2012-08-27 08:00:00,556.9491666666667
2012-08-27 09:00:00,319.615
2012-08-27 10:00:00,201.60333333333332
2012-08-27 11:00:00,236.36166666666668
2012-08-27 12:00:00,288.5894444444445
2012-08-27 13:00:00,275.0440952380952
2012-08-27 14:00:00,269.0944444444445
2012-08-27 15:00:00,272.94706349206353
2012-08-27 16:00:00,453.29333333333335
2012-08-27 17:00:00,838.7516666666667
2012-08-27 18:00:00,826.3383333333334
2012-08-27 19:00:00,579.3933333333333
2012-08-27 20:00:00,433.8016666666667
2012-08-27 21:00:00,289.33166666666665
2012-08-27 22:00:00,175.58666666666667
2012-08-27 23:00:00,125.09833333333333
2012-08-28 00:00:00,45.11833333333333
2012-08-28 01:00:00,19.446666666666665
2012-08-28 02:00:00,9.406666666666666
2012-08-28 03:00:00,6.6883333333333335
2012-08-28 04:00:00,7.381666666666667
2012-08-28 05:00:00,40.776666666666664
2012-08-28 06:00:00,166.56
2012-08-28 07:00:00,328.67333333333335
2012-08-28 08:00:00,634.1831111111112
2012-08-28 09:00:00,338.71666666666664
2012-08-28 10:00:00,207.61166666666668
2012-08-28 11:00:00,232.86
2012-08-28 12:00:00,280.1336507936508
2012-08-28 13:00:00,273.2294563492064
2012-08-28 14:00:00,251.72046296296296
2012-08-28 15:00:00,271.4903968253968
2012-08-28 16:00:00,447.41833333333335
2012-08-28 17:00:00,844.87
2012-08-28 18:00:00,839.105
2012-08-28 19:00:00,593.0916666666667
2012-08-28 20:00:00,434.79333333333335
2012-08-28 21:00:00,310.63666666666666
2012-08-28 22:00:00,218.17166666666665
2012-08-28 23:00:00,142.96833333333333
2012-08-29 00:00:00,51.291666666666664
2012-08-29 01:00:00,19.5
2012-08-29 02:00:00,8.645
2012-08-29 03:00:00,7.491666666666666
2012-08-29 04:00:00,5.626666666666667
2012-08-29 05:00:00,38.891666666666666
2012-08-29 06:00:00,174.48666666666668
2012-08-29 07:00:00,470.0966666666667
2012-08-29 08:00:00,693.9416666666667
2012-08-29 09:00:00,338.135
2012-08-29 10:00:00,208.35666666666665
2012-08-29 11:00:00,247.22833333333332
2012-08-29 12:00:00,302.28833333333336
2012-08-29 13:00:00,301.1533333333333
2012-08-29 14:00:00,261.2882407407408
2012-08-29 15:00:00,279.2618611111111
2012-08-29 16:00:00,482.2316666666667
2012-08-29 17:00:00,870.0683333333334
2012-08-29 18:00:00,850.8716666666667
2012-08-29 19:00:00,619.3633333333333
2012-08-29 20:00:00,451.705
2012-08-29 21:00:00,335.89666666666665
2012-08-29 22:00:00,260.9316666666667
2012-08-29 23:00:00,153.415
2012-08-30 00:00:00,67.13666666666667
2012-08-30 01:00:00,22.663333333333334
2012-08-30 02:00:00,9.81
2012-08-30 03:00:00,7.118333333333333
2012-08-30 04:00:00,6.195
2012-08-30 05:00:00,40.96
2012-08-30 06:00:00,171.15
2012-08-30 07:00:00,482.53
2012-08-30 08:00:00,694.768138888889
2012-08-30 09:00:00,347.05
2012-08-30 10:00:00,199.03833333333333
2012-08-30 11:00:00,245.475
2012-08-30 12:00:00,296.60333333333335
2012-08-30 13:00:00,289.90411111111115
2012-08-30 14:00:00,261.43833333333333
2012-08-30 15:00:00,279.6588703703704
2012-08-30 16:00:00,437.30833333333334
2012-08-30 17:00:00,871.7733333333333
2012-08-30 18:00:00,834.7433333333333
2012-08-30 19:00:00,626.935
2012-08-30 20:00:00,463.7783333333333
2012-08-30 21:00:00,329.42
2012-08-30 22:00:00,249.58833333333334
2012-08-30 23:00:00,162.76333333333332
2012-08-31 00:00:00,82.11166666666666
2012-08-31 01:00:00,40.255
2012-08-31 02:00:00,11.43
2012-08-31 03:00:00,8.183333333333334
2012-08-31 04:00:00,8.43
2012-08-31 05:00:00,39.24166666666667
2012-08-31 06:00:00,149.79333333333332
2012-08-31 07:00:00,407.895
2012-08-31 08:00:00,681.5258373015874
2012-08-31 09:00:00,365.37166666666667
2012-08-31 10:00:00,241.11
2012-08-31 11:00:00,254.31166666666667
2012-08-31 12:00:00,335.9533333333333
2012-08-31 13:00:00,330.87
2012-08-31 14:00:00,303.14666666666665
2012-08-31 15:00:00,308.48833333333334
2012-08-31 16:00:00,464.91333333333336
2012-08-31 17:00:00,781.4183333333333
2012-08-31 18:00:00,763.7933333333333
2012-08-31 19:00:00,507.4483333333333
2012-08-31 20:00:00,392.4583333333333
2012-08-31 21:00:00,302.61
2012-08-31 22:00:00,264.1483333333333
2012-08-31 23:00:00,204.95
2012-09-20 00:00:00,53.42
2012-09-20 01:00:00,28.028333333333332
2012-09-20 02:00:00,11.618333333333334
2012-09-20 03:00:00,7.67
2012-09-20 04:00:00,7.141666666666667
2012-09-20 05:00:00,44.285
2012-09-20 06:00:00,188.81333333333333
2012-09-20 07:00:00,501.655
2012-09-20 08:00:00,776.5419444444444
2012-09-20 09:00:00,335.8338888888889
2012-09-20 10:00:00,200.33666666666667
2012-09-20 11:00:00,239.07
2012-09-20 12:00:00,314.39708333333334
2012-09-20 13:00:00,303.0516666666667
2012-09-20 14:00:00,291.335
2012-09-20 15:00:00,330.84166666666664
2012-09-20 16:00:00,472.0933333333333
2012-09-20 17:00:00,881.6466666666666
2012-09-20 18:00:00,859.345
2012-09-20 19:00:00,561.2516666666667
2012-09-20 20:00:00,413.37333333333333
2012-09-20 21:00:00,295.30333333333334
2012-09-20 22:00:00,230.71
2012-09-20 23:00:00,156.0
2012-09-21 00:00:00,80.18666666666667
2012-09-21 01:00:00,39.32
2012-09-21 02:00:00,19.97
2012-09-21 03:00:00,10.168333333333333
2012-09-21 04:00:00,10.621666666666666
2012-09-21 05:00:00,45.67666666666667
2012-09-21 06:00:00,162.21
2012-09-21 07:00:00,468.49833333333333
2012-09-21 08:00:00,754.485
2012-09-21 09:00:00,345.6251388888889
2012-09-21 10:00:00,240.34166666666667
2012-09-21 11:00:00,282.86
2012-09-21 12:00:00,364.10333333333335
2012-09-21 13:00:00,401.565
2012-09-21 14:00:00,385.37166666666667
2012-09-21 15:00:00,389.42833333333334
2012-09-21 16:00:00,533.1116666666667
2012-09-21 17:00:00,821.5016666666667
2012-09-21 18:00:00,801.365
2012-09-21 19:00:00,562.8416666666667
2012-09-21 20:00:00,390.2916666666667
2012-09-21 21:00:00,270.27
2012-09-21 22:00:00,247.89166666666668
2012-09-21 23:00:00,194.7
2012-09-22 00:00:00,155.23333333333332
2012-09-22 01:00:00,119.445
2012-09-22 02:00:00,76.81666666666666
2012-09-22 03:00:00,36.20666666666666
2012-09-22 04:00:00,13.893333333333333
2012-09-22 05:00:00,16.991666666666667
2012-09-22 06:00:00,36.205
2012-09-22 07:00:00,74.325
2012-09-22 08:00:00,194.17833333333334
2012-09-22 09:00:00,308.24333333333334
2012-09-22 10:00:00,460.2583333333333
2012-09-22 11:00:00,561.04
2012-09-22 12:00:00,607.1
2012-09-22 13:00:00,597.2183333333334
2012-09-22 14:00:00,570.1566666666666
2012-09-22 15:00:00,583.4266666666666
2012-09-22 16:00:00,574.08
2012-09-22 17:00:00,571.8216666666667
2012-09-22 18:00:00,514.6716666666666
2012-09-22 19:00:00,424.4116666666667
2012-09-22 20:00:00,289.02
2012-09-22 21:00:00,284.66833333333335
2012-09-22 22:00:00,252.56833333333333
2012-09-22 23:00:00,210.64833333333334
2012-09-23 00:00:00,175.44166666666666
2012-09-23 01:00:00,117.2061111111111
2012-09-23 02:00:00,82.05666666666667
2012-09-23 03:00:00,38.225
2012-09-23 04:00:00,11.753333333333334
2012-09-23 05:00:00,11.891666666666667
2012-09-23 06:00:00,22.68166666666667
2012-09-23 07:00:00,77.72833333333334
2012-09-23 08:00:00,127.575
2012-09-23 09:00:00,251.155
2012-09-23 10:00:00,418.57
2012-09-23 11:00:00,511.45666666666665
2012-09-23 12:00:00,636.5383333333333
2012-09-23 13:00:00,648.9033333333333
2012-09-23 14:00:00,638.2083333333334
2012-09-23 15:00:00,641.6166666666667
2012-09-23 16:00:00,621.8383333333334
2012-09-23 17:00:00,580.7233333333334
2012-09-23 18:00:00,489.97833333333335
2012-09-23 19:00:00,381.0316666666667
2012-09-23 20:00:00,254.65166666666667
2012-09-23 21:00:00,171.83333333333334
2012-09-23 22:00:00,136.95166666666665
2012-09-23 23:00:00,75.605
2012-09-24 00:00:00,47.635
2012-09-24 01:00:00,23.36
2012-09-24 02:00:00,12.188333333333333
2012-09-24 03:00:00,5.798333333333333
2012-09-24 04:00:00,9.038333333333334
2012-09-24 05:00:00,42.2
2012-09-24 06:00:00,157.08833333333334
2012-09-24 07:00:00,473.71666666666664
2012-09-24 08:00:00,796.8066666666666
2012-09-24 09:00:00,341.81083333333333
2012-09-24 10:00:00,200.1
2012-09-24 11:00:00,263.08166666666665
2012-09-24 12:00:00,327.63
2012-09-24 13:00:00,317.15
2012-09-24 14:00:00,295.1533333333333
2012-09-24 15:00:00,305.845
2012-09-24 16:00:00,462.71
2012-09-24 17:00:00,875.5766666666667
2012-09-24 18:00:00,837.5883333333334
2012-09-24 19:00:00,512.8866666666667
2012-09-24 20:00:00,351.30833333333334
2012-09-24 21:00:00,248.65166666666667
2012-09-24 22:00:00,146.12333333333333
2012-09-24 23:00:00,89.23
2012-09-25 00:00:00,46.39333333333333
2012-09-25 01:00:00,21.441666666666666
2012-09-25 02:00:00,7.693333333333333
2012-09-25 03:00:00,4.97
2012-09-25 04:00:00,7.426666666666667
2012-09-25 05:00:00,42.22
2012-09-25 06:00:00,169.62833333333333
2012-09-25 07:00:00,487.745
2012-09-25 08:00:00,784.09
2012-09-25 09:00:00,352.47566666666665
2012-09-25 10:00:00,204.69333333333333
2012-09-25 11:00:00,237.28
2012-09-25 12:00:00,319.75666666666666
2012-09-25 13:00:00,313.59
2012-09-25 14:00:00,308.12666666666667
2012-09-25 15:00:00,333.82
2012-09-25 16:00:00,495.885
2012-09-25 17:00:00,909.4416666666667
2012-09-25 18:00:00,905.39
2012-09-25 19:00:00,577.0
2012-09-25 20:00:00,421.905
2012-09-25 21:00:00,264.87833333333333
2012-09-25 22:00:00,220.30333333333334
2012-09-25 23:00:00,120.46333333333334
2012-09-26 00:00:00,42.56666666666667
2012-09-26 01:00:00,20.25
2012-09-26 02:00:00,8.703333333333333
2012-09-26 03:00:00,5.593333333333334
2012-09-26 04:00:00,7.096666666666667
2012-09-26 05:00:00,41.468333333333334
2012-09-26 06:00:00,173.09166666666667
2012-09-26 07:00:00,528.395
2012-09-26 08:00:00,778.8566666666667
2012-09-26 09:00:00,346.73
2012-09-26 10:00:00,189.98833333333334
2012-09-26 11:00:00,233.225
2012-09-26 12:00:00,331.0883333333333
2012-09-26 13:00:00,307.985
2012-09-26 14:00:00,286.31041666666664
2012-09-26 15:00:00,310.0570833333333
2012-09-26 16:00:00,476.63666666666666
2012-09-26 17:00:00,866.0566666666666
2012-09-26 18:00:00,858.235
2012-09-26 19:00:00,586.8033333333333
2012-09-26 20:00:00,444.4033333333333
2012-09-26 21:00:00,318.965
2012-09-26 22:00:00,234.33
2012-09-26 23:00:00,116.81333333333333
2012-09-27 00:00:00,65.66833333333334
2012-09-27 01:00:00,22.518333333333334
2012-09-27 02:00:00,12.315
2012-09-27 03:00:00,8.01
2012-09-27 04:00:00,7.6883333333333335
2012-09-27 05:00:00,40.92166666666667
2012-09-27 06:00:00,166.09833333333333
2012-09-27 07:00:00,497.3983333333333
2012-09-27 08:00:00,738.8171944444445
2012-09-27 09:00:00,349.065
2012-09-27 10:00:00,207.03
2012-09-27 11:00:00,243.54833333333335
2012-09-27 12:00:00,301.19
2012-09-27 13:00:00,291.58166666666665
2012-09-27 14:00:00,274.66833333333335
2012-09-27 15:00:00,306.055
2012-09-27 16:00:00,477.455
2012-09-27 17:00:00,835.86
2012-09-27 18:00:00,831.065
2012-09-27 19:00:00,581.1366666666667
2012-09-27 20:00:00,402.96666666666664
2012-09-27 21:00:00,204.44166666666666
2012-09-27 22:00:00,151.09833333333333
2012-09-27 23:00:00,116.70666666666666
2012-09-28 00:00:00,74.11833333333334
2012-09-28 01:00:00,27.425
2012-09-28 02:00:00,10.42
2012-09-28 03:00:00,6.501666666666667
2012-09-28 04:00:00,7.461666666666667
2012-09-28 05:00:00,38.5
2012-09-28 06:00:00,145.805
2012-09-28 07:00:00,410.91333333333336
2012-09-28 08:00:00,622.165
2012-09-28 09:00:00,352.909
2012-09-28 10:00:00,212.35
2012-09-28 11:00:00,268.895
2012-09-28 12:00:00,409.41333333333336
2012-09-28 13:00:00,409.44166666666666
2012-09-28 14:00:00,398.12333333333333
2012-09-28 15:00:00,400.2816666666667
2012-09-28 16:00:00,537.385
2012-09-28 17:00:00,830.3816666666667
2012-09-28 18:00:00,822.09
2012-09-28 19:00:00,489.795
2012-09-28 20:00:00,368.28333333333336
2012-09-28 21:00:00,234.95
2012-09-28 22:00:00,224.31666666666666
2012-09-28 23:00:00,173.92666666666668
2012-09-29 00:00:00,158.26333333333332
2012-09-29 01:00:00,115.06861111111112
2012-09-29 02:00:00,74.94833333333334
2012-09-29 03:00:00,40.153333333333336
2012-09-29 04:00:00,18.671666666666667
2012-09-29 05:00:00,16.395
2012-09-29 06:00:00,36.73833333333334
2012-09-29 07:00:00,84.15166666666667
2012-09-29 08:00:00,193.12833333333333
2012-09-29 09:00:00,315.30833333333334
2012-09-29 10:00:00,431.2266666666667
2012-09-29 11:00:00,531.9916666666667
2012-09-29 12:00:00,648.2283333333334
2012-09-29 13:00:00,656.6066666666667
2012-09-29 14:00:00,640.7416666666667
2012-09-29 15:00:00,621.5516666666666
2012-09-29 16:00:00,613.9683333333334
2012-09-29 17:00:00,602.2133333333334
2012-09-29 18:00:00,482.43
2012-09-29 19:00:00,370.0233333333333
2012-09-29 20:00:00,258.2683333333333
2012-09-29 21:00:00,243.255
2012-09-29 22:00:00,214.69833333333332
2012-09-29 23:00:00,189.965
2012-09-30 00:00:00,161.88083333333333
2012-09-30 01:00:00,110.62608333333333
2012-09-30 02:00:00,66.04833333333333
2012-09-30 03:00:00,33.40833333333333
2012-09-30 04:00:00,11.1
2012-09-30 05:00:00,11.241666666666667
2012-09-30 06:00:00,27.145
2012-09-30 07:00:00,96.24
2012-09-30 08:00:00,130.475
2012-09-30 09:00:00,266.995
2012-09-30 10:00:00,430.7633333333333
2012-09-30 11:00:00,538.1633333333333
2012-09-30 12:00:00,631.855
2012-09-30 13:00:00,640.035
2012-09-30 14:00:00,619.3516666666667
2012-09-30 15:00:00,645.35
2012-09-30 16:00:00,640.9283333333333
2012-09-30 17:00:00,589.79
2012-09-30 18:00:00,454.34833333333336
2012-09-30 19:00:00,269.4116666666667
2012-09-30 20:00:00,231.11166666666668
2012-09-30 21:00:00,176.04
2012-09-30 22:00:00,121.75333333333333
2012-09-30 23:00:00,78.39166666666667
2012-10-20 00:00:00,141.375
2012-10-20 01:00:00,106.7071111111111
2012-10-20 02:00:00,64.39666666666666
2012-10-20 03:00:00,27.475
2012-10-20 04:00:00,10.481666666666667
2012-10-20 05:00:00,10.441666666666666
2012-10-20 06:00:00,29.623333333333335
2012-10-20 07:00:00,110.11166666666666
2012-10-20 08:00:00,188.565
2012-10-20 09:00:00,323.78833333333336
2012-10-20 10:00:00,431.05
2012-10-20 11:00:00,547.4466666666667
2012-10-20 12:00:00,632.3066666666666
2012-10-20 13:00:00,636.8716666666667
2012-10-20 14:00:00,634.155
2012-10-20 15:00:00,618.1816666666666
2012-10-20 16:00:00,594.3683333333333
2012-10-20 17:00:00,582.41
2012-10-20 18:00:00,495.81666666666666
2012-10-20 19:00:00,359.4216666666667
2012-10-20 20:00:00,242.68666666666667
2012-10-20 21:00:00,221.23333333333332
2012-10-20 22:00:00,182.14166666666668
2012-10-20 23:00:00,171.975
2012-10-21 00:00:00,134.195
2012-10-21 01:00:00,112.61833333333334
2012-10-21 02:00:00,70.13833333333334
2012-10-21 03:00:00,35.975
2012-10-21 04:00:00,11.186666666666667
2012-10-21 05:00:00,10.466666666666667
2012-10-21 06:00:00,25.008333333333333
2012-10-21 07:00:00,92.35366666666665
2012-10-21 08:00:00,142.915
2012-10-21 09:00:00,239.96333333333334
2012-10-21 10:00:00,412.885
2012-10-21 11:00:00,501.49833333333333
2012-10-21 12:00:00,596.6
2012-10-21 13:00:00,628.745
2012-10-21 14:00:00,640.895
2012-10-21 15:00:00,626.5266666666666
2012-10-21 16:00:00,625.3683333333333
2012-10-21 17:00:00,555.0916666666667
2012-10-21 18:00:00,474.39666666666665
2012-10-21 19:00:00,362.09
2012-10-21 20:00:00,249.89
2012-10-21 21:00:00,150.365
2012-10-21 22:00:00,124.75666666666666
2012-10-21 23:00:00,95.835
2012-10-22 00:00:00,43.086666666666666
2012-10-22 01:00:00,15.473333333333333
2012-10-22 02:00:00,8.671666666666667
2012-10-22 03:00:00,6.203333333333333
2012-10-22 04:00:00,8.141666666666667
2012-10-22 05:00:00,35.045
2012-10-22 06:00:00,152.995
2012-10-22 07:00:00,395.96666666666664
2012-10-22 08:00:00,770.1466666666666
2012-10-22 09:00:00,337.745
2012-10-22 10:00:00,195.705
2012-10-22 11:00:00,264.965
2012-10-22 12:00:00,322.37166666666667
2012-10-22 13:00:00,322.30833333333334
2012-10-22 14:00:00,312.97333333333336
2012-10-22 15:00:00,332.8433333333333
2012-10-22 16:00:00,495.32166666666666
2012-10-22 17:00:00,905.5
2012-10-22 18:00:00,740.4866666666667
2012-10-22 19:00:00,509.075
2012-10-22 20:00:00,349.7366666666667
2012-10-22 21:00:00,226.00666666666666
2012-10-22 22:00:00,144.09833333333333
2012-10-22 23:00:00,95.97166666666666
2012-10-23 00:00:00,42.776666666666664
2012-10-23 01:00:00,17.036666666666665
2012-10-23 02:00:00,6.573333333333333
2012-10-23 03:00:00,5.765
2012-10-23 04:00:00,7.6033333333333335
2012-10-23 05:00:00,40.64
2012-10-23 06:00:00,167.48666666666668
2012-10-23 07:00:00,481.50166666666667
2012-10-23 08:00:00,783.1733333333333
2012-10-23 09:00:00,360.87666666666667
2012-10-23 10:00:00,198.29166666666666
2012-10-23 11:00:00,235.81333333333333
2012-10-23 12:00:00,312.0933333333333
2012-10-23 13:00:00,301.2416666666667
2012-10-23 14:00:00,286.355
2012-10-23 15:00:00,321.3066666666667
2012-10-23 16:00:00,488.2583333333333
2012-10-23 17:00:00,906.975
2012-10-23 18:00:00,870.565
2012-10-23 19:00:00,561.5233333333333
2012-10-23 20:00:00,417.57166666666666
2012-10-23 21:00:00,253.515
2012-10-23 22:00:00,202.13333333333333
2012-10-23 23:00:00,99.465
2012-10-24 00:00:00,46.14666666666667
2012-10-24 01:00:00,19.12
2012-10-24 02:00:00,8.92
2012-10-24 03:00:00,6.725
2012-10-24 04:00:00,6.4816666666666665
2012-10-24 05:00:00,41.89666666666667
2012-10-24 06:00:00,177.74666666666667
2012-10-24 07:00:00,467.18666666666667
2012-10-24 08:00:00,630.7483333333333
2012-10-24 09:00:00,364.4305555555556
2012-10-24 10:00:00,196.68166666666667
2012-10-24 11:00:00,251.03
2012-10-24 12:00:00,321.64
2012-10-24 13:00:00,306.07666666666665
2012-10-24 14:00:00,298.5
2012-10-24 15:00:00,318.53333333333336
2012-10-24 16:00:00,506.96666666666664
2012-10-24 17:00:00,903.2433333333333
2012-10-24 18:00:00,918.675
2012-10-24 19:00:00,565.205
2012-10-24 20:00:00,421.67
2012-10-24 21:00:00,288.15833333333336
2012-10-24 22:00:00,234.84666666666666
2012-10-24 23:00:00,126.105
2012-10-25 00:00:00,58.93833333333333
2012-10-25 01:00:00,23.76
2012-10-25 02:00:00,10.328333333333333
2012-10-25 03:00:00,6.955
2012-10-25 04:00:00,7.676666666666667
2012-10-25 05:00:00,41.855
2012-10-25 06:00:00,160.41
2012-10-25 07:00:00,445.0366666666667
2012-10-25 08:00:00,635.2683333333333
2012-10-25 09:00:00,364.7005555555556
2012-10-25 10:00:00,179.24
2012-10-25 11:00:00,175.40666666666667
2012-10-25 12:00:00,245.7
2012-10-25 13:00:00,241.82666666666665
2012-10-25 14:00:00,257.62666666666667
2012-10-25 15:00:00,323.7183333333333
2012-10-25 16:00:00,443.9116666666667
2012-10-25 17:00:00,800.4419166666667
2012-10-25 18:00:00,394.46666666666664
2012-10-25 19:00:00,328.95666666666665
2012-10-25 20:00:00,295.72333333333336
2012-10-25 21:00:00,243.435
2012-10-25 22:00:00,219.85333333333332
2012-10-25 23:00:00,143.56166666666667
2012-10-26 00:00:00,73.44333333333333
2012-10-26 01:00:00,33.31
2012-10-26 02:00:00,10.356666666666667
2012-10-26 03:00:00,7.365
2012-10-26 04:00:00,7.586666666666667
2012-10-26 05:00:00,39.916666666666664
2012-10-26 06:00:00,143.96666666666667
2012-10-26 07:00:00,414.2783333333333
2012-10-26 08:00:00,575.2883333333333
2012-10-26 09:00:00,365.41555555555556
2012-10-26 10:00:00,212.40833333333333
2012-10-26 11:00:00,246.54833333333335
2012-10-26 12:00:00,329.8695833333333
2012-10-26 13:00:00,343.70958333333334
2012-10-26 14:00:00,362.405
2012-10-26 15:00:00,380.87
2012-10-26 16:00:00,467.655
2012-10-26 17:00:00,777.5716666666667
2012-10-26 18:00:00,731.725
2012-10-26 19:00:00,315.29333333333335
2012-10-26 20:00:00,283.9683333333333
2012-10-26 21:00:00,244.78
2012-10-26 22:00:00,214.09166666666667
2012-10-26 23:00:00,170.85
2012-10-27 00:00:00,156.79833333333335
2012-10-27 01:00:00,110.74766666666667
2012-10-27 02:00:00,66.27
2012-10-27 03:00:00,41.401666666666664
2012-10-27 04:00:00,15.056666666666667
2012-10-27 05:00:00,18.363333333333333
2012-10-27 06:00:00,30.793333333333333
2012-10-27 07:00:00,83.53333333333333
2012-10-27 08:00:00,194.13
2012-10-27 09:00:00,315.33166666666665
2012-10-27 10:00:00,433.0933333333333
2012-10-27 11:00:00,524.8766666666667
2012-10-27 12:00:00,618.5783333333334
2012-10-27 13:00:00,643.095
2012-10-27 14:00:00,611.155
2012-10-27 15:00:00,534.3466666666667
2012-10-27 16:00:00,513.4483333333334
2012-10-27 17:00:00,524.4116666666666
2012-10-27 18:00:00,475.32166666666666
2012-10-27 19:00:00,367.21666666666664
2012-10-27 20:00:00,252.57166666666666
2012-10-27 21:00:00,223.40833333333333
2012-10-27 22:00:00,214.48166666666665
2012-10-27 23:00:00,163.35666666666665
2012-10-28 00:00:00,141.67833333333334
2012-10-28 01:00:00,115.28666666666666
2012-10-28 02:00:00,81.50166666666667
2012-10-28 03:00:00,39.97
2012-10-28 04:00:00,15.006666666666666
2012-10-28 05:00:00,19.11
2012-10-28 06:00:00,24.976666666666667
2012-10-28 07:00:00,59.791666666666664
2012-10-28 08:00:00,127.035
2012-10-28 09:00:00,241.12833333333333
2012-10-28 10:00:00,377.8233333333333
2012-10-28 11:00:00,476.165
2012-10-28 12:00:00,530.7566666666667
2012-10-28 13:00:00,531.7683333333333
2012-10-28 14:00:00,532.055
2012-10-28 15:00:00,530.33
2012-10-28 16:00:00,370.92
2012-10-28 17:00:00,291.965
2012-10-28 18:00:00,219.43833333333333
2012-10-28 19:00:00,211.74
2012-10-28 20:00:00,206.63666666666666
2012-10-28 21:00:00,125.14
2012-10-28 22:00:00,103.23
2012-10-28 23:00:00,83.50833333333334
2012-10-29 00:00:00,37.27166666666667
2012-10-30 13:00:00,176.67166666666665
2012-10-30 14:00:00,175.91666666666666
2012-10-30 15:00:00,208.51333333333332
2012-10-30 16:00:00,262.465
2012-10-30 17:00:00,359.46666666666664
2012-10-30 18:00:00,420.88
2012-10-30 19:00:00,505.53833333333336
2012-10-30 20:00:00,240.69
2012-10-30 21:00:00,181.50666666666666
2012-10-30 22:00:00,139.70333333333335
2012-10-30 23:00:00,111.42
2012-10-31 00:00:00,34.906666666666666
2012-10-31 01:00:00,16.19
2012-10-31 02:00:00,6.778333333333333
2012-10-31 03:00:00,5.233333333333333
2012-10-31 04:00:00,7.058333333333334
2012-10-31 05:00:00,32.623333333333335
2012-10-31 06:00:00,150.76666666666668
2012-10-31 07:00:00,310.62833333333333
2012-10-31 08:00:00,680.4466666666667
2012-10-31 09:00:00,318.9757222222222
2012-10-31 10:00:00,171.97666666666666
2012-10-31 11:00:00,178.88833333333332
2012-10-31 12:00:00,239.33333333333334
2012-10-31 13:00:00,233.805
2012-10-31 14:00:00,214.76666666666668
2012-10-31 15:00:00,249.72833333333332
2012-10-31 16:00:00,405.4533333333333
2012-10-31 17:00:00,611.4766666666667
2012-10-31 18:00:00,616.7083333333334
2012-10-31 19:00:00,440.82166666666666
2012-10-31 20:00:00,322.8066666666667
2012-10-31 21:00:00,214.36333333333334
2012-10-31 22:00:00,163.38333333333333
2012-10-31 23:00:00,117.35166666666667
2012-11-20 00:00:00,32.41833333333334
2012-11-20 01:00:00,15.286666666666667
2012-11-20 02:00:00,6.165
2012-11-20 03:00:00,4.921666666666667
2012-11-20 04:00:00,8.386666666666667
2012-11-20 05:00:00,38.8
2012-11-20 06:00:00,135.83666666666667
2012-11-20 07:00:00,344.7868055555556
2012-11-20 08:00:00,659.0783333333334
2012-11-20 09:00:00,344.55858333333333
2012-11-20 10:00:00,187.85
2012-11-20 11:00:00,202.345
2012-11-20 12:00:00,235.355
2012-11-20 13:00:00,240.83
2012-11-20 14:00:00,224.21833333333333
2012-11-20 15:00:00,253.85
2012-11-20 16:00:00,373.205
2012-11-20 17:00:00,580.0183333333333
2012-11-20 18:00:00,539.1383333333333
2012-11-20 19:00:00,383.985
2012-11-20 20:00:00,292.47833333333335
2012-11-20 21:00:00,211.455
2012-11-20 22:00:00,167.145
2012-11-20 23:00:00,118.795
2012-11-21 00:00:00,36.75
2012-11-21 01:00:00,16.866666666666667
2012-11-21 02:00:00,6.455
2012-11-21 03:00:00,5.945
2012-11-21 04:00:00,6.165
2012-11-21 05:00:00,31.365
2012-11-21 06:00:00,132.67666666666668
2012-11-21 07:00:00,308.87416666666667
2012-11-21 08:00:00,646.9866666666667
2012-11-21 09:00:00,309.1194166666667
2012-11-21 10:00:00,192.4625
2012-11-21 11:00:00,203.795
2012-11-21 12:00:00,232.94666666666666
2012-11-21 13:00:00,237.735
2012-11-21 14:00:00,256.61
2012-11-21 15:00:00,276.4716666666667
2012-11-21 16:00:00,424.90166666666664
2012-11-21 17:00:00,611.6933333333334
2012-11-21 18:00:00,538.1883333333334
2012-11-21 19:00:00,391.63666666666666
2012-11-21 20:00:00,275.42833333333334
2012-11-21 21:00:00,214.53166666666667
2012-11-21 22:00:00,156.8
2012-11-21 23:00:00,144.71
2012-11-22 00:00:00,78.97166666666666
2012-11-22 01:00:00,59.30805555555556
2012-11-22 02:00:00,22.755
2012-11-22 03:00:00,10.101666666666667
2012-11-22 04:00:00,9.738333333333333
2012-11-22 05:00:00,18.94333333333333
2012-11-22 06:00:00,38.458333333333336
2012-11-22 07:00:00,243.14
2012-11-22 08:00:00,270.5683333333333
2012-11-22 09:00:00,294.7479444444445
2012-11-22 10:00:00,270.6696111111111
2012-11-22 11:00:00,400.5661111111111
2012-11-22 12:00:00,533.8533333333334
2012-11-22 13:00:00,580.415
2012-11-22 14:00:00,543.2416666666667
2012-11-22 15:00:00,522.7133333333334
2012-11-22 16:00:00,542.3783333333333
2012-11-22 17:00:00,482.99833333333333
2012-11-22 18:00:00,363.03
2012-11-22 19:00:00,287.8
2012-11-22 20:00:00,234.14166666666668
2012-11-22 21:00:00,188.70666666666668
2012-11-22 22:00:00,165.69833333333332
2012-11-22 23:00:00,143.53333333333333
2012-11-23 00:00:00,51.416666666666664
2012-11-23 01:00:00,23.14666666666667
2012-11-23 02:00:00,10.845
2012-11-23 03:00:00,8.690277777777776
2012-11-23 04:00:00,9.095
2012-11-23 05:00:00,32.67666666666667
2012-11-23 06:00:00,135.67
2012-11-23 07:00:00,326.4241666666667
2012-11-23 08:00:00,605.02
2012-11-23 09:00:00,317.1079444444445
2012-11-23 10:00:00,192.06708333333333
2012-11-23 11:00:00,233.31166666666667
2012-11-23 12:00:00,280.995
2012-11-23 13:00:00,297.41833333333335
2012-11-23 14:00:00,402.6433333333333
2012-11-23 15:00:00,404.145
2012-11-23 16:00:00,487.975
2012-11-23 17:00:00,778.855
2012-11-23 18:00:00,710.0616666666666
2012-11-23 19:00:00,468.5416666666667
2012-11-23 20:00:00,328.31333333333333
2012-11-23 21:00:00,229.47666666666666
2012-11-23 22:00:00,173.77333333333334
2012-11-23 23:00:00,116.065
2012-11-24 00:00:00,116.05
2012-11-24 01:00:00,101.66263888888888
2012-11-24 02:00:00,47.55
2012-11-24 03:00:00,18.418333333333333
2012-11-24 04:00:00,7.505
2012-11-24 05:00:00,7.37
2012-11-24 06:00:00,21.198333333333334
2012-11-24 07:00:00,87.77166666666666
2012-11-24 08:00:00,168.465
2012-11-24 09:00:00,224.41833333333332
2012-11-24 10:00:00,276.4683333333333
2012-11-24 11:00:00,306.00666666666666
2012-11-24 12:00:00,361.13
2012-11-24 13:00:00,369.15833333333336
2012-11-24 14:00:00,360.0966666666667
2012-11-24 15:00:00,359.39666666666665
2012-11-24 16:00:00,346.11333333333334
2012-11-24 17:00:00,318.065
2012-11-24 18:00:00,288.31166666666667
2012-11-24 19:00:00,248.76
2012-11-24 20:00:00,203.35666666666665
2012-11-24 21:00:00,150.575
2012-11-24 22:00:00,124.165
2012-11-24 23:00:00,98.27666666666667
2012-11-25 00:00:00,112.365
2012-11-25 01:00:00,110.5413888888889
2012-11-25 02:00:00,50.01833333333333
2012-11-25 03:00:00,25.608333333333334
2012-11-25 04:00:00,8.003333333333334
2012-11-25 05:00:00,9.375
2012-11-25 06:00:00,17.276666666666667
2012-11-25 07:00:00,59.94166666666667
2012-11-25 08:00:00,132.29166666666666
2012-11-25 09:00:00,191.615
2012-11-25 10:00:00,250.525
2012-11-25 11:00:00,287.685
2012-11-25 12:00:00,334.54333333333335
2012-11-25 13:00:00,334.39
2012-11-25 14:00:00,343.615
2012-11-25 15:00:00,326.55333333333334
2012-11-25 16:00:00,316.7
2012-11-25 17:00:00,271.555
2012-11-25 18:00:00,228.045
2012-11-25 19:00:00,213.48166666666665
2012-11-25 20:00:00,163.16333333333333
2012-11-25 21:00:00,117.35333333333334
2012-11-25 22:00:00,101.60333333333334
2012-11-25 23:00:00,75.95666666666666
2012-11-26 00:00:00,29.783333333333335
2012-11-26 01:00:00,12.94
2012-11-26 02:00:00,4.921666666666667
2012-11-26 03:00:00,5.698333333333333
2012-11-26 04:00:00,7.379166666666666
2012-11-26 05:00:00,37.998333333333335
2012-11-26 06:00:00,141.39666666666668
2012-11-26 07:00:00,357.6575
2012-11-26 08:00:00,674.7466666666667
2012-11-26 09:00:00,304.28372222222225
2012-11-26 10:00:00,187.21833333333333
2012-11-26 11:00:00,224.22833333333332
2012-11-26 12:00:00,244.14833333333334
2012-11-26 13:00:00,241.11333333333334
2012-11-26 14:00:00,238.185
2012-11-26 15:00:00,249.26
2012-11-26 16:00:00,418.99666666666667
2012-11-26 17:00:00,613.1433333333333
2012-11-26 18:00:00,560.265
2012-11-26 19:00:00,360.54833333333335
2012-11-26 20:00:00,283.04833333333335
2012-11-26 21:00:00,201.67333333333335
2012-11-26 22:00:00,135.485
2012-11-26 23:00:00,93.34333333333333
2012-11-27 00:00:00,30.946666666666665
2012-11-27 01:00:00,15.763333333333334
2012-11-27 02:00:00,5.8
2012-11-27 03:00:00,5.283333333333333
2012-11-27 04:00:00,6.341666666666667
2012-11-27 05:00:00,30.901666666666667
2012-11-27 06:00:00,130.22166666666666
2012-11-27 07:00:00,183.20666666666668
2012-11-27 08:00:00,461.42
2012-11-27 09:00:00,302.7840277777778
2012-11-27 10:00:00,144.04
2012-11-27 11:00:00,152.56666666666666
2012-11-27 12:00:00,187.025
2012-11-27 13:00:00,193.97833333333332
2012-11-27 14:00:00,191.86833333333334
2012-11-27 15:00:00,209.11333333333334
2012-11-27 16:00:00,298.05333333333334
2012-11-27 17:00:00,529.2516666666667
2012-11-27 18:00:00,482.36
2012-11-27 19:00:00,347.74833333333333
2012-11-27 20:00:00,243.19833333333332
2012-11-27 21:00:00,161.25666666666666
2012-11-27 22:00:00,129.25333333333333
2012-11-27 23:00:00,93.34
2012-11-28 00:00:00,70.55666666666667
2012-11-28 01:00:00,29.215
2012-11-28 02:00:00,7.465
2012-11-28 03:00:00,4.556666666666667
2012-11-28 04:00:00,7.1466666666666665
2012-11-28 05:00:00,35.571666666666665
2012-11-28 06:00:00,137.00166666666667
2012-11-28 07:00:00,372.1116666666667
2012-11-28 08:00:00,639.5866666666667
2012-11-28 09:00:00,325.29083333333335
2012-11-28 10:00:00,183.94333333333333
2012-11-28 11:00:00,189.93833333333333
2012-11-28 12:00:00,221.95166666666665
2012-11-28 13:00:00,237.26333333333332
2012-11-28 14:00:00,225.50666666666666
2012-11-28 15:00:00,252.78166666666667
2012-11-28 16:00:00,350.545
2012-11-28 17:00:00,592.6433333333333
2012-11-28 18:00:00,538.495
2012-11-28 19:00:00,367.66833333333335
2012-11-28 20:00:00,250.93333333333334
2012-11-28 21:00:00,189.93
2012-11-28 22:00:00,126.11833333333334
2012-11-28 23:00:00,87.32833333333333
2012-11-29 00:00:00,37.47833333333333
2012-11-29 01:00:00,18.261666666666667
2012-11-29 02:00:00,7.628333333333333
2012-11-29 04:00:00,6.836666666666667
2012-11-29 05:00:00,35.32666666666667
2012-11-29 06:00:00,144.73
2012-11-29 07:00:00,357.18333333333334
2012-11-29 08:00:00,636.9533333333334
2012-11-29 09:00:00,323.46986111111113
2012-11-29 10:00:00,173.145
2012-11-29 11:00:00,198.94166666666666
2012-11-29 12:00:00,245.84
2012-11-29 13:00:00,239.28833333333333
2012-11-29 14:00:00,227.21
2012-11-29 15:00:00,260.3183333333333
2012-11-29 16:00:00,360.64
2012-11-29 17:00:00,592.9566666666667
2012-11-29 18:00:00,562.2466666666667
2012-11-29 19:00:00,370.745
2012-11-29 20:00:00,257.92833333333334
2012-11-29 21:00:00,174.905
2012-11-29 22:00:00,150.99
2012-11-29 23:00:00,140.36333333333334
2012-11-30 00:00:00,45.81166666666667
2012-11-30 01:00:00,24.611666666666668
2012-11-30 02:00:00,10.441666666666666
2012-11-30 03:00:00,9.147777777777776
2012-11-30 04:00:00,8.524166666666666
2012-11-30 05:00:00,32.861666666666665
2012-11-30 06:00:00,135.50833333333333
2012-11-30 07:00:00,324.4191666666667
2012-11-30 08:00:00,620.5716666666667
2012-11-30 09:00:00,323.34822222222226
2012-11-30 10:00:00,190.31050000000002
2012-11-30 11:00:00,208.5297222222222
2012-11-30 12:00:00,264.82388888888886
2012-11-30 13:00:00,276.6933333333333
2012-11-30 14:00:00,266.2583333333333
2012-11-30 15:00:00,273.3333333333333
2012-11-30 16:00:00,423.51666666666665
2012-11-30 17:00:00,590.0066666666667
2012-11-30 18:00:00,506.9633333333333
2012-11-30 19:00:00,354.3333333333333
2012-11-30 20:00:00,252.27833333333334
2012-11-30 21:00:00,184.32333333333332
2012-11-30 22:00:00,158.42
2012-11-30 23:00:00,139.96666666666667
2012-12-20 00:00:00,45.62166666666667
2012-12-20 01:00:00,17.301666666666666
2012-12-20 02:00:00,10.301666666666666
2012-12-20 03:00:00,5.165
2012-12-20 04:00:00,6.935
2012-12-20 05:00:00,34.44
2012-12-20 06:00:00,142.77666666666667
2012-12-20 07:00:00,356.8455555555555
2012-12-20 08:00:00,679.5
2012-12-20 09:00:00,310.78319444444446
2012-12-20 10:00:00,169.33555555555554
2012-12-20 11:00:00,176.43166666666667
2012-12-20 12:00:00,232.474
2012-12-20 13:00:00,233.48233333333332
2012-12-20 14:00:00,227.4873333333333
2012-12-20 15:00:00,252.52733333333333
2012-12-20 16:00:00,324.23833333333334
2012-12-20 17:00:00,577.0266666666666
2012-12-20 18:00:00,547.99
2012-12-20 19:00:00,284.73
2012-12-20 20:00:00,239.865
2012-12-20 21:00:00,164.96
2012-12-20 22:00:00,109.63166666666666
2012-12-20 23:00:00,102.05666666666667
2012-12-21 00:00:00,57.163333333333334
2012-12-21 01:00:00,25.995
2012-12-21 02:00:00,13.638333333333334
2012-12-21 03:00:00,8.618333333333334
2012-12-21 04:00:00,8.186666666666667
2012-12-21 05:00:00,31.3
2012-12-21 06:00:00,104.41666666666667
2012-12-21 07:00:00,341.0441666666667
2012-12-21 08:00:00,619.07
2012-12-21 09:00:00,308.10611111111115
2012-12-21 10:00:00,195.29166666666666
2012-12-21 11:00:00,193.65666666666667
2012-12-21 12:00:00,225.39166666666668
2012-12-21 13:00:00,228.22833333333332
2012-12-21 14:00:00,226.54
2012-12-21 15:00:00,242.85333333333332
2012-12-21 16:00:00,304.30333333333334
2012-12-21 17:00:00,547.1883333333334
2012-12-21 18:00:00,493.88666666666666
2012-12-21 19:00:00,319.9433333333333
2012-12-21 20:00:00,234.17166666666665
2012-12-21 21:00:00,177.61166666666668
2012-12-21 22:00:00,126.76666666666667
2012-12-21 23:00:00,96.41166666666666
2012-12-22 00:00:00,107.59166666666667
2012-12-22 01:00:00,100.53361111111111
2012-12-22 02:00:00,49.03666666666667
2012-12-22 03:00:00,21.073333333333334
2012-12-22 04:00:00,8.915
2012-12-22 05:00:00,8.233333333333333
2012-12-22 06:00:00,22.793333333333333
2012-12-22 07:00:00,96.685
2012-12-22 08:00:00,166.01666666666668
2012-12-22 09:00:00,215.93166666666667
2012-12-22 10:00:00,263.0133333333333
2012-12-22 11:00:00,294.7683333333333
2012-12-22 12:00:00,342.47833333333335
2012-12-22 13:00:00,357.45
2012-12-22 14:00:00,357.62833333333333
2012-12-22 15:00:00,351.8283333333333
2012-12-22 16:00:00,336.905
2012-12-22 17:00:00,303.9316666666667
2012-12-22 18:00:00,279.1166666666667
2012-12-22 19:00:00,260.50166666666667
2012-12-22 20:00:00,184.68166666666667
2012-12-22 21:00:00,149.39
2012-12-22 22:00:00,117.13333333333334
2012-12-22 23:00:00,96.475
2012-12-23 00:00:00,111.44833333333334
2012-12-23 01:00:00,107.49611111111112
2012-12-23 02:00:00,56.18833333333333
2012-12-23 03:00:00,36.31166666666667
2012-12-23 04:00:00,11.448333333333334
2012-12-23 05:00:00,8.145
2012-12-23 06:00:00,15.571666666666667
2012-12-23 07:00:00,64.68444444444445
2012-12-23 08:00:00,132.53666666666666
2012-12-23 09:00:00,191.45283333333333
2012-12-23 10:00:00,248.46333333333334
2012-12-23 11:00:00,276.895
2012-12-23 12:00:00,338.92
2012-12-23 13:00:00,346.1016666666667
2012-12-23 14:00:00,372.9066666666667
2012-12-23 15:00:00,389.8983333333333
2012-12-23 16:00:00,379.55333333333334
2012-12-23 17:00:00,301.455
2012-12-23 18:00:00,248.02666666666667
2012-12-23 19:00:00,218.39833333333334
2012-12-23 20:00:00,166.72333333333333
2012-12-23 21:00:00,118.04833333333333
2012-12-23 22:00:00,92.795
2012-12-23 23:00:00,80.27333333333333
2012-12-24 00:00:00,30.273333333333333
2012-12-24 01:00:00,13.77
2012-12-24 02:00:00,5.596666666666667
2012-12-24 03:00:00,5.848333333333334
2012-12-24 05:00:00,33.94
2012-12-24 06:00:00,134.095
2012-12-24 07:00:00,340.0416666666667
2012-12-24 08:00:00,650.3566666666667
2012-12-24 09:00:00,295.2111111111111
2012-12-24 10:00:00,160.39333333333335
2012-12-24 11:00:00,159.83166666666668
2012-12-24 12:00:00,194.81666666666666
2012-12-24 13:00:00,189.26166666666666
2012-12-24 14:00:00,185.78166666666667
2012-12-24 15:00:00,202.32166666666666
2012-12-24 16:00:00,246.14333333333335
2012-12-24 17:00:00,416.335
2012-12-24 18:00:00,452.605
2012-12-24 19:00:00,302.655
2012-12-24 20:00:00,220.83666666666667
2012-12-24 21:00:00,152.62833333333333
2012-12-24 22:00:00,110.235
2012-12-24 23:00:00,96.49333333333334
2012-12-25 00:00:00,57.805
2012-12-25 01:00:00,40.83
2012-12-25 02:00:00,22.12
2012-12-25 04:00:00,8.818333333333333
2012-12-25 05:00:00,13.536666666666667
2012-12-25 06:00:00,38.06
2012-12-25 07:00:00,222.22666666666666
2012-12-25 08:00:00,259.5233333333333
2012-12-25 09:00:00,255.96666666666667
2012-12-25 10:00:00,241.71
2012-12-25 11:00:00,256.525
2012-12-25 12:00:00,328.62
2012-12-25 13:00:00,407.675
2012-12-25 14:00:00,409.1816666666667
2012-12-25 15:00:00,346.0466666666667
2012-12-25 16:00:00,374.21166666666664
2012-12-25 17:00:00,338.095
2012-12-25 18:00:00,337.23833333333334
2012-12-25 19:00:00,321.8333333333333
2012-12-25 20:00:00,231.95166666666665
2012-12-25 21:00:00,171.94166666666666
2012-12-25 22:00:00,130.8
2012-12-25 23:00:00,77.51166666666667
2012-12-26 00:00:00,53.848333333333336
2012-12-26 01:00:00,31.383333333333333
2012-12-26 02:00:00,19.211666666666666
2012-12-26 03:00:00,5.425
2012-12-26 04:00:00,7.543333333333333
2012-12-26 05:00:00,34.28
2012-12-26 06:00:00,124.33166666666666
2012-12-26 07:00:00,179.83833333333334
2012-12-26 08:00:00,320.7266666666667
2012-12-26 09:00:00,176.615
2012-12-26 10:00:00,159.95
2012-12-26 11:00:00,162.21166666666667
2012-12-26 12:00:00,189.84833333333333
2012-12-26 13:00:00,193.13166666666666
2012-12-26 14:00:00,190.01333333333332
2012-12-26 15:00:00,207.13833333333332
2012-12-26 16:00:00,245.18333333333334
2012-12-26 17:00:00,403.13166666666666
2012-12-26 18:00:00,420.285
2012-12-26 19:00:00,255.44166666666666
2012-12-26 20:00:00,212.965
2012-12-26 21:00:00,166.51666666666668
2012-12-26 22:00:00,91.22166666666666
2012-12-26 23:00:00,59.58166666666666
2012-12-27 00:00:00,40.865
2012-12-27 01:00:00,13.675
2012-12-27 02:00:00,17.266666666666666
2012-12-27 03:00:00,4.126666666666667
2012-12-27 04:00:00,7.698333333333333
2012-12-27 05:00:00,33.61666666666667
2012-12-27 06:00:00,115.12166666666667
2012-12-27 07:00:00,357.27
2012-12-27 08:00:00,632.265
2012-12-27 09:00:00,331.21222222222224
2012-12-27 10:00:00,177.32
2012-12-27 11:00:00,176.585
2012-12-27 12:00:00,207.54
2012-12-27 13:00:00,206.18666666666667
2012-12-27 14:00:00,200.66333333333333
2012-12-27 15:00:00,222.60333333333332
2012-12-27 16:00:00,295.965
2012-12-27 17:00:00,549.705
2012-12-27 18:00:00,513.6366666666667
2012-12-27 19:00:00,332.83666666666664
2012-12-27 20:00:00,236.41333333333333
2012-12-27 21:00:00,169.95166666666665
2012-12-27 22:00:00,127.36833333333334
2012-12-27 23:00:00,93.70833333333333
2012-12-28 00:00:00,49.42666666666667
2012-12-28 01:00:00,23.16
2012-12-28 02:00:00,12.093333333333334
2012-12-28 03:00:00,6.584444444444445
2012-12-28 04:00:00,8.125833333333333
2012-12-28 05:00:00,32.17666666666667
2012-12-28 06:00:00,112.77
2012-12-28 07:00:00,338.985
2012-12-28 08:00:00,627.84
2012-12-28 09:00:00,323.52472222222224
2012-12-28 10:00:00,185.65666666666667
2012-12-28 11:00:00,191.10166666666666
2012-12-28 12:00:00,217.12833333333333
2012-12-28 13:00:00,218.39833333333334
2012-12-28 14:00:00,215.09666666666666
2012-12-28 15:00:00,246.53916666666666
2012-12-28 16:00:00,325.85333333333335
2012-12-28 17:00:00,584.4083333333333
2012-12-28 18:00:00,481.86833333333334
2012-12-28 19:00:00,322.99833333333333
2012-12-28 20:00:00,227.185
2012-12-28 21:00:00,164.72
2012-12-28 22:00:00,132.925
2012-12-28 23:00:00,113.48
2012-12-29 00:00:00,105.03166666666667
2012-12-29 01:00:00,97.22583333333333
2012-12-29 02:00:00,52.00833333333333
2012-12-29 03:00:00,26.183333333333334
2012-12-29 04:00:00,8.678333333333333
2012-12-29 05:00:00,9.038333333333334
2012-12-29 06:00:00,22.12
2012-12-29 07:00:00,78.32833333333333
2012-12-29 08:00:00,147.095
2012-12-29 09:00:00,211.14333333333335
2012-12-29 10:00:00,216.845
2012-12-29 11:00:00,233.17166666666665
2012-12-29 12:00:00,236.75166666666667
2012-12-29 13:00:00,240.16666666666666
2012-12-29 14:00:00,319.025
2012-12-29 15:00:00,316.54833333333335
2012-12-29 16:00:00,324.16
2012-12-29 17:00:00,290.675
2012-12-29 18:00:00,272.81
2012-12-29 19:00:00,260.905
2012-12-29 20:00:00,215.62333333333333
2012-12-29 21:00:00,153.47166666666666
2012-12-29 22:00:00,122.67
2012-12-29 23:00:00,111.095
2012-12-30 00:00:00,112.76
2012-12-30 01:00:00,108.175
2012-12-30 02:00:00,54.79833333333333
2012-12-30 03:00:00,27.555
2012-12-30 04:00:00,9.016666666666667
2012-12-30 05:00:00,8.005
2012-12-30 06:00:00,19.3
2012-12-30 07:00:00,81.13
2012-12-30 08:00:00,143.33333333333334
2012-12-30 09:00:00,193.755
2012-12-30 10:00:00,249.30666666666667
2012-12-30 11:00:00,275.3516666666667
2012-12-30 12:00:00,320.12666666666667
2012-12-30 13:00:00,321.54
2012-12-30 14:00:00,325.05
2012-12-30 15:00:00,318.525
2012-12-30 16:00:00,307.35
2012-12-30 17:00:00,269.2733333333333
2012-12-30 18:00:00,244.08166666666668
2012-12-30 19:00:00,214.91
2012-12-30 20:00:00,170.795
2012-12-30 21:00:00,99.10333333333334
2012-12-30 22:00:00,81.88666666666667
2012-12-30 23:00:00,60.27
2012-12-31 00:00:00,33.04666666666667
2012-12-31 01:00:00,13.975
2012-12-31 02:00:00,6.3
2012-12-31 03:00:00,6.968333333333334
2012-12-31 04:00:00,8.528333333333334
2012-12-31 05:00:00,36.69166666666667
2012-12-31 06:00:00,125.42
2012-12-31 07:00:00,345.95
2012-12-31 08:00:00,619.425
2012-12-31 09:00:00,295.1561111111111
2012-12-31 10:00:00,164.35833333333332
2012-12-31 11:00:00,164.99833333333333
2012-12-31 12:00:00,180.545
2012-12-31 13:00:00,193.65666666666667
2012-12-31 14:00:00,194.86666666666667
2012-12-31 15:00:00,219.69666666666666
2012-12-31 16:00:00,320.95666666666665
2012-12-31 17:00:00,579.4916666666667
2012-12-31 18:00:00,498.9066666666667
2012-12-31 19:00:00,344.7733333333333
2012-12-31 20:00:00,233.795
2012-12-31 21:00:00,164.18166666666667
2012-12-31 22:00:00,115.875
2012-12-31 23:00:00,68.31333333333333
