datetime,count
2011-01-20 00:00:00,168.63690746965455
2011-01-20 01:00:00,61.53838517871017
2011-01-20 02:00:00,61.53838517871017
2011-01-20 03:00:00,115.88268590634515
2011-01-20 04:00:00,115.88268590634515
2011-01-20 05:00:00,48.763293300742276
2011-01-20 06:00:00,112.3578369335792
2011-01-20 07:00:00,95.83185844934415
2011-01-20 08:00:00,85.73292015514407
2011-01-20 09:00:00,142.1873406453248
2011-01-20 10:00:00,131.7432220344963
2011-01-20 11:00:00,102.15152659474174
2011-01-20 12:00:00,134.74710000000002
2011-01-20 13:00:00,116.86958928783812
2011-01-20 14:00:00,145.96122938992036
2011-01-20 15:00:00,184.9919385691501
2011-01-20 16:00:00,147.7411093570797
2011-01-20 17:00:00,181.27708759018753
2011-01-20 18:00:00,135.72922022565555
2011-01-20 19:00:00,121.39821832824042
2011-01-20 20:00:00,123.62535803229338
2011-01-20 21:00:00,166.1110647037992
2011-01-20 22:00:00,224.7596820433437
2011-01-20 23:00:00,188.50931537667702
2011-01-21 00:00:00,331.3611608225107
2011-01-21 01:00:00,331.3611608225107
2011-01-21 02:00:00,73.83140084915082
2011-01-21 03:00:00,54.84164920634921
2011-01-21 04:00:00,40.52186142233075
2011-01-21 05:00:00,126.06315757727654
2011-01-21 06:00:00,81.00762677546246
2011-01-21 07:00:00,83.3399972891899
2011-01-21 08:00:00,85.63184660378641
2011-01-21 09:00:00,81.11028487541056
2011-01-21 10:00:00,56.96829786997813
2011-01-21 11:00:00,58.22856216096898
2011-01-21 12:00:00,97.29307674291938
2011-01-21 13:00:00,129.7727
2011-01-21 14:00:00,118.516
2011-01-21 15:00:00,173.0325
2011-01-21 16:00:00,169.95016666666666
2011-01-21 17:00:00,99.13949325396825
2011-01-21 18:00:00,53.55338730158729
2011-01-21 19:00:00,51.72111388888889
2011-01-21 20:00:00,61.92598888888889
2011-01-21 21:00:00,25.30398095238095
2011-01-21 22:00:00,29.753645238095242
2011-01-21 23:00:00,18.4388
2011-01-22 00:00:00,32.33639047619048
2011-01-22 01:00:00,31.0266
2011-01-22 02:00:00,33.53903333333333
2011-01-22 03:00:00,31.522033333333333
2011-01-22 04:00:00,28.95798333333334
2011-01-22 06:00:00,42.10115714285715
2011-01-22 07:00:00,41.279857142857146
2011-01-22 08:00:00,42.02062380952381
2011-01-22 09:00:00,31.576223809523814
2011-01-22 10:00:00,46.605557142857144
2011-01-22 11:00:00,52.92119047619048
2011-01-22 12:00:00,53.69533333333334
2011-01-22 13:00:00,71.98906666666666
2011-01-22 14:00:00,75.20446666666666
2011-01-22 15:00:00,96.88773333333333
2011-01-22 16:00:00,98.68154444444444
2011-01-22 17:00:00,104.46553333333333
2011-01-22 18:00:00,51.91105238095237
2011-01-22 19:00:00,62.54866666666667
2011-01-22 20:00:00,21.661138095238094
2011-01-22 21:00:00,57.0348
2011-01-22 22:00:00,22.387836507936502
2011-01-22 23:00:00,50.78154047619049
2011-01-23 00:00:00,50.78154047619049
2011-01-23 01:00:00,50.78154047619049
2011-01-23 02:00:00,53.23470714285716
2011-01-23 03:00:00,53.23470714285716
2011-01-23 05:00:00,49.68429047619048
2011-01-23 06:00:00,49.68429047619048
2011-01-23 07:00:00,52.76845714285716
2011-01-23 08:00:00,28.714697619047616
2011-01-23 09:00:00,29.643983333333335
2011-01-23 10:00:00,29.964683333333333
2011-01-23 11:00:00,43.10658603603604
2011-01-23 12:00:00,68.25146825396826
2011-01-23 13:00:00,58.394288888888894
2011-01-23 14:00:00,102.7589
2011-01-23 15:00:00,102.7589
2011-01-23 16:00:00,123.7005
2011-01-23 17:00:00,119.962
2011-01-23 18:00:00,57.49704761904761
2011-01-23 19:00:00,58.25173333333333
2011-01-23 20:00:00,34.12758888888889
2011-01-23 21:00:00,51.280699999999996
2011-01-23 22:00:00,47.01140952380952
2011-01-23 23:00:00,34.99874761904761
2011-01-24 00:00:00,34.31530915750916
2011-01-24 01:00:00,117.03250865245863
2011-01-24 03:00:00,86.39657582417581
2011-01-24 04:00:00,225.70839999999998
2011-01-24 05:00:00,225.70839999999998
2011-01-24 06:00:00,157.4595
2011-01-24 07:00:00,133.89175882352941
2011-01-24 08:00:00,102.96698104575164
2011-01-24 09:00:00,97.79865000000001
2011-01-24 10:00:00,137.30874017094018
2011-01-24 11:00:00,139.51390763016698
2011-01-24 12:00:00,66.16014253430185
2011-01-24 13:00:00,59.06738109575846
2011-01-24 14:00:00,46.38688612387212
2011-01-24 15:00:00,97.9945184824979
2011-01-24 16:00:00,79.19858799045204
2011-01-24 17:00:00,38.38057739817949
2011-01-24 18:00:00,45.836068526505585
2011-01-24 19:00:00,42.29654499328876
2011-01-24 20:00:00,45.836068526505585
2011-01-24 21:00:00,18.488113069317144
2011-01-24 22:00:00,26.72557372679206
2011-01-24 23:00:00,46.42445090731944
2011-01-25 00:00:00,39.11267442707218
2011-01-25 01:00:00,42.49309126984127
2011-01-25 02:00:00,71.11918775162458
2011-01-25 04:00:00,93.12611785897718
2011-01-25 05:00:00,108.06567554419887
2011-01-25 06:00:00,99.6763150793651
2011-01-25 07:00:00,107.10912905525844
2011-01-25 08:00:00,35.84496688311688
2011-01-25 09:00:00,31.114384632034636
2011-01-25 10:00:00,133.03010434419386
2011-01-25 11:00:00,95.48383584804488
2011-01-25 12:00:00,159.08282268065668
2011-01-25 13:00:00,160.11003465756872
2011-01-25 14:00:00,133.23516060606062
2011-01-25 15:00:00,154.63270101010102
2011-01-25 16:00:00,154.63270101010102
2011-01-25 17:00:00,146.39102857142856
2011-01-25 18:00:00,211.81488441558437
2011-01-25 19:00:00,113.71412119968151
2011-01-25 20:00:00,213.3242555214455
2011-01-25 21:00:00,213.3242555214455
2011-01-25 22:00:00,63.447226225741275
2011-01-25 23:00:00,69.53566589427534
2011-01-26 00:00:00,54.00348498168498
2011-01-26 01:00:00,82.49272231990636
2011-01-26 02:00:00,53.407100000000014
2011-01-26 05:00:00,29.262741666666667
2011-01-26 06:00:00,29.262741666666667
2011-01-26 07:00:00,49.65063849206349
2011-01-26 08:00:00,49.65063849206349
2011-01-26 09:00:00,49.65063849206349
2011-01-26 10:00:00,29.258652777777776
2011-01-26 11:00:00,24.397900000000003
2011-01-26 12:00:00,24.397900000000003
2011-01-26 13:00:00,24.397900000000003
2011-01-26 14:00:00,23.468233333333337
2011-01-26 15:00:00,37.12
2011-01-26 16:00:00,30.527900000000002
2011-01-26 17:00:00,25.055833333333336
2011-01-27 16:00:00,200.4227209445198
2011-01-27 17:00:00,99.60822386042635
2011-01-27 18:00:00,17.855610385039803
2011-01-27 19:00:00,17.855610385039803
2011-01-27 20:00:00,49.577390622710624
2011-01-27 21:00:00,49.577390622710624
2011-01-27 22:00:00,49.577390622710624
2011-01-27 23:00:00,152.15377301587304
2011-01-28 00:00:00,68.19139572871573
2011-01-28 01:00:00,68.19139572871573
2011-01-28 02:00:00,68.26577841269842
2011-01-28 03:00:00,153.56486671328673
2011-01-28 05:00:00,79.42799911976913
2011-01-28 06:00:00,103.2265010822511
2011-01-28 07:00:00,24.42188253968254
2011-01-28 08:00:00,24.42188253968254
2011-01-28 09:00:00,99.48401294261295
2011-01-28 10:00:00,117.03575396825396
2011-01-28 11:00:00,114.23684682539681
2011-01-28 12:00:00,114.23684682539681
2011-01-28 13:00:00,114.23684682539681
2011-01-28 14:00:00,134.22504444444445
2011-01-28 15:00:00,61.562339813375026
2011-01-28 16:00:00,77.98482364998661
2011-01-28 17:00:00,119.62589271340684
2011-01-28 18:00:00,135.3567401259942
2011-01-28 19:00:00,64.42416504662914
2011-01-28 20:00:00,240.98642686703096
2011-01-28 21:00:00,75.41389409979823
2011-01-28 22:00:00,87.55744830409355
2011-01-28 23:00:00,48.763293300742276
2011-01-29 00:00:00,49.38633333333334
2011-01-29 01:00:00,19.6796782950383
2011-01-29 02:00:00,27.7977440959041
2011-01-29 03:00:00,36.88803192918193
2011-01-29 04:00:00,31.846749999999997
2011-01-29 06:00:00,40.79677399267399
2011-01-29 07:00:00,46.315919966583124
2011-01-29 08:00:00,32.54691443649231
2011-01-29 09:00:00,26.599409523809523
2011-01-29 10:00:00,22.59873809523809
2011-01-29 11:00:00,28.556616849816844
2011-01-29 12:00:00,36.52189161160478
2011-01-29 13:00:00,45.71338846586162
2011-01-29 14:00:00,43.23836801409117
2011-01-29 15:00:00,33.85063145743146
2011-01-29 16:00:00,18.864127917637923
2011-01-29 17:00:00,43.660158333333335
2011-01-29 18:00:00,56.51546991935601
2011-01-29 19:00:00,36.96064098124098
2011-01-29 20:00:00,26.575870634920637
2011-01-29 21:00:00,26.575870634920637
2011-01-29 22:00:00,21.7141
2011-01-29 23:00:00,21.7141
2011-01-30 00:00:00,34.731316666666665
2011-01-30 01:00:00,16.0567
2011-01-30 02:00:00,20.401823809523812
2011-01-30 03:00:00,29.931849206349206
2011-01-30 04:00:00,29.931849206349206
2011-01-30 05:00:00,22.7381
2011-01-30 07:00:00,22.7381
2011-01-30 08:00:00,23.1479
2011-01-30 09:00:00,20.869241269841265
2011-01-30 10:00:00,35.49744603174603
2011-01-30 11:00:00,20.35754087301588
2011-01-30 12:00:00,87.1036909090909
2011-01-30 13:00:00,47.54662525252524
2011-01-30 14:00:00,72.76275714285714
2011-01-30 15:00:00,67.16316666666665
2011-01-30 16:00:00,67.16316666666665
2011-01-30 17:00:00,153.78845144300146
2011-01-30 18:00:00,45.23118809523809
2011-01-30 19:00:00,52.476947619047614
2011-01-30 20:00:00,65.57632380952381
2011-01-30 21:00:00,31.532617771503844
2011-01-30 22:00:00,45.1428423025284
2011-01-30 23:00:00,43.83434415584416
2011-01-31 00:00:00,263.2171111323705
2011-01-31 01:00:00,56.99912875815928
2011-01-31 02:00:00,64.34606908288413
2011-01-31 03:00:00,64.34606908288413
2011-01-31 04:00:00,177.85568802387178
2011-01-31 05:00:00,49.37456988920903
2011-01-31 06:00:00,55.86998879199044
2011-01-31 07:00:00,40.08566966516742
2011-01-31 08:00:00,34.857529329032964
2011-01-31 09:00:00,36.13899599569964
2011-01-31 10:00:00,29.690330602240902
2011-01-31 11:00:00,29.690330602240902
2011-01-31 12:00:00,50.13625181171486
2011-01-31 13:00:00,58.113554256854265
2011-01-31 14:00:00,41.961309679209684
2011-01-31 15:00:00,83.23978095238095
2011-01-31 16:00:00,29.761947619047625
2011-01-31 17:00:00,29.690330602240902
2011-01-31 18:00:00,19.63455730500673
2011-01-31 19:00:00,75.64067737262738
2011-01-31 20:00:00,60.02190357142857
2011-01-31 21:00:00,53.43760952380953
2011-01-31 22:00:00,110.08538095238087
2011-01-31 23:00:00,12.86461111111111
2011-02-20 00:00:00,153.66615
2011-02-20 01:00:00,120.06693548387095
2011-02-20 02:00:00,118.46843548387095
2011-02-20 03:00:00,104.70612988946536
2011-02-20 04:00:00,104.70612988946536
2011-02-20 06:00:00,89.23034216385764
2011-02-20 07:00:00,52.620499284977136
2011-02-20 08:00:00,46.117889158502315
2011-02-20 09:00:00,89.08853858881858
2011-02-20 10:00:00,93.84803636363638
2011-02-20 11:00:00,111.5935
2011-02-20 12:00:00,157.45173333333335
2011-02-20 13:00:00,209.16472007469682
2011-02-20 14:00:00,190.85448806385656
2011-02-20 15:00:00,207.93470711840024
2011-02-20 16:00:00,207.27632780805538
2011-02-20 17:00:00,179.76764111845915
2011-02-20 18:00:00,154.01888002917732
2011-02-20 19:00:00,154.01888002917732
2011-02-20 20:00:00,112.64437936507937
2011-02-20 21:00:00,65.04353333333334
2011-02-20 22:00:00,123.36136526516961
2011-02-20 23:00:00,215.42806666666664
2011-02-21 00:00:00,204.2990603174604
2011-02-21 01:00:00,204.2990603174604
2011-02-21 02:00:00,204.2990603174604
2011-02-21 03:00:00,138.9977888888889
2011-02-21 04:00:00,144.13344846206425
2011-02-21 05:00:00,105.1060626984127
2011-02-21 06:00:00,131.65305137395458
2011-02-21 07:00:00,141.16706989247308
2011-02-21 08:00:00,113.82518944099378
2011-02-21 09:00:00,121.81291325051758
2011-02-21 10:00:00,122.2542509794553
2011-02-21 11:00:00,82.57258333333331
2011-02-21 12:00:00,195.6471571428571
2011-02-21 13:00:00,96.73676666666668
2011-02-21 14:00:00,148.09653333333335
2011-02-21 15:00:00,122.22599999999998
2011-02-21 16:00:00,101.88456666666667
2011-02-21 17:00:00,118.21203095238096
2011-02-21 18:00:00,66.06074444444442
2011-02-21 19:00:00,66.06074444444442
2011-02-21 20:00:00,86.55927777777778
2011-02-21 21:00:00,122.50110000000001
2011-02-21 22:00:00,108.37993333333334
2011-02-21 23:00:00,108.37993333333334
2011-02-22 06:00:00,55.55060392156862
2011-02-22 07:00:00,55.55060392156862
2011-02-22 08:00:00,69.72701613158084
2011-02-22 09:00:00,90.83848766541098
2011-02-22 10:00:00,36.73223809523811
2011-02-22 11:00:00,10.16609047619047
2011-02-22 12:00:00,298.73183557074503
2011-02-22 13:00:00,214.81704515050703
2011-02-22 14:00:00,200.4227209445198
2011-02-22 15:00:00,63.719916545643066
2011-02-22 16:00:00,50.96976277882977
2011-02-22 17:00:00,83.86138606026135
2011-02-22 18:00:00,77.7800463906449
2011-02-22 19:00:00,99.40354207352999
2011-02-22 20:00:00,44.30837995849065
2011-02-22 21:00:00,68.37579134776438
2011-02-22 22:00:00,52.19252748995022
2011-02-22 23:00:00,52.19252748995022
2011-02-23 00:00:00,87.63237465805464
2011-02-23 01:00:00,42.18529073258923
2011-02-23 02:00:00,52.11587706889433
2011-02-23 03:00:00,63.66362812437482
2011-02-23 05:00:00,70.34242900377627
2011-02-23 06:00:00,70.34242900377627
2011-02-23 07:00:00,57.936825921896975
2011-02-23 08:00:00,42.29654499328876
2011-02-23 09:00:00,94.12140628734012
2011-02-23 10:00:00,70.98201587301588
2011-02-23 11:00:00,128.79019278446987
2011-02-23 12:00:00,72.90120264833206
2011-02-23 13:00:00,193.03931818181817
2011-02-23 14:00:00,249.16413571428572
2011-02-23 15:00:00,186.9915390505032
2011-02-23 16:00:00,166.12405220459047
2011-02-23 17:00:00,186.9915390505032
2011-02-23 18:00:00,220.2309023809524
2011-02-23 19:00:00,186.5062
2011-02-23 20:00:00,69.33244577775166
2011-02-23 21:00:00,73.90266652791654
2011-02-23 22:00:00,73.90266652791654
2011-02-23 23:00:00,115.89024044386984
2011-02-24 00:00:00,115.89024044386984
2011-02-24 01:00:00,109.24104740357683
2011-02-24 02:00:00,33.88968275156217
2011-02-24 03:00:00,54.26227882928666
2011-02-24 05:00:00,28.987368326118325
2011-02-24 06:00:00,24.795325685425688
2011-02-24 07:00:00,82.40964920634921
2011-02-24 08:00:00,238.70980634920633
2011-02-24 09:00:00,158.08129206349207
2011-02-24 10:00:00,123.8265960606061
2011-02-24 11:00:00,162.9057614035088
2011-02-24 12:00:00,113.33692034632034
2011-02-24 13:00:00,153.67982788061622
2011-02-24 14:00:00,95.77985101010101
2011-02-24 15:00:00,119.37200000000001
2011-02-24 16:00:00,158.49097273576098
2011-02-24 17:00:00,116.52989523809524
2011-02-24 18:00:00,130.85163333333333
2011-02-24 19:00:00,49.70679999999999
2011-02-24 20:00:00,76.29623333333333
2011-02-24 21:00:00,130.85163333333333
2011-02-24 22:00:00,113.43747619047619
2011-02-24 23:00:00,83.03886666666666
2011-02-25 00:00:00,142.76648571428566
2011-02-25 01:00:00,96.07788571428574
2011-02-25 02:00:00,96.07788571428574
2011-02-25 03:00:00,75.94986944444445
2011-02-25 05:00:00,75.94986944444445
2011-02-25 06:00:00,27.6178
2011-02-25 07:00:00,75.9144523809524
2011-02-25 08:00:00,78.81409047619047
2011-02-25 09:00:00,52.00469999999999
2011-02-25 10:00:00,26.356899999999992
2011-02-25 11:00:00,199.274580861244
2011-02-25 12:00:00,234.00580000000005
2011-02-25 13:00:00,234.00580000000005
2011-02-25 14:00:00,240.2644666666667
2011-02-25 15:00:00,208.73743381370093
2011-02-25 16:00:00,96.32151792717083
2011-02-25 17:00:00,95.53659047619048
2011-02-25 18:00:00,86.74135126050419
2011-02-25 19:00:00,147.11705555555554
2011-02-25 20:00:00,88.90080877192982
2011-02-25 21:00:00,120.50651915479068
2011-02-25 22:00:00,91.61784318073208
2011-02-25 23:00:00,114.53252301865993
2011-02-26 00:00:00,53.126967978505846
2011-02-26 01:00:00,24.231561608391612
2011-02-26 02:00:00,54.65593333333334
2011-02-26 03:00:00,45.290965403303254
2011-02-26 04:00:00,49.69905151515152
2011-02-26 05:00:00,54.93646262626263
2011-02-26 06:00:00,46.15653452380952
2011-02-26 07:00:00,46.52331461038959
2011-02-26 08:00:00,49.29326666666668
2011-02-26 09:00:00,20.613458730158733
2011-02-26 10:00:00,155.75
2011-02-26 11:00:00,121.53192857142858
2011-02-26 12:00:00,178.23386491228067
2011-02-26 13:00:00,158.62273015873015
2011-02-26 14:00:00,155.95698828488753
2011-02-26 15:00:00,95.55393525286972
2011-02-26 16:00:00,160.87328408782872
2011-02-26 17:00:00,309.90835724371794
2011-02-26 18:00:00,125.5951501589791
2011-02-26 19:00:00,72.98515854235549
2011-02-26 20:00:00,117.3505065101565
2011-02-26 21:00:00,64.55794545454546
2011-02-26 22:00:00,87.00086666666667
2011-02-26 23:00:00,109.46140952380954
2011-02-27 00:00:00,105.41320000000002
2011-02-27 01:00:00,46.4313238095238
2011-02-27 02:00:00,36.10335238095238
2011-02-27 03:00:00,50.06706666666668
2011-02-27 04:00:00,53.311380476190486
2011-02-27 06:00:00,74.93437142857142
2011-02-27 07:00:00,53.311380476190486
2011-02-27 08:00:00,59.03776666666666
2011-02-27 09:00:00,50.190966666666675
2011-02-27 10:00:00,93.4875
2011-02-27 11:00:00,77.04422222222222
2011-02-27 12:00:00,53.51881818181818
2011-02-27 13:00:00,124.13533333333335
2011-02-27 14:00:00,129.17066666666668
2011-02-27 15:00:00,232.31871318681317
2011-02-27 16:00:00,229.5665244422244
2011-02-27 17:00:00,156.83955816144635
2011-02-27 18:00:00,95.17610230880229
2011-02-27 19:00:00,112.40169913419913
2011-02-27 20:00:00,53.51881818181818
2011-02-27 21:00:00,163.69494444444447
2011-02-27 22:00:00,115.99376666666666
2011-02-27 23:00:00,155.9389611111111
2011-02-28 00:00:00,150.5116235930736
2011-02-28 01:00:00,92.16359523809524
2011-02-28 03:00:00,46.330033333333326
2011-02-28 05:00:00,145.31359166666667
2011-02-28 06:00:00,52.05833333333332
2011-02-28 07:00:00,65.28101111111111
2011-02-28 08:00:00,65.31863333333334
2011-02-28 09:00:00,159.54693838383838
2011-02-28 10:00:00,127.4393738095238
2011-02-28 11:00:00,182.53178337468984
2011-02-28 12:00:00,182.53178337468984
2011-02-28 13:00:00,32.58390000000001
2011-02-28 14:00:00,23.998090476190466
2011-02-28 15:00:00,23.998090476190466
2011-02-28 16:00:00,145.69232857142853
2011-02-28 17:00:00,8.660790476190478
2011-02-28 18:00:00,39.56747142857144
2011-02-28 19:00:00,78.95779523809522
2011-02-28 20:00:00,78.95779523809522
2011-02-28 21:00:00,116.1373
2011-02-28 22:00:00,53.27032857142856
2011-02-28 23:00:00,105.66233333333331
2011-03-20 00:00:00,117.79040840336137
2011-03-20 01:00:00,123.03908662714096
2011-03-20 02:00:00,105.63392326007326
2011-03-20 03:00:00,103.05438354978358
2011-03-20 04:00:00,57.180871428571436
2011-03-20 05:00:00,41.318657142857134
2011-03-20 06:00:00,48.22917142857145
2011-03-20 07:00:00,41.48682047163363
2011-03-20 08:00:00,64.03429148629148
2011-03-20 09:00:00,74.46098267092384
2011-03-20 10:00:00,182.19633333333334
2011-03-20 11:00:00,137.79664121536825
2011-03-20 12:00:00,178.4899281938284
2011-03-20 13:00:00,139.06896948486582
2011-03-20 14:00:00,159.17381626502151
2011-03-20 15:00:00,183.83751360036592
2011-03-20 16:00:00,176.25556370091894
2011-03-20 17:00:00,204.044314270023
2011-03-20 18:00:00,163.78425190626288
2011-03-20 19:00:00,202.1731632003828
2011-03-20 20:00:00,160.87328408782872
2011-03-20 21:00:00,134.29661773231032
2011-03-20 22:00:00,99.25708309178745
2011-03-20 23:00:00,202.64463333333333
2011-03-21 00:00:00,138.593
2011-03-21 01:00:00,80.96740000000001
2011-03-21 02:00:00,109.17293333333333
2011-03-21 03:00:00,109.17293333333333
2011-03-21 05:00:00,124.26347142857145
2011-03-21 06:00:00,90.7616380952381
2011-03-21 07:00:00,75.03333333333335
2011-03-21 08:00:00,83.69857142857143
2011-03-21 09:00:00,85.94889523809523
2011-03-21 10:00:00,78.23643333333334
2011-03-21 11:00:00,194.43628521303253
2011-03-21 12:00:00,105.923785470081
2011-03-21 13:00:00,59.27654130596763
2011-03-21 14:00:00,138.41427128237257
2011-03-21 15:00:00,274.89436285155455
2011-03-21 16:00:00,83.63434722222222
2011-03-21 17:00:00,105.99515674603174
2011-03-21 18:00:00,219.56091982414077
2011-03-21 19:00:00,282.03540389610384
2011-03-21 20:00:00,176.62917297038308
2011-03-21 21:00:00,12.244952380952382
2011-03-21 22:00:00,26.81492662466479
2011-03-21 23:00:00,57.31529203700664
2011-03-22 00:00:00,130.4448332180714
2011-03-22 01:00:00,80.123
2011-03-22 02:00:00,46.46573809523809
2011-03-22 03:00:00,115.87999451995724
2011-03-22 04:00:00,114.4293350582338
2011-03-22 05:00:00,86.99301311612366
2011-03-22 06:00:00,117.0110563089085
2011-03-22 07:00:00,120.1479138031051
2011-03-22 08:00:00,135.91201022049844
2011-03-22 09:00:00,182.68416666666667
2011-03-22 10:00:00,207.53218370445344
2011-03-22 11:00:00,157.38249793653114
2011-03-22 12:00:00,230.61665158810598
2011-03-22 13:00:00,135.67741627224558
2011-03-22 14:00:00,251.73346915113873
2011-03-22 15:00:00,135.94687230618982
2011-03-22 16:00:00,204.26338912988652
2011-03-22 17:00:00,204.26338912988652
2011-03-22 18:00:00,177.0179452659427
2011-03-22 19:00:00,213.52296240119531
2011-03-22 20:00:00,219.65945769230768
2011-03-22 21:00:00,151.36230030846346
2011-03-22 22:00:00,116.2489173633556
2011-03-22 23:00:00,116.2489173633556
2011-03-23 00:00:00,116.43766666666666
2011-03-23 01:00:00,70.566
2011-03-23 02:00:00,70.566
2011-03-23 03:00:00,112.28013333333332
2011-03-23 05:00:00,121.21599523809523
2011-03-23 06:00:00,58.84433333333331
2011-03-23 07:00:00,69.73133333333332
2011-03-23 08:00:00,93.92219047619048
2011-03-23 09:00:00,96.09903809523811
2011-03-23 10:00:00,85.64566666666667
2011-03-23 11:00:00,79.97373452380953
2011-03-23 12:00:00,60.48176666666666
2011-03-23 13:00:00,131.4935
2011-03-23 14:00:00,90.14032777777776
2011-03-23 15:00:00,85.69424890520108
2011-03-23 16:00:00,103.35122993497731
2011-03-23 17:00:00,103.35122993497731
2011-03-23 18:00:00,83.48212424242425
2011-03-23 19:00:00,83.48212424242425
2011-03-23 20:00:00,41.34707619047619
2011-03-23 21:00:00,35.140299999999996
2011-03-23 22:00:00,79.62761666666665
2011-03-23 23:00:00,135.15779999999998
2011-03-24 00:00:00,69.73133333333332
2011-03-24 01:00:00,73.90714761904762
2011-03-24 02:00:00,74.34331428571429
2011-03-24 03:00:00,39.311304761904765
2011-03-24 04:00:00,39.311304761904765
2011-03-24 05:00:00,28.332080952380952
2011-03-24 06:00:00,28.332080952380952
2011-03-24 07:00:00,26.272333333333318
2011-03-24 08:00:00,46.51131904761904
2011-03-24 09:00:00,33.146347619047624
2011-03-24 10:00:00,51.979042857142865
2011-03-24 11:00:00,94.64303333333332
2011-03-24 12:00:00,152.14
2011-03-24 13:00:00,154.10876666666667
2011-03-24 14:00:00,142.42831847041842
2011-03-24 15:00:00,121.01383333333332
2011-03-24 16:00:00,174.78464334975368
2011-03-24 17:00:00,122.5677222222222
2011-03-24 18:00:00,169.37351954022986
2011-03-24 19:00:00,191.08074358974358
2011-03-24 20:00:00,179.22176349206347
2011-03-24 21:00:00,91.5544015873016
2011-03-24 22:00:00,84.93881414141414
2011-03-24 23:00:00,159.30996552588553
2011-03-25 00:00:00,78.10469496311498
2011-03-25 01:00:00,53.1049411255411
2011-03-25 02:00:00,36.48730317460319
2011-03-25 03:00:00,42.50781111111111
2011-03-25 04:00:00,88.56603447330446
2011-03-25 05:00:00,142.42414365079364
2011-03-25 06:00:00,82.95169761904762
2011-03-25 07:00:00,138.73028968253968
2011-03-25 08:00:00,94.4708806641165
2011-03-25 09:00:00,122.65432534399449
2011-03-25 10:00:00,101.36542251082253
2011-03-25 11:00:00,136.03692380952387
2011-03-25 12:00:00,112.68138285714285
2011-03-25 13:00:00,117.74024
2011-03-25 14:00:00,195.24346654135337
2011-03-25 15:00:00,177.3443247684001
2011-03-25 16:00:00,123.32118333333331
2011-03-25 17:00:00,124.31274999999998
2011-03-25 18:00:00,203.77865057276065
2011-03-25 19:00:00,140.24869523809528
2011-03-25 20:00:00,174.14892095238093
2011-03-25 21:00:00,171.02065428571427
2011-03-25 22:00:00,241.01479999999998
2011-03-25 23:00:00,140.7839650793651
2011-03-26 00:00:00,117.41341212121212
2011-03-26 01:00:00,145.12522698412695
2011-03-26 02:00:00,85.01361670736671
2011-03-26 03:00:00,75.87324417293232
2011-03-26 04:00:00,85.01361670736671
2011-03-26 05:00:00,59.55759160099446
2011-03-26 06:00:00,48.5489525317304
2011-03-26 07:00:00,59.55759160099446
2011-03-26 08:00:00,65.12981798941799
2011-03-26 09:00:00,103.05601515151514
2011-03-26 10:00:00,95.59353095238096
2011-03-26 11:00:00,110.30087417027416
2011-03-26 12:00:00,162.68662081807085
2011-03-26 13:00:00,117.93568333333332
2011-03-26 14:00:00,199.88766666666666
2011-03-26 15:00:00,190.0941988505747
2011-03-26 16:00:00,204.64896666666667
2011-03-26 17:00:00,178.39232294372292
2011-03-26 18:00:00,122.2792
2011-03-26 19:00:00,171.9611173160173
2011-03-26 20:00:00,171.9611173160173
2011-03-26 21:00:00,124.46685064935063
2011-03-26 22:00:00,146.8028673160173
2011-03-26 23:00:00,114.2049696969697
2011-03-27 00:00:00,86.53248095238096
2011-03-27 01:00:00,59.804154411027575
2011-03-27 02:00:00,53.65194761904761
2011-03-27 03:00:00,39.87276666666667
2011-03-27 04:00:00,26.71412857142857
2011-03-27 06:00:00,29.004066666666663
2011-03-27 07:00:00,26.72341904761905
2011-03-27 08:00:00,40.952848917748916
2011-03-27 09:00:00,48.2298590540969
2011-03-27 10:00:00,50.652057268170424
2011-03-27 11:00:00,66.46029307359308
2011-03-27 12:00:00,128.7446173160173
2011-03-27 13:00:00,188.12337161172164
2011-03-27 14:00:00,118.32637619047618
2011-03-27 15:00:00,90.63551490015361
2011-03-27 16:00:00,139.8459633053221
2011-03-27 17:00:00,167.86858333333333
2011-03-27 18:00:00,204.79528351648352
2011-03-27 19:00:00,225.84422161172168
2011-03-27 20:00:00,118.99312417027417
2011-03-27 21:00:00,95.59353095238096
2011-03-27 22:00:00,95.59353095238096
2011-03-27 23:00:00,108.81296731601729
2011-03-28 00:00:00,182.17054094729477
2011-03-28 01:00:00,98.599365896892
2011-03-28 02:00:00,87.90062375811291
2011-03-28 03:00:00,87.90062375811291
2011-03-28 05:00:00,79.29857439626372
2011-03-28 06:00:00,100.66938451558764
2011-03-28 07:00:00,181.84006532184594
2011-03-28 08:00:00,128.91485452382045
2011-03-28 09:00:00,153.16200116378172
2011-03-28 10:00:00,135.49824980030294
2011-03-28 11:00:00,133.27849816207183
2011-03-28 12:00:00,143.24141428571426
2011-03-28 13:00:00,244.47574761904764
2011-03-28 14:00:00,163.6903277056277
2011-03-28 15:00:00,178.8386229437229
2011-03-28 16:00:00,217.26450476190473
2011-03-28 17:00:00,184.69431666666665
2011-03-28 18:00:00,124.20850476190475
2011-03-28 19:00:00,244.5926658008658
2011-03-28 20:00:00,187.1709
2011-03-28 21:00:00,131.50303333333332
2011-03-28 22:00:00,279.2575190476191
2011-03-28 23:00:00,221.8254504273504
2011-03-29 00:00:00,182.373907942161
2011-03-29 01:00:00,190.91069042452108
2011-03-29 02:00:00,190.91069042452108
2011-03-29 03:00:00,190.91069042452108
2011-03-29 04:00:00,69.19723063539776
2011-03-29 05:00:00,127.65360265631031
2011-03-29 06:00:00,103.19758152569604
2011-03-29 07:00:00,113.76888180961443
2011-03-29 08:00:00,199.21279302572103
2011-03-29 09:00:00,227.82397423687422
2011-03-29 10:00:00,272.8443714285715
2011-03-29 11:00:00,157.88741587301587
2011-03-29 12:00:00,231.86604940002525
2011-03-29 13:00:00,196.23281666666668
2011-03-29 14:00:00,245.50897142857144
2011-03-29 15:00:00,153.36916626984126
2011-03-29 16:00:00,159.53582698412697
2011-03-29 17:00:00,92.87116666666665
2011-03-29 18:00:00,180.35322991452992
2011-03-29 19:00:00,220.5345
2011-03-29 20:00:00,180.35322991452992
2011-03-29 21:00:00,116.17533333333333
2011-03-29 22:00:00,92.00455641025643
2011-03-29 23:00:00,108.67115000000001
2011-03-30 00:00:00,86.69713333333333
2011-03-30 01:00:00,112.66933333333334
2011-03-30 02:00:00,86.69713333333333
2011-03-30 03:00:00,133.86540000000002
2011-03-30 04:00:00,86.69713333333333
2011-03-30 05:00:00,125.02204739015774
2011-03-30 06:00:00,195.34834049261082
2011-03-30 07:00:00,156.3067333333333
2011-03-30 08:00:00,144.43355333333335
2011-03-30 09:00:00,152.41273999999999
2011-03-30 10:00:00,191.00945809523807
2011-03-30 11:00:00,151.93704952380952
2011-03-30 12:00:00,229.50077238095236
2011-03-30 13:00:00,383.3396380952382
2011-03-30 14:00:00,190.35923968253974
2011-03-30 15:00:00,101.40313333333333
2011-03-30 16:00:00,74.70813333333334
2011-03-30 17:00:00,33.76334761904761
2011-03-30 18:00:00,33.146347619047624
2011-03-30 19:00:00,33.146347619047624
2011-03-30 20:00:00,35.74630000000001
2011-03-30 21:00:00,15.02097619047619
2011-03-30 22:00:00,25.992306060606058
2011-03-30 23:00:00,30.052133333333327
2011-03-31 00:00:00,25.992306060606058
2011-03-31 01:00:00,28.617953679653688
2011-03-31 02:00:00,28.617953679653688
2011-03-31 03:00:00,25.992306060606058
2011-03-31 04:00:00,19.33996666666666
2011-03-31 05:00:00,25.992306060606058
2011-03-31 06:00:00,35.74630000000001
2011-03-31 07:00:00,19.33996666666666
2011-03-31 08:00:00,43.675114285714265
2011-03-31 09:00:00,43.93046666666667
2011-03-31 10:00:00,43.93046666666667
2011-03-31 11:00:00,23.352333333333334
2011-03-31 12:00:00,23.352333333333334
2011-03-31 13:00:00,87.96886190476188
2011-03-31 14:00:00,87.96886190476188
2011-03-31 15:00:00,77.267
2011-03-31 16:00:00,74.26107142857143
2011-03-31 17:00:00,74.26107142857143
2011-03-31 18:00:00,72.53113333333333
2011-03-31 19:00:00,72.53113333333333
2011-03-31 20:00:00,26.271899999999995
2011-03-31 21:00:00,27.538404761904754
2011-03-31 22:00:00,23.872966666666667
2011-03-31 23:00:00,19.812764285714284
2011-04-20 00:00:00,53.630952585084295
2011-04-20 01:00:00,69.22661904761905
2011-04-20 02:00:00,69.22661904761905
2011-04-20 03:00:00,38.49690476190475
2011-04-20 04:00:00,54.7347857142857
2011-04-20 05:00:00,57.85328571428571
2011-04-20 06:00:00,69.22661904761905
2011-04-20 07:00:00,16.365804761904766
2011-04-20 08:00:00,237.47219047619043
2011-04-20 09:00:00,209.92669170714905
2011-04-20 10:00:00,202.488504950495
2011-04-20 11:00:00,202.488504950495
2011-04-20 12:00:00,459.14092026143794
2011-04-20 13:00:00,459.14092026143794
2011-04-20 14:00:00,252.0553
2011-04-20 15:00:00,354.4525428571428
2011-04-20 16:00:00,354.4525428571428
2011-04-20 17:00:00,334.3720857142857
2011-04-20 18:00:00,301.07829381207034
2011-04-20 19:00:00,331.05273868391674
2011-04-20 20:00:00,384.12085744400525
2011-04-20 21:00:00,379.72328767752714
2011-04-20 22:00:00,281.28020368087357
2011-04-20 23:00:00,223.08236228070174
2011-04-21 00:00:00,324.78018333333335
2011-04-21 01:00:00,161.90153668873475
2011-04-21 02:00:00,254.3635666666667
2011-04-21 03:00:00,160.4499333333333
2011-04-21 04:00:00,237.84576666666666
2011-04-21 05:00:00,255.0653428571429
2011-04-21 06:00:00,190.96933333333334
2011-04-21 07:00:00,167.10377142857143
2011-04-21 08:00:00,160.57464444444446
2011-04-21 09:00:00,122.57371580086577
2011-04-21 10:00:00,237.85998733270063
2011-04-21 11:00:00,62.75527016388785
2011-04-21 12:00:00,217.75376754356756
2011-04-21 13:00:00,310.30684226296586
2011-04-21 14:00:00,315.4441666666666
2011-04-21 15:00:00,273.4423214285713
2011-04-21 16:00:00,367.00707698412697
2011-04-21 17:00:00,628.3019242424243
2011-04-21 18:00:00,407.81136965811965
2011-04-21 19:00:00,303.24965299145305
2011-04-21 20:00:00,163.70098108413322
2011-04-21 21:00:00,87.58357559957922
2011-04-21 22:00:00,338.6819725793814
2011-04-21 23:00:00,105.17419836407552
2011-04-22 00:00:00,88.89813127705627
2011-04-22 01:00:00,151.4671116682844
2011-04-22 02:00:00,176.21520715057986
2011-04-22 03:00:00,176.21520715057986
2011-04-22 04:00:00,55.31248886407709
2011-04-22 05:00:00,69.30868283513871
2011-04-22 06:00:00,55.31248886407709
2011-04-22 07:00:00,83.6031401960784
2011-04-22 08:00:00,92.86463103856929
2011-04-22 09:00:00,155.62853464052284
2011-04-22 10:00:00,168.6127214285714
2011-04-22 11:00:00,81.91287619047618
2011-04-22 12:00:00,42.789
2011-04-22 13:00:00,128.35326666666666
2011-04-22 14:00:00,36.06524285714288
2011-04-22 15:00:00,128.35326666666666
2011-04-22 16:00:00,131.4935
2011-04-22 17:00:00,79.01087619047618
2011-04-22 18:00:00,79.01087619047618
2011-04-22 19:00:00,79.01087619047618
2011-04-22 20:00:00,80.04559523809523
2011-04-22 21:00:00,40.51340952380953
2011-04-22 22:00:00,84.97511428571428
2011-04-22 23:00:00,77.31939047619048
2011-04-23 00:00:00,61.42843333333333
2011-04-23 01:00:00,61.42843333333333
2011-04-23 02:00:00,73.0667
2011-04-23 03:00:00,51.85196666666667
2011-04-23 04:00:00,63.08548571428574
2011-04-23 05:00:00,63.08548571428574
2011-04-23 06:00:00,64.41564523809524
2011-04-23 07:00:00,70.20971666666667
2011-04-23 08:00:00,39.00736666666666
2011-04-23 09:00:00,36.6066
2011-04-23 10:00:00,77.38557402597402
2011-04-23 11:00:00,55.03033434343435
2011-04-23 12:00:00,137.99110000000002
2011-04-23 13:00:00,137.50243333333336
2011-04-23 14:00:00,253.21191904761903
2011-04-23 15:00:00,261.9993
2011-04-23 16:00:00,204.63578717948718
2011-04-23 17:00:00,266.0603
2011-04-23 18:00:00,167.70903440569094
2011-04-23 19:00:00,165.50774391534392
2011-04-23 20:00:00,93.33446473429952
2011-04-23 21:00:00,168.82852769726247
2011-04-23 22:00:00,215.44505600414078
2011-04-23 23:00:00,123.79378551352025
2011-04-24 00:00:00,112.14390966810967
2011-04-24 01:00:00,102.00195476190476
2011-04-24 02:00:00,102.00195476190476
2011-04-24 03:00:00,51.27023333333334
2011-04-24 04:00:00,51.27023333333334
2011-04-24 05:00:00,51.27023333333334
2011-04-24 06:00:00,90.26134285714284
2011-04-24 07:00:00,90.26134285714284
2011-04-24 08:00:00,70.76840000000001
2011-04-24 09:00:00,123.43552857142858
2011-04-24 10:00:00,135.92943225816524
2011-04-24 11:00:00,386.89936666666665
2011-04-24 12:00:00,366.3774357142857
2011-04-24 13:00:00,238.42787142857145
2011-04-24 14:00:00,401.0838
2011-04-24 15:00:00,340.83370941558445
2011-04-24 16:00:00,368.589
2011-04-24 17:00:00,415.4288333333333
2011-04-24 18:00:00,216.98890424311654
2011-04-24 19:00:00,120.46523457556935
2011-04-24 20:00:00,120.46523457556935
2011-04-24 21:00:00,71.18609523809523
2011-04-24 22:00:00,74.13027532467531
2011-04-24 23:00:00,181.43167857142853
2011-04-25 00:00:00,124.86038809523812
2011-04-25 01:00:00,87.25065000000002
2011-04-25 02:00:00,87.25065000000002
2011-04-25 03:00:00,140.31201428571427
2011-04-25 04:00:00,121.4208
2011-04-25 05:00:00,109.44311428571427
2011-04-25 06:00:00,177.96331428571432
2011-04-25 07:00:00,122.54316666666664
2011-04-25 08:00:00,47.398223576329045
2011-04-25 09:00:00,28.92507291244605
2011-04-25 10:00:00,315.69831465573066
2011-04-25 11:00:00,315.69831465573066
2011-04-25 12:00:00,392.4498666666666
2011-04-25 13:00:00,263.7637018540255
2011-04-25 14:00:00,420.9494196470197
2011-04-25 15:00:00,367.9935407238444
2011-04-25 16:00:00,488.99840510992277
2011-04-25 17:00:00,495.1430305067482
2011-04-25 18:00:00,316.9461677727502
2011-04-25 19:00:00,258.97103999497233
2011-04-25 20:00:00,209.92669170714905
2011-04-25 21:00:00,329.18984562093567
2011-04-25 22:00:00,285.44361640388587
2011-04-25 23:00:00,181.41371930041396
2011-04-26 00:00:00,359.2082975246975
2011-04-26 01:00:00,90.12114645909645
2011-04-26 02:00:00,229.42412689299005
2011-04-26 03:00:00,226.70954672013806
2011-04-26 04:00:00,182.79152339765733
2011-04-26 05:00:00,149.2875458471223
2011-04-26 06:00:00,81.63669354854363
2011-04-26 07:00:00,317.1365480490786
2011-04-26 08:00:00,317.1365480490786
2011-04-26 09:00:00,238.89108744588748
2011-04-26 10:00:00,326.20938253968257
2011-04-26 11:00:00,347.9338055555556
2011-04-26 12:00:00,285.928532051282
2011-04-26 13:00:00,256.4589181818182
2011-04-26 14:00:00,247.08214871794868
2011-04-26 15:00:00,290.994782051282
2011-04-26 16:00:00,256.74808760683754
2011-04-26 17:00:00,273.2017847446671
2011-04-26 18:00:00,325.0451166666667
2011-04-26 19:00:00,240.21615714285716
2011-04-26 20:00:00,238.89108744588748
2011-04-26 21:00:00,166.74294286073408
2011-04-26 22:00:00,138.38079955479387
2011-04-26 23:00:00,190.24656974273583
2011-04-27 00:00:00,179.43709628026483
2011-04-27 01:00:00,204.49729403959188
2011-04-27 02:00:00,208.22641115847753
2011-04-27 03:00:00,238.71102681156188
2011-04-27 04:00:00,47.7122
2011-04-27 05:00:00,215.2100142857143
2011-04-27 06:00:00,62.17553333333333
2011-04-27 07:00:00,238.71102681156188
2011-04-27 08:00:00,191.12961023611564
2011-04-27 09:00:00,235.8924064731162
2011-04-27 10:00:00,277.42222079337455
2011-04-27 11:00:00,166.99970155993432
2011-04-27 12:00:00,189.46698571428573
2011-04-27 13:00:00,246.36061666666666
2011-04-27 14:00:00,361.7853619047619
2011-04-27 15:00:00,272.02585
2011-04-27 16:00:00,275.19563095238095
2011-04-27 17:00:00,95.42989761904764
2011-04-27 18:00:00,95.42989761904764
2011-04-27 19:00:00,166.74294286073408
2011-04-27 20:00:00,286.42681904761906
2011-04-27 21:00:00,324.2354104841519
2011-04-27 22:00:00,360.41508985745213
2011-04-27 23:00:00,355.23937874634106
2011-04-28 00:00:00,240.1080833333333
2011-04-28 01:00:00,261.7415619565217
2011-04-28 02:00:00,269.50309166666665
2011-04-28 03:00:00,201.21441666666666
2011-04-28 04:00:00,265.2161786231884
2011-04-28 05:00:00,261.7415619565217
2011-04-28 06:00:00,213.6769
2011-04-28 07:00:00,212.43423333333334
2011-04-28 08:00:00,212.56462727272728
2011-04-28 09:00:00,84.70727195868434
2011-04-28 10:00:00,399.69720034160395
2011-04-28 11:00:00,277.42222079337455
2011-04-28 12:00:00,148.94913595235352
2011-04-28 13:00:00,270.7685354786892
2011-04-28 14:00:00,320.4465901909947
2011-04-28 15:00:00,325.5713158730159
2011-04-28 16:00:00,195.84549286073405
2011-04-28 17:00:00,343.38475
2011-04-28 18:00:00,343.38475
2011-04-28 19:00:00,298.5441615397674
2011-04-28 20:00:00,362.4992749482402
2011-04-28 21:00:00,327.69380767350924
2011-04-28 22:00:00,170.3299028883144
2011-04-28 23:00:00,185.67700476190473
2011-04-29 00:00:00,166.62307723455035
2011-04-29 01:00:00,156.38930002784738
2011-04-29 02:00:00,184.47960138481594
2011-04-29 03:00:00,31.7966
2011-04-29 04:00:00,116.32295933404988
2011-04-29 05:00:00,118.61633808432724
2011-04-29 06:00:00,141.15368045465004
2011-04-29 07:00:00,157.18690144696592
2011-04-29 08:00:00,264.47803468090524
2011-04-29 09:00:00,295.52465497076025
2011-04-29 10:00:00,203.9923720660347
2011-04-29 11:00:00,463.79986260318634
2011-04-29 12:00:00,212.94688209109734
2011-04-29 13:00:00,282.6734987577639
2011-04-29 14:00:00,262.9233194235589
2011-04-29 15:00:00,280.5949188914315
2011-04-29 16:00:00,253.91403333333335
2011-04-29 17:00:00,164.13960793650793
2011-04-29 18:00:00,162.34096305916307
2011-04-29 19:00:00,241.19737735039556
2011-04-29 20:00:00,137.7679009653302
2011-04-29 21:00:00,137.96453545273283
2011-04-29 22:00:00,234.20793802011306
2011-04-29 23:00:00,144.58622807017542
2011-04-30 00:00:00,301.7070596491228
2011-04-30 01:00:00,272.07492407219974
2011-04-30 02:00:00,303.9121929824562
2011-04-30 03:00:00,233.7083711750968
2011-04-30 04:00:00,255.95784298245613
2011-04-30 05:00:00,224.7267261904762
2011-04-30 06:00:00,103.21363110516936
2011-04-30 07:00:00,133.87241666666665
2011-04-30 08:00:00,145.87633891402717
2011-04-30 09:00:00,197.34461666666664
2011-04-30 10:00:00,270.3480777777778
2011-04-30 11:00:00,307.1743952380952
2011-04-30 12:00:00,295.6524444444445
2011-04-30 13:00:00,267.7104269005848
2011-04-30 14:00:00,169.8398999164578
2011-04-30 15:00:00,213.12461827956986
2011-04-30 16:00:00,288.65464761904764
2011-04-30 17:00:00,236.74257514231505
2011-04-30 18:00:00,185.38175932295545
2011-04-30 19:00:00,185.38175932295545
2011-04-30 20:00:00,144.29867562724016
2011-04-30 21:00:00,144.29867562724016
2011-04-30 22:00:00,36.04771021424632
2011-04-30 23:00:00,36.04771021424632
2011-05-20 00:00:00,30.215071428571424
2011-05-20 01:00:00,16.54296666666667
2011-05-20 02:00:00,42.181099999999994
2011-05-20 03:00:00,18.57396666666667
2011-05-20 04:00:00,46.46573809523809
2011-05-20 05:00:00,65.0585238095238
2011-05-20 06:00:00,63.887552911099874
2011-05-20 07:00:00,51.54557449322492
2011-05-20 08:00:00,470.8638476190474
2011-05-20 09:00:00,146.42721568811305
2011-05-20 10:00:00,176.62917297038308
2011-05-20 11:00:00,180.2532534464435
2011-05-20 12:00:00,33.79892698412701
2011-05-20 13:00:00,185.10929206349203
2011-05-20 14:00:00,163.94988241758244
2011-05-20 15:00:00,182.54403968253965
2011-05-20 16:00:00,223.05910952380952
2011-05-20 17:00:00,140.8064
2011-05-20 18:00:00,236.49776666666665
2011-05-20 19:00:00,399.78935495049507
2011-05-20 20:00:00,320.86201685525697
2011-05-20 21:00:00,232.83984548773557
2011-05-20 22:00:00,412.0058017316017
2011-05-20 23:00:00,209.48100456585885
2011-05-21 00:00:00,153.56616904761904
2011-05-21 01:00:00,151.66523174603174
2011-05-21 02:00:00,123.75717261072262
2011-05-21 03:00:00,165.0756075979577
2011-05-21 04:00:00,115.70864835328072
2011-05-21 05:00:00,87.09751704014938
2011-05-21 06:00:00,118.02403211311281
2011-05-21 07:00:00,146.36863461930227
2011-05-21 08:00:00,138.14352962962963
2011-05-21 09:00:00,262.29469815270943
2011-05-21 10:00:00,289.6738915842778
2011-05-21 11:00:00,482.19200000000006
2011-05-21 12:00:00,347.7810333333333
2011-05-21 13:00:00,377.6684
2011-05-21 14:00:00,448.1276666666667
2011-05-21 15:00:00,448.6259398268398
2011-05-21 16:00:00,546.9214000000002
2011-05-21 17:00:00,464.17566666666664
2011-05-21 18:00:00,406.70366666666666
2011-05-21 19:00:00,419.7645238095238
2011-05-21 20:00:00,346.61912337662346
2011-05-21 21:00:00,289.6738915842778
2011-05-21 22:00:00,250.5242422003284
2011-05-21 23:00:00,98.1619794871795
2011-05-22 00:00:00,95.6764172565996
2011-05-22 01:00:00,75.52503333333333
2011-05-22 02:00:00,76.17858571428575
2011-05-22 03:00:00,44.35686666666666
2011-05-22 04:00:00,38.22571428571429
2011-05-22 05:00:00,44.35686666666666
2011-05-22 06:00:00,76.17858571428575
2011-05-22 07:00:00,72.02618175876411
2011-05-22 08:00:00,50.98557619047619
2011-05-22 09:00:00,170.00779616858236
2011-05-22 10:00:00,295.13310569239195
2011-05-22 11:00:00,443.20768333333325
2011-05-22 12:00:00,340.4318
2011-05-22 13:00:00,267.45043333333336
2011-05-22 14:00:00,216.78192875457876
2011-05-22 15:00:00,137.92467532467535
2011-05-22 16:00:00,249.72243333333336
2011-05-22 17:00:00,220.0689891774892
2011-05-22 18:00:00,372.9987926597911
2011-05-22 19:00:00,291.2975195218181
2011-05-22 20:00:00,214.19255424311655
2011-05-22 21:00:00,157.49830384615385
2011-05-22 22:00:00,88.8656524154589
2011-05-22 23:00:00,118.47681348297644
2011-05-23 00:00:00,33.60200227767926
2011-05-23 01:00:00,47.398223576329045
2011-05-23 02:00:00,94.40767306763283
2011-05-23 03:00:00,72.54262857142858
2011-05-23 04:00:00,83.75578095238096
2011-05-23 05:00:00,83.75578095238096
2011-05-23 06:00:00,81.6489380952381
2011-05-23 07:00:00,135.99193333333335
2011-05-23 08:00:00,113.18702233358557
2011-05-23 09:00:00,197.0065071199722
2011-05-23 10:00:00,394.0032999999999
2011-05-23 11:00:00,324.82660555555555
2011-05-23 12:00:00,324.82660555555555
2011-05-23 13:00:00,250.45198333333337
2011-05-23 14:00:00,218.35376111111108
2011-05-23 15:00:00,221.98022301587304
2011-05-23 16:00:00,234.1544037851038
2011-05-23 17:00:00,274.001461904762
2011-05-23 18:00:00,292.13830769230765
2011-05-23 19:00:00,195.44001593406597
2011-05-23 20:00:00,264.47109458874456
2011-05-23 21:00:00,257.5681952380952
2011-05-23 22:00:00,64.3046
2011-05-23 23:00:00,452.8151664882925
2011-05-24 00:00:00,243.158
2011-05-24 01:00:00,194.52533333333332
2011-05-24 02:00:00,243.158
2011-05-24 03:00:00,132.54015714285714
2011-05-24 04:00:00,59.89716504635715
2011-05-24 05:00:00,196.05651428571431
2011-05-24 06:00:00,259.73029999999994
2011-05-24 07:00:00,127.15939521072798
2011-05-24 08:00:00,191.25981512557487
2011-05-24 09:00:00,236.796023220496
2011-05-24 10:00:00,286.11644871794863
2011-05-24 11:00:00,367.9935407238444
2011-05-24 12:00:00,409.4868666666667
2011-05-24 13:00:00,407.88711571160184
2011-05-24 14:00:00,451.2594363465224
2011-05-24 15:00:00,281.484
2011-05-24 16:00:00,360.61112791580393
2011-05-24 17:00:00,400.33821666666654
2011-05-24 18:00:00,280.63886296542876
2011-05-24 19:00:00,449.3800166666667
2011-05-24 20:00:00,257.14617460317464
2011-05-24 21:00:00,140.33392976827093
2011-05-24 22:00:00,128.10059008394987
2011-05-24 23:00:00,360.26716666666675
2011-05-25 00:00:00,134.47514581775854
2011-05-25 01:00:00,330.3340628562755
2011-05-25 02:00:00,121.90113095238097
2011-05-25 03:00:00,52.54763333333333
2011-05-25 04:00:00,73.50482619047621
2011-05-25 05:00:00,60.9739792712189
2011-05-25 06:00:00,68.80957857142856
2011-05-25 07:00:00,284.0508057875457
2011-05-25 08:00:00,247.34712315267922
2011-05-25 09:00:00,360.5263333333333
2011-05-25 10:00:00,566.5894523809523
2011-05-25 11:00:00,331.2232761904762
2011-05-25 12:00:00,446.9069333333333
2011-05-25 13:00:00,446.9069333333333
2011-05-25 14:00:00,492.2676727272727
2011-05-25 15:00:00,321.4991189128122
2011-05-25 16:00:00,314.041664547733
2011-05-25 17:00:00,367.9935407238444
2011-05-25 18:00:00,228.79170583028085
2011-05-25 19:00:00,386.3513833333334
2011-05-25 20:00:00,313.26549988899984
2011-05-25 21:00:00,364.1828166666667
2011-05-25 22:00:00,328.89913492063494
2011-05-25 23:00:00,312.9919700732599
2011-05-26 00:00:00,312.9919700732599
2011-05-26 01:00:00,312.9919700732599
2011-05-26 02:00:00,123.30498632550889
2011-05-26 03:00:00,72.39366535774167
2011-05-26 04:00:00,312.64694047619054
2011-05-26 05:00:00,267.4647228728272
2011-05-26 06:00:00,99.66636666666665
2011-05-26 07:00:00,131.71753333333334
2011-05-26 08:00:00,287.00489484126973
2011-05-26 09:00:00,148.82965543345549
2011-05-26 10:00:00,292.13830769230765
2011-05-26 11:00:00,135.5512919631454
2011-05-26 12:00:00,558.8261166666666
2011-05-26 13:00:00,426.4697999999999
2011-05-26 14:00:00,426.4697999999999
2011-05-26 15:00:00,354.5758051820728
2011-05-26 16:00:00,365.13146666666665
2011-05-26 17:00:00,361.74936140917913
2011-05-26 18:00:00,324.84906773618536
2011-05-26 19:00:00,373.8460010695188
2011-05-26 20:00:00,267.85970714285713
2011-05-26 21:00:00,397.7528205128205
2011-05-26 22:00:00,237.82403333333335
2011-05-26 23:00:00,293.79258805116166
2011-05-27 00:00:00,310.7618015873016
2011-05-27 01:00:00,246.81042927350427
2011-05-27 02:00:00,277.0278912128722
2011-05-27 03:00:00,233.67190476190476
2011-05-27 04:00:00,161.725697923078
2011-05-27 05:00:00,280.39290228660235
2011-05-27 06:00:00,199.82029542668542
2011-05-27 07:00:00,296.7849241795402
2011-05-27 08:00:00,396.0980999999999
2011-05-27 09:00:00,256.751904040404
2011-05-27 10:00:00,253.47931818181817
2011-05-27 11:00:00,274.62666666666667
2011-05-27 12:00:00,304.27613333333335
2011-05-27 13:00:00,129.3255489177489
2011-05-27 14:00:00,360.12666230158726
2011-05-27 15:00:00,434.19011855203615
2011-05-27 16:00:00,280.786
2011-05-27 17:00:00,283.3976166666667
2011-05-27 18:00:00,234.1544037851038
2011-05-27 19:00:00,122.25948858648408
2011-05-27 20:00:00,214.785684051916
2011-05-27 21:00:00,162.55099581879338
2011-05-27 22:00:00,100.7848390088385
2011-05-27 23:00:00,64.00508481126718
2011-05-28 00:00:00,67.0595051948052
2011-05-28 01:00:00,82.53652380952381
2011-05-28 02:00:00,85.12819999999999
2011-05-28 03:00:00,95.92249047619048
2011-05-28 04:00:00,123.43552857142858
2011-05-28 05:00:00,95.92249047619048
2011-05-28 06:00:00,147.73912900432902
2011-05-28 07:00:00,146.0986354978355
2011-05-28 08:00:00,148.35192368220018
2011-05-28 09:00:00,282.9306396825397
2011-05-28 10:00:00,264.3507822458559
2011-05-28 11:00:00,264.3507822458559
2011-05-28 12:00:00,185.8875463203463
2011-05-28 13:00:00,271.0788385405782
2011-05-28 14:00:00,253.38694653679661
2011-05-28 15:00:00,439.99549653679657
2011-05-28 16:00:00,401.6003349206351
2011-05-28 17:00:00,399.5321333333332
2011-05-28 18:00:00,257.51334157088127
2011-05-28 19:00:00,253.3357749808986
2011-05-28 20:00:00,264.3507822458559
2011-05-28 21:00:00,335.8401666666666
2011-05-28 22:00:00,150.68483032033325
2011-05-28 23:00:00,97.94067788443436
2011-05-29 00:00:00,115.02473116883115
2011-05-29 01:00:00,34.559780952380954
2011-05-29 02:00:00,27.30056904761905
2011-05-29 03:00:00,27.30056904761905
2011-05-29 04:00:00,17.70409285714286
2011-05-29 05:00:00,63.35536666666666
2011-05-29 06:00:00,91.5982536231884
2011-05-29 07:00:00,115.9526393374741
2011-05-29 08:00:00,103.06242028985507
2011-05-29 09:00:00,133.874
2011-05-29 10:00:00,160.91043333333337
2011-05-29 11:00:00,162.59440952380956
2011-05-29 12:00:00,263.5427857142857
2011-05-29 13:00:00,273.8646593406594
2011-05-29 14:00:00,198.82728394383392
2011-05-29 15:00:00,175.14523791208796
2011-05-29 16:00:00,198.82728394383392
2011-05-29 17:00:00,198.82728394383392
2011-05-29 18:00:00,187.46439567099563
2011-05-29 19:00:00,172.2617686868687
2011-05-29 20:00:00,214.81263095238094
2011-05-29 21:00:00,255.7701380952381
2011-05-29 22:00:00,75.85002380952379
2011-05-29 23:00:00,136.3159968253968
2011-05-30 00:00:00,60.10233333333332
2011-05-30 01:00:00,61.655799999999985
2011-05-30 02:00:00,60.10233333333332
2011-05-30 03:00:00,60.10233333333332
2011-05-30 04:00:00,69.29516666666665
2011-05-30 05:00:00,128.43416666666667
2011-05-30 06:00:00,106.86423333333332
2011-05-30 07:00:00,89.59776666666667
2011-05-30 08:00:00,160.9422
2011-05-30 09:00:00,223.11389999999997
2011-05-30 10:00:00,408.79545641025646
2011-05-30 11:00:00,411.0113000000002
2011-05-30 12:00:00,449.3647
2011-05-30 13:00:00,468.22506666666663
2011-05-30 14:00:00,502.0735333333334
2011-05-30 15:00:00,498.05
2011-05-30 16:00:00,505.316
2011-05-30 17:00:00,505.192
2011-05-30 18:00:00,500.804
2011-05-30 19:00:00,153.55934179894177
2011-05-30 20:00:00,349.00096666666667
2011-05-30 21:00:00,314.2075833333334
2011-05-30 22:00:00,232.95640158730157
2011-05-30 23:00:00,118.00110476190474
2011-05-31 00:00:00,114.6045151015651
2011-05-31 01:00:00,101.5198761904762
2011-05-31 02:00:00,95.32197142857143
2011-05-31 03:00:00,84.51051428571428
2011-05-31 04:00:00,138.30541507936516
2011-05-31 05:00:00,138.30541507936516
2011-05-31 06:00:00,119.3667142857143
2011-05-31 07:00:00,279.9921284493282
2011-05-31 08:00:00,274.26592539682537
2011-05-31 09:00:00,525.087511111111
2011-05-31 10:00:00,299.1370777777778
2011-05-31 11:00:00,254.042
2011-05-31 12:00:00,274.6905
2011-05-31 13:00:00,228.2144761904762
2011-05-31 14:00:00,261.89306666666664
2011-05-31 15:00:00,232.14719047619047
2011-05-31 16:00:00,206.2996761904762
2011-05-31 17:00:00,302.34608095238093
2011-05-31 18:00:00,331.12863809523805
2011-05-31 19:00:00,401.2361606060606
2011-05-31 20:00:00,401.2361606060606
2011-05-31 21:00:00,204.0820224089636
2011-05-31 22:00:00,340.17778920634925
2011-05-31 23:00:00,210.5435
2011-06-20 00:00:00,163.71290936507933
2011-06-20 01:00:00,36.83248888888889
2011-06-20 02:00:00,36.83248888888889
2011-06-20 03:00:00,159.08896666666672
2011-06-20 04:00:00,131.74519795940776
2011-06-20 05:00:00,127.43183875399963
2011-06-20 06:00:00,170.81715077113844
2011-06-20 07:00:00,167.481627996622
2011-06-20 08:00:00,243.35505703490398
2011-06-20 09:00:00,74.27347176275222
2011-06-20 10:00:00,74.27347176275222
2011-06-20 11:00:00,99.45939438637255
2011-06-20 12:00:00,279.498920938951
2011-06-20 13:00:00,211.554362887003
2011-06-20 14:00:00,285.1476857142857
2011-06-20 15:00:00,315.99538944388945
2011-06-20 16:00:00,232.11718578643584
2011-06-20 17:00:00,330.7139936507938
2011-06-20 18:00:00,304.4711418498169
2011-06-20 19:00:00,395.94012360067467
2011-06-20 20:00:00,328.36127394755
2011-06-20 21:00:00,296.7849241795402
2011-06-20 22:00:00,267.90918036335313
2011-06-20 23:00:00,195.84549286073405
2011-06-21 00:00:00,268.4137816624895
2011-06-21 01:00:00,229.8473753968254
2011-06-21 02:00:00,166.7630086940837
2011-06-21 03:00:00,166.7630086940837
2011-06-21 04:00:00,121.38735130290583
2011-06-21 05:00:00,60.53041676580549
2011-06-21 06:00:00,60.53041676580549
2011-06-21 07:00:00,34.27838095238096
2011-06-21 08:00:00,258.50842389108476
2011-06-21 09:00:00,340.7645108542798
2011-06-21 10:00:00,258.61454285714285
2011-06-21 11:00:00,147.50503781440784
2011-06-21 12:00:00,202.55606927312456
2011-06-21 13:00:00,293.8152614555424
2011-06-21 14:00:00,414.0082703295977
2011-06-21 15:00:00,505.50601739204643
2011-06-21 16:00:00,452.96073518463396
2011-06-21 17:00:00,368.7702121688636
2011-06-21 18:00:00,269.82425
2011-06-21 19:00:00,207.97219523809522
2011-06-21 20:00:00,402.5333047619049
2011-06-21 21:00:00,194.53928347023344
2011-06-21 22:00:00,234.41409812409816
2011-06-21 23:00:00,185.10816767676752
2011-06-22 00:00:00,145.58715606837603
2011-06-22 01:00:00,204.35827999999998
2011-06-22 02:00:00,48.975749749373435
2011-06-22 03:00:00,204.35827999999998
2011-06-22 04:00:00,41.062188393769944
2011-06-22 05:00:00,16.34681904761905
2011-06-22 06:00:00,63.12943912666281
2011-06-22 07:00:00,66.64078174603176
2011-06-22 08:00:00,447.53518492063455
2011-06-22 09:00:00,127.75949206349206
2011-06-22 10:00:00,503.7846145399246
2011-06-22 11:00:00,397.25305880341875
2011-06-22 12:00:00,216.35059788359789
2011-06-22 13:00:00,218.76379999999997
2011-06-22 14:00:00,458.3324286195285
2011-06-22 15:00:00,246.66186666666664
2011-06-22 16:00:00,246.8145
2011-06-22 17:00:00,395.919
2011-06-22 18:00:00,240.97206455026458
2011-06-22 19:00:00,258.0879315832316
2011-06-22 20:00:00,191.07426984126977
2011-06-22 21:00:00,222.33624285714282
2011-06-22 22:00:00,112.36606666666665
2011-06-22 23:00:00,224.45928095238094
2011-06-23 00:00:00,218.74875714285716
2011-06-23 01:00:00,184.9190732507144
2011-06-23 02:00:00,184.9190732507144
2011-06-23 03:00:00,123.17822332112333
2011-06-23 04:00:00,172.65468333333337
2011-06-23 05:00:00,200.67331481851485
2011-06-23 06:00:00,200.67331481851485
2011-06-23 07:00:00,118.54233095238096
2011-06-23 08:00:00,122.9555642135642
2011-06-23 09:00:00,364.04103234543226
2011-06-23 10:00:00,490.9951673881674
2011-06-23 11:00:00,704.4807166666667
2011-06-23 12:00:00,285.0000666666667
2011-06-23 13:00:00,479.26136190476177
2011-06-23 14:00:00,296.85166666666674
2011-06-23 15:00:00,248.62879999999998
2011-06-23 16:00:00,384.16849743589745
2011-06-23 17:00:00,269.0473402930403
2011-06-23 18:00:00,283.27856837329347
2011-06-23 19:00:00,285.05222771395273
2011-06-23 20:00:00,68.44063593043234
2011-06-23 21:00:00,103.1731964940518
2011-06-23 22:00:00,190.66257923742924
2011-06-23 23:00:00,341.63320340380864
2011-06-24 00:00:00,107.56168095238094
2011-06-24 01:00:00,176.26576190476183
2011-06-24 02:00:00,176.26576190476183
2011-06-24 03:00:00,147.50503781440784
2011-06-24 04:00:00,106.74243070175446
2011-06-24 05:00:00,20.896550208855476
2011-06-24 06:00:00,40.14151095238096
2011-06-24 07:00:00,100.29567171717171
2011-06-24 08:00:00,68.44063593043234
2011-06-24 09:00:00,268.7520014652015
2011-06-24 10:00:00,196.78371985073753
2011-06-24 11:00:00,262.75072922077925
2011-06-24 12:00:00,211.74337355324414
2011-06-24 13:00:00,357.018062534029
2011-06-24 14:00:00,355.6785733595094
2011-06-24 15:00:00,247.00527922077922
2011-06-24 16:00:00,266.83498085248084
2011-06-24 17:00:00,317.81604270011024
2011-06-24 18:00:00,386.60797215007216
2011-06-24 19:00:00,337.64478324062077
2011-06-24 20:00:00,314.8522061198763
2011-06-24 21:00:00,219.1926258828128
2011-06-24 22:00:00,192.1294777777778
2011-06-24 23:00:00,170.2346333333333
2011-06-25 00:00:00,370.265912745098
2011-06-25 01:00:00,354.1152
2011-06-25 02:00:00,290.42060000000004
2011-06-25 03:00:00,187.5764
2011-06-25 04:00:00,187.5764
2011-06-25 05:00:00,138.59275410509028
2011-06-25 06:00:00,256.6145238095238
2011-06-25 07:00:00,304.08785714285716
2011-06-25 08:00:00,292.3781389355742
2011-06-25 09:00:00,412.049066017316
2011-06-25 10:00:00,400.2768095238095
2011-06-25 11:00:00,451.5766063492063
2011-06-25 12:00:00,602.7101
2011-06-25 13:00:00,602.7101
2011-06-25 14:00:00,429.8060372294372
2011-06-25 15:00:00,379.4232111111111
2011-06-25 16:00:00,467.9237402597403
2011-06-25 17:00:00,498.25111645021644
2011-06-25 18:00:00,412.049066017316
2011-06-25 19:00:00,335.3240006089885
2011-06-25 20:00:00,299.84617226890754
2011-06-25 21:00:00,276.5014460784314
2011-06-25 22:00:00,328.013362745098
2011-06-25 23:00:00,287.79993333333334
2011-06-26 00:00:00,84.19800952380949
2011-06-26 01:00:00,140.56746666666666
2011-06-26 02:00:00,231.19346666666667
2011-06-26 03:00:00,244.84746081504704
2011-06-26 04:00:00,230.18446081504703
2011-06-26 05:00:00,169.3621090909091
2011-06-26 06:00:00,169.3621090909091
2011-06-26 07:00:00,83.92670909090911
2011-06-26 08:00:00,145.24724761904764
2011-06-26 09:00:00,129.33218333333335
2011-06-26 10:00:00,264.99192857142856
2011-06-26 11:00:00,390.74514285714287
2011-06-26 12:00:00,545.5813333333333
2011-06-26 13:00:00,527.472
2011-06-26 14:00:00,507.8606666666667
2011-06-26 15:00:00,527.472
2011-06-26 16:00:00,484.40790692640695
2011-06-26 17:00:00,499.20566666666673
2011-06-26 18:00:00,384.0752261904762
2011-06-26 19:00:00,314.83347619047623
2011-06-26 20:00:00,208.17666666666668
2011-06-26 21:00:00,89.45046666666664
2011-06-26 22:00:00,317.6632333333334
2011-06-26 23:00:00,176.57148333333333
2011-06-27 00:00:00,213.8238690476191
2011-06-27 01:00:00,249.49438181818184
2011-06-27 02:00:00,182.08856277056273
2011-06-27 03:00:00,182.08856277056273
2011-06-27 04:00:00,100.40104877651825
2011-06-27 05:00:00,337.0356440339354
2011-06-27 06:00:00,375.7456801587301
2011-06-27 07:00:00,224.98190158730162
2011-06-27 08:00:00,142.03127272727278
2011-06-27 09:00:00,372.88607380952385
2011-06-27 10:00:00,251.1819101010102
2011-06-27 11:00:00,193.4322976190476
2011-06-27 12:00:00,372.88607380952385
2011-06-27 13:00:00,224.65416748251744
2011-06-27 14:00:00,210.68913174603176
2011-06-27 15:00:00,284.3479476190476
2011-06-27 16:00:00,248.45158831168828
2011-06-27 17:00:00,234.62934624819627
2011-06-27 18:00:00,161.97010476190474
2011-06-27 19:00:00,346.093045014061
2011-06-27 20:00:00,78.70917568542568
2011-06-27 21:00:00,295.90889999999996
2011-06-27 22:00:00,31.170833333333334
2011-06-27 23:00:00,31.170833333333334
2011-06-28 00:00:00,160.21825238095238
2011-06-28 01:00:00,89.93137857142857
2011-06-28 02:00:00,213.4962
2011-06-28 03:00:00,213.4962
2011-06-28 04:00:00,89.93137857142857
2011-06-28 05:00:00,48.975749749373435
2011-06-28 06:00:00,147.50503781440784
2011-06-28 07:00:00,139.06734285714285
2011-06-28 08:00:00,46.249223015873035
2011-06-28 09:00:00,264.4800142857143
2011-06-28 10:00:00,430.22693139102654
2011-06-28 11:00:00,300.26448620689655
2011-06-28 12:00:00,326.9396125454493
2011-06-28 13:00:00,262.5419100164203
2011-06-28 14:00:00,298.0987240073369
2011-06-28 15:00:00,592.2868333333333
2011-06-28 16:00:00,318.6789584398978
2011-06-28 17:00:00,361.84186666666665
2011-06-28 18:00:00,535.5650666666667
2011-06-28 19:00:00,295.45806666666664
2011-06-28 20:00:00,258.0046
2011-06-28 21:00:00,385.1519591120189
2011-06-28 22:00:00,219.88578131868132
2011-06-28 23:00:00,186.59687958707954
2011-06-29 00:00:00,245.68737619047621
2011-06-29 01:00:00,116.29753333333333
2011-06-29 02:00:00,88.70750619047618
2011-06-29 03:00:00,398.6842523809524
2011-06-29 04:00:00,95.47029920634924
2011-06-29 05:00:00,163.4422959482038
2011-06-29 06:00:00,81.7313
2011-06-29 07:00:00,404.4495912087912
2011-06-29 08:00:00,330.6428337535014
2011-06-29 09:00:00,420.4901500000001
2011-06-29 10:00:00,452.857934881321
2011-06-29 11:00:00,261.07989433326037
2011-06-29 12:00:00,239.45361521093287
2011-06-29 13:00:00,216.69814751914748
2011-06-29 14:00:00,271.4255015009862
2011-06-29 15:00:00,445.9526264266961
2011-06-29 16:00:00,300.9149107226107
2011-06-29 17:00:00,335.85477435897434
2011-06-29 18:00:00,235.1200381951382
2011-06-29 19:00:00,325.1278383838384
2011-06-29 20:00:00,402.46544595959597
2011-06-29 21:00:00,284.42490248499183
2011-06-29 22:00:00,538.686717768541
2011-06-29 23:00:00,253.08335335057097
2011-06-30 00:00:00,198.5108357142857
2011-06-30 01:00:00,45.27271428571428
2011-06-30 02:00:00,315.6899
2011-06-30 03:00:00,187.87499225208236
2011-06-30 04:00:00,360.15158569583656
2011-06-30 05:00:00,365.55254045774143
2011-06-30 06:00:00,215.4652311409712
2011-06-30 07:00:00,232.70742399811417
2011-06-30 08:00:00,288.149941445809
2011-06-30 09:00:00,347.0188664774262
2011-06-30 10:00:00,660.3849540270858
2011-06-30 11:00:00,451.49586287629046
2011-06-30 12:00:00,263.37865306935726
2011-06-30 13:00:00,268.2897630611274
2011-06-30 14:00:00,292.96868653264374
2011-06-30 15:00:00,389.0539775169276
2011-06-30 16:00:00,340.15836095877955
2011-06-30 17:00:00,279.4090016317016
2011-06-30 18:00:00,329.66340707952173
2011-06-30 19:00:00,292.69745761093594
2011-06-30 20:00:00,292.69745761093594
2011-06-30 21:00:00,241.4696432800533
2011-06-30 22:00:00,503.6433975942708
2011-06-30 23:00:00,110.15900000000002
2011-07-20 00:00:00,113.99510476190473
2011-07-20 01:00:00,19.33294365079364
2011-07-20 02:00:00,19.33294365079364
2011-07-20 03:00:00,113.99510476190473
2011-07-20 04:00:00,23.209580952380957
2011-07-20 05:00:00,73.09753333333333
2011-07-20 06:00:00,122.81565238095237
2011-07-20 07:00:00,110.3912642857143
2011-07-20 08:00:00,213.92616666666666
2011-07-20 09:00:00,201.9848062271062
2011-07-20 10:00:00,219.57629999999997
2011-07-20 11:00:00,244.7738666666667
2011-07-20 12:00:00,289.6895666666667
2011-07-20 13:00:00,180.31716666666668
2011-07-20 14:00:00,182.6809
2011-07-20 15:00:00,210.12038571428567
2011-07-20 16:00:00,287.07683333333335
2011-07-20 17:00:00,272.81243333333333
2011-07-20 18:00:00,375.0335666666666
2011-07-20 19:00:00,331.73470000000003
2011-07-20 20:00:00,461.0600293040292
2011-07-20 21:00:00,400.3835666666667
2011-07-20 22:00:00,319.9838032091096
2011-07-20 23:00:00,458.09771904761897
2011-07-21 00:00:00,451.5489523809523
2011-07-21 01:00:00,224.91069523809526
2011-07-21 02:00:00,224.91069523809526
2011-07-21 03:00:00,153.34736666666666
2011-07-21 04:00:00,87.0668
2011-07-21 05:00:00,87.0668
2011-07-21 06:00:00,87.0668
2011-07-21 07:00:00,201.01071471861474
2011-07-21 08:00:00,324.2463476190476
2011-07-21 09:00:00,346.55788571428576
2011-07-21 10:00:00,281.36445238095234
2011-07-21 11:00:00,260.33252380952376
2011-07-21 12:00:00,208.46703333333332
2011-07-21 13:00:00,207.92119999999997
2011-07-21 14:00:00,273.8655
2011-07-21 15:00:00,221.76806666666664
2011-07-21 16:00:00,270.4800333333333
2011-07-21 17:00:00,289.2034444444444
2011-07-21 18:00:00,213.6840333333333
2011-07-21 19:00:00,272.99360476190475
2011-07-21 20:00:00,335.94727692307697
2011-07-21 21:00:00,457.77359597069585
2011-07-21 22:00:00,320.0400769230769
2011-07-21 23:00:00,334.2634102564103
2011-07-22 00:00:00,418.1513
2011-07-22 01:00:00,212.897
2011-07-22 02:00:00,322.1966238095238
2011-07-22 03:00:00,397.6547833333332
2011-07-22 04:00:00,423.7395833333332
2011-07-22 05:00:00,145.56741558441558
2011-07-22 06:00:00,409.14173333333326
2011-07-22 07:00:00,405.43753333333336
2011-07-22 08:00:00,302.7959380952381
2011-07-22 09:00:00,262.61486666666667
2011-07-22 10:00:00,230.5482222222222
2011-07-22 11:00:00,236.42217142857143
2011-07-22 12:00:00,227.86799999999997
2011-07-22 13:00:00,204.5407666666667
2011-07-22 14:00:00,325.7773492063492
2011-07-22 15:00:00,256.9258158730159
2011-07-22 16:00:00,440.76916666666665
2011-07-22 17:00:00,248.7023
2011-07-22 18:00:00,337.4583073593073
2011-07-22 19:00:00,347.72209999999995
2011-07-22 20:00:00,287.07683333333335
2011-07-22 21:00:00,274.21545952380956
2011-07-22 22:00:00,266.5816719211822
2011-07-22 23:00:00,358.55769510138987
2011-07-23 00:00:00,225.67883333333333
2011-07-23 01:00:00,208.14612525252522
2011-07-23 02:00:00,327.51978888888897
2011-07-23 03:00:00,77.95209999999999
2011-07-23 04:00:00,234.76911764705875
2011-07-23 05:00:00,310.90462380952374
2011-07-23 06:00:00,348.0273363636364
2011-07-23 07:00:00,317.49210303030304
2011-07-23 08:00:00,428.9784
2011-07-23 09:00:00,422.70246969696973
2011-07-23 10:00:00,483.0473333333333
2011-07-23 11:00:00,443.5981111111111
2011-07-23 12:00:00,323.36311111111115
2011-07-23 13:00:00,318.6743111111112
2011-07-23 14:00:00,328.6633
2011-07-23 15:00:00,318.5313111111112
2011-07-23 16:00:00,308.09857777777785
2011-07-23 17:00:00,308.09857777777785
2011-07-23 18:00:00,360.6056666666667
2011-07-23 19:00:00,292.01273333333336
2011-07-23 20:00:00,326.68655555555557
2011-07-23 21:00:00,326.68655555555557
2011-07-23 22:00:00,246.45358419098818
2011-07-23 23:00:00,116.95710000000001
2011-07-24 00:00:00,116.95710000000001
2011-07-24 01:00:00,70.58788431372548
2011-07-24 02:00:00,151.4655
2011-07-24 03:00:00,151.4655
2011-07-24 04:00:00,70.58788431372548
2011-07-24 05:00:00,77.95209999999999
2011-07-24 06:00:00,307.0344
2011-07-24 07:00:00,243.03390793650794
2011-07-24 08:00:00,302.3964555555555
2011-07-24 09:00:00,277.7702666666667
2011-07-24 10:00:00,334.10859999999997
2011-07-24 11:00:00,347.0116333333333
2011-07-24 12:00:00,368.7991333333333
2011-07-24 13:00:00,442.309
2011-07-24 14:00:00,336.98819523809516
2011-07-24 15:00:00,372.15288571428573
2011-07-24 16:00:00,372.15288571428573
2011-07-24 17:00:00,366.44400634920646
2011-07-24 18:00:00,452.8248666666667
2011-07-24 19:00:00,415.1565
2011-07-24 20:00:00,422.70246969696973
2011-07-24 21:00:00,279.9611939393939
2011-07-24 22:00:00,72.44030000000001
2011-07-24 23:00:00,328.254
2011-07-25 00:00:00,395.6104
2011-07-25 01:00:00,423.4281333333332
2011-07-25 02:00:00,170.25649999999996
2011-07-25 03:00:00,194.4763031746032
2011-07-25 04:00:00,178.67110952380955
2011-07-25 05:00:00,178.67110952380955
2011-07-25 06:00:00,137.18956666666668
2011-07-25 07:00:00,295.10936666666674
2011-07-25 08:00:00,436.5999333333333
2011-07-25 09:00:00,248.26733333333334
2011-07-25 10:00:00,289.6895666666667
2011-07-25 11:00:00,225.17290000000003
2011-07-25 12:00:00,225.17290000000003
2011-07-25 13:00:00,222.9876476190476
2011-07-25 14:00:00,112.36606666666665
2011-07-25 15:00:00,113.51193333333333
2011-07-25 16:00:00,104.84623333333332
2011-07-25 17:00:00,170.2461515873015
2011-07-25 18:00:00,205.89239999999998
2011-07-25 19:00:00,201.9848062271062
2011-07-25 20:00:00,312.7694887445886
2011-07-25 21:00:00,19.33294365079364
2011-07-25 22:00:00,19.33294365079364
2011-07-25 23:00:00,77.24571190476195
2011-07-26 00:00:00,234.41409812409816
2011-07-26 01:00:00,234.41409812409816
2011-07-26 02:00:00,93.01660000000001
2011-07-26 03:00:00,31.788433333333327
2011-07-26 04:00:00,78.98732380952382
2011-07-26 05:00:00,81.55038592314119
2011-07-26 06:00:00,93.16006666666667
2011-07-26 07:00:00,246.9739235680986
2011-07-26 08:00:00,326.88510474050975
2011-07-26 09:00:00,488.0040144506948
2011-07-26 10:00:00,276.51832629175095
2011-07-26 11:00:00,313.5431664002664
2011-07-26 12:00:00,333.49946393900217
2011-07-26 13:00:00,218.3152662337662
2011-07-26 14:00:00,183.6394786540257
2011-07-26 15:00:00,228.12837063492057
2011-07-26 16:00:00,338.70124450549446
2011-07-26 17:00:00,281.0965976190476
2011-07-26 18:00:00,253.70911255411255
2011-07-26 19:00:00,182.12172349709115
2011-07-26 20:00:00,241.20220384019566
2011-07-26 21:00:00,344.3995649457566
2011-07-26 22:00:00,210.86777958152956
2011-07-26 23:00:00,180.89460685425686
2011-07-27 00:00:00,60.40326666666666
2011-07-27 01:00:00,645.2128644579595
2011-07-27 02:00:00,356.43681095162145
2011-07-27 03:00:00,295.1979102628627
2011-07-27 04:00:00,469.0743168713954
2011-07-27 05:00:00,426.1619166666666
2011-07-27 06:00:00,404.4495912087912
2011-07-27 07:00:00,430.41174102730514
2011-07-27 08:00:00,522.4798016929382
2011-07-27 09:00:00,239.45361521093287
2011-07-27 10:00:00,257.1500392718392
2011-07-27 11:00:00,267.2149776723277
2011-07-27 12:00:00,298.5243264728735
2011-07-27 13:00:00,210.37113636363637
2011-07-27 14:00:00,298.00193875869576
2011-07-27 15:00:00,371.62098937728933
2011-07-27 16:00:00,445.44006191880015
2011-07-27 17:00:00,368.9928134746479
2011-07-27 18:00:00,386.8644612018841
2011-07-27 19:00:00,330.95399982385044
2011-07-27 20:00:00,503.26763193104483
2011-07-27 21:00:00,244.17566334776336
2011-07-27 22:00:00,267.6463444444445
2011-07-27 23:00:00,243.560679004329
2011-07-28 00:00:00,199.22990214230217
2011-07-28 01:00:00,230.36466666666666
2011-07-28 02:00:00,240.4055461538461
2011-07-28 03:00:00,181.34175
2011-07-28 04:00:00,246.92465194805197
2011-07-28 05:00:00,78.70917568542568
2011-07-28 06:00:00,113.93916996336996
2011-07-28 07:00:00,58.23911272999446
2011-07-28 08:00:00,293.8152614555424
2011-07-28 09:00:00,516.3006038904495
2011-07-28 10:00:00,470.28050118030114
2011-07-28 11:00:00,202.0443
2011-07-28 12:00:00,269.77705942028985
2011-07-28 13:00:00,288.8264036779929
2011-07-28 14:00:00,323.1164333333334
2011-07-28 15:00:00,181.97306190476192
2011-07-28 16:00:00,259.2321862068966
2011-07-28 17:00:00,245.4602190476191
2011-07-28 18:00:00,252.0295333333333
2011-07-28 19:00:00,281.18428333333327
2011-07-28 20:00:00,358.55769510138987
2011-07-28 21:00:00,277.0644357487923
2011-07-28 22:00:00,337.41326222786876
2011-07-28 23:00:00,580.258529304029
2011-07-29 00:00:00,222.33624285714282
2011-07-29 01:00:00,171.5669476190476
2011-07-29 02:00:00,194.4763031746032
2011-07-29 03:00:00,194.4763031746032
2011-07-29 04:00:00,101.46739329004328
2011-07-29 05:00:00,164.21679682539673
2011-07-29 06:00:00,158.15520952380956
2011-07-29 07:00:00,170.25649999999996
2011-07-29 08:00:00,393.7658666666667
2011-07-29 09:00:00,288.8264036779929
2011-07-29 10:00:00,245.97646666666668
2011-07-29 11:00:00,248.102
2011-07-29 12:00:00,234.63163333333335
2011-07-29 13:00:00,400.77853333333337
2011-07-29 14:00:00,272.956
2011-07-29 15:00:00,262.2326666666666
2011-07-29 16:00:00,225.1635
2011-07-29 17:00:00,224.43370000000002
2011-07-29 18:00:00,229.679
2011-07-29 19:00:00,207.80263333333332
2011-07-29 20:00:00,230.8778785714286
2011-07-29 21:00:00,278.9629314633451
2011-07-29 22:00:00,329.2942919779837
2011-07-29 23:00:00,162.48238593073592
2011-07-30 00:00:00,298.46440457393487
2011-07-30 01:00:00,267.6599690476191
2011-07-30 02:00:00,288.9548079365079
2011-07-30 03:00:00,268.30425683653584
2011-07-30 04:00:00,271.3514756132756
2011-07-30 05:00:00,268.5648883734686
2011-07-30 06:00:00,265.6012016566766
2011-07-30 07:00:00,416.53896810532467
2011-07-30 08:00:00,403.06453654409313
2011-07-30 09:00:00,392.3691813852814
2011-07-30 10:00:00,381.19466666666665
2011-07-30 11:00:00,364.13144444444447
2011-07-30 12:00:00,360.7295
2011-07-30 13:00:00,400.066
2011-07-30 14:00:00,433.37
2011-07-30 15:00:00,414.1313333333333
2011-07-30 16:00:00,426.688
2011-07-30 17:00:00,428.358
2011-07-30 18:00:00,370.33733333333333
2011-07-30 19:00:00,563.0432666666666
2011-07-30 20:00:00,229.19866666666667
2011-07-30 21:00:00,438.04006493506495
2011-07-30 22:00:00,257.1042428571429
2011-07-30 23:00:00,267.6599690476191
2011-07-31 00:00:00,267.6599690476191
2011-07-31 01:00:00,331.5372666666666
2011-07-31 02:00:00,205.07098571428568
2011-07-31 03:00:00,219.54560952380956
2011-07-31 04:00:00,110.78467619047619
2011-07-31 05:00:00,116.3322476190476
2011-07-31 06:00:00,161.50281904761906
2011-07-31 07:00:00,207.2766437229437
2011-07-31 08:00:00,369.62701965329995
2011-07-31 09:00:00,421.68782380952376
2011-07-31 10:00:00,361.5461111111112
2011-07-31 11:00:00,357.77500000000003
2011-07-31 12:00:00,403.525
2011-07-31 13:00:00,391.7316666666667
2011-07-31 14:00:00,396.41833333333335
2011-07-31 15:00:00,401.058
2011-07-31 16:00:00,387.1026666666666
2011-07-31 17:00:00,366.02833333333336
2011-07-31 18:00:00,486.7133333333333
2011-07-31 19:00:00,377.60443333333325
2011-07-31 20:00:00,377.60443333333325
2011-07-31 21:00:00,323.28274569892477
2011-07-31 22:00:00,166.49904191484845
2011-07-31 23:00:00,186.82607988691535
2011-08-20 00:00:00,49.1411711038961
2011-08-20 01:00:00,60.17136785714286
2011-08-20 02:00:00,78.63543506493508
2011-08-20 03:00:00,78.63543506493508
2011-08-20 04:00:00,95.96475897435899
2011-08-20 05:00:00,77.78938928571431
2011-08-20 06:00:00,70.61494966131909
2011-08-20 07:00:00,60.17136785714286
2011-08-20 08:00:00,89.82539047619049
2011-08-20 09:00:00,373.46046154401165
2011-08-20 10:00:00,283.2946142857142
2011-08-20 11:00:00,216.51288138528136
2011-08-20 12:00:00,207.2766437229437
2011-08-20 13:00:00,288.47070793650795
2011-08-20 14:00:00,428.6253666666666
2011-08-20 15:00:00,317.41561904761903
2011-08-20 16:00:00,425.39586274509804
2011-08-20 17:00:00,428.6253666666666
2011-08-20 18:00:00,319.02479761904755
2011-08-20 19:00:00,261.3920756956337
2011-08-20 20:00:00,334.72107569563366
2011-08-20 21:00:00,330.9717217941667
2011-08-20 22:00:00,210.604667027417
2011-08-20 23:00:00,180.77943600288594
2011-08-21 00:00:00,210.39050234930755
2011-08-21 01:00:00,82.30786666666667
2011-08-21 02:00:00,102.58339761904763
2011-08-21 03:00:00,75.57966356421355
2011-08-21 04:00:00,119.75216666666667
2011-08-21 05:00:00,103.20107692307691
2011-08-21 06:00:00,92.7820293040293
2011-08-21 07:00:00,154.24116190476192
2011-08-21 08:00:00,198.55106666666663
2011-08-21 09:00:00,222.36393825792942
2011-08-21 10:00:00,114.44455815295814
2011-08-21 11:00:00,301.88237142857133
2011-08-21 12:00:00,310.24258888888886
2011-08-21 13:00:00,296.748
2011-08-21 14:00:00,334.28433333333334
2011-08-21 15:00:00,113.44805714285712
2011-08-21 16:00:00,204.28283333333331
2011-08-21 17:00:00,200.62422380952387
2011-08-21 18:00:00,160.76068917748918
2011-08-21 19:00:00,408.4116119456819
2011-08-21 20:00:00,262.4453190476191
2011-08-21 21:00:00,262.4453190476191
2011-08-21 22:00:00,244.8252476190476
2011-08-21 23:00:00,230.08046030986554
2011-08-22 00:00:00,75.419
2011-08-22 01:00:00,16.762252380952386
2011-08-22 02:00:00,152.93568333333332
2011-08-22 03:00:00,199.28564523809524
2011-08-22 04:00:00,181.41416433990855
2011-08-22 05:00:00,151.64690000000002
2011-08-22 06:00:00,163.25818482905984
2011-08-22 07:00:00,179.1212264957265
2011-08-22 08:00:00,179.1212264957265
2011-08-22 09:00:00,323.1933047619048
2011-08-22 10:00:00,330.6428337535014
2011-08-22 11:00:00,418.42532929292935
2011-08-22 12:00:00,338.51764444444444
2011-08-22 13:00:00,283.54531111111106
2011-08-22 14:00:00,285.8040248366013
2011-08-22 15:00:00,312.3000763517528
2011-08-22 16:00:00,285.8040248366013
2011-08-22 17:00:00,263.67691111111105
2011-08-22 18:00:00,317.4435581699346
2011-08-22 19:00:00,313.9653668279432
2011-08-22 20:00:00,434.7026995387586
2011-08-22 21:00:00,380.5492603224193
2011-08-22 22:00:00,548.7709777056277
2011-08-22 23:00:00,321.108098053168
2011-08-23 00:00:00,437.2181891192478
2011-08-23 01:00:00,227.43979718614716
2011-08-23 02:00:00,221.34170401290956
2011-08-23 03:00:00,108.77506341991341
2011-08-23 04:00:00,290.0028583671745
2011-08-23 05:00:00,301.80699831932765
2011-08-23 06:00:00,269.2044204278813
2011-08-23 07:00:00,212.4056205128205
2011-08-23 08:00:00,148.49862222222222
2011-08-23 09:00:00,175.49751666666666
2011-08-23 10:00:00,272.4059420634921
2011-08-23 11:00:00,287.4088447940948
2011-08-23 12:00:00,366.9267522588523
2011-08-23 13:00:00,328.02391224064655
2011-08-23 14:00:00,344.1542318484896
2011-08-23 15:00:00,350.1600977681401
2011-08-23 16:00:00,326.65962206648425
2011-08-23 17:00:00,350.1600977681401
2011-08-23 18:00:00,392.55433707688076
2011-08-23 19:00:00,260.31436166056164
2011-08-23 20:00:00,201.47284523809526
2011-08-23 21:00:00,70.48516666666666
2011-08-23 22:00:00,315.6899
2011-08-23 23:00:00,173.59235812509826
2011-08-24 00:00:00,315.6899
2011-08-24 01:00:00,295.6163785435687
2011-08-24 02:00:00,281.4277523658248
2011-08-24 03:00:00,281.4277523658248
2011-08-24 04:00:00,137.86017399267394
2011-08-24 05:00:00,137.86017399267394
2011-08-24 06:00:00,370.0469896103896
2011-08-24 07:00:00,292.6637541568443
2011-08-24 08:00:00,210.19567161716168
2011-08-24 09:00:00,304.8777311409713
2011-08-24 10:00:00,127.52630936857264
2011-08-24 11:00:00,309.76507777777783
2011-08-24 12:00:00,321.94445051353875
2011-08-24 13:00:00,210.39001282051282
2011-08-24 14:00:00,210.39001282051282
2011-08-24 15:00:00,217.91234615384616
2011-08-24 16:00:00,271.56507777777773
2011-08-24 17:00:00,272.8890777777778
2011-08-24 18:00:00,484.6836755344242
2011-08-24 19:00:00,484.6836755344242
2011-08-24 20:00:00,268.0124534763167
2011-08-24 21:00:00,147.820995976246
2011-08-24 22:00:00,209.65607265512264
2011-08-24 23:00:00,186.33502362637358
2011-08-25 00:00:00,388.35137407407404
2011-08-25 01:00:00,202.89334505494503
2011-08-25 02:00:00,202.89334505494503
2011-08-25 03:00:00,318.03959999999995
2011-08-25 04:00:00,210.77516666666665
2011-08-25 05:00:00,199.5921619047619
2011-08-25 06:00:00,176.26576190476183
2011-08-25 07:00:00,227.12066666666666
2011-08-25 08:00:00,267.1069714285714
2011-08-25 09:00:00,264.893756959707
2011-08-25 10:00:00,312.5937307692308
2011-08-25 11:00:00,543.5057857142857
2011-08-25 12:00:00,543.5057857142857
2011-08-25 13:00:00,234.41409812409816
2011-08-25 14:00:00,228.2769714285713
2011-08-25 15:00:00,451.3145
2011-08-25 16:00:00,164.21679682539673
2011-08-25 17:00:00,164.21679682539673
2011-08-25 18:00:00,100.70700043290043
2011-08-25 19:00:00,205.5657606060606
2011-08-25 20:00:00,280.6489944444443
2011-08-25 21:00:00,101.57394269841272
2011-08-25 22:00:00,39.739001489008054
2011-08-25 23:00:00,31.014495363408532
2011-08-26 00:00:00,105.332693553873
2011-08-26 01:00:00,39.739001489008054
2011-08-26 02:00:00,109.56433119541278
2011-08-26 03:00:00,120.22565240344451
2011-08-26 04:00:00,40.38774577922077
2011-08-26 05:00:00,138.39679444444442
2011-08-26 06:00:00,40.38774577922077
2011-08-26 07:00:00,41.062188393769944
2011-08-26 08:00:00,95.47029920634924
2011-08-26 09:00:00,44.457076190476194
2011-08-26 10:00:00,158.78454516268044
2011-08-26 11:00:00,389.41876666666667
2011-08-26 12:00:00,492.7855181818182
2011-08-26 13:00:00,401.4565111111111
2011-08-26 14:00:00,233.4922142857143
2011-08-26 15:00:00,208.87693333333334
2011-08-26 16:00:00,485.75293838383834
2011-08-26 17:00:00,249.89539718614725
2011-08-26 18:00:00,222.9876476190476
2011-08-26 19:00:00,161.10080288600284
2011-08-26 20:00:00,66.38159920634922
2011-08-26 21:00:00,127.75949206349206
2011-08-26 22:00:00,161.10080288600284
2011-08-26 23:00:00,77.24571190476195
2011-08-27 00:00:00,156.53939047619045
2011-08-27 01:00:00,157.4124666666667
2011-08-27 02:00:00,69.14813333333333
2011-08-27 03:00:00,172.2054888888888
2011-08-27 04:00:00,172.2054888888888
2011-08-27 05:00:00,111.02707142857145
2011-08-27 06:00:00,111.02707142857145
2011-08-27 07:00:00,143.12200476190478
2011-08-27 08:00:00,86.80586666666669
2011-08-27 09:00:00,127.97731428571433
2011-08-27 10:00:00,224.60993333333332
2011-08-27 11:00:00,134.9538666666667
2011-08-27 12:00:00,190.849130952381
2011-08-27 13:00:00,133.96229761904763
2011-08-27 14:00:00,108.73366666666665
2011-08-27 15:00:00,108.73366666666665
2011-08-27 16:00:00,109.15913333333332
2011-08-27 17:00:00,108.29366666666665
2011-08-28 07:00:00,99.38666666666667
2011-08-28 08:00:00,109.98905238095239
2011-08-28 09:00:00,311.6351666666667
2011-08-28 10:00:00,303.14820000000003
2011-08-28 11:00:00,232.58205800865804
2011-08-28 12:00:00,329.19887777777774
2011-08-28 13:00:00,459.5237069264069
2011-08-28 14:00:00,408.45507359307356
2011-08-28 15:00:00,408.5527402597403
2011-08-28 16:00:00,403.6021333333333
2011-08-28 17:00:00,583.4531
2011-08-28 18:00:00,498.25111645021644
2011-08-28 19:00:00,264.99192857142856
2011-08-28 20:00:00,328.15214285714285
2011-08-28 21:00:00,224.9069523809524
2011-08-28 22:00:00,249.80104804448428
2011-08-28 23:00:00,159.16963525641026
2011-08-29 00:00:00,101.8149137667888
2011-08-29 01:00:00,215.93860397646904
2011-08-29 02:00:00,164.54407565756577
2011-08-29 03:00:00,215.93860397646904
2011-08-29 04:00:00,296.167709508682
2011-08-29 05:00:00,236.46981616990854
2011-08-29 06:00:00,236.46981616990854
2011-08-29 07:00:00,190.54245733144742
2011-08-29 08:00:00,78.93499999999999
2011-08-29 09:00:00,165.0063657509158
2011-08-29 10:00:00,239.6654434065934
2011-08-29 11:00:00,214.63414761904764
2011-08-29 12:00:00,317.9242197783461
2011-08-29 13:00:00,314.13173571428575
2011-08-29 14:00:00,269.4715476190476
2011-08-29 15:00:00,503.6433975942708
2011-08-29 16:00:00,487.03672942815507
2011-08-29 17:00:00,284.12385444947205
2011-08-29 18:00:00,314.0126357142857
2011-08-29 19:00:00,314.0126357142857
2011-08-29 20:00:00,72.51384761904762
2011-08-29 21:00:00,117.91075714285714
2011-08-29 22:00:00,315.6899
2011-08-29 23:00:00,279.6880499721401
2011-08-30 00:00:00,236.46981616990854
2011-08-30 01:00:00,257.3677424685326
2011-08-30 02:00:00,162.58392262182264
2011-08-30 03:00:00,130.76985672771676
2011-08-30 04:00:00,125.17284444947211
2011-08-30 05:00:00,179.67370724246518
2011-08-30 06:00:00,162.58392262182264
2011-08-30 07:00:00,296.167709508682
2011-08-30 08:00:00,315.6899
2011-08-30 09:00:00,260.31436166056164
2011-08-30 10:00:00,300.29632157570506
2011-08-30 11:00:00,344.81836569270934
2011-08-30 12:00:00,239.23413015873018
2011-08-30 13:00:00,203.27157838383843
2011-08-30 14:00:00,264.48329310877153
2011-08-30 15:00:00,264.2046381466022
2011-08-30 16:00:00,367.1096199628354
2011-08-30 17:00:00,660.3849540270858
2011-08-30 18:00:00,343.7363328330005
2011-08-30 19:00:00,128.7523166666667
2011-08-30 20:00:00,110.15900000000002
2011-08-30 21:00:00,268.8604716171617
2011-08-30 22:00:00,138.33258787878793
2011-08-30 23:00:00,138.33258787878793
2011-08-31 00:00:00,232.53217142857147
2011-08-31 01:00:00,232.53217142857147
2011-08-31 02:00:00,370.0469896103896
2011-08-31 03:00:00,160.6039634920634
2011-08-31 04:00:00,370.0469896103896
2011-08-31 05:00:00,55.601494078144086
2011-08-31 06:00:00,211.7788579365078
2011-08-31 07:00:00,118.98634393939385
2011-08-31 08:00:00,212.39951746031747
2011-08-31 09:00:00,172.62962320446331
2011-08-31 10:00:00,87.85911428571428
2011-08-31 11:00:00,386.7419042249465
2011-08-31 12:00:00,438.90577463937024
2011-08-31 13:00:00,220.3170941958042
2011-08-31 14:00:00,449.3355447872828
2011-08-31 15:00:00,449.3355447872828
2011-08-31 16:00:00,396.54624287518527
2011-08-31 17:00:00,293.9799184014053
2011-08-31 18:00:00,357.1578901533108
2011-08-31 19:00:00,403.23515064584
2011-08-31 20:00:00,241.62325714285714
2011-08-31 21:00:00,150.21603846153843
2011-08-31 22:00:00,113.25928730158732
2011-08-31 23:00:00,84.26928110389609
2011-09-20 00:00:00,240.27341927953535
2011-09-20 01:00:00,173.52019812031716
2011-09-20 02:00:00,173.52019812031716
2011-09-20 03:00:00,164.23427113320224
2011-09-20 04:00:00,165.4302456392015
2011-09-20 05:00:00,219.13425970474225
2011-09-20 06:00:00,219.13425970474225
2011-09-20 07:00:00,173.52019812031716
2011-09-20 08:00:00,26.48201493506493
2011-09-20 09:00:00,26.29927142857142
2011-09-20 10:00:00,105.86278501486433
2011-09-20 11:00:00,105.86278501486433
2011-09-20 12:00:00,51.07655349546731
2011-09-20 13:00:00,29.891095031055897
2011-09-20 14:00:00,209.3555519306773
2011-09-20 15:00:00,186.0498341991342
2011-09-20 16:00:00,100.40104877651825
2011-09-20 17:00:00,269.3665221007062
2011-09-20 18:00:00,269.3665221007062
2011-09-20 19:00:00,30.455057034632034
2011-09-20 20:00:00,56.00893924963925
2011-09-20 21:00:00,56.00893924963925
2011-09-20 22:00:00,56.00893924963925
2011-09-20 23:00:00,56.00893924963925
2011-09-21 00:00:00,40.1275
2011-09-21 01:00:00,53.802142857142854
2011-09-21 02:00:00,53.802142857142854
2011-09-21 03:00:00,36.76424047619047
2011-09-21 04:00:00,31.965780952380957
2011-09-21 05:00:00,37.53587824463119
2011-09-21 06:00:00,42.22912745098039
2011-09-21 07:00:00,42.22912745098039
2011-09-21 08:00:00,37.079621428571436
2011-09-21 09:00:00,27.378161904761903
2011-09-21 10:00:00,78.10495714285715
2011-09-21 11:00:00,337.0356440339354
2011-09-21 12:00:00,96.01656587301589
2011-09-21 13:00:00,199.74117619047612
2011-09-21 14:00:00,164.72823333333338
2011-09-21 15:00:00,184.2659626984127
2011-09-21 16:00:00,184.2659626984127
2011-09-21 17:00:00,274.7481333333334
2011-09-21 18:00:00,148.4958102813853
2011-09-21 19:00:00,62.65379365079365
2011-09-21 20:00:00,62.65379365079365
2011-09-21 21:00:00,41.919352380952375
2011-09-21 22:00:00,60.45296666666667
2011-09-21 23:00:00,32.171747619047615
2011-09-22 00:00:00,32.171747619047615
2011-09-22 01:00:00,27.75245714285714
2011-09-22 02:00:00,54.58427598343685
2011-09-22 03:00:00,27.75245714285714
2011-09-22 04:00:00,27.75245714285714
2011-09-22 05:00:00,54.58427598343685
2011-09-22 06:00:00,38.796602380952386
2011-09-22 07:00:00,44.15756666666667
2011-09-22 08:00:00,51.452500793650806
2011-09-22 09:00:00,64.38530217391306
2011-09-22 10:00:00,287.4564682539683
2011-09-22 11:00:00,323.2817238095239
2011-09-22 12:00:00,375.43991190476186
2011-09-22 13:00:00,185.61168838383838
2011-09-22 14:00:00,100.29567171717171
2011-09-22 15:00:00,470.57486666666665
2011-09-22 16:00:00,257.07521190476194
2011-09-22 17:00:00,158.9619904761905
2011-09-22 18:00:00,257.0874518037518
2011-09-22 19:00:00,234.15
2011-09-22 20:00:00,31.606504554865424
2011-09-22 21:00:00,234.15
2011-09-22 22:00:00,26.460619047619044
2011-09-22 23:00:00,60.45296666666667
2011-09-23 00:00:00,253.96480476190484
2011-09-23 01:00:00,20.90924761904762
2011-09-23 02:00:00,90.96064285714284
2011-09-23 03:00:00,20.90924761904762
2011-09-23 04:00:00,111.09014761904766
2011-09-23 05:00:00,47.78275634920632
2011-09-23 06:00:00,253.96480476190484
2011-09-23 07:00:00,312.03959999999995
2011-09-23 08:00:00,312.03959999999995
2011-09-23 09:00:00,242.81810000000004
2011-09-23 10:00:00,257.762980952381
2011-09-23 11:00:00,257.762980952381
2011-09-23 12:00:00,340.2559333333333
2011-09-23 13:00:00,168.10524761904762
2011-09-23 14:00:00,168.10524761904762
2011-09-23 15:00:00,340.2559333333333
2011-09-23 16:00:00,226.79498095238074
2011-09-23 17:00:00,20.90924761904762
2011-09-23 18:00:00,60.23567142857145
2011-09-23 19:00:00,151.92181666666667
2011-09-23 20:00:00,69.12212380952383
2011-09-23 21:00:00,204.1481666666667
2011-09-23 22:00:00,238.3048333333333
2011-09-23 23:00:00,61.045422222222214
2011-09-24 00:00:00,67.25661428571429
2011-09-24 01:00:00,170.84315714285714
2011-09-24 02:00:00,170.84315714285714
2011-09-24 03:00:00,48.44709523809523
2011-09-24 04:00:00,81.02343333333332
2011-09-24 05:00:00,227.38332380952374
2011-09-24 06:00:00,227.38332380952374
2011-09-24 07:00:00,130.6556738095238
2011-09-24 08:00:00,153.9412285714286
2011-09-24 09:00:00,160.99811904761904
2011-09-24 10:00:00,160.99811904761904
2011-09-24 11:00:00,230.64027142857137
2011-09-24 12:00:00,230.64027142857137
2011-09-24 13:00:00,273.4795142857142
2011-09-24 14:00:00,249.03358571428572
2011-09-24 15:00:00,249.03358571428572
2011-09-24 16:00:00,269.4563333333333
2011-09-24 17:00:00,244.05888780663784
2011-09-24 18:00:00,307.4509523809524
2011-09-24 19:00:00,195.2729437229438
2011-09-24 20:00:00,192.26318095238094
2011-09-24 21:00:00,237.1389333333333
2011-09-24 22:00:00,111.58321904761905
2011-09-24 23:00:00,160.99811904761904
2011-09-25 00:00:00,91.48624285714284
2011-09-25 01:00:00,143.57705
2011-09-25 02:00:00,143.91620476190477
2011-09-25 03:00:00,143.91620476190477
2011-09-25 04:00:00,188.71000000000004
2011-09-25 05:00:00,161.50791428571424
2011-09-25 06:00:00,143.57705
2011-09-25 07:00:00,164.9179
2011-09-25 08:00:00,111.58321904761905
2011-09-25 09:00:00,104.14583333333336
2011-09-25 10:00:00,104.14583333333336
2011-09-25 11:00:00,178.7124142857142
2011-09-25 12:00:00,194.85693333333333
2011-09-25 13:00:00,296.63391269841264
2011-09-25 14:00:00,194.85693333333333
2011-09-25 15:00:00,194.85693333333333
2011-09-25 16:00:00,487.17203015873037
2011-09-25 17:00:00,265.5293547619047
2011-09-25 18:00:00,265.5293547619047
2011-09-25 19:00:00,227.8844857142857
2011-09-25 20:00:00,250.12639999999996
2011-09-25 21:00:00,206.31630000000007
2011-09-25 22:00:00,306.4961142857143
2011-09-25 23:00:00,136.0690333333333
2011-09-26 00:00:00,47.78275634920632
2011-09-26 01:00:00,633.521352173913
2011-09-26 02:00:00,633.521352173913
2011-09-26 03:00:00,47.78275634920632
2011-09-26 04:00:00,253.96480476190484
2011-09-26 05:00:00,105.84914523809525
2011-09-26 06:00:00,253.96480476190484
2011-09-26 07:00:00,47.78275634920632
2011-09-26 08:00:00,47.78275634920632
2011-09-26 09:00:00,347.45820000000003
2011-09-26 10:00:00,347.45820000000003
2011-09-26 11:00:00,114.68285714285709
2011-09-26 12:00:00,411.1306666666666
2011-09-26 13:00:00,193.4395428571429
2011-09-26 14:00:00,350.1856277777779
2011-09-26 15:00:00,452.01831255411264
2011-09-26 16:00:00,498.08860620490634
2011-09-26 17:00:00,369.09368015873025
2011-09-26 18:00:00,210.56011904761905
2011-09-26 19:00:00,196.47991507936499
2011-09-26 20:00:00,363.24757619047614
2011-09-26 21:00:00,363.24757619047614
2011-09-26 22:00:00,151.92181666666667
2011-09-26 23:00:00,151.92181666666667
2011-09-27 00:00:00,151.92181666666667
2011-09-27 01:00:00,237.77637777777784
2011-09-27 02:00:00,146.90706666666665
2011-09-27 03:00:00,47.78275634920632
2011-09-27 04:00:00,506.3734333333333
2011-09-27 05:00:00,506.3734333333333
2011-09-27 06:00:00,159.8871267770877
2011-09-27 07:00:00,159.8871267770877
2011-09-27 08:00:00,388.755
2011-09-27 09:00:00,298.49345714285715
2011-09-27 10:00:00,378.7621166666667
2011-09-27 11:00:00,402.7107
2011-09-27 12:00:00,350.41503333333327
2011-09-27 13:00:00,229.89621385281382
2011-09-27 14:00:00,223.17860000000005
2011-09-27 15:00:00,115.8762714285714
2011-09-27 16:00:00,206.86178095238097
2011-09-27 17:00:00,339.27423333333337
2011-09-27 18:00:00,340.07900476190474
2011-09-27 19:00:00,349.5833
2011-09-27 20:00:00,246.73961904761904
2011-09-27 21:00:00,180.1011624819625
2011-09-27 22:00:00,228.92444761904764
2011-09-27 23:00:00,228.92444761904764
2011-09-28 00:00:00,160.94130591630605
2011-09-28 01:00:00,160.94130591630605
2011-09-28 02:00:00,183.1202948275862
2011-09-28 03:00:00,197.9799888888889
2011-09-28 04:00:00,160.94130591630605
2011-09-28 05:00:00,32.13284126984127
2011-09-28 06:00:00,292.5360285714285
2011-09-28 07:00:00,292.5360285714285
2011-09-28 08:00:00,347.4208333333333
2011-09-28 09:00:00,347.4208333333333
2011-09-28 10:00:00,47.78275634920632
2011-09-28 11:00:00,360.60776666666663
2011-09-28 12:00:00,242.79454126984126
2011-09-28 13:00:00,302.10348095238095
2011-09-28 14:00:00,344.35450303030296
2011-09-28 15:00:00,369.09368015873025
2011-09-28 16:00:00,343.1873166666668
2011-09-28 17:00:00,334.34065000000015
2011-09-28 18:00:00,247.91404047619042
2011-09-28 19:00:00,247.91404047619042
2011-09-28 20:00:00,265.3528476190476
2011-09-28 21:00:00,159.77032556390978
2011-09-28 22:00:00,228.92444761904764
2011-09-28 23:00:00,125.3472
2011-09-29 00:00:00,254.51676666666665
2011-09-29 01:00:00,285.3107333333333
2011-09-29 02:00:00,285.3107333333333
2011-09-29 03:00:00,402.460518107979
2011-09-29 04:00:00,162.01154684877963
2011-09-29 05:00:00,211.91997752405308
2011-09-29 06:00:00,206.13789677871148
2011-09-29 07:00:00,196.64580000000004
2011-09-29 08:00:00,180.1011624819625
2011-09-29 09:00:00,376.55736666666667
2011-09-29 10:00:00,425.04444761904773
2011-09-29 11:00:00,393.6206587301587
2011-09-29 12:00:00,521.8819952380953
2011-09-29 13:00:00,416.5668333333333
2011-09-29 14:00:00,427.6001357142857
2011-09-29 15:00:00,372.0638666666667
2011-09-29 16:00:00,342.59046428571435
2011-09-29 17:00:00,326.17709523809526
2011-09-29 18:00:00,256.32677276794595
2011-09-29 19:00:00,234.36949999999996
2011-09-29 20:00:00,297.81200000000007
2011-09-29 21:00:00,383.22873679653685
2011-09-29 22:00:00,236.406
2011-09-29 23:00:00,173.19293921658056
2011-09-30 00:00:00,329.90950026239744
2011-09-30 01:00:00,214.31190185394323
2011-09-30 02:00:00,329.90950026239744
2011-09-30 03:00:00,329.90950026239744
2011-09-30 04:00:00,157.86978449603222
2011-09-30 05:00:00,157.86978449603222
2011-09-30 06:00:00,140.87060137914918
2011-09-30 07:00:00,140.87060137914918
2011-09-30 08:00:00,219.9568068322982
2011-09-30 09:00:00,216.92360873015872
2011-09-30 10:00:00,545.6734285714285
2011-09-30 11:00:00,459.9495047619048
2011-09-30 12:00:00,461.3760047619047
2011-09-30 13:00:00,326.2022714285714
2011-09-30 14:00:00,287.96270476190466
2011-09-30 15:00:00,299.4553380952381
2011-09-30 16:00:00,359.59586666666667
2011-09-30 17:00:00,340.4643
2011-09-30 18:00:00,232.3278
2011-09-30 19:00:00,209.75074883654955
2011-09-30 20:00:00,209.75074883654955
2011-09-30 21:00:00,230.0493469778235
2011-09-30 22:00:00,68.33366349970291
2011-09-30 23:00:00,68.33366349970291
2011-10-20 00:00:00,67.54453333333332
2011-10-20 01:00:00,199.03190952380945
2011-10-20 02:00:00,270.7948428571428
2011-10-20 03:00:00,343.2109333333334
2011-10-20 04:00:00,343.2109333333334
2011-10-20 05:00:00,408.7366333333333
2011-10-20 06:00:00,353.7724333333333
2011-10-20 07:00:00,140.8502380952381
2011-10-20 08:00:00,69.39366666666668
2011-10-20 09:00:00,73.28766666666667
2011-10-20 10:00:00,112.05938921568628
2011-10-20 11:00:00,172.34755285204992
2011-10-20 12:00:00,259.9500064935065
2011-10-20 13:00:00,289.60184848484846
2011-10-20 14:00:00,261.23833333333334
2011-10-20 15:00:00,205.29692600732596
2011-10-20 16:00:00,205.29692600732596
2011-10-20 17:00:00,207.47516410256412
2011-10-20 18:00:00,242.01152991746127
2011-10-20 19:00:00,227.97674172213405
2011-10-20 20:00:00,206.93953187087422
2011-10-20 21:00:00,181.16244203597566
2011-10-20 22:00:00,197.2897647632484
2011-10-20 23:00:00,343.8492234791319
2011-10-21 00:00:00,281.6465812080558
2011-10-21 01:00:00,222.29416081733535
2011-10-21 02:00:00,100.42742109279607
2011-10-21 03:00:00,153.68133333333333
2011-10-21 04:00:00,180.4027
2011-10-21 05:00:00,182.20634285714286
2011-10-21 06:00:00,180.4027
2011-10-21 07:00:00,180.4027
2011-10-21 08:00:00,201.09394798338096
2011-10-21 09:00:00,276.27877207439974
2011-10-21 10:00:00,183.9829943948787
2011-10-21 11:00:00,197.79302732291862
2011-10-21 12:00:00,227.1451497835498
2011-10-21 13:00:00,191.9288891469315
2011-10-21 14:00:00,323.74967445887444
2011-10-21 15:00:00,246.30304978354977
2011-10-21 16:00:00,201.99671693330825
2011-10-21 17:00:00,297.9509621824512
2011-10-21 18:00:00,288.88595232447295
2011-10-21 19:00:00,227.32652150006854
2011-10-21 20:00:00,286.77693143555786
2011-10-21 21:00:00,253.29549604536678
2011-10-21 22:00:00,233.79290746855284
2011-10-21 23:00:00,222.29416081733535
2011-10-22 00:00:00,143.90488717152502
2011-10-22 01:00:00,143.90488717152502
2011-10-22 02:00:00,369.3798599018094
2011-10-22 03:00:00,125.76527486009375
2011-10-22 04:00:00,149.6911591133005
2011-10-22 05:00:00,205.63639244663383
2011-10-22 06:00:00,192.50896666666665
2011-10-22 07:00:00,84.32850476190477
2011-10-22 08:00:00,201.6963118815847
2011-10-22 09:00:00,231.42637816091954
2011-10-22 10:00:00,336.7493365079365
2011-10-22 11:00:00,336.7493365079365
2011-10-22 12:00:00,267.7729816190345
2011-10-22 13:00:00,469.76859999999994
2011-10-22 14:00:00,254.80129027247267
2011-10-22 15:00:00,289.0780198548566
2011-10-22 16:00:00,414.5769044513457
2011-10-22 17:00:00,279.78292949094157
2011-10-22 18:00:00,277.38277799250557
2011-10-22 19:00:00,221.06156149425286
2011-10-22 20:00:00,251.18271149425289
2011-10-22 21:00:00,178.78869741272044
2011-10-22 22:00:00,178.78869741272044
2011-10-22 23:00:00,131.463322875817
2011-10-23 00:00:00,66.35039487734487
2011-10-23 01:00:00,66.35039487734487
2011-10-23 02:00:00,59.62571244311244
2011-10-23 03:00:00,48.24145707070707
2011-10-23 04:00:00,48.24145707070707
2011-10-23 05:00:00,94.71201886446887
2011-10-23 06:00:00,90.09076965811965
2011-10-23 07:00:00,59.62571244311244
2011-10-23 08:00:00,119.69429999999996
2011-10-23 09:00:00,178.78869741272044
2011-10-23 10:00:00,394.9704793419023
2011-10-23 11:00:00,130.19960238095237
2011-10-23 12:00:00,230.85024636211455
2011-10-23 13:00:00,302.24007219787785
2011-10-23 14:00:00,354.66382158730164
2011-10-23 15:00:00,259.9571582065323
2011-10-23 16:00:00,302.24007219787785
2011-10-23 17:00:00,300.5748301190893
2011-10-23 18:00:00,376.89780036075035
2011-10-23 19:00:00,159.79367484737477
2011-10-23 20:00:00,264.57968814421105
2011-10-23 21:00:00,264.57968814421105
2011-10-23 22:00:00,153.33141428571432
2011-10-23 23:00:00,103.08140476190478
2011-10-24 00:00:00,344.64412945845
2011-10-24 01:00:00,43.03888014371248
2011-10-24 02:00:00,84.8677852140722
2011-10-24 03:00:00,63.87978174931751
2011-10-24 04:00:00,122.95575804195805
2011-10-24 05:00:00,40.02120972432088
2011-10-24 06:00:00,84.8677852140722
2011-10-24 07:00:00,27.32523144078143
2011-10-24 08:00:00,396.1055434715822
2011-10-24 09:00:00,192.84506315789474
2011-10-24 10:00:00,454.7761119047619
2011-10-24 11:00:00,438.10072222222215
2011-10-24 12:00:00,513.9295
2011-10-24 13:00:00,307.27339123164415
2011-10-24 14:00:00,236.86129599354894
2011-10-24 15:00:00,386.9422585231194
2011-10-24 16:00:00,281.64005693581777
2011-10-24 17:00:00,326.34995000000004
2011-10-24 18:00:00,339.30243159372696
2011-10-24 19:00:00,172.65935
2011-10-24 20:00:00,198.9931544733045
2011-10-24 21:00:00,171.00803700520123
2011-10-24 22:00:00,144.8695322066822
2011-10-24 23:00:00,243.14481495628556
2011-10-25 00:00:00,162.62320903997963
2011-10-25 01:00:00,162.62320903997963
2011-10-25 02:00:00,51.960293563625946
2011-10-25 03:00:00,138.06657823502172
2011-10-25 04:00:00,128.3138526779314
2011-10-25 05:00:00,128.3138526779314
2011-10-25 06:00:00,124.07596490439774
2011-10-25 07:00:00,187.75753393098134
2011-10-25 08:00:00,227.76785014234366
2011-10-25 09:00:00,296.93460697806006
2011-10-25 10:00:00,229.3858628772329
2011-10-25 11:00:00,246.39817967856166
2011-10-25 12:00:00,321.58062380952384
2011-10-25 13:00:00,366.1496666666667
2011-10-25 14:00:00,319.2718952380952
2011-10-25 15:00:00,197.19293333333334
2011-10-25 16:00:00,311.646
2011-10-25 17:00:00,197.19293333333334
2011-10-25 18:00:00,277.57282097902095
2011-10-25 19:00:00,182.2599521645022
2011-10-25 20:00:00,128.123473015873
2011-10-25 21:00:00,210.90447438476787
2011-10-25 22:00:00,70.48039383116883
2011-10-25 23:00:00,210.90447438476787
2011-10-26 00:00:00,285.5130628581945
2011-10-26 01:00:00,72.21489047619049
2011-10-26 02:00:00,79.48480442612944
2011-10-26 03:00:00,60.118879209679214
2011-10-26 04:00:00,227.7050476190476
2011-10-26 05:00:00,282.44845164835164
2011-10-26 06:00:00,282.44845164835164
2011-10-26 07:00:00,330.96259802302967
2011-10-26 08:00:00,216.5350944444445
2011-10-26 09:00:00,274.8134269459299
2011-10-26 10:00:00,265.5926889440625
2011-10-26 11:00:00,181.83509683303626
2011-10-26 12:00:00,327.1641307692308
2011-10-26 13:00:00,422.7357878787879
2011-10-26 14:00:00,140.47946060606063
2011-10-26 15:00:00,140.47946060606063
2011-10-26 16:00:00,189.80802727272726
2011-10-26 17:00:00,130.91249669628618
2011-10-26 18:00:00,282.3286439174352
2011-10-26 19:00:00,127.35618686868683
2011-10-26 20:00:00,103.74896587301586
2011-10-26 21:00:00,140.47946060606063
2011-10-26 22:00:00,139.1112889101095
2011-10-26 23:00:00,139.1112889101095
2011-10-27 00:00:00,55.36374358974359
2011-10-27 01:00:00,55.36374358974359
2011-10-27 02:00:00,164.07700549450547
2011-10-27 03:00:00,164.07700549450547
2011-10-27 04:00:00,89.61707387057386
2011-10-27 05:00:00,113.31060402930403
2011-10-27 06:00:00,161.55305
2011-10-27 07:00:00,54.473926923076945
2011-10-27 08:00:00,159.0375793650794
2011-10-27 09:00:00,259.3923026455027
2011-10-27 10:00:00,135.58624603174607
2011-10-27 11:00:00,94.39684587634586
2011-10-27 12:00:00,94.39684587634586
2011-10-27 13:00:00,257.4068542044678
2011-10-27 14:00:00,100.67029365079368
2011-10-27 15:00:00,217.6692668067226
2011-10-27 16:00:00,179.38642363421755
2011-10-27 17:00:00,268.8446666666666
2011-10-27 18:00:00,190.85266666666666
2011-10-27 19:00:00,130.46373333333332
2011-10-27 20:00:00,58.79513333333334
2011-10-27 21:00:00,141.85376666666667
2011-10-27 22:00:00,169.6680333333333
2011-10-27 23:00:00,234.12576666666666
2011-10-28 00:00:00,130.54139999999998
2011-10-28 01:00:00,133.31444761904763
2011-10-28 02:00:00,134.15669047619048
2011-10-28 03:00:00,130.8695
2011-10-28 04:00:00,156.35891428571426
2011-10-28 05:00:00,233.6791476190476
2011-10-28 06:00:00,90.81209411764705
2011-10-28 07:00:00,90.81209411764705
2011-10-28 08:00:00,215.86432857142862
2011-10-28 09:00:00,473.9219850649354
2011-10-28 10:00:00,307.62972085446376
2011-10-28 11:00:00,294.33563743292575
2011-10-28 12:00:00,222.64389047619042
2011-10-28 13:00:00,257.9438779220779
2011-10-28 14:00:00,426.2031233766233
2011-10-28 15:00:00,245.18883809523814
2011-10-28 16:00:00,359.4033824675325
2011-10-28 17:00:00,177.81018755651058
2011-10-28 18:00:00,222.2771272478307
2011-10-28 19:00:00,177.81018755651058
2011-10-28 20:00:00,267.1243052947053
2011-10-28 21:00:00,54.61280476190477
2011-10-28 22:00:00,158.36033333333333
2011-10-28 23:00:00,104.7224
2011-10-29 00:00:00,128.4808857142857
2011-10-29 01:00:00,112.86825238095237
2011-10-29 02:00:00,112.86825238095237
2011-10-29 03:00:00,103.4060857142857
2011-10-29 04:00:00,103.4060857142857
2011-10-29 05:00:00,117.11346666666665
2011-10-29 06:00:00,107.85039999999998
2011-10-29 07:00:00,107.85039999999998
2011-10-29 08:00:00,119.42221904761904
2011-10-29 09:00:00,119.42221904761904
2011-10-29 10:00:00,118.78746666666666
2011-10-29 11:00:00,117.52546666666666
2011-10-29 12:00:00,78.21126666666667
2011-10-29 13:00:00,77.80126666666666
2011-10-29 14:00:00,78.56926666666668
2011-10-29 15:00:00,90.5827
2011-10-29 16:00:00,74.22376666666666
2011-10-29 17:00:00,74.22376666666666
2011-10-29 18:00:00,74.22376666666666
2011-10-29 19:00:00,46.0562
2011-10-29 20:00:00,46.0562
2011-10-29 21:00:00,46.0562
2011-10-29 22:00:00,59.30386666666665
2011-10-29 23:00:00,31.19384
2011-10-30 00:00:00,59.30386666666665
2011-10-30 01:00:00,72.20313333333331
2011-10-30 02:00:00,68.01986666666666
2011-10-30 03:00:00,45.47175238095238
2011-10-30 04:00:00,59.112
2011-10-30 05:00:00,53.817752380952385
2011-10-30 06:00:00,63.93570606060604
2011-10-30 07:00:00,33.47622402597403
2011-10-30 08:00:00,136.597
2011-10-30 09:00:00,91.35383333333333
2011-10-30 10:00:00,286.07915476190476
2011-10-30 11:00:00,201.3916059614921
2011-10-30 12:00:00,317.77849566100815
2011-10-30 13:00:00,451.4472832611834
2011-10-30 14:00:00,509.0238515151514
2011-10-30 15:00:00,492.52939999999995
2011-10-30 16:00:00,433.12971428571433
2011-10-30 17:00:00,373.1773
2011-10-30 18:00:00,284.4523333333333
2011-10-30 19:00:00,215.24084279217516
2011-10-30 20:00:00,225.66727112332111
2011-10-30 21:00:00,133.48894285714283
2011-10-30 22:00:00,82.28557366946778
2011-10-30 23:00:00,20.24113015873016
2011-10-31 00:00:00,225.2387476190476
2011-10-31 01:00:00,123.58123571428573
2011-10-31 02:00:00,383.80092380952385
2011-10-31 03:00:00,517.9876666666667
2011-10-31 04:00:00,383.80092380952385
2011-10-31 05:00:00,257.7927721445222
2011-10-31 06:00:00,383.80092380952385
2011-10-31 07:00:00,366.69986666666676
2011-10-31 08:00:00,159.8097682539682
2011-10-31 09:00:00,177.17785714285716
2011-10-31 10:00:00,267.8238811648308
2011-10-31 11:00:00,164.12603296605283
2011-10-31 12:00:00,280.49090728954764
2011-10-31 13:00:00,305.25928354978356
2011-10-31 14:00:00,243.09878668553665
2011-10-31 15:00:00,192.05826601130843
2011-10-31 16:00:00,233.79290746855284
2011-10-31 17:00:00,193.46934797888593
2011-10-31 18:00:00,76.08127816091952
2011-10-31 19:00:00,76.08127816091952
2011-10-31 20:00:00,76.08127816091952
2011-10-31 21:00:00,187.7625319327732
2011-10-31 22:00:00,187.7625319327732
2011-10-31 23:00:00,187.7625319327732
2011-11-20 00:00:00,85.76029212454212
2011-11-20 01:00:00,369.3798599018094
2011-11-20 02:00:00,391.7910746925742
2011-11-20 03:00:00,271.0785777777777
2011-11-20 04:00:00,203.54578876678875
2011-11-20 05:00:00,175.61554444444445
2011-11-20 06:00:00,157.47127777777774
2011-11-20 07:00:00,179.32233974358974
2011-11-20 08:00:00,199.56536495726496
2011-11-20 09:00:00,167.65102433005586
2011-11-20 10:00:00,262.92418046953054
2011-11-20 11:00:00,323.6475785714286
2011-11-20 12:00:00,219.23814047619052
2011-11-20 13:00:00,223.91691111111115
2011-11-20 14:00:00,350.75120000000004
2011-11-20 15:00:00,457.52264444444444
2011-11-20 16:00:00,277.2116833333333
2011-11-20 17:00:00,232.86266349206352
2011-11-20 18:00:00,244.84961111111113
2011-11-20 19:00:00,380.69281904761914
2011-11-20 20:00:00,492.12379999999996
2011-11-20 21:00:00,229.15607142857144
2011-11-20 22:00:00,114.93098571428574
2011-11-20 23:00:00,114.93098571428574
2011-11-21 00:00:00,51.31959597069598
2011-11-21 01:00:00,90.87651630036633
2011-11-21 02:00:00,33.065571969696975
2011-11-21 03:00:00,36.6117237012987
2011-11-21 04:00:00,36.6117237012987
2011-11-21 05:00:00,50.25146666666667
2011-11-21 06:00:00,191.78769999999997
2011-11-21 07:00:00,193.08020243009486
2011-11-21 08:00:00,51.31959597069598
2011-11-21 09:00:00,79.72031981158935
2011-11-21 10:00:00,100.67029365079368
2011-11-21 11:00:00,217.6692668067226
2011-11-21 12:00:00,293.07658809523804
2011-11-21 13:00:00,293.07658809523804
2011-11-21 14:00:00,234.79678723196884
2011-11-21 15:00:00,94.82690119047618
2011-11-21 16:00:00,94.82690119047618
2011-11-21 17:00:00,85.86783333333332
2011-11-21 18:00:00,134.45622738095238
2011-11-21 19:00:00,156.77229999999997
2011-11-21 20:00:00,81.66041587301586
2011-11-21 21:00:00,130.69583809523812
2011-11-21 22:00:00,88.81523809523812
2011-11-21 23:00:00,130.69583809523812
2011-11-22 00:00:00,42.37029999999999
2011-11-22 01:00:00,157.3666333333333
2011-11-22 02:00:00,34.612
2011-11-22 03:00:00,34.612
2011-11-22 04:00:00,135.61450476190478
2011-11-22 05:00:00,135.61450476190478
2011-11-22 06:00:00,27.32523144078143
2011-11-22 07:00:00,166.65303333333333
2011-11-22 08:00:00,166.65303333333333
2011-11-22 09:00:00,226.05429761904762
2011-11-22 10:00:00,226.05429761904762
2011-11-22 11:00:00,157.3666333333333
2011-11-22 12:00:00,172.87264999999996
2011-11-22 13:00:00,123.98730357142857
2011-11-22 14:00:00,123.98730357142857
2011-11-22 15:00:00,152.039290018315
2011-11-22 16:00:00,152.039290018315
2011-11-22 17:00:00,41.063370238095224
2011-11-22 18:00:00,77.06214642857147
2011-11-22 19:00:00,30.148417940392942
2011-11-22 20:00:00,182.58587782692024
2011-11-22 21:00:00,102.79691228070176
2011-11-22 22:00:00,176.59635760971048
2011-11-22 23:00:00,145.45667460317455
2011-11-23 00:00:00,145.45667460317455
2011-11-23 01:00:00,181.79008888888887
2011-11-23 02:00:00,97.76899487179486
2011-11-23 03:00:00,97.76899487179486
2011-11-23 04:00:00,115.06026349206348
2011-11-23 05:00:00,214.55763380018675
2011-11-23 06:00:00,50.25146666666667
2011-11-23 07:00:00,58.297366666666676
2011-11-23 08:00:00,79.72031981158935
2011-11-23 09:00:00,146.16691999323345
2011-11-23 10:00:00,146.16691999323345
2011-11-23 11:00:00,272.9903333333333
2011-11-23 12:00:00,149.7347195187166
2011-11-23 13:00:00,211.84355483340187
2011-11-23 14:00:00,211.9912210338681
2011-11-23 15:00:00,206.07733102387806
2011-11-23 16:00:00,110.74687619047621
2011-11-23 17:00:00,150.57029523809524
2011-11-23 18:00:00,204.47664873949572
2011-11-23 19:00:00,247.09440588235296
2011-11-23 20:00:00,217.19283333333328
2011-11-23 21:00:00,212.60333921568628
2011-11-23 22:00:00,222.64509999999996
2011-11-23 23:00:00,245.16819047619046
2011-11-24 00:00:00,238.6144607503607
2011-11-24 01:00:00,120.50066666666667
2011-11-24 02:00:00,75.16848571428571
2011-11-24 03:00:00,26.086085714285716
2011-11-24 04:00:00,80.74652380952382
2011-11-24 05:00:00,75.84935714285713
2011-11-24 06:00:00,80.74652380952382
2011-11-24 07:00:00,142.45271904761907
2011-11-24 08:00:00,50.78455714285714
2011-11-24 09:00:00,277.90945714285715
2011-11-24 10:00:00,265.41750900210894
2011-11-24 11:00:00,318.7180343434344
2011-11-24 12:00:00,536.8511666666667
2011-11-24 13:00:00,466.70779999999996
2011-11-24 14:00:00,312.02083333333337
2011-11-24 15:00:00,367.308
2011-11-24 16:00:00,356.676
2011-11-24 17:00:00,435.7092
2011-11-24 18:00:00,324.9972346320346
2011-11-24 19:00:00,235.42074981684988
2011-11-24 20:00:00,113.3075
2011-11-24 21:00:00,114.18150000000001
2011-11-24 22:00:00,114.18150000000001
2011-11-24 23:00:00,57.27281904761905
2011-11-25 00:00:00,153.92084285714282
2011-11-25 01:00:00,146.99339999999995
2011-11-25 02:00:00,199.20870000000002
2011-11-25 03:00:00,215.87018809523815
2011-11-25 04:00:00,65.08653333333334
2011-11-25 05:00:00,180.12644285714288
2011-11-25 06:00:00,128.17564603174603
2011-11-25 07:00:00,123.58123571428573
2011-11-25 08:00:00,196.1734179271709
2011-11-25 09:00:00,164.7018952380952
2011-11-25 10:00:00,180.4027
2011-11-25 11:00:00,83.49101149425286
2011-11-25 12:00:00,253.6345051778287
2011-11-25 13:00:00,197.79302732291862
2011-11-25 14:00:00,691.8394285714286
2011-11-25 15:00:00,478.11353030303036
2011-11-25 16:00:00,648.6385238095238
2011-11-25 17:00:00,390.0168333333333
2011-11-25 18:00:00,424.64929572649567
2011-11-25 19:00:00,224.97363054187193
2011-11-25 20:00:00,284.65181845497955
2011-11-25 21:00:00,164.04217698412697
2011-11-25 22:00:00,282.4167261904762
2011-11-25 23:00:00,127.45379523809522
2011-11-26 00:00:00,104.68665079365078
2011-11-26 01:00:00,115.00174285714286
2011-11-26 02:00:00,73.16680000000001
2011-11-26 03:00:00,80.46269747899156
2011-11-26 04:00:00,80.46269747899156
2011-11-26 05:00:00,80.415
2011-11-26 06:00:00,145.09883809523808
2011-11-26 07:00:00,35.36119126984124
2011-11-26 08:00:00,115.00174285714286
2011-11-26 09:00:00,115.69360952380953
2011-11-26 10:00:00,99.82353968678383
2011-11-26 11:00:00,348.16286770451774
2011-11-26 12:00:00,293.5085586562862
2011-11-26 13:00:00,457.59512380952367
2011-11-26 14:00:00,234.09992970638712
2011-11-26 15:00:00,409.8747666666666
2011-11-26 16:00:00,183.48201703131707
2011-11-26 17:00:00,183.48201703131707
2011-11-26 18:00:00,136.4767014366299
2011-11-26 19:00:00,310.08687662337655
2011-11-26 20:00:00,304.7966543123543
2011-11-26 21:00:00,185.06161666666668
2011-11-26 22:00:00,340.28076666666664
2011-11-26 23:00:00,99.82353968678383
2011-11-27 00:00:00,99.82353968678383
2011-11-27 01:00:00,99.82353968678383
2011-11-27 02:00:00,77.50016970121382
2011-11-27 03:00:00,48.24145707070707
2011-11-27 04:00:00,68.57210198135196
2011-11-27 05:00:00,113.25036666666666
2011-11-27 06:00:00,178.08653095238094
2011-11-27 07:00:00,139.99946666666668
2011-11-27 08:00:00,165.95733333333334
2011-11-27 09:00:00,184.46413333333336
2011-11-27 10:00:00,184.46413333333336
2011-11-27 11:00:00,102.85234761904762
2011-11-27 12:00:00,271.65789930735934
2011-11-27 13:00:00,277.2695555555555
2011-11-27 14:00:00,551.0918
2011-11-27 15:00:00,493.7808
2011-11-27 16:00:00,276.448845959596
2011-11-27 17:00:00,369.93764206349204
2011-11-27 18:00:00,265.32415637857866
2011-11-27 19:00:00,301.27159047619045
2011-11-27 20:00:00,301.2341130081301
2011-11-27 21:00:00,128.35716666666664
2011-11-27 22:00:00,213.12419047619048
2011-11-27 23:00:00,213.12419047619048
2011-11-28 00:00:00,318.21164285714286
2011-11-28 01:00:00,267.7958333333333
2011-11-28 03:00:00,33.99982255916127
2011-11-28 04:00:00,112.57859552669551
2011-11-28 05:00:00,138.06657823502172
2011-11-28 06:00:00,72.25044261851367
2011-11-28 07:00:00,50.00654032293377
2011-11-28 08:00:00,198.64896666666667
2011-11-28 09:00:00,153.70440741874611
2011-11-28 10:00:00,254.8591292485292
2011-11-28 11:00:00,513.9295
2011-11-28 12:00:00,362.6873101825711
2011-11-28 13:00:00,331.86702857142853
2011-11-28 14:00:00,384.37750757575765
2011-11-28 15:00:00,379.215506142167
2011-11-28 16:00:00,375.2383719430328
2011-11-28 17:00:00,336.4345898268397
2011-11-28 18:00:00,537.9313426501035
2011-11-28 19:00:00,223.41197349896487
2011-11-28 20:00:00,105.13884799498747
2011-11-28 21:00:00,188.66451466165412
2011-11-28 22:00:00,217.6692668067226
2011-11-28 23:00:00,109.51313629148632
2011-11-29 00:00:00,131.90810909090908
2011-11-29 01:00:00,180.8234099305071
2011-11-29 02:00:00,87.71648571428572
2011-11-29 03:00:00,87.71648571428572
2011-11-29 04:00:00,65.00244847374849
2011-11-29 05:00:00,272.47040724526374
2011-11-29 06:00:00,160.2315310547875
2011-11-29 07:00:00,224.35865683229812
2011-11-29 08:00:00,301.3342238095238
2011-11-29 09:00:00,162.07001228070175
2011-11-29 10:00:00,162.07001228070175
2011-11-29 11:00:00,90.90339444444444
2011-11-29 12:00:00,118.81116666666667
2011-11-29 13:00:00,111.44480000000003
2011-11-29 14:00:00,156.77229999999997
2011-11-29 15:00:00,109.34738571428574
2011-11-29 16:00:00,81.66041587301586
2011-11-29 17:00:00,263.35816666666665
2011-11-29 18:00:00,197.19026666666667
2011-11-29 19:00:00,145.4035
2011-11-29 20:00:00,219.5243877192983
2011-11-29 21:00:00,219.5243877192983
2011-11-29 22:00:00,234.2995666666667
2011-11-29 23:00:00,133.17846666666668
2011-11-30 00:00:00,175.2918666666667
2011-11-30 01:00:00,160.02179999999998
2011-11-30 02:00:00,65.41707142857142
2011-11-30 03:00:00,65.41707142857142
2011-11-30 04:00:00,139.6468941176471
2011-11-30 05:00:00,169.2275274509804
2011-11-30 06:00:00,346.38213333333334
2011-11-30 07:00:00,128.17564603174603
2011-11-30 08:00:00,169.2275274509804
2011-11-30 09:00:00,146.19293333333331
2011-11-30 10:00:00,126.04475454545455
2011-11-30 11:00:00,235.1314277595985
2011-11-30 12:00:00,206.99659651573916
2011-11-30 13:00:00,377.1440841991342
2011-11-30 14:00:00,377.1440841991342
2011-11-30 15:00:00,240.10194431646784
2011-11-30 16:00:00,219.74079431646794
2011-11-30 17:00:00,174.5297670995671
2011-11-30 18:00:00,142.51332871572873
2011-11-30 19:00:00,374.0520023809524
2011-11-30 20:00:00,374.0520023809524
2011-11-30 21:00:00,209.98988888888888
2011-11-30 22:00:00,311.10339523809535
2011-11-30 23:00:00,147.72006666666664
2011-12-20 00:00:00,279.17241487615394
2011-12-20 01:00:00,282.04326357786357
2011-12-20 02:00:00,211.77576561705243
2011-12-20 03:00:00,211.77576561705243
2011-12-20 04:00:00,230.35950956716843
2011-12-20 05:00:00,272.45097375102375
2011-12-20 06:00:00,272.45097375102375
2011-12-20 07:00:00,293.96867773826455
2011-12-20 08:00:00,213.83384991997397
2011-12-20 09:00:00,285.7205000000001
2011-12-20 10:00:00,289.5436371381596
2011-12-20 11:00:00,297.67335008445605
2011-12-20 12:00:00,241.188427106557
2011-12-20 13:00:00,241.188427106557
2011-12-20 14:00:00,401.58628556499696
2011-12-20 15:00:00,297.8404222943722
2011-12-20 16:00:00,356.3622968614718
2011-12-20 17:00:00,301.0553905350448
2011-12-20 18:00:00,108.61073040015542
2011-12-20 19:00:00,186.79261863711002
2011-12-20 20:00:00,174.8988880952381
2011-12-20 21:00:00,161.0907952380952
2011-12-20 22:00:00,285.7205000000001
2011-12-20 23:00:00,338.71567773826456
2011-12-21 00:00:00,98.6406121212121
2011-12-21 01:00:00,150.5116235930736
2011-12-21 02:00:00,146.09453333333335
2011-12-21 03:00:00,146.09453333333335
2011-12-21 04:00:00,146.09453333333335
2011-12-21 05:00:00,143.71757826086957
2011-12-21 06:00:00,100.19753333333334
2011-12-21 07:00:00,124.89777777777776
2011-12-21 08:00:00,162.79693333333333
2011-12-21 09:00:00,267.19728231068456
2011-12-21 10:00:00,177.39251428571427
2011-12-21 11:00:00,177.39251428571427
2011-12-21 12:00:00,125.4210904761905
2011-12-21 13:00:00,32.17049523809523
2011-12-21 14:00:00,122.5525797979798
2011-12-21 15:00:00,156.84766666666673
2011-12-21 16:00:00,42.21763333333334
2011-12-21 17:00:00,42.21763333333334
2011-12-21 18:00:00,70.8720285714286
2011-12-21 19:00:00,186.33338888888883
2011-12-21 20:00:00,170.1277222222222
2011-12-21 21:00:00,194.11649580419575
2011-12-21 22:00:00,143.56179034965038
2011-12-21 23:00:00,204.49326354779728
2011-12-22 00:00:00,305.7000863636364
2011-12-22 01:00:00,92.99306666666664
2011-12-22 02:00:00,300.05761703851704
2011-12-22 03:00:00,161.73943446795286
2011-12-22 04:00:00,92.10293333333333
2011-12-22 05:00:00,152.2528
2011-12-22 06:00:00,134.72661385281387
2011-12-22 07:00:00,155.22418261183265
2011-12-22 08:00:00,100.19753333333334
2011-12-22 09:00:00,114.44362857142855
2011-12-22 10:00:00,113.06761159420287
2011-12-22 11:00:00,225.18019150873278
2011-12-22 12:00:00,110.91733333333335
2011-12-22 13:00:00,188.22600476190476
2011-12-22 14:00:00,188.22600476190476
2011-12-22 15:00:00,75.26541904761905
2011-12-22 16:00:00,188.22600476190476
2011-12-22 17:00:00,112.65663153153152
2011-12-22 18:00:00,227.47926666666666
2011-12-22 19:00:00,244.19673333333333
2011-12-22 20:00:00,112.6335666666667
2011-12-22 21:00:00,112.6335666666667
2011-12-22 22:00:00,57.7655
2011-12-22 23:00:00,340.44033333333334
2011-12-23 00:00:00,239.76936666666666
2011-12-23 01:00:00,239.76936666666666
2011-12-23 02:00:00,137.3321
2011-12-23 03:00:00,137.3321
2011-12-23 04:00:00,13.577133333333329
2011-12-23 05:00:00,118.6351333333333
2011-12-23 06:00:00,99.85506376811594
2011-12-23 07:00:00,124.69019710144927
2011-12-23 08:00:00,117.2951408920853
2011-12-23 09:00:00,95.44245
2011-12-23 10:00:00,139.90400396825396
2011-12-23 11:00:00,202.34233333333333
2011-12-23 12:00:00,249.40453333333335
2011-12-23 13:00:00,148.41584145299146
2011-12-23 14:00:00,139.9264316849817
2011-12-23 15:00:00,185.2577941558442
2011-12-23 16:00:00,136.42175207493653
2011-12-23 17:00:00,111.55528322945877
2011-12-23 18:00:00,166.1386026991874
2011-12-23 19:00:00,39.241316456348734
2011-12-23 20:00:00,242.7440357142857
2011-12-23 21:00:00,177.283473898868
2011-12-23 22:00:00,77.78633484162897
2011-12-23 23:00:00,128.67873116883118
2011-12-24 00:00:00,189.3398666666666
2011-12-24 01:00:00,128.1183
2011-12-24 02:00:00,132.01216666666667
2011-12-24 03:00:00,136.89327619047623
2011-12-24 04:00:00,185.6023333333333
2011-12-24 05:00:00,185.6023333333333
2011-12-24 06:00:00,119.18720952380953
2011-12-24 07:00:00,117.75483333333332
2011-12-24 08:00:00,81.30118095238095
2011-12-24 09:00:00,111.81659512774807
2011-12-24 10:00:00,105.70721078431373
2011-12-24 11:00:00,160.69415686274513
2011-12-24 12:00:00,111.75136129635155
2011-12-24 13:00:00,131.14072921547321
2011-12-24 14:00:00,131.14072921547321
2011-12-24 15:00:00,91.80573505114084
2011-12-24 16:00:00,113.52220714285714
2011-12-24 17:00:00,87.94707142857143
2011-12-24 18:00:00,132.97418333333334
2011-12-24 19:00:00,93.81147424242427
2011-12-24 20:00:00,31.551295238095243
2011-12-24 21:00:00,12.228342857142858
2011-12-24 22:00:00,56.28913333333333
2011-12-24 23:00:00,41.341366666666644
2011-12-25 00:00:00,30.6229003373235
2011-12-25 01:00:00,56.51546991935601
2011-12-25 02:00:00,24.22877182539682
2011-12-25 03:00:00,22.71617420634921
2011-12-25 05:00:00,64.70693774486384
2011-12-25 06:00:00,64.70693774486384
2011-12-25 07:00:00,124.8449976190476
2011-12-25 08:00:00,63.967028571428585
2011-12-25 09:00:00,44.06245666666666
2011-12-25 10:00:00,135.7335666666667
2011-12-25 11:00:00,141.14153333333334
2011-12-25 12:00:00,107.61092380952381
2011-12-25 13:00:00,116.1032095238095
2011-12-25 14:00:00,124.885795751634
2011-12-25 15:00:00,106.27555281385283
2011-12-25 16:00:00,54.55016828449328
2011-12-25 17:00:00,342.07533535353537
2011-12-25 18:00:00,109.69200000000002
2011-12-25 19:00:00,211.83521673326678
2011-12-25 20:00:00,74.49371211180123
2011-12-25 21:00:00,96.62690391275392
2011-12-25 22:00:00,77.90114386724389
2011-12-25 23:00:00,43.415973809523805
2011-12-26 00:00:00,53.03386204278814
2011-12-26 01:00:00,74.6446
2011-12-26 02:00:00,144.38818829193514
2011-12-26 04:00:00,146.22160207855782
2011-12-26 05:00:00,156.65552745098037
2011-12-26 06:00:00,128.5517382978941
2011-12-26 07:00:00,163.63973157894736
2011-12-26 08:00:00,138.10159824561404
2011-12-26 09:00:00,146.22160207855782
2011-12-26 10:00:00,152.69246666666666
2011-12-26 11:00:00,57.49773333333334
2011-12-26 12:00:00,77.55033333333333
2011-12-26 13:00:00,75.2442569046461
2011-12-26 14:00:00,98.87066004201057
2011-12-26 15:00:00,161.7648888594024
2011-12-26 16:00:00,137.94584520318392
2011-12-26 17:00:00,144.38818829193514
2011-12-26 18:00:00,73.62498333333333
2011-12-26 19:00:00,109.8358
2011-12-26 20:00:00,91.65380995670999
2011-12-26 21:00:00,41.36243333333333
2011-12-26 22:00:00,41.36243333333333
2011-12-26 23:00:00,66.93373809523811
2011-12-27 00:00:00,126.47187559718971
2011-12-27 01:00:00,107.29205118160532
2011-12-27 02:00:00,107.29205118160532
2011-12-27 03:00:00,165.62973122854154
2011-12-27 04:00:00,200.46613122854157
2011-12-27 05:00:00,146.9817740856844
2011-12-27 06:00:00,136.19651954022987
2011-12-27 07:00:00,167.3816740856844
2011-12-27 08:00:00,192.8968251679355
2011-12-27 09:00:00,89.39395555555555
2011-12-27 10:00:00,108.84008888888887
2011-12-27 11:00:00,89.39395555555555
2011-12-27 12:00:00,63.57349047619048
2011-12-27 13:00:00,83.7051465201465
2011-12-27 14:00:00,107.90339069264073
2011-12-27 15:00:00,107.90339069264073
2011-12-27 16:00:00,88.2345523809524
2011-12-27 17:00:00,199.2864
2011-12-27 18:00:00,108.23680606060604
2011-12-27 19:00:00,99.6177333333333
2011-12-27 20:00:00,115.74116190476188
2011-12-27 21:00:00,108.25916421356422
2011-12-27 22:00:00,108.25916421356422
2011-12-27 23:00:00,78.63716666666666
2011-12-28 00:00:00,160.68194999999997
2011-12-28 01:00:00,123.17736666666667
2011-12-28 02:00:00,131.91615144485144
2011-12-28 03:00:00,131.91615144485144
2011-12-28 05:00:00,216.75768179688356
2011-12-28 06:00:00,68.66835243822474
2011-12-28 07:00:00,68.66835243822474
2011-12-28 08:00:00,216.75768179688356
2011-12-28 09:00:00,172.39563491043666
2011-12-28 10:00:00,73.3758792361129
2011-12-28 11:00:00,158.79848917369264
2011-12-28 12:00:00,41.40524385964915
2011-12-28 13:00:00,142.7760568828294
2011-12-28 14:00:00,124.31816243838495
2011-12-28 15:00:00,82.28567672409925
2011-12-28 16:00:00,136.12530108012902
2011-12-28 17:00:00,75.66964348997254
2011-12-28 18:00:00,197.19133951030904
2011-12-28 19:00:00,111.29968212877864
2011-12-28 20:00:00,110.19170432978028
2011-12-28 21:00:00,75.39184835154948
2011-12-28 22:00:00,65.41313977038789
2011-12-28 23:00:00,70.26276951089996
2011-12-29 00:00:00,90.72375059383997
2011-12-29 01:00:00,82.19431284675373
2011-12-29 02:00:00,66.92981339183397
2011-12-29 03:00:00,51.53562115069598
2011-12-29 04:00:00,114.96047872516856
2011-12-29 05:00:00,81.58383122610074
2011-12-29 06:00:00,69.51516269939209
2011-12-29 07:00:00,43.53680412920412
2011-12-29 08:00:00,90.39668939393938
2011-12-29 09:00:00,34.76776942091724
2011-12-29 10:00:00,69.53566589427534
2011-12-29 11:00:00,224.18022294150694
2011-12-29 12:00:00,97.51598728272134
2011-12-29 13:00:00,109.84141189144593
2011-12-29 14:00:00,81.96263520923522
2011-12-29 15:00:00,138.5041813075813
2011-12-29 16:00:00,66.7435895843808
2011-12-29 17:00:00,105.95996611351609
2011-12-29 18:00:00,97.05084114774114
2011-12-29 19:00:00,101.2184614940615
2011-12-29 20:00:00,30.504002985902996
2011-12-29 21:00:00,127.22381084804488
2011-12-29 22:00:00,25.906493040293054
2011-12-29 23:00:00,96.89221091871087
2011-12-30 00:00:00,63.85293701298699
2011-12-30 01:00:00,5.469995997629821
2011-12-30 02:00:00,76.84656250916657
2011-12-30 03:00:00,76.84656250916657
2011-12-30 04:00:00,10.337901885639813
2011-12-30 05:00:00,18.827572346714682
2011-12-30 06:00:00,10.337901885639813
2011-12-30 07:00:00,16.95923870992663
2011-12-30 08:00:00,139.11758797814207
2011-12-30 09:00:00,92.20136687675071
2011-12-30 10:00:00,94.6228582491582
2011-12-30 11:00:00,77.78633484162897
2011-12-30 12:00:00,113.44145661473031
2011-12-30 13:00:00,144.6676732151835
2011-12-30 14:00:00,121.61881587301586
2011-12-30 15:00:00,167.3301936507936
2011-12-30 16:00:00,108.45234812839664
2011-12-30 17:00:00,197.65590656741335
2011-12-30 18:00:00,163.62946866408444
2011-12-30 19:00:00,120.11166666666665
2011-12-30 20:00:00,124.24426190476188
2011-12-30 21:00:00,150.5116235930736
2011-12-30 22:00:00,117.94232307692306
2011-12-30 23:00:00,104.08732069597073
2011-12-31 00:00:00,165.53575
2011-12-31 01:00:00,123.16619019607842
2011-12-31 02:00:00,123.16619019607842
2011-12-31 03:00:00,123.16619019607842
2011-12-31 04:00:00,66.61043787878788
2011-12-31 05:00:00,66.67937142857144
2011-12-31 06:00:00,159.75836666666666
2011-12-31 07:00:00,122.87686666666666
2011-12-31 08:00:00,100.98526666666672
2011-12-31 09:00:00,76.74383333333333
2011-12-31 10:00:00,85.57400973084884
2011-12-31 11:00:00,114.99341132201134
2011-12-31 12:00:00,263.8123029106858
2011-12-31 13:00:00,268.34570238095245
2011-12-31 14:00:00,185.33335256410257
2011-12-31 15:00:00,152.20956666666663
2011-12-31 16:00:00,96.98580415140414
2011-12-31 17:00:00,156.83955816144635
2011-12-31 18:00:00,173.9425376819259
2011-12-31 19:00:00,166.86539372294374
2011-12-31 20:00:00,166.86539372294374
2011-12-31 21:00:00,96.12147979797976
2011-12-31 22:00:00,219.2463015873016
2011-12-31 23:00:00,61.985904761904756
2012-01-20 00:00:00,220.60215235689992
2012-01-20 01:00:00,101.96051397151297
2012-01-20 02:00:00,101.96051397151297
2012-01-20 03:00:00,59.14264818850741
2012-01-20 04:00:00,126.44459828358775
2012-01-20 05:00:00,126.44459828358775
2012-01-20 06:00:00,86.89547988036043
2012-01-20 07:00:00,11.02317380952381
2012-01-20 08:00:00,56.99912875815928
2012-01-20 09:00:00,155.4090469193516
2012-01-20 10:00:00,72.57249783670706
2012-01-20 11:00:00,164.94183036878735
2012-01-20 12:00:00,111.9913046227243
2012-01-20 13:00:00,126.23185501100959
2012-01-20 14:00:00,86.3754906886999
2012-01-20 15:00:00,127.15641659667706
2012-01-20 16:00:00,98.56303145260966
2012-01-20 17:00:00,141.6154603063603
2012-01-20 18:00:00,140.63511086048453
2012-01-20 19:00:00,181.0803760549675
2012-01-20 20:00:00,140.63511086048453
2012-01-20 21:00:00,146.9294370509607
2012-01-20 22:00:00,77.0561645726409
2012-01-20 23:00:00,49.038384240652775
2012-01-21 00:00:00,39.190466666666666
2012-01-21 01:00:00,35.96463333333334
2012-01-21 02:00:00,23.552314285714285
2012-01-21 03:00:00,19.14294444444445
2012-01-21 04:00:00,23.22876666666666
2012-01-21 05:00:00,26.832885714285716
2012-01-21 06:00:00,28.447385714285716
2012-01-21 07:00:00,28.447385714285716
2012-01-21 08:00:00,43.93246666666668
2012-01-21 09:00:00,43.93246666666668
2012-01-21 10:00:00,31.3292
2012-01-21 11:00:00,45.00864545454546
2012-01-21 12:00:00,48.999101587301595
2012-01-21 13:00:00,69.8877393939394
2012-01-21 14:00:00,44.4859
2012-01-21 15:00:00,44.4859
2012-01-21 16:00:00,73.4177
2012-01-21 17:00:00,73.9459
2012-01-21 18:00:00,67.37781666666666
2012-01-21 19:00:00,62.016400000000004
2012-01-21 20:00:00,62.87923333333334
2012-01-21 21:00:00,66.01795151515151
2012-01-21 22:00:00,52.179333333333325
2012-01-21 23:00:00,51.6107393939394
2012-01-22 00:00:00,57.37580000000001
2012-01-22 01:00:00,52.179333333333325
2012-01-22 02:00:00,53.71493939393939
2012-01-22 03:00:00,53.95940606060605
2012-01-22 04:00:00,36.006
2012-01-22 05:00:00,33.353300000000004
2012-01-22 06:00:00,37.02117272727273
2012-01-22 07:00:00,37.02117272727273
2012-01-22 08:00:00,37.02117272727273
2012-01-22 09:00:00,37.02117272727273
2012-01-22 10:00:00,41.79123333333334
2012-01-22 11:00:00,44.4902
2012-01-22 12:00:00,45.233739393939395
2012-01-22 13:00:00,34.7223
2012-01-22 14:00:00,31.07872380952381
2012-01-22 15:00:00,35.47999047619048
2012-01-22 16:00:00,35.47999047619048
2012-01-22 17:00:00,26.229033333333334
2012-01-22 18:00:00,26.832885714285716
2012-01-22 19:00:00,26.832885714285716
2012-01-22 20:00:00,28.357085714285716
2012-01-22 21:00:00,26.832885714285716
2012-01-22 22:00:00,32.15387777777777
2012-01-22 23:00:00,29.213644444444444
2012-01-23 00:00:00,65.23236594280115
2012-01-23 01:00:00,126.74018158730158
2012-01-23 02:00:00,126.74018158730158
2012-01-23 03:00:00,65.23236594280115
2012-01-23 04:00:00,179.8944080830281
2012-01-23 05:00:00,61.562339813375026
2012-01-23 06:00:00,61.562339813375026
2012-01-23 07:00:00,85.0201914983567
2012-01-23 08:00:00,137.54971111111112
2012-01-23 09:00:00,119.44343274266797
2012-01-23 10:00:00,72.4643595935948
2012-01-23 11:00:00,120.8840313829166
2012-01-23 12:00:00,70.23335859737793
2012-01-23 13:00:00,39.59846341532863
2012-01-23 14:00:00,15.562021139971137
2012-01-23 15:00:00,109.2235126984127
2012-01-23 16:00:00,53.14541737208149
2012-01-23 17:00:00,68.14567924798337
2012-01-23 18:00:00,75.46194991176402
2012-01-23 19:00:00,29.91512004163414
2012-01-23 20:00:00,75.96058095238094
2012-01-23 21:00:00,93.19248412698411
2012-01-23 22:00:00,93.19248412698411
2012-01-23 23:00:00,37.349119047619055
2012-01-24 00:00:00,73.65988095238096
2012-01-24 01:00:00,67.2908
2012-01-24 02:00:00,83.03886666666666
2012-01-24 03:00:00,137.46490277777778
2012-01-24 04:00:00,135.55515714285715
2012-01-24 05:00:00,135.55515714285715
2012-01-24 06:00:00,89.10975714285713
2012-01-24 07:00:00,137.46490277777778
2012-01-24 08:00:00,137.46490277777778
2012-01-24 09:00:00,117.25806388888888
2012-01-24 10:00:00,115.74116190476188
2012-01-24 11:00:00,132.47123333333334
2012-01-24 12:00:00,99.6177333333333
2012-01-24 13:00:00,99.6177333333333
2012-01-24 14:00:00,140.66466666666665
2012-01-24 15:00:00,143.96173174603175
2012-01-24 16:00:00,118.09617827434002
2012-01-24 17:00:00,88.19635757575762
2012-01-24 18:00:00,102.77063290043289
2012-01-24 19:00:00,114.64228484848486
2012-01-24 20:00:00,66.90529047619047
2012-01-24 21:00:00,98.09000000000005
2012-01-24 22:00:00,140.3139904761905
2012-01-24 23:00:00,66.90529047619047
2012-01-25 00:00:00,105.63071904761904
2012-01-25 01:00:00,91.3857358974359
2012-01-25 02:00:00,119.84913939393938
2012-01-25 03:00:00,102.07724076535486
2012-01-25 04:00:00,129.33800796536798
2012-01-25 05:00:00,129.33800796536798
2012-01-25 06:00:00,164.87361197691197
2012-01-25 07:00:00,152.09182626262628
2012-01-25 08:00:00,229.55304444444445
2012-01-25 09:00:00,229.55304444444445
2012-01-25 10:00:00,149.16255238095238
2012-01-25 11:00:00,136.19651954022987
2012-01-25 12:00:00,104.58788997026366
2012-01-25 13:00:00,134.2002075880794
2012-01-25 14:00:00,99.98174920482519
2012-01-25 15:00:00,177.69883326118327
2012-01-25 16:00:00,111.1541465707995
2012-01-25 17:00:00,135.18800989692696
2012-01-25 18:00:00,128.67873116883118
2012-01-25 19:00:00,55.689066666666676
2012-01-25 20:00:00,107.98038991808276
2012-01-25 21:00:00,45.64375670995671
2012-01-25 22:00:00,58.18846637806635
2012-01-25 23:00:00,69.50590873015874
2012-01-26 00:00:00,125.84688119658118
2012-01-26 01:00:00,84.26049523809525
2012-01-26 02:00:00,97.0917835331335
2012-01-26 03:00:00,239.6446523809524
2012-01-26 04:00:00,115.98971904761903
2012-01-26 05:00:00,116.74270601620601
2012-01-26 06:00:00,40.712328571428564
2012-01-26 07:00:00,127.80797777777777
2012-01-26 08:00:00,127.80797777777777
2012-01-26 09:00:00,52.29638095238095
2012-01-26 10:00:00,90.32327905982903
2012-01-26 11:00:00,51.172716117216105
2012-01-26 12:00:00,99.5977869047619
2012-01-26 13:00:00,141.16740000000001
2012-01-26 14:00:00,113.96370873015874
2012-01-26 15:00:00,99.94820000000001
2012-01-26 16:00:00,115.20453333333333
2012-01-26 17:00:00,130.01043333333334
2012-01-26 18:00:00,130.01043333333334
2012-01-26 19:00:00,118.96320182619313
2012-01-26 20:00:00,120.32304047619047
2012-01-26 21:00:00,118.96320182619313
2012-01-26 22:00:00,146.49696666666668
2012-01-26 23:00:00,149.67374492753623
2012-01-27 00:00:00,88.65439731789948
2012-01-27 01:00:00,267.19728231068456
2012-01-27 02:00:00,400.4533333333333
2012-01-27 03:00:00,53.480433333333345
2012-01-27 04:00:00,18.816600000000005
2012-01-27 05:00:00,59.85786666666667
2012-01-27 06:00:00,54.53066666666666
2012-01-27 07:00:00,48.33523333333335
2012-01-27 08:00:00,90.3106321067821
2012-01-27 09:00:00,90.3106321067821
2012-01-27 10:00:00,52.255599999999994
2012-01-27 11:00:00,193.37068571428574
2012-01-27 12:00:00,167.78051647709017
2012-01-27 13:00:00,258.18915555555543
2012-01-27 14:00:00,264.91579999999993
2012-01-27 15:00:00,175.1417467330245
2012-01-27 16:00:00,143.61823333333334
2012-01-27 17:00:00,191.78847777777776
2012-01-27 18:00:00,150.31762777777774
2012-01-27 19:00:00,116.13123661893663
2012-01-27 20:00:00,99.71718352848524
2012-01-27 21:00:00,108.12913333333333
2012-01-27 22:00:00,121.39378040913334
2012-01-27 23:00:00,85.88710864756156
2012-01-28 00:00:00,105.63392326007326
2012-01-28 01:00:00,106.97497415721534
2012-01-28 02:00:00,43.28766666666668
2012-01-28 03:00:00,19.858561904761903
2012-01-28 04:00:00,24.83360714285714
2012-01-28 05:00:00,18.747176587301592
2012-01-28 06:00:00,25.33831533189034
2012-01-28 07:00:00,20.35754087301588
2012-01-28 08:00:00,50.26958095238096
2012-01-28 09:00:00,26.831810714285744
2012-01-28 10:00:00,60.40265952380952
2012-01-28 11:00:00,96.62690391275392
2012-01-28 12:00:00,87.75490476190475
2012-01-28 13:00:00,105.95079093133353
2012-01-28 14:00:00,91.34076767676767
2012-01-28 15:00:00,76.76980891330894
2012-01-28 16:00:00,241.85822114647806
2012-01-28 17:00:00,165.0883155909225
2012-01-28 18:00:00,322.06755498770434
2012-01-28 19:00:00,223.41601738095238
2012-01-28 20:00:00,88.40053058876963
2012-01-28 21:00:00,226.23318035050167
2012-01-28 22:00:00,193.17183961914145
2012-01-28 23:00:00,194.35914090909097
2012-01-29 00:00:00,131.1453092230263
2012-01-29 01:00:00,110.29767142857142
2012-01-29 02:00:00,111.10880669330669
2012-01-29 03:00:00,135.9116366078366
2012-01-29 04:00:00,119.82123333333334
2012-01-29 05:00:00,37.15547341917629
2012-01-29 06:00:00,73.4409619047619
2012-01-29 07:00:00,96.07538419825788
2012-01-29 08:00:00,77.98216666666667
2012-01-29 09:00:00,43.75590595238095
2012-01-29 10:00:00,99.68562673350043
2012-01-29 11:00:00,113.65851481296481
2012-01-29 12:00:00,191.75348961038964
2012-01-29 13:00:00,191.75348961038964
2012-01-29 14:00:00,207.13508961038963
2012-01-29 15:00:00,220.0879253758786
2012-01-29 16:00:00,157.1486472222222
2012-01-29 17:00:00,157.1486472222222
2012-01-29 18:00:00,207.2824094155844
2012-01-29 19:00:00,252.62865151515155
2012-01-29 20:00:00,102.79731319128027
2012-01-29 21:00:00,135.2928157054328
2012-01-29 22:00:00,102.89415686274509
2012-01-29 23:00:00,209.27481666666668
2012-01-30 00:00:00,114.59818781512605
2012-01-30 01:00:00,105.47808130743525
2012-01-30 02:00:00,114.40342604348827
2012-01-30 03:00:00,63.719916545643066
2012-01-30 04:00:00,73.5650661891701
2012-01-30 05:00:00,73.5650661891701
2012-01-30 06:00:00,70.26276951089996
2012-01-30 07:00:00,79.61621473853549
2012-01-30 08:00:00,44.30837995849065
2012-01-30 09:00:00,44.30837995849065
2012-01-30 10:00:00,82.81650729667827
2012-01-30 11:00:00,85.81340495713438
2012-01-30 12:00:00,134.2085097178793
2012-01-30 13:00:00,112.88133848660918
2012-01-30 14:00:00,202.4125761904762
2012-01-30 15:00:00,202.9014994227994
2012-01-30 16:00:00,275.1218552674734
2012-01-30 17:00:00,218.28914527986632
2012-01-30 18:00:00,269.27092613256303
2012-01-30 19:00:00,161.94974506336573
2012-01-30 20:00:00,114.75085766298835
2012-01-30 21:00:00,122.52530288443357
2012-01-30 22:00:00,157.92361719635107
2012-01-30 23:00:00,78.3630717060717
2012-01-31 00:00:00,73.21862369384274
2012-01-31 01:00:00,156.17061316738815
2012-01-31 02:00:00,106.59554811589588
2012-01-31 03:00:00,102.46088904744798
2012-01-31 04:00:00,87.81867294139411
2012-01-31 05:00:00,87.81867294139411
2012-01-31 06:00:00,70.17863666478996
2012-01-31 07:00:00,78.3630717060717
2012-01-31 08:00:00,92.53082903762903
2012-01-31 09:00:00,49.59991935683052
2012-01-31 10:00:00,68.80364070508917
2012-01-31 11:00:00,245.74143592454507
2012-01-31 12:00:00,203.48759799265517
2012-01-31 13:00:00,364.39658393637177
2012-01-31 14:00:00,369.75876666666665
2012-01-31 15:00:00,190.12288888888887
2012-01-31 16:00:00,190.12288888888887
2012-01-31 17:00:00,210.66692222222224
2012-01-31 18:00:00,278.5733333333334
2012-01-31 19:00:00,379.0853383449884
2012-01-31 20:00:00,66.26148498168497
2012-01-31 21:00:00,281.76698591375947
2012-01-31 22:00:00,253.59718711106723
2012-01-31 23:00:00,196.01090029593126
2012-02-20 00:00:00,66.42472857142857
2012-02-20 01:00:00,66.42472857142857
2012-02-20 02:00:00,66.42472857142857
2012-02-20 03:00:00,65.81671428571428
2012-02-20 05:00:00,94.058
2012-02-20 06:00:00,136.76275757575758
2012-02-20 07:00:00,110.98325757575758
2012-02-20 08:00:00,143.62266666666665
2012-02-20 09:00:00,143.62266666666665
2012-02-20 10:00:00,143.4345909090909
2012-02-20 11:00:00,164.05779976958524
2012-02-20 12:00:00,97.8488142857143
2012-02-20 13:00:00,108.28532815964522
2012-02-20 14:00:00,107.68224047619046
2012-02-20 15:00:00,111.44101009358565
2012-02-20 16:00:00,147.48370837315568
2012-02-20 17:00:00,172.68667757835448
2012-02-20 18:00:00,111.44101009358565
2012-02-20 19:00:00,111.44101009358565
2012-02-20 20:00:00,143.22643556736665
2012-02-20 21:00:00,124.62757857142857
2012-02-20 22:00:00,136.7742
2012-02-20 23:00:00,128.96173333333334
2012-02-21 00:00:00,11.569581062564886
2012-02-21 01:00:00,54.20228849206349
2012-02-21 02:00:00,95.03910859973362
2012-02-21 04:00:00,29.829819980999392
2012-02-21 05:00:00,24.106365291244707
2012-02-21 06:00:00,84.69523677753621
2012-02-21 07:00:00,29.829819980999392
2012-02-21 08:00:00,17.855610385039803
2012-02-21 09:00:00,151.0166294227994
2012-02-21 10:00:00,210.1061390603932
2012-02-21 11:00:00,123.8265960606061
2012-02-21 12:00:00,149.40547509578545
2012-02-21 13:00:00,115.88715659960951
2012-02-21 14:00:00,86.4845423558897
2012-02-21 15:00:00,115.88715659960951
2012-02-21 16:00:00,137.29296338004184
2012-02-21 17:00:00,199.64257485455073
2012-02-21 18:00:00,199.64257485455073
2012-02-21 19:00:00,177.93271922156873
2012-02-21 20:00:00,76.66629423243403
2012-02-21 21:00:00,212.75470611152977
2012-02-21 22:00:00,109.76738974358973
2012-02-21 23:00:00,106.59692128851542
2012-02-22 00:00:00,106.59692128851542
2012-02-22 01:00:00,95.56068354978352
2012-02-22 02:00:00,70.42552307692307
2012-02-22 03:00:00,122.5262564102564
2012-02-22 04:00:00,23.1492445054945
2012-02-22 05:00:00,90.9314313131313
2012-02-22 06:00:00,123.17736666666667
2012-02-22 07:00:00,54.81045555555555
2012-02-22 08:00:00,189.49520476190472
2012-02-22 09:00:00,86.53838585858583
2012-02-22 10:00:00,143.16694761904765
2012-02-22 11:00:00,88.34872762237762
2012-02-22 12:00:00,68.89981109884717
2012-02-22 13:00:00,131.1882717543799
2012-02-22 14:00:00,121.80240877846695
2012-02-22 15:00:00,304.523
2012-02-22 16:00:00,195.0139333333333
2012-02-22 17:00:00,285.3568666666667
2012-02-22 18:00:00,209.36506280193242
2012-02-22 19:00:00,233.62910724637683
2012-02-22 20:00:00,142.35505557260555
2012-02-22 21:00:00,281.58064024276376
2012-02-22 22:00:00,141.49965559440557
2012-02-22 23:00:00,145.75330598681765
2012-02-23 00:00:00,141.49965559440557
2012-02-23 01:00:00,133.26845662875138
2012-02-23 02:00:00,200.05442116867232
2012-02-23 03:00:00,150.3080713164778
2012-02-23 04:00:00,104.81055124562062
2012-02-23 05:00:00,104.81055124562062
2012-02-23 06:00:00,142.8279333333333
2012-02-23 07:00:00,140.66466666666665
2012-02-23 08:00:00,134.82066666666665
2012-02-23 09:00:00,109.15866666666666
2012-02-23 10:00:00,183.25722940983368
2012-02-23 11:00:00,165.064759458979
2012-02-23 12:00:00,235.37410742668632
2012-02-23 13:00:00,217.64376455879483
2012-02-23 14:00:00,224.84149704514914
2012-02-23 15:00:00,156.26733333333334
2012-02-23 16:00:00,225.09383333333335
2012-02-23 17:00:00,158.4638787878788
2012-02-23 18:00:00,190.72332033492822
2012-02-23 19:00:00,194.42366666666663
2012-02-23 20:00:00,190.0927643645761
2012-02-23 21:00:00,161.5317626387566
2012-02-23 22:00:00,176.28561526264738
2012-02-23 23:00:00,92.57339999999999
2012-02-24 00:00:00,153.14577142857144
2012-02-24 01:00:00,197.94941164543428
2012-02-24 02:00:00,101.4803937950938
2012-02-24 03:00:00,111.76275202020202
2012-02-24 04:00:00,168.0604409090909
2012-02-24 05:00:00,216.64688282828283
2012-02-24 06:00:00,136.74021904761904
2012-02-24 07:00:00,109.0852589337563
2012-02-24 08:00:00,93.02053333333332
2012-02-24 09:00:00,92.44119047619047
2012-02-24 10:00:00,100.91573333333334
2012-02-24 11:00:00,135.07209340659344
2012-02-24 12:00:00,110.41520960735171
2012-02-24 13:00:00,99.94820000000001
2012-02-24 14:00:00,48.48689999999999
2012-02-24 15:00:00,239.76936666666666
2012-02-24 16:00:00,239.76936666666666
2012-02-24 17:00:00,165.22506666666666
2012-02-24 18:00:00,79.4516666666667
2012-02-24 19:00:00,268.4686650793651
2012-02-24 20:00:00,202.00189285714288
2012-02-24 21:00:00,261.48170585086746
2012-02-24 22:00:00,189.5506274735393
2012-02-24 23:00:00,213.8465619723738
2012-02-25 00:00:00,172.35976561624653
2012-02-25 01:00:00,293.84046666666666
2012-02-25 02:00:00,135.44570038939736
2012-02-25 03:00:00,113.03549153020889
2012-02-25 04:00:00,114.90680800865802
2012-02-25 05:00:00,102.12977222222221
2012-02-25 06:00:00,102.12977222222221
2012-02-25 07:00:00,95.55001881720432
2012-02-25 08:00:00,65.38119434674722
2012-02-25 09:00:00,75.0597
2012-02-25 10:00:00,24.68766666666667
2012-02-25 11:00:00,119.01566666666668
2012-02-25 12:00:00,140.09999999999997
2012-02-25 13:00:00,128.1659901960784
2012-02-25 14:00:00,121.23
2012-02-25 15:00:00,137.1204901960784
2012-02-25 16:00:00,83.88833333333335
2012-02-25 17:00:00,155.57178333333331
2012-02-25 18:00:00,68.9171
2012-02-25 19:00:00,130.96988333333334
2012-02-25 20:00:00,116.698
2012-02-25 21:00:00,119.82753644405129
2012-02-25 22:00:00,129.46833333333333
2012-02-25 23:00:00,126.5811377463144
2012-02-26 00:00:00,52.83653646426313
2012-02-26 01:00:00,58.825718002724656
2012-02-26 02:00:00,58.825718002724656
2012-02-26 03:00:00,126.96326497898237
2012-02-26 04:00:00,126.96326497898237
2012-02-26 05:00:00,67.56306389906388
2012-02-26 06:00:00,95.02552467938132
2012-02-26 07:00:00,74.29673053391052
2012-02-26 08:00:00,65.21283289914075
2012-02-26 09:00:00,64.1295447603079
2012-02-26 10:00:00,76.70208333333336
2012-02-26 11:00:00,75.93399754641493
2012-02-26 12:00:00,104.03400873015873
2012-02-26 13:00:00,153.23676292335116
2012-02-26 14:00:00,175.4936363445381
2012-02-26 15:00:00,207.06499190009362
2012-02-26 16:00:00,212.41166054396902
2012-02-26 17:00:00,209.84048568191275
2012-02-26 18:00:00,140.45609520291518
2012-02-26 19:00:00,213.31221812951995
2012-02-26 20:00:00,99.50731926406925
2012-02-26 21:00:00,101.0957081953994
2012-02-26 22:00:00,98.9437807237478
2012-02-26 23:00:00,12.228342857142858
2012-02-27 00:00:00,68.99439453781513
2012-02-27 01:00:00,93.56896174936178
2012-02-27 02:00:00,107.6482634920635
2012-02-27 03:00:00,133.2611641419782
2012-02-27 04:00:00,41.53505204740614
2012-02-27 05:00:00,41.53505204740614
2012-02-27 06:00:00,229.55304444444445
2012-02-27 07:00:00,48.763293300742276
2012-02-27 08:00:00,79.5751868131868
2012-02-27 09:00:00,78.3630717060717
2012-02-27 10:00:00,110.81206501305326
2012-02-27 11:00:00,250.63903077210514
2012-02-27 12:00:00,230.6088388624534
2012-02-27 13:00:00,196.2377111726095
2012-02-27 14:00:00,285.24058862612645
2012-02-27 15:00:00,195.6451
2012-02-27 16:00:00,190.12288888888887
2012-02-27 17:00:00,190.93992222222224
2012-02-27 18:00:00,187.6311333333333
2012-02-27 19:00:00,395.4
2012-02-27 20:00:00,336.6996777777777
2012-02-27 21:00:00,285.24058862612645
2012-02-27 22:00:00,162.6384718772288
2012-02-27 23:00:00,101.82042530584131
2012-02-28 00:00:00,118.47651866379235
2012-02-28 01:00:00,228.0954859926496
2012-02-28 02:00:00,62.28038484848485
2012-02-28 03:00:00,163.57659069340306
2012-02-28 04:00:00,233.9525105263158
2012-02-28 05:00:00,233.9525105263158
2012-02-28 06:00:00,155.29879495671
2012-02-28 07:00:00,120.06093929296884
2012-02-28 08:00:00,109.985726221793
2012-02-28 09:00:00,117.82505328177483
2012-02-28 10:00:00,156.17061316738815
2012-02-28 11:00:00,219.75781486620468
2012-02-28 12:00:00,228.92101146039786
2012-02-28 13:00:00,168.52966364388692
2012-02-28 14:00:00,171.44553476678124
2012-02-28 15:00:00,186.74992957393482
2012-02-28 16:00:00,226.20214233339755
2012-02-28 17:00:00,186.74992957393482
2012-02-28 18:00:00,182.89577390819525
2012-02-28 19:00:00,169.9909295739348
2012-02-28 20:00:00,156.7142673383159
2012-02-28 21:00:00,186.5543431344247
2012-02-28 22:00:00,186.5543431344247
2012-02-28 23:00:00,74.45323446253002
2012-02-29 00:00:00,135.48729647019644
2012-02-29 01:00:00,79.66840482072975
2012-02-29 02:00:00,46.743643436193416
2012-02-29 03:00:00,156.39319285714285
2012-02-29 05:00:00,67.66905987819372
2012-02-29 06:00:00,239.6446523809524
2012-02-29 07:00:00,83.50257338717748
2012-02-29 08:00:00,125.84688119658118
2012-02-29 09:00:00,99.10716794871796
2012-02-29 10:00:00,99.10716794871796
2012-02-29 11:00:00,82.04908461538459
2012-02-29 12:00:00,61.413266666666665
2012-02-29 13:00:00,66.45483333333334
2012-02-29 14:00:00,66.45483333333334
2012-02-29 15:00:00,68.62686580086582
2012-02-29 16:00:00,110.7268
2012-02-29 17:00:00,136.74021904761904
2012-02-29 18:00:00,340.44033333333334
2012-02-29 19:00:00,197.48592857142856
2012-02-29 20:00:00,158.00086666666667
2012-02-29 21:00:00,158.00086666666667
2012-02-29 22:00:00,35.02299047619048
2012-02-29 23:00:00,35.02299047619048
2012-03-20 00:00:00,227.88072991452992
2012-03-20 01:00:00,276.89893333333333
2012-03-20 02:00:00,150.39671292596293
2012-03-20 03:00:00,303.98948999138116
2012-03-20 04:00:00,254.11883865546218
2012-03-20 05:00:00,137.873680952381
2012-03-20 06:00:00,146.99850000000004
2012-03-20 07:00:00,69.58031904761903
2012-03-20 08:00:00,319.30092380952374
2012-03-20 09:00:00,171.1434494435389
2012-03-20 10:00:00,226.20500717580663
2012-03-20 11:00:00,134.17140824975152
2012-03-20 12:00:00,187.48943863480505
2012-03-20 13:00:00,147.58940029215353
2012-03-20 14:00:00,350.83930618495543
2012-03-20 15:00:00,310.0025993217893
2012-03-20 16:00:00,370.376203066378
2012-03-20 17:00:00,310.1342499267399
2012-03-20 18:00:00,340.9240309523809
2012-03-20 19:00:00,271.58771767103195
2012-03-20 20:00:00,319.04491904761903
2012-03-20 21:00:00,360.5876
2012-03-20 22:00:00,340.718180952381
2012-03-20 23:00:00,275.15234545454547
2012-03-21 00:00:00,176.77321284271284
2012-03-21 01:00:00,47.193272458295056
2012-03-21 02:00:00,76.72758898613597
2012-03-21 03:00:00,214.1519930712037
2012-03-21 04:00:00,50.41247394895829
2012-03-21 05:00:00,50.41247394895829
2012-03-21 06:00:00,82.84619365079365
2012-03-21 07:00:00,59.67208095238094
2012-03-21 08:00:00,134.3125380952381
2012-03-21 09:00:00,140.5974016932387
2012-03-21 10:00:00,121.60316084446829
2012-03-21 11:00:00,121.60316084446829
2012-03-21 12:00:00,219.3335981684982
2012-03-21 13:00:00,168.5334858363858
2012-03-21 14:00:00,175.14387832722824
2012-03-21 15:00:00,175.14387832722824
2012-03-21 16:00:00,272.7863445887446
2012-03-21 17:00:00,195.53987876001887
2012-03-21 18:00:00,244.2027261904762
2012-03-21 19:00:00,261.13300634920637
2012-03-21 20:00:00,75.2581070961718
2012-03-21 21:00:00,64.30785237786522
2012-03-21 22:00:00,65.35033629922945
2012-03-21 23:00:00,312.9545142857143
2012-03-22 00:00:00,47.193272458295056
2012-03-22 01:00:00,47.193272458295056
2012-03-22 02:00:00,47.193272458295056
2012-03-22 03:00:00,47.193272458295056
2012-03-22 04:00:00,119.6617
2012-03-22 05:00:00,119.6617
2012-03-22 06:00:00,119.6617
2012-03-22 07:00:00,119.6617
2012-03-22 08:00:00,150.5217380952381
2012-03-22 09:00:00,150.5217380952381
2012-03-22 10:00:00,159.33796666666666
2012-03-22 11:00:00,136.3265142857143
2012-03-22 12:00:00,272.39813806343636
2012-03-22 13:00:00,96.0124374991022
2012-03-22 14:00:00,184.5189431529582
2012-03-22 15:00:00,251.67694237307248
2012-03-22 16:00:00,258.7706374311787
2012-03-22 17:00:00,408.60445752508355
2012-03-22 18:00:00,408.60445752508355
2012-03-22 19:00:00,202.1601857142857
2012-03-22 20:00:00,90.12114645909645
2012-03-22 21:00:00,91.51377608087384
2012-03-22 22:00:00,156.28528051756066
2012-03-22 23:00:00,17.409043044777714
2012-03-23 00:00:00,44.98072979038505
2012-03-23 01:00:00,275.187450937951
2012-03-23 02:00:00,73.09299818008787
2012-03-23 03:00:00,54.70155697818693
2012-03-23 04:00:00,160.95048571428572
2012-03-23 05:00:00,166.0905666666667
2012-03-23 06:00:00,238.3441287878788
2012-03-23 07:00:00,134.41998223410576
2012-03-23 08:00:00,146.09339523809524
2012-03-23 09:00:00,232.4306577817092
2012-03-23 10:00:00,128.72868644977092
2012-03-23 11:00:00,243.63930329004327
2012-03-23 12:00:00,216.9071243300816
2012-03-23 13:00:00,312.7957761904762
2012-03-23 14:00:00,273.2790141025641
2012-03-23 15:00:00,295.5281747124301
2012-03-23 16:00:00,381.16456820619123
2012-03-23 17:00:00,381.16456820619123
2012-03-23 18:00:00,386.1513440131248
2012-03-23 19:00:00,275.255121978022
2012-03-23 20:00:00,212.34884761904763
2012-03-23 21:00:00,149.3975333333333
2012-03-23 22:00:00,248.5134396825397
2012-03-23 23:00:00,346.9841022401619
2012-03-24 00:00:00,216.1608
2012-03-24 01:00:00,144.4422095238095
2012-03-24 02:00:00,200.05919999999998
2012-03-24 03:00:00,200.05919999999998
2012-03-24 04:00:00,134.47145714285716
2012-03-24 05:00:00,142.53141396937028
2012-03-24 06:00:00,142.53141396937028
2012-03-24 07:00:00,76.56904550353032
2012-03-24 08:00:00,106.44918253968254
2012-03-24 09:00:00,130.28021067520072
2012-03-24 10:00:00,111.98653111236587
2012-03-24 11:00:00,106.44918253968254
2012-03-24 12:00:00,71.31424285714283
2012-03-24 13:00:00,64.21960000000001
2012-03-24 14:00:00,93.06234251207732
2012-03-24 15:00:00,49.22553333333333
2012-03-24 16:00:00,47.32546666666668
2012-03-24 17:00:00,64.83137209360687
2012-03-24 18:00:00,44.809638095238085
2012-03-24 19:00:00,83.61251111111115
2012-03-24 20:00:00,44.6028
2012-03-24 21:00:00,44.6028
2012-03-24 22:00:00,34.54736666666667
2012-03-24 23:00:00,53.443099999999994
2012-03-25 00:00:00,53.443099999999994
2012-03-25 01:00:00,46.305833333333325
2012-03-25 02:00:00,23.6071
2012-03-25 03:00:00,27.499966666666666
2012-03-25 04:00:00,43.51706666666667
2012-03-25 05:00:00,35.89650000000001
2012-03-25 06:00:00,35.89650000000001
2012-03-25 07:00:00,36.03266666666667
2012-03-25 08:00:00,36.03266666666667
2012-03-25 09:00:00,38.92323333333333
2012-03-25 10:00:00,52.89127878787878
2012-03-25 11:00:00,38.92323333333333
2012-03-25 12:00:00,47.502
2012-03-25 13:00:00,153.73894047619046
2012-03-25 14:00:00,157.04752619047613
2012-03-25 15:00:00,112.36874069264067
2012-03-25 16:00:00,116.75271904761904
2012-03-25 17:00:00,31.59423222610723
2012-03-25 18:00:00,31.59423222610723
2012-03-25 19:00:00,153.99646810966811
2012-03-25 20:00:00,231.63669035087722
2012-03-25 21:00:00,160.6406197849697
2012-03-25 22:00:00,111.63886820088122
2012-03-25 23:00:00,121.56823962945265
2012-03-26 00:00:00,260.2583791856464
2012-03-26 01:00:00,282.2842431776361
2012-03-26 02:00:00,26.81492662466479
2012-03-26 03:00:00,184.4110952919034
2012-03-26 04:00:00,73.88046142156945
2012-03-26 05:00:00,44.211514662523534
2012-03-26 06:00:00,109.86455607636422
2012-03-26 07:00:00,119.29006440630062
2012-03-26 08:00:00,118.53903686348032
2012-03-26 09:00:00,137.71976903273858
2012-03-26 10:00:00,284.33206666666666
2012-03-26 11:00:00,260.4433
2012-03-26 12:00:00,284.7679222222222
2012-03-26 13:00:00,279.0525
2012-03-26 14:00:00,236.1052404040404
2012-03-26 15:00:00,268.9365
2012-03-26 16:00:00,278.2636666666666
2012-03-26 17:00:00,244.22293333333332
2012-03-26 18:00:00,234.37859814814811
2012-03-26 19:00:00,208.64677142857144
2012-03-26 20:00:00,215.39796111111113
2012-03-26 21:00:00,169.5419325396825
2012-03-26 22:00:00,206.17108174603177
2012-03-26 23:00:00,151.47658095238097
2012-03-27 00:00:00,100.86958095238096
2012-03-27 01:00:00,215.8826666666667
2012-03-27 02:00:00,169.89020486092852
2012-03-27 03:00:00,182.99562222787526
2012-03-27 04:00:00,279.75636838077526
2012-03-27 05:00:00,78.7037349487558
2012-03-27 06:00:00,125.00208940119703
2012-03-27 07:00:00,125.00208940119703
2012-03-27 08:00:00,73.87597969845054
2012-03-27 09:00:00,139.56352373137094
2012-03-27 10:00:00,148.43315235483476
2012-03-27 11:00:00,233.48530000000005
2012-03-27 12:00:00,210.32931324786324
2012-03-27 13:00:00,163.68625833333337
2012-03-27 14:00:00,111.88068095238097
2012-03-27 15:00:00,108.55
2012-03-27 16:00:00,108.55
2012-03-27 17:00:00,97.23883333333335
2012-03-27 18:00:00,86.38453333333334
2012-03-27 19:00:00,87.59153333333335
2012-03-27 20:00:00,86.38453333333334
2012-03-27 21:00:00,202.70161744647584
2012-03-27 22:00:00,194.5554481668665
2012-03-27 23:00:00,198.58768506552346
2012-03-28 00:00:00,114.6312301210866
2012-03-28 01:00:00,194.7871554810781
2012-03-28 02:00:00,139.56245290820289
2012-03-28 03:00:00,346.3808138528138
2012-03-28 04:00:00,147.25099122987035
2012-03-28 05:00:00,147.25099122987035
2012-03-28 06:00:00,168.56841399756158
2012-03-28 07:00:00,222.7857495286971
2012-03-28 08:00:00,162.25904032487412
2012-03-28 09:00:00,252.60531860462058
2012-03-28 10:00:00,221.62437198042835
2012-03-28 11:00:00,254.3635666666667
2012-03-28 12:00:00,274.0536666666667
2012-03-28 13:00:00,310.8528447368421
2012-03-28 14:00:00,367.98520989974935
2012-03-28 15:00:00,319.14252670647204
2012-03-28 16:00:00,330.0104666666667
2012-03-28 17:00:00,207.04946804295815
2012-03-28 18:00:00,207.04946804295815
2012-03-28 19:00:00,194.08340476190477
2012-03-28 20:00:00,184.00047142857142
2012-03-28 21:00:00,210.39830870273187
2012-03-28 22:00:00,185.7914706466834
2012-03-28 23:00:00,132.05824796869797
2012-03-29 00:00:00,122.05132797202798
2012-03-29 01:00:00,320.92120772554665
2012-03-29 02:00:00,352.414
2012-03-29 03:00:00,343.04037222222223
2012-03-29 04:00:00,201.21397428749736
2012-03-29 05:00:00,135.67741627224558
2012-03-29 06:00:00,146.70323813569473
2012-03-29 07:00:00,184.651912021312
2012-03-29 08:00:00,170.70608600055854
2012-03-29 09:00:00,156.15740432900432
2012-03-29 10:00:00,201.7492015151515
2012-03-29 11:00:00,181.91495353535353
2012-03-29 12:00:00,224.9232
2012-03-29 13:00:00,255.75571409194004
2012-03-29 14:00:00,282.2739285714286
2012-03-29 15:00:00,341.5904777777778
2012-03-29 16:00:00,245.32299457735246
2012-03-29 17:00:00,284.94185158730164
2012-03-29 18:00:00,212.30131414141422
2012-03-29 19:00:00,81.82781954156955
2012-03-29 20:00:00,171.93782654889918
2012-03-29 21:00:00,71.38819759040452
2012-03-29 22:00:00,101.77769390705082
2012-03-29 23:00:00,197.8601181794908
2012-03-30 00:00:00,159.67077770330033
2012-03-30 01:00:00,145.26565165868615
2012-03-30 02:00:00,176.21520715057986
2012-03-30 03:00:00,308.0815778388278
2012-03-30 04:00:00,76.50473722943725
2012-03-30 05:00:00,173.59033275613282
2012-03-30 06:00:00,105.5831525030525
2012-03-30 07:00:00,94.08141643356645
2012-03-30 08:00:00,93.54546428571427
2012-03-30 09:00:00,87.25953071928073
2012-03-30 10:00:00,99.6797
2012-03-30 11:00:00,80.9284
2012-03-30 12:00:00,85.98653333333333
2012-03-30 13:00:00,88.96956666666667
2012-03-30 14:00:00,83.31219999999999
2012-03-30 15:00:00,100.92042807017545
2012-03-30 16:00:00,95.37920942684767
2012-03-30 17:00:00,116.11755256410257
2012-03-30 18:00:00,81.05889711700729
2012-03-30 19:00:00,47.57794674399674
2012-03-30 20:00:00,94.26538604090055
2012-03-30 21:00:00,124.01818164817303
2012-03-30 22:00:00,40.27219140565318
2012-03-30 23:00:00,78.57285714285717
2012-03-31 00:00:00,64.46514444444445
2012-03-31 01:00:00,98.9089072874494
2012-03-31 02:00:00,109.80784220779225
2012-03-31 03:00:00,93.00359999999999
2012-03-31 04:00:00,183.59651666666667
2012-03-31 05:00:00,65.43840000000002
2012-03-31 06:00:00,39.99037380952382
2012-03-31 07:00:00,39.99037380952382
2012-03-31 08:00:00,40.4929
2012-03-31 09:00:00,98.9089072874494
2012-03-31 10:00:00,127.1907438064859
2012-03-31 11:00:00,78.63307835111748
2012-03-31 12:00:00,40.264902164502175
2012-03-31 13:00:00,161.1545819764465
2012-03-31 14:00:00,186.38646190476192
2012-03-31 15:00:00,171.3359679824561
2012-03-31 16:00:00,202.07700000000003
2012-03-31 17:00:00,222.35233333333335
2012-03-31 18:00:00,152.71779545454547
2012-03-31 19:00:00,175.90851666666666
2012-03-31 20:00:00,179.60920000000002
2012-03-31 21:00:00,179.60920000000002
2012-03-31 22:00:00,176.07048974358977
2012-03-31 23:00:00,69.94332857142858
2012-04-20 00:00:00,84.15479954787438
2012-04-20 01:00:00,184.4110952919034
2012-04-20 02:00:00,120.34923470296638
2012-04-20 03:00:00,58.26453915962088
2012-04-20 04:00:00,103.09185714285717
2012-04-20 05:00:00,38.49690476190475
2012-04-20 06:00:00,100.99348508483853
2012-04-20 07:00:00,38.49690476190475
2012-04-20 08:00:00,16.365804761904766
2012-04-20 09:00:00,57.31529203700664
2012-04-20 10:00:00,35.962271964217955
2012-04-20 11:00:00,129.63679661286432
2012-04-20 12:00:00,307.9280093048714
2012-04-20 13:00:00,427.9144200543258
2012-04-20 14:00:00,219.2254412910103
2012-04-20 15:00:00,188.82976840659344
2012-04-20 16:00:00,222.53152241389424
2012-04-20 17:00:00,253.48781980519476
2012-04-20 18:00:00,162.02101055611053
2012-04-20 19:00:00,222.32362051282053
2012-04-20 20:00:00,230.0190194391815
2012-04-20 21:00:00,256.00317996892346
2012-04-20 22:00:00,128.45877944102682
2012-04-20 23:00:00,213.02702521351196
2012-04-21 00:00:00,193.42711194083694
2012-04-21 01:00:00,193.42711194083694
2012-04-21 02:00:00,152.9103807200614
2012-04-21 03:00:00,170.80899785448472
2012-04-21 04:00:00,169.2477336940837
2012-04-21 05:00:00,169.2477336940837
2012-04-21 06:00:00,170.80899785448472
2012-04-21 07:00:00,151.40591702741705
2012-04-21 08:00:00,163.5022336940837
2012-04-21 09:00:00,137.37701342938107
2012-04-21 10:00:00,273.9547125541126
2012-04-21 11:00:00,277.68261349206347
2012-04-21 12:00:00,511.18659623121965
2012-04-21 13:00:00,409.4144666666666
2012-04-21 14:00:00,410.4685064935065
2012-04-21 15:00:00,570.3917333333334
2012-04-21 16:00:00,445.11109523809534
2012-04-21 17:00:00,506.9313333333333
2012-04-21 18:00:00,395.8866666666667
2012-04-21 19:00:00,254.51156666666665
2012-04-21 20:00:00,73.95621812535293
2012-04-21 21:00:00,93.79225600414078
2012-04-21 22:00:00,155.81138333333337
2012-04-21 23:00:00,119.99782005772008
2012-04-22 00:00:00,148.1273352092352
2012-04-22 01:00:00,128.15019999999998
2012-04-22 02:00:00,91.74349999999998
2012-04-22 03:00:00,176.08163333333334
2012-04-22 04:00:00,134.55249523809522
2012-04-22 05:00:00,93.97584783549786
2012-04-22 06:00:00,144.41310151515154
2012-04-22 07:00:00,116.60780000000001
2012-04-22 08:00:00,74.31171212121211
2012-04-22 09:00:00,74.31171212121211
2012-04-22 10:00:00,79.09003333333332
2012-04-22 11:00:00,46.439800000000005
2012-04-22 12:00:00,44.1638
2012-04-22 13:00:00,77.85983333333334
2012-04-22 14:00:00,44.1638
2012-04-22 15:00:00,45.978633333333335
2012-04-22 16:00:00,42.43863333333333
2012-04-22 17:00:00,36.98016666666666
2012-04-22 18:00:00,36.98016666666666
2012-04-22 19:00:00,38.4755
2012-04-22 20:00:00,38.19806666666666
2012-04-22 21:00:00,34.5797
2012-04-22 22:00:00,46.14074285714286
2012-04-22 23:00:00,78.72983333333332
2012-04-23 00:00:00,47.32776190476191
2012-04-23 01:00:00,42.26333333333333
2012-04-23 02:00:00,82.11396666666664
2012-04-23 03:00:00,88.43370476190476
2012-04-23 04:00:00,93.03689999999999
2012-04-23 05:00:00,93.03689999999999
2012-04-23 06:00:00,94.64303333333332
2012-04-23 07:00:00,93.83956666666667
2012-04-23 08:00:00,126.7848
2012-04-23 09:00:00,111.32780000000001
2012-04-23 10:00:00,187.61240000000004
2012-04-23 11:00:00,145.00673333333336
2012-04-23 12:00:00,90.59533333333333
2012-04-23 13:00:00,138.593
2012-04-23 14:00:00,221.16226666666662
2012-04-23 15:00:00,187.52633333333333
2012-04-23 16:00:00,101.32786666666665
2012-04-23 17:00:00,114.84053333333333
2012-04-23 18:00:00,104.20762857142857
2012-04-23 19:00:00,96.174
2012-04-23 20:00:00,142.00176666666664
2012-04-23 21:00:00,104.22663333333333
2012-04-23 22:00:00,109.81298571428572
2012-04-23 23:00:00,106.90819523809523
2012-04-24 00:00:00,80.03164069264069
2012-04-24 01:00:00,108.99445357142856
2012-04-24 02:00:00,218.57435714285717
2012-04-24 03:00:00,115.70123333333333
2012-04-24 04:00:00,85.01933333333331
2012-04-24 05:00:00,85.01933333333331
2012-04-24 06:00:00,87.64753333333331
2012-04-24 07:00:00,82.6135380952381
2012-04-24 08:00:00,113.01278549522372
2012-04-24 09:00:00,150.26988481008243
2012-04-24 10:00:00,197.8601181794908
2012-04-24 11:00:00,288.7392611111111
2012-04-24 12:00:00,417.44177777777776
2012-04-24 13:00:00,463.2657936507936
2012-04-24 14:00:00,489.5547555555556
2012-04-24 15:00:00,365.0947111111111
2012-04-24 16:00:00,364.93406666666664
2012-04-24 17:00:00,498.248873015873
2012-04-24 18:00:00,332.7365
2012-04-24 19:00:00,330.0813333333333
2012-04-24 20:00:00,277.66
2012-04-24 21:00:00,260.940303030303
2012-04-24 22:00:00,254.01868253393795
2012-04-24 23:00:00,338.6819725793814
2012-04-25 00:00:00,240.22971934731933
2012-04-25 01:00:00,139.01778448043189
2012-04-25 02:00:00,103.5675212121212
2012-04-25 03:00:00,115.91968253968253
2012-04-25 04:00:00,146.53581688311692
2012-04-25 05:00:00,108.91289740259742
2012-04-25 06:00:00,108.91289740259742
2012-04-25 07:00:00,107.2359857142857
2012-04-25 08:00:00,24.00612857142857
2012-04-25 09:00:00,38.604641057188424
2012-04-25 10:00:00,185.36690476190472
2012-04-25 11:00:00,187.2118909090909
2012-04-25 12:00:00,332.7066936507936
2012-04-25 13:00:00,455.7187333333334
2012-04-25 14:00:00,435.29052380952385
2012-04-25 15:00:00,401.848
2012-04-25 16:00:00,403.4513333333333
2012-04-25 17:00:00,390.3068333333333
2012-04-25 18:00:00,370.81483333333335
2012-04-25 19:00:00,342.9515
2012-04-25 20:00:00,303.2591428571428
2012-04-25 21:00:00,261.44710381668614
2012-04-25 22:00:00,156.26824949874685
2012-04-25 23:00:00,249.55584473684212
2012-04-26 00:00:00,131.5691857142857
2012-04-26 01:00:00,140.96972701197438
2012-04-26 02:00:00,150.13948147519335
2012-04-26 03:00:00,132.00481695906433
2012-04-26 04:00:00,76.34318095238096
2012-04-26 05:00:00,173.80168673835124
2012-04-26 06:00:00,176.13641998556997
2012-04-26 07:00:00,146.64212724726255
2012-04-26 08:00:00,144.7083134113565
2012-04-26 09:00:00,249.7929
2012-04-26 10:00:00,88.02023650793652
2012-04-26 11:00:00,63.03142698412698
2012-04-26 12:00:00,142.18819739643445
2012-04-26 13:00:00,304.57031642444275
2012-04-26 14:00:00,82.77080201945319
2012-04-26 15:00:00,115.93660404076725
2012-04-26 16:00:00,86.46675299208003
2012-04-26 17:00:00,113.07139547420465
2012-04-26 18:00:00,82.77080201945319
2012-04-26 19:00:00,78.10741685986284
2012-04-26 20:00:00,93.90348125971543
2012-04-26 21:00:00,81.47033141958796
2012-04-26 22:00:00,65.35033629922945
2012-04-26 23:00:00,89.08637285696707
2012-04-27 00:00:00,185.61586666666668
2012-04-27 01:00:00,292.58269999999993
2012-04-27 02:00:00,211.6572619047619
2012-04-27 03:00:00,161.73880151515152
2012-04-27 04:00:00,230.86071754717884
2012-04-27 05:00:00,237.85998733270063
2012-04-27 06:00:00,213.1027410511983
2012-04-27 07:00:00,145.26565165868615
2012-04-27 08:00:00,50.32330749250749
2012-04-27 09:00:00,197.3849423197492
2012-04-27 10:00:00,239.3672823283049
2012-04-27 11:00:00,292.21847112561875
2012-04-27 12:00:00,297.0337252525253
2012-04-27 13:00:00,271.89865
2012-04-27 14:00:00,297.2470619599356
2012-04-27 15:00:00,243.92716666666664
2012-04-27 16:00:00,336.56771532911534
2012-04-27 17:00:00,416.4728611111111
2012-04-27 18:00:00,366.72074365079357
2012-04-27 19:00:00,548.7538888888889
2012-04-27 20:00:00,355.6265642468642
2012-04-27 21:00:00,313.2205787980195
2012-04-27 22:00:00,279.51302422161535
2012-04-27 23:00:00,219.88070860319968
2012-04-28 00:00:00,205.56927828090284
2012-04-28 01:00:00,154.65655773670773
2012-04-28 02:00:00,217.74259646272097
2012-04-28 03:00:00,98.24097985637388
2012-04-28 04:00:00,117.11918476190475
2012-04-28 05:00:00,166.3008419047619
2012-04-28 06:00:00,86.39378583534113
2012-04-28 07:00:00,117.11918476190475
2012-04-28 08:00:00,159.44548649047107
2012-04-28 09:00:00,90.13566568627452
2012-04-28 10:00:00,154.0410700972025
2012-04-28 11:00:00,118.0527867293626
2012-04-28 12:00:00,67.257
2012-04-28 13:00:00,125.06743473389356
2012-04-28 14:00:00,235.38349728226152
2012-04-28 15:00:00,186.53201606758876
2012-04-28 16:00:00,202.93555243215565
2012-04-28 17:00:00,149.79760968166946
2012-04-28 18:00:00,110.75773333333332
2012-04-28 19:00:00,191.49102698412702
2012-04-28 20:00:00,173.06323333333333
2012-04-28 21:00:00,186.44823333333338
2012-04-28 22:00:00,193.43986984126988
2012-04-28 23:00:00,142.70881587301585
2012-04-29 00:00:00,184.12130555555555
2012-04-29 01:00:00,222.59477698412698
2012-04-29 02:00:00,69.20091904761907
2012-04-29 03:00:00,40.4929
2012-04-29 04:00:00,79.9675761904762
2012-04-29 05:00:00,70.04470158730159
2012-04-29 06:00:00,75.15761111111111
2012-04-29 07:00:00,108.95488333333331
2012-04-29 08:00:00,57.158597415577916
2012-04-29 09:00:00,75.8410347210261
2012-04-29 10:00:00,57.76883451012589
2012-04-29 11:00:00,79.5418238095238
2012-04-29 12:00:00,167.34086084656087
2012-04-29 13:00:00,103.25848703703703
2012-04-29 14:00:00,235.70652857142858
2012-04-29 15:00:00,213.12461827956986
2012-04-29 16:00:00,349.586
2012-04-29 17:00:00,401.94966666666664
2012-04-29 18:00:00,414.55366666666663
2012-04-29 19:00:00,209.52288494623653
2012-04-29 20:00:00,206.4676
2012-04-29 21:00:00,190.80817399192998
2012-04-29 22:00:00,124.45895
2012-04-29 23:00:00,38.90322380952382
2012-04-30 00:00:00,107.82828396659308
2012-04-30 01:00:00,71.56913209446381
2012-04-30 02:00:00,113.99813165674885
2012-04-30 03:00:00,56.75845995236105
2012-04-30 04:00:00,143.70939029227858
2012-04-30 05:00:00,143.70939029227858
2012-04-30 06:00:00,118.63438484327669
2012-04-30 07:00:00,50.6695114769878
2012-04-30 08:00:00,127.38105257899464
2012-04-30 09:00:00,125.2264236404095
2012-04-30 10:00:00,160.73621404950052
2012-04-30 11:00:00,132.02992456667192
2012-04-30 12:00:00,127.61970679867102
2012-04-30 13:00:00,161.30082330827062
2012-04-30 14:00:00,170.26910078548835
2012-04-30 15:00:00,181.0403581669227
2012-04-30 16:00:00,271.4822833512317
2012-04-30 17:00:00,215.0207643036126
2012-04-30 18:00:00,274.89436285155455
2012-04-30 19:00:00,105.99515674603174
2012-04-30 20:00:00,100.00101983629882
2012-04-30 21:00:00,100.00101983629882
2012-04-30 22:00:00,189.0834847783013
2012-04-30 23:00:00,256.6891626212021
2012-05-20 00:00:00,249.3921666666667
2012-05-20 01:00:00,135.8536952380952
2012-05-20 02:00:00,135.8536952380952
2012-05-20 03:00:00,95.58110277777779
2012-05-20 04:00:00,76.92447605727605
2012-05-20 05:00:00,85.95338094405598
2012-05-20 06:00:00,56.48132642089093
2012-05-20 07:00:00,71.60303754023754
2012-05-20 08:00:00,100.09910564834279
2012-05-20 09:00:00,503.16461904761906
2012-05-20 10:00:00,648.3816000000003
2012-05-20 11:00:00,664.8509333333335
2012-05-20 12:00:00,666.401
2012-05-20 13:00:00,638.5659
2012-05-20 14:00:00,608.7166666666667
2012-05-20 15:00:00,568.7921666666667
2012-05-20 16:00:00,490.5158095238096
2012-05-20 17:00:00,447.2876
2012-05-20 18:00:00,359.9105333333333
2012-05-20 19:00:00,343.1012
2012-05-20 20:00:00,343.1012
2012-05-20 21:00:00,293.2772238095238
2012-05-20 22:00:00,291.50016666666664
2012-05-20 23:00:00,246.17898695652175
2012-05-21 00:00:00,156.1238753419969
2012-05-21 01:00:00,118.82748169120327
2012-05-21 02:00:00,46.94831428571429
2012-05-21 03:00:00,191.6500496433052
2012-05-21 04:00:00,146.1608216623432
2012-05-21 05:00:00,146.1608216623432
2012-05-21 06:00:00,146.1608216623432
2012-05-21 07:00:00,146.1608216623432
2012-05-21 08:00:00,171.899218922632
2012-05-21 09:00:00,64.40956490337537
2012-05-21 10:00:00,161.29026581818738
2012-05-21 11:00:00,121.63103130082565
2012-05-21 12:00:00,171.47126732249907
2012-05-21 13:00:00,92.9655376075779
2012-05-21 14:00:00,185.61836718527994
2012-05-21 15:00:00,236.796023220496
2012-05-21 16:00:00,259.9026854427181
2012-05-21 17:00:00,130.92045396825392
2012-05-21 18:00:00,287.43356396825385
2012-05-21 19:00:00,219.07393809523808
2012-05-21 20:00:00,161.725697923078
2012-05-21 21:00:00,202.488504950495
2012-05-21 22:00:00,221.5797610634103
2012-05-21 23:00:00,90.12114645909645
2012-05-22 00:00:00,194.68983112400502
2012-05-22 01:00:00,111.1862571254858
2012-05-22 02:00:00,159.51673524186845
2012-05-22 03:00:00,159.51673524186845
2012-05-22 04:00:00,135.84221928248243
2012-05-22 05:00:00,167.481627996622
2012-05-22 06:00:00,96.48006328344631
2012-05-22 07:00:00,96.48006328344631
2012-05-22 08:00:00,33.60200227767926
2012-05-22 09:00:00,171.99747965593392
2012-05-22 10:00:00,126.46089151959148
2012-05-22 11:00:00,146.46356425796426
2012-05-22 12:00:00,150.89145269730267
2012-05-22 13:00:00,215.16388095238094
2012-05-22 14:00:00,246.67446158730158
2012-05-22 15:00:00,566.5894523809523
2012-05-22 16:00:00,416.45566666666656
2012-05-22 17:00:00,313.1206666666667
2012-05-22 18:00:00,348.3127794871795
2012-05-22 19:00:00,328.36127394755
2012-05-22 20:00:00,293.92369578754574
2012-05-22 21:00:00,76.94503699889435
2012-05-22 22:00:00,91.61118354978356
2012-05-22 23:00:00,195.91555426406924
2012-05-23 00:00:00,76.94503699889435
2012-05-23 01:00:00,60.88059750230645
2012-05-23 02:00:00,121.63103130082565
2012-05-23 03:00:00,65.60607533594806
2012-05-23 04:00:00,330.3340628562755
2012-05-23 05:00:00,171.899218922632
2012-05-23 06:00:00,47.398223576329045
2012-05-23 07:00:00,172.41124544695077
2012-05-23 08:00:00,172.41124544695077
2012-05-23 09:00:00,116.24897777777775
2012-05-23 10:00:00,125.21858691112807
2012-05-23 11:00:00,239.24710649350635
2012-05-23 12:00:00,205.02787142857144
2012-05-23 13:00:00,281.55764285714287
2012-05-23 14:00:00,450.1267461538462
2012-05-23 15:00:00,266.858
2012-05-23 16:00:00,282.9612000000001
2012-05-23 17:00:00,252.0910888888889
2012-05-23 18:00:00,252.0910888888889
2012-05-23 19:00:00,299.87090453840665
2012-05-23 20:00:00,218.9927256132756
2012-05-23 21:00:00,234.1613634920635
2012-05-23 22:00:00,299.87090453840665
2012-05-23 23:00:00,28.92507291244605
2012-05-24 00:00:00,177.01947747666856
2012-05-24 01:00:00,72.39366535774167
2012-05-24 02:00:00,312.64694047619054
2012-05-24 03:00:00,163.34753382723002
2012-05-24 04:00:00,193.65383804041284
2012-05-24 05:00:00,193.65383804041284
2012-05-24 06:00:00,193.65383804041284
2012-05-24 07:00:00,162.55099581879338
2012-05-24 08:00:00,284.0508057875457
2012-05-24 09:00:00,226.77679401043397
2012-05-24 10:00:00,314.936770823511
2012-05-24 11:00:00,440.2191794871794
2012-05-24 12:00:00,364.72782222222224
2012-05-24 13:00:00,419.24050714285727
2012-05-24 14:00:00,357.0913818542568
2012-05-24 15:00:00,380.41935357142853
2012-05-24 16:00:00,304.77840000000003
2012-05-24 17:00:00,526.8574904761904
2012-05-24 18:00:00,292.7805515151515
2012-05-24 19:00:00,284.8312903846154
2012-05-24 20:00:00,249.58183730158726
2012-05-24 21:00:00,134.13709365079364
2012-05-24 22:00:00,143.78429365079367
2012-05-24 23:00:00,156.19678492063494
2012-05-25 00:00:00,92.60176398852687
2012-05-25 01:00:00,123.25809890523996
2012-05-25 02:00:00,234.1613634920635
2012-05-25 03:00:00,314.62599609207217
2012-05-25 04:00:00,228.72777936507936
2012-05-25 05:00:00,350.69928275613273
2012-05-25 06:00:00,314.62599609207217
2012-05-25 07:00:00,409.55371013908626
2012-05-25 08:00:00,269.23555251897864
2012-05-25 09:00:00,294.6324535290796
2012-05-25 10:00:00,228.72916666666669
2012-05-25 11:00:00,208.3978
2012-05-25 12:00:00,205.83132527472526
2012-05-25 13:00:00,264.02033717948717
2012-05-25 14:00:00,297.57680952380946
2012-05-25 15:00:00,288.46285260916005
2012-05-25 16:00:00,254.6667257076257
2012-05-25 17:00:00,569.1804077678902
2012-05-25 18:00:00,288.46285260916005
2012-05-25 19:00:00,296.35918538146444
2012-05-25 20:00:00,227.8073741251503
2012-05-25 21:00:00,237.82403333333335
2012-05-25 22:00:00,324.80894105339115
2012-05-25 23:00:00,145.34551571428577
2012-05-26 00:00:00,113.07848502729156
2012-05-26 01:00:00,105.935651480283
2012-05-26 02:00:00,77.1794728021978
2012-05-26 03:00:00,27.30056904761905
2012-05-26 04:00:00,85.92558571428572
2012-05-26 05:00:00,127.40050649350648
2012-05-26 06:00:00,33.59931428571428
2012-05-26 07:00:00,94.44837028985506
2012-05-26 08:00:00,62.32711697012139
2012-05-26 09:00:00,97.94067788443436
2012-05-26 10:00:00,260.704073015873
2012-05-26 11:00:00,209.1293714285714
2012-05-26 12:00:00,199.99787592592594
2012-05-26 13:00:00,388.98735457875455
2012-05-26 14:00:00,341.11137161172167
2012-05-26 15:00:00,276.5095666666667
2012-05-26 16:00:00,379.6593238095237
2012-05-26 17:00:00,380.35
2012-05-26 18:00:00,373.1905
2012-05-26 19:00:00,243.20383333333336
2012-05-26 20:00:00,385.321
2012-05-26 21:00:00,259.55371904761904
2012-05-26 22:00:00,225.89726428571427
2012-05-26 23:00:00,225.89726428571427
2012-05-27 00:00:00,200.83154285714286
2012-05-27 01:00:00,311.1418253968253
2012-05-27 02:00:00,264.15230013802625
2012-05-27 03:00:00,190.87734616977224
2012-05-27 04:00:00,92.50307745153395
2012-05-27 05:00:00,92.50307745153395
2012-05-27 06:00:00,115.23276792772445
2012-05-27 07:00:00,34.559780952380954
2012-05-27 08:00:00,97.94067788443436
2012-05-27 09:00:00,190.99568578643579
2012-05-27 10:00:00,277.2853111111111
2012-05-27 11:00:00,244.37737655227411
2012-05-27 12:00:00,231.34723075998082
2012-05-27 13:00:00,283.58479653679666
2012-05-27 14:00:00,324.90818095238086
2012-05-27 15:00:00,368.8142476190477
2012-05-27 16:00:00,368.8142476190477
2012-05-27 17:00:00,403.81866190476205
2012-05-27 18:00:00,330.62620000000004
2012-05-27 19:00:00,283.58479653679666
2012-05-27 20:00:00,438.2600060606061
2012-05-27 21:00:00,353.6788333333334
2012-05-27 22:00:00,83.83241428571431
2012-05-27 23:00:00,103.20512346445825
2012-05-28 00:00:00,153.4732904761905
2012-05-28 01:00:00,251.32855238095235
2012-05-28 02:00:00,168.8136575757576
2012-05-28 03:00:00,138.24328333333332
2012-05-28 04:00:00,113.37696932632582
2012-05-28 05:00:00,113.37696932632582
2012-05-28 06:00:00,138.24328333333332
2012-05-28 07:00:00,208.35926626984127
2012-05-28 08:00:00,142.50539523809522
2012-05-28 09:00:00,273.79173333333335
2012-05-28 10:00:00,273.79173333333335
2012-05-28 11:00:00,267.87446666666665
2012-05-28 12:00:00,367.5984
2012-05-28 13:00:00,419.6664333333333
2012-05-28 14:00:00,419.6664333333333
2012-05-28 15:00:00,408.59
2012-05-28 16:00:00,396.7596
2012-05-28 17:00:00,408.59
2012-05-28 18:00:00,421.52233333333334
2012-05-28 19:00:00,410.4420666666667
2012-05-28 20:00:00,431.61946666666665
2012-05-28 21:00:00,432.6480523809524
2012-05-28 22:00:00,363.9402666666667
2012-05-28 23:00:00,232.95640158730157
2012-05-29 00:00:00,268.1431023809523
2012-05-29 01:00:00,268.1431023809523
2012-05-29 02:00:00,261.5640142857142
2012-05-29 03:00:00,281.3317809523809
2012-05-29 04:00:00,145.34551571428577
2012-05-29 05:00:00,145.34551571428577
2012-05-29 06:00:00,145.34551571428577
2012-05-29 07:00:00,145.34551571428577
2012-05-29 08:00:00,223.71161593406595
2012-05-29 09:00:00,404.89256520835494
2012-05-29 10:00:00,220.04488553113555
2012-05-29 11:00:00,599.966259984639
2012-05-29 12:00:00,355.49126666666666
2012-05-29 13:00:00,391.6616666666667
2012-05-29 14:00:00,405.0316666666667
2012-05-29 15:00:00,432.3958333333333
2012-05-29 16:00:00,419.2591666666666
2012-05-29 17:00:00,330.9643333333334
2012-05-29 18:00:00,356.7673333333334
2012-05-29 19:00:00,281.1766181818182
2012-05-29 20:00:00,203.67398333333333
2012-05-29 21:00:00,77.95910734046655
2012-05-29 22:00:00,350.69928275613273
2012-05-29 23:00:00,64.40365714285713
2012-05-30 00:00:00,115.97225013802625
2012-05-30 01:00:00,167.5997522727273
2012-05-30 02:00:00,90.52426666666666
2012-05-30 03:00:00,132.42924726770818
2012-05-30 04:00:00,286.35199654620743
2012-05-30 05:00:00,214.85392097250576
2012-05-30 06:00:00,99.45939438637255
2012-05-30 07:00:00,97.83963223727774
2012-05-30 08:00:00,384.14671491511416
2012-05-30 09:00:00,255.12720706116215
2012-05-30 10:00:00,390.52728201798203
2012-05-30 11:00:00,227.41042862137857
2012-05-30 12:00:00,330.7139936507938
2012-05-30 13:00:00,280.4028
2012-05-30 14:00:00,334.9314370445424
2012-05-30 15:00:00,483.30539090909093
2012-05-30 16:00:00,456.684290909091
2012-05-30 17:00:00,518.2646666666666
2012-05-30 18:00:00,373.7861445038622
2012-05-30 19:00:00,419.24050714285727
2012-05-30 20:00:00,259.5511756272402
2012-05-30 21:00:00,382.8838888888888
2012-05-30 22:00:00,303.6278325396825
2012-05-30 23:00:00,365.74480476190473
2012-05-31 00:00:00,161.725697923078
2012-05-31 01:00:00,199.82029542668542
2012-05-31 02:00:00,85.26800971239983
2012-05-31 03:00:00,202.488504950495
2012-05-31 04:00:00,211.45041904761905
2012-05-31 05:00:00,329.18984562093567
2012-05-31 06:00:00,449.9827667690763
2012-05-31 07:00:00,248.5134396825397
2012-05-31 08:00:00,147.99165663780667
2012-05-31 09:00:00,300.20530515873014
2012-05-31 10:00:00,484.82504176215946
2012-05-31 11:00:00,574.9761105311354
2012-05-31 12:00:00,362.55096501136177
2012-05-31 13:00:00,344.00450930893993
2012-05-31 14:00:00,529.150990131278
2012-05-31 15:00:00,426.95514545454546
2012-05-31 16:00:00,458.66422640692645
2012-05-31 17:00:00,446.59903753387533
2012-05-31 18:00:00,534.9971877673021
2012-05-31 19:00:00,470.08942808717484
2012-05-31 20:00:00,349.9422683163578
2012-05-31 21:00:00,349.9422683163578
2012-05-31 22:00:00,255.3755404761904
2012-05-31 23:00:00,159.65987631975867
2012-06-20 00:00:00,268.1431023809523
2012-06-20 01:00:00,346.9333238095237
2012-06-20 02:00:00,163.71290936507933
2012-06-20 03:00:00,121.26656614718615
2012-06-20 04:00:00,138.30541507936516
2012-06-20 05:00:00,138.30541507936516
2012-06-20 06:00:00,316.41728571428564
2012-06-20 07:00:00,194.72063333333327
2012-06-20 08:00:00,166.96748095238092
2012-06-20 09:00:00,204.2439714285714
2012-06-20 10:00:00,328.7369077922077
2012-06-20 11:00:00,343.1944714285714
2012-06-20 12:00:00,283.9030333333333
2012-06-20 13:00:00,208.776
2012-06-20 14:00:00,377.83774761904766
2012-06-20 15:00:00,284.6002333333334
2012-06-20 16:00:00,230.38408095238094
2012-06-20 17:00:00,261.89306666666664
2012-06-20 18:00:00,261.89306666666664
2012-06-20 19:00:00,407.5366654761905
2012-06-20 20:00:00,328.2849891054123
2012-06-20 21:00:00,217.384
2012-06-20 22:00:00,293.12630303030306
2012-06-20 23:00:00,360.2831666666666
2012-06-21 00:00:00,201.9848062271062
2012-06-21 01:00:00,92.80991904761906
2012-06-21 02:00:00,161.10080288600284
2012-06-21 03:00:00,170.2461515873015
2012-06-21 04:00:00,77.24571190476195
2012-06-21 05:00:00,113.99510476190473
2012-06-21 06:00:00,84.54751428571427
2012-06-21 07:00:00,84.54751428571427
2012-06-21 08:00:00,264.4800142857143
2012-06-21 09:00:00,488.2450613003324
2012-06-21 10:00:00,313.9253130467234
2012-06-21 11:00:00,336.10896666666673
2012-06-21 12:00:00,410.43249307359315
2012-06-21 13:00:00,419.25809999999996
2012-06-21 14:00:00,400.57240259740263
2012-06-21 15:00:00,378.0044333333333
2012-06-21 16:00:00,376.6082930735931
2012-06-21 17:00:00,408.71286666666657
2012-06-21 18:00:00,580.977665599343
2012-06-21 19:00:00,386.4901239113827
2012-06-21 20:00:00,323.2428393769629
2012-06-21 21:00:00,387.9263108058606
2012-06-21 22:00:00,409.671651948052
2012-06-21 23:00:00,248.9970404761905
2012-06-22 00:00:00,418.7494181818182
2012-06-22 01:00:00,456.30491025641015
2012-06-22 02:00:00,194.4763031746032
2012-06-22 03:00:00,194.4763031746032
2012-06-22 04:00:00,336.69559999999996
2012-06-22 05:00:00,179.85265384615386
2012-06-22 06:00:00,365.87164285714283
2012-06-22 07:00:00,412.7404132061183
2012-06-22 08:00:00,210.86777958152956
2012-06-22 09:00:00,376.92873144452483
2012-06-22 10:00:00,183.14508787878793
2012-06-22 11:00:00,430.22693139102654
2012-06-22 12:00:00,320.45039399910434
2012-06-22 13:00:00,386.4901239113827
2012-06-22 14:00:00,386.4901239113827
2012-06-22 15:00:00,270.8625777777778
2012-06-22 16:00:00,300.2158083850931
2012-06-22 17:00:00,469.5229670662669
2012-06-22 18:00:00,509.27694285714284
2012-06-22 19:00:00,285.0343333333334
2012-06-22 20:00:00,285.0343333333334
2012-06-22 21:00:00,288.6528
2012-06-22 22:00:00,198.32893124098126
2012-06-22 23:00:00,213.4962
2012-06-23 00:00:00,61.42889285714285
2012-06-23 01:00:00,135.2070084033613
2012-06-23 02:00:00,55.37621428571429
2012-06-23 03:00:00,84.03194627594628
2012-06-23 04:00:00,81.65091904761904
2012-06-23 05:00:00,55.37621428571429
2012-06-23 06:00:00,61.09171022408963
2012-06-23 07:00:00,68.86880800865802
2012-06-23 08:00:00,171.2861674603175
2012-06-23 09:00:00,306.4049454188851
2012-06-23 10:00:00,396.49759981203005
2012-06-23 11:00:00,406.14133892067684
2012-06-23 12:00:00,317.41561904761903
2012-06-23 13:00:00,371.0512142857143
2012-06-23 14:00:00,544.8213333333332
2012-06-23 15:00:00,375.9599999999999
2012-06-23 16:00:00,394.0949999999999
2012-06-23 17:00:00,390.41521428571434
2012-06-23 18:00:00,394.26938095238097
2012-06-23 19:00:00,415.2366666666667
2012-06-23 20:00:00,509.2825238095238
2012-06-23 21:00:00,529.1286000000001
2012-06-23 22:00:00,559.479
2012-06-23 23:00:00,430.5114333333333
2012-06-24 00:00:00,317.6632333333334
2012-06-24 01:00:00,98.73018333333333
2012-06-24 02:00:00,217.5088380952381
2012-06-24 03:00:00,155.14224444444443
2012-06-24 04:00:00,301.3211444444444
2012-06-24 05:00:00,87.89633743842366
2012-06-24 06:00:00,69.88108505747127
2012-06-24 07:00:00,249.80104804448428
2012-06-24 08:00:00,261.31842424242427
2012-06-24 09:00:00,432.9338333333333
2012-06-24 10:00:00,548.63
2012-06-24 11:00:00,546.0106666666667
2012-06-24 12:00:00,377.424
2012-06-24 13:00:00,483.49
2012-06-24 14:00:00,375.95149999999995
2012-06-24 15:00:00,367.586
2012-06-24 16:00:00,366.42883333333333
2012-06-24 17:00:00,367.9038333333333
2012-06-24 18:00:00,379.9502142857143
2012-06-24 19:00:00,380.97463333333343
2012-06-24 20:00:00,382.01041164794947
2012-06-24 21:00:00,369.62701965329995
2012-06-24 22:00:00,329.39980317460316
2012-06-24 23:00:00,214.48593809523805
2012-06-25 00:00:00,275.0201786661933
2012-06-25 01:00:00,301.4573893107575
2012-06-25 02:00:00,171.63955185569444
2012-06-25 03:00:00,190.7711506105006
2012-06-25 04:00:00,97.88297999999999
2012-06-25 05:00:00,94.90374891774891
2012-06-25 06:00:00,155.09905915943702
2012-06-25 07:00:00,25.80015238095237
2012-06-25 08:00:00,133.19385714285713
2012-06-25 09:00:00,224.4464633811316
2012-06-25 10:00:00,363.7033720607713
2012-06-25 11:00:00,185.90152964094727
2012-06-25 12:00:00,397.4046980392157
2012-06-25 13:00:00,325.93183430458436
2012-06-25 14:00:00,413.1027809855754
2012-06-25 15:00:00,366.67494588744586
2012-06-25 16:00:00,243.58894751914747
2012-06-25 17:00:00,281.92286829836826
2012-06-25 18:00:00,235.3246383838384
2012-06-25 19:00:00,231.36857777777777
2012-06-25 20:00:00,307.27131111111106
2012-06-25 21:00:00,351.53728039215684
2012-06-25 22:00:00,358.60801372549025
2012-06-25 23:00:00,394.7519871794872
2012-06-26 00:00:00,433.7343333333333
2012-06-26 01:00:00,533.651
2012-06-26 02:00:00,343.32773333333336
2012-06-26 03:00:00,263.41948484848484
2012-06-26 04:00:00,253.03601818181815
2012-06-26 05:00:00,291.78376666666674
2012-06-26 06:00:00,207.8960681818182
2012-06-26 07:00:00,191.12893333333335
2012-06-26 08:00:00,185.3298800865801
2012-06-26 09:00:00,432.8655
2012-06-26 10:00:00,286.9396428571428
2012-06-26 11:00:00,502.7638371794871
2012-06-26 12:00:00,399.0745666666667
2012-06-26 13:00:00,305.1313682539683
2012-06-26 14:00:00,305.1313682539683
2012-06-26 15:00:00,229.1759777777778
2012-06-26 16:00:00,261.7873682539682
2012-06-26 17:00:00,247.29575816993466
2012-06-26 18:00:00,258.2628248366013
2012-06-26 19:00:00,354.28297247293455
2012-06-26 20:00:00,313.9653668279432
2012-06-26 21:00:00,413.114612225259
2012-06-26 22:00:00,425.13540903015115
2012-06-26 23:00:00,422.2803889814518
2012-06-27 00:00:00,480.3673539241889
2012-06-27 01:00:00,421.6612281885118
2012-06-27 02:00:00,300.1490631971893
2012-06-27 03:00:00,293.24085194805195
2012-06-27 04:00:00,337.2824763457131
2012-06-27 05:00:00,263.29171282372596
2012-06-27 06:00:00,387.7929666666667
2012-06-27 07:00:00,222.8579222222222
2012-06-27 08:00:00,242.82738888888886
2012-06-27 09:00:00,341.6139642857143
2012-06-27 10:00:00,299.53966262492236
2012-06-27 11:00:00,271.76004301841954
2012-06-27 12:00:00,305.61788403818406
2012-06-27 13:00:00,280.4116682983682
2012-06-27 14:00:00,264.19970163170166
2012-06-27 15:00:00,278.74786829836825
2012-06-27 16:00:00,310.58326829836824
2012-06-27 17:00:00,302.6405016317017
2012-06-27 18:00:00,280.4116682983682
2012-06-27 19:00:00,268.57347132867125
2012-06-27 20:00:00,328.987377200222
2012-06-27 21:00:00,321.66772801670555
2012-06-27 22:00:00,394.2987427350427
2012-06-27 23:00:00,170.45996666666665
2012-06-28 00:00:00,146.51245
2012-06-28 01:00:00,154.9672833333333
2012-06-28 02:00:00,128.7523166666667
2012-06-28 03:00:00,128.7523166666667
2012-06-28 04:00:00,254.8553333054734
2012-06-28 05:00:00,158.50779999999997
2012-06-28 06:00:00,158.50779999999997
2012-06-28 07:00:00,254.8553333054734
2012-06-28 08:00:00,131.89009761904762
2012-06-28 09:00:00,155.5266784770785
2012-06-28 10:00:00,377.68401615676066
2012-06-28 11:00:00,271.4255015009862
2012-06-28 12:00:00,337.925436996337
2012-06-28 13:00:00,303.93129316067075
2012-06-28 14:00:00,225.93248571428575
2012-06-28 15:00:00,225.93248571428575
2012-06-28 16:00:00,318.71270753257335
2012-06-28 17:00:00,345.83748531035104
2012-06-28 18:00:00,332.0516012414788
2012-06-28 19:00:00,202.91962703962704
2012-06-28 20:00:00,646.4814621502678
2012-06-28 21:00:00,338.6615546004537
2012-06-28 22:00:00,247.28823295118806
2012-06-28 23:00:00,299.5120200247821
2012-06-29 00:00:00,299.5120200247821
2012-06-29 01:00:00,285.99075650365893
2012-06-29 02:00:00,209.5195527842301
2012-06-29 03:00:00,209.5195527842301
2012-06-29 04:00:00,153.8511157496098
2012-06-29 05:00:00,246.92465194805197
2012-06-29 06:00:00,246.1516341991342
2012-06-29 07:00:00,246.92465194805197
2012-06-29 08:00:00,341.52064285714283
2012-06-29 09:00:00,363.7033720607713
2012-06-29 10:00:00,319.80041666666665
2012-06-29 11:00:00,311.54266666666666
2012-06-29 12:00:00,302.7273333333334
2012-06-29 13:00:00,241.088
2012-06-29 14:00:00,370.4048333333334
2012-06-29 15:00:00,343.24513333333334
2012-06-29 16:00:00,343.24513333333334
2012-06-29 17:00:00,310.267
2012-06-29 18:00:00,332.0294666666667
2012-06-29 19:00:00,187.4537285714286
2012-06-29 20:00:00,232.33353333333332
2012-06-29 21:00:00,221.69060952380954
2012-06-29 22:00:00,461.68350476190477
2012-06-29 23:00:00,461.68350476190477
2012-06-30 00:00:00,85.41074206349205
2012-06-30 01:00:00,80.12686349206349
2012-06-30 02:00:00,97.75961452991453
2012-06-30 03:00:00,97.75961452991453
2012-06-30 04:00:00,59.6999
2012-06-30 05:00:00,54.13553333333334
2012-06-30 06:00:00,54.13553333333334
2012-06-30 07:00:00,54.13553333333334
2012-06-30 08:00:00,54.13553333333334
2012-06-30 09:00:00,54.13553333333334
2012-06-30 10:00:00,397.846
2012-06-30 11:00:00,397.846
2012-06-30 12:00:00,397.846
2012-06-30 13:00:00,397.846
2012-06-30 14:00:00,397.846
2012-06-30 15:00:00,397.846
2012-06-30 16:00:00,429.354
2012-06-30 17:00:00,386.4166666666667
2012-06-30 18:00:00,443.9231111111111
2012-06-30 19:00:00,408.83826666666664
2012-06-30 20:00:00,381.7314919191919
2012-06-30 21:00:00,381.7314919191919
2012-06-30 22:00:00,265.10310266955264
2012-06-30 23:00:00,184.758
2012-07-20 00:00:00,136.38667539682538
2012-07-20 01:00:00,47.198285389230655
2012-07-20 02:00:00,292.1757666666666
2012-07-20 03:00:00,276.1940380952381
2012-07-20 04:00:00,338.73416190476195
2012-07-20 05:00:00,233.11249523809528
2012-07-20 06:00:00,338.73416190476195
2012-07-20 07:00:00,287.21518095238105
2012-07-20 08:00:00,249.93072063492062
2012-07-20 09:00:00,172.65468333333337
2012-07-20 10:00:00,274.24744047619043
2012-07-20 11:00:00,326.4523761904762
2012-07-20 12:00:00,187.74023968253965
2012-07-20 13:00:00,119.78503809523808
2012-07-20 14:00:00,138.9306349206349
2012-07-20 15:00:00,81.60202142857142
2012-07-20 16:00:00,133.50120476190477
2012-07-20 17:00:00,318.2874666666666
2012-07-20 18:00:00,205.5657606060606
2012-07-20 19:00:00,220.71380158730156
2012-07-20 20:00:00,130.7910163003663
2012-07-20 21:00:00,105.39811364574125
2012-07-20 22:00:00,285.39741070060205
2012-07-20 23:00:00,240.20657153804046
2012-07-21 00:00:00,85.9441
2012-07-21 01:00:00,94.88832666666666
2012-07-21 02:00:00,138.0176285714286
2012-07-21 03:00:00,170.8486885714286
2012-07-21 04:00:00,205.80003333333335
2012-07-21 05:00:00,245.49893333333335
2012-07-21 06:00:00,245.49893333333335
2012-07-21 07:00:00,172.48520000000008
2012-07-21 08:00:00,169.80521220821666
2012-07-21 09:00:00,139.89364684025125
2012-07-21 10:00:00,245.49893333333335
2012-07-21 11:00:00,115.96267220821662
2012-07-21 12:00:00,103.43482666666668
2012-07-21 13:00:00,71.79471
2012-07-21 14:00:00,126.04262666666669
2012-07-21 15:00:00,170.8486885714286
2012-07-21 16:00:00,113.19763857142857
2012-07-21 17:00:00,92.15766647489765
2012-07-21 18:00:00,91.23510761904762
2012-07-21 19:00:00,100.68072025641027
2012-07-21 20:00:00,92.15766647489765
2012-07-21 21:00:00,100.68072025641027
2012-07-21 22:00:00,80.8441031135531
2012-07-21 23:00:00,95.96475897435899
2012-07-22 00:00:00,80.8441031135531
2012-07-22 01:00:00,100.68072025641027
2012-07-22 02:00:00,80.8441031135531
2012-07-22 03:00:00,80.8441031135531
2012-07-22 04:00:00,49.1411711038961
2012-07-22 05:00:00,49.1411711038961
2012-07-22 06:00:00,70.43922960927961
2012-07-22 07:00:00,73.58533675213674
2012-07-22 08:00:00,94.86854444444447
2012-07-22 09:00:00,305.5016
2012-07-22 10:00:00,260.62333333333333
2012-07-22 11:00:00,260.62333333333333
2012-07-22 12:00:00,319.9391833333334
2012-07-22 13:00:00,233.23631349206352
2012-07-22 14:00:00,239.22400952380946
2012-07-22 15:00:00,239.22400952380946
2012-07-22 16:00:00,243.50751111111114
2012-07-22 17:00:00,186.82607988691535
2012-07-22 18:00:00,377.58248810637707
2012-07-22 19:00:00,334.80224970380493
2012-07-22 20:00:00,230.08046030986554
2012-07-22 21:00:00,104.85434999999998
2012-07-22 22:00:00,210.39050234930755
2012-07-22 23:00:00,94.71465238095239
2012-07-23 00:00:00,81.55038592314119
2012-07-23 01:00:00,42.707991941391946
2012-07-23 02:00:00,17.01515238095239
2012-07-23 03:00:00,17.01515238095239
2012-07-23 04:00:00,47.35314285714285
2012-07-23 05:00:00,47.35314285714285
2012-07-23 06:00:00,40.42147619047617
2012-07-23 07:00:00,21.47763333333333
2012-07-23 08:00:00,161.10080288600284
2012-07-23 09:00:00,222.9876476190476
2012-07-23 10:00:00,337.9532047619048
2012-07-23 11:00:00,177.1375611111111
2012-07-23 12:00:00,177.1375611111111
2012-07-23 13:00:00,260.5101571428572
2012-07-23 14:00:00,252.32139682539685
2012-07-23 15:00:00,488.2450613003324
2012-07-23 16:00:00,224.8641995546599
2012-07-23 17:00:00,224.8641995546599
2012-07-23 18:00:00,441.16592415783447
2012-07-23 19:00:00,272.41842358689775
2012-07-23 20:00:00,320.33792869104576
2012-07-23 21:00:00,300.3922251220274
2012-07-23 22:00:00,246.03821646042448
2012-07-23 23:00:00,177.53576458998523
2012-07-24 00:00:00,34.647310245310244
2012-07-24 01:00:00,75.419
2012-07-24 02:00:00,147.50503781440784
2012-07-24 03:00:00,147.50503781440784
2012-07-24 04:00:00,106.74243070175446
2012-07-24 05:00:00,95.47029920634924
2012-07-24 06:00:00,40.14151095238096
2012-07-24 07:00:00,202.55606927312456
2012-07-24 08:00:00,290.7814141691842
2012-07-24 09:00:00,560.551
2012-07-24 10:00:00,171.66475942028987
2012-07-24 11:00:00,263.4480878787879
2012-07-24 12:00:00,208.34166666666667
2012-07-24 13:00:00,273.4191656565656
2012-07-24 14:00:00,252.37309999999997
2012-07-24 15:00:00,415.312957646247
2012-07-24 16:00:00,377.11526355311355
2012-07-24 17:00:00,212.90128787878794
2012-07-24 18:00:00,459.2032142857144
2012-07-24 19:00:00,320.33792869104576
2012-07-24 20:00:00,293.8152614555424
2012-07-24 21:00:00,130.36711146064516
2012-07-24 22:00:00,326.2609012828112
2012-07-24 23:00:00,332.49642723311547
2012-07-25 00:00:00,268.0124534763167
2012-07-25 01:00:00,147.94898422965923
2012-07-25 02:00:00,215.68362168664666
2012-07-25 03:00:00,90.0134985070485
2012-07-25 04:00:00,331.2313954266856
2012-07-25 05:00:00,153.49905256954267
2012-07-25 06:00:00,152.07184672538685
2012-07-25 07:00:00,363.5005380952381
2012-07-25 08:00:00,388.2390128223857
2012-07-25 09:00:00,416.78427672882674
2012-07-25 10:00:00,163.33475396825398
2012-07-25 11:00:00,208.01880793650793
2012-07-25 12:00:00,208.01880793650793
2012-07-25 13:00:00,308.04589474282443
2012-07-25 14:00:00,297.04154003266126
2012-07-25 15:00:00,333.6629999707624
2012-07-25 16:00:00,295.28798154131994
2012-07-25 17:00:00,267.2149776723277
2012-07-25 18:00:00,323.30865982006327
2012-07-25 19:00:00,267.1985186942158
2012-07-25 20:00:00,440.6649339084598
2012-07-25 21:00:00,293.9799184014053
2012-07-25 22:00:00,315.7942503607503
2012-07-25 23:00:00,307.98336666666665
2012-07-26 00:00:00,152.04460213675216
2012-07-26 01:00:00,90.0134985070485
2012-07-26 02:00:00,109.84231666666666
2012-07-26 03:00:00,112.64231666666664
2012-07-26 04:00:00,142.03127272727278
2012-07-26 05:00:00,142.03127272727278
2012-07-26 06:00:00,97.88297999999999
2012-07-26 07:00:00,303.2791463033927
2012-07-26 08:00:00,260.27737770562766
2012-07-26 09:00:00,294.9810065878566
2012-07-26 10:00:00,329.4208588067687
2012-07-26 11:00:00,380.8655095238096
2012-07-26 12:00:00,218.97253333333333
2012-07-26 13:00:00,203.1900111111111
2012-07-26 14:00:00,259.2092619047619
2012-07-26 15:00:00,235.341
2012-07-26 16:00:00,211.615
2012-07-26 17:00:00,278.0686666666667
2012-07-26 18:00:00,212.772
2012-07-26 19:00:00,286.72066666666666
2012-07-26 20:00:00,245.16766190476187
2012-07-26 21:00:00,353.89979999999997
2012-07-26 22:00:00,353.89979999999997
2012-07-26 23:00:00,356.4977043512042
2012-07-27 00:00:00,42.530966522366505
2012-07-27 01:00:00,113.36407561327569
2012-07-27 02:00:00,136.3178984126985
2012-07-27 03:00:00,202.55606927312456
2012-07-27 04:00:00,66.64078174603176
2012-07-27 05:00:00,19.33294365079364
2012-07-27 06:00:00,66.64078174603176
2012-07-27 07:00:00,117.03983518143303
2012-07-27 08:00:00,180.6759808080808
2012-07-27 09:00:00,377.9041039425433
2012-07-27 10:00:00,304.5771528735632
2012-07-27 11:00:00,394.74789523809534
2012-07-27 12:00:00,440.8331333333334
2012-07-27 13:00:00,311.8780182282576
2012-07-27 14:00:00,431.3893338367231
2012-07-27 15:00:00,335.75356956593646
2012-07-27 16:00:00,326.9396125454493
2012-07-27 17:00:00,215.6001981224374
2012-07-27 18:00:00,278.9629314633451
2012-07-27 19:00:00,387.9263108058606
2012-07-27 20:00:00,417.11922222222216
2012-07-27 21:00:00,417.11922222222216
2012-07-27 22:00:00,291.3499333333333
2012-07-27 23:00:00,189.16079999999994
2012-07-28 00:00:00,234.9419507936508
2012-07-28 01:00:00,255.24422857142847
2012-07-28 02:00:00,110.78467619047619
2012-07-28 03:00:00,110.78467619047619
2012-07-28 04:00:00,123.63618809523815
2012-07-28 05:00:00,94.71465238095239
2012-07-28 06:00:00,169.40755476190472
2012-07-28 07:00:00,334.2243828282827
2012-07-28 08:00:00,377.58248810637707
2012-07-28 09:00:00,209.2649
2012-07-28 10:00:00,397.1498407407408
2012-07-28 11:00:00,360.5360666666667
2012-07-28 12:00:00,388.5302
2012-07-28 13:00:00,486.7133333333333
2012-07-28 14:00:00,397.70033333333333
2012-07-28 15:00:00,390.604
2012-07-28 16:00:00,390.2402
2012-07-28 17:00:00,391.79067619047623
2012-07-28 18:00:00,356.78333333333336
2012-07-28 19:00:00,72.55129761904762
2012-07-28 20:00:00,75.57966356421355
2012-07-28 21:00:00,81.61764761904763
2012-07-28 22:00:00,81.61764761904763
2012-07-28 23:00:00,96.17333095238101
2012-07-29 00:00:00,62.89790143288084
2012-07-29 01:00:00,99.30394841269842
2012-07-29 02:00:00,135.7693140692641
2012-07-29 03:00:00,135.6306761904762
2012-07-29 04:00:00,101.8828064860427
2012-07-29 05:00:00,109.78621787545788
2012-07-29 06:00:00,72.08899790764791
2012-07-29 07:00:00,145.0551380952381
2012-07-29 08:00:00,303.1791197701675
2012-07-29 09:00:00,269.9878917031564
2012-07-29 10:00:00,231.75374761904754
2012-07-29 11:00:00,369.62701965329995
2012-07-29 12:00:00,361.51707539682536
2012-07-29 13:00:00,456.1261145502646
2012-07-29 14:00:00,425.39586274509804
2012-07-29 15:00:00,264.439
2012-07-29 16:00:00,264.439
2012-07-29 17:00:00,363.00960000000003
2012-07-29 18:00:00,387.25006666666667
2012-07-29 19:00:00,305.8466766917292
2012-07-29 20:00:00,243.50751111111114
2012-07-29 21:00:00,334.2243828282827
2012-07-29 22:00:00,169.40755476190472
2012-07-29 23:00:00,96.48340952380951
2012-07-30 00:00:00,112.02600238095236
2012-07-30 01:00:00,44.457076190476194
2012-07-30 02:00:00,56.63206190476189
2012-07-30 03:00:00,63.12943912666281
2012-07-30 04:00:00,63.12943912666281
2012-07-30 05:00:00,95.47029920634924
2012-07-30 06:00:00,147.50503781440784
2012-07-30 07:00:00,74.11772700632703
2012-07-30 08:00:00,174.4426437950938
2012-07-30 09:00:00,451.3145
2012-07-30 10:00:00,178.9917925407925
2012-07-30 11:00:00,420.6495666666667
2012-07-30 12:00:00,236.5357507215007
2012-07-30 13:00:00,430.22693139102654
2012-07-30 14:00:00,329.2942919779837
2012-07-30 15:00:00,368.0804206881625
2012-07-30 16:00:00,361.96163763327706
2012-07-30 17:00:00,270.6612854341737
2012-07-30 18:00:00,298.61208067226886
2012-07-30 19:00:00,156.16384937150977
2012-07-30 20:00:00,152.4854609390088
2012-07-30 21:00:00,117.03983518143303
2012-07-30 22:00:00,190.66257923742924
2012-07-30 23:00:00,103.1731964940518
2012-07-31 00:00:00,100.74746666666665
2012-07-31 01:00:00,40.14151095238096
2012-07-31 02:00:00,40.14151095238096
2012-07-31 03:00:00,106.74243070175446
2012-07-31 04:00:00,106.74243070175446
2012-07-31 05:00:00,147.50503781440784
2012-07-31 06:00:00,217.50885238095236
2012-07-31 07:00:00,93.16006666666667
2012-07-31 08:00:00,136.3178984126985
2012-07-31 09:00:00,113.36407561327569
2012-07-31 10:00:00,53.57541731601734
2012-07-31 11:00:00,257.9680436507936
2012-07-31 12:00:00,278.81058333333334
2012-07-31 13:00:00,470.28050118030114
2012-07-31 14:00:00,470.28050118030114
2012-07-31 15:00:00,126.351854881522
2012-07-31 16:00:00,376.92873144452483
2012-07-31 17:00:00,187.02923804271484
2012-07-31 18:00:00,513.8865363088348
2012-07-31 19:00:00,450.0597333333333
2012-07-31 20:00:00,407.88784285714286
2012-07-31 21:00:00,107.56168095238094
2012-07-31 22:00:00,394.48574074074065
2012-07-31 23:00:00,375.43991190476186
2012-08-20 00:00:00,139.29645476190478
2012-08-20 01:00:00,100.62884985664728
2012-08-20 02:00:00,100.62884985664728
2012-08-20 03:00:00,120.22565240344451
2012-08-20 04:00:00,95.28812878787879
2012-08-20 05:00:00,54.46993333333334
2012-08-20 06:00:00,379.05989057720063
2012-08-20 07:00:00,249.49438181818184
2012-08-20 08:00:00,201.0388261904762
2012-08-20 09:00:00,171.64374999999995
2012-08-20 10:00:00,150.5564216171617
2012-08-20 11:00:00,87.49884560439563
2012-08-20 12:00:00,98.7992023809524
2012-08-20 13:00:00,315.7942503607503
2012-08-20 14:00:00,85.83947081157326
2012-08-20 15:00:00,521.2967153503677
2012-08-20 16:00:00,521.2967153503677
2012-08-20 17:00:00,127.52630936857264
2012-08-20 18:00:00,225.24714444444442
2012-08-20 19:00:00,323.1802865079365
2012-08-20 20:00:00,240.20657153804046
2012-08-20 21:00:00,16.93630412058701
2012-08-20 22:00:00,54.46993333333334
2012-08-20 23:00:00,54.46993333333334
2012-08-21 00:00:00,95.28812878787879
2012-08-21 01:00:00,70.07994139292079
2012-08-21 02:00:00,244.1736828962901
2012-08-21 03:00:00,16.84287940115439
2012-08-21 04:00:00,16.84287940115439
2012-08-21 05:00:00,20.081151002506264
2012-08-21 06:00:00,72.41038813700916
2012-08-21 07:00:00,84.26928110389609
2012-08-21 08:00:00,97.64032331720568
2012-08-21 09:00:00,113.25928730158732
2012-08-21 10:00:00,125.11804560439559
2012-08-21 11:00:00,212.91798809523814
2012-08-21 12:00:00,235.8250777777778
2012-08-21 13:00:00,278.0876365079365
2012-08-21 14:00:00,260.4286845378151
2012-08-21 15:00:00,220.17283333333333
2012-08-21 16:00:00,220.17283333333333
2012-08-21 17:00:00,252.7398378029549
2012-08-21 18:00:00,439.85391528931774
2012-08-21 19:00:00,62.37254761904764
2012-08-21 20:00:00,27.41552886002886
2012-08-21 21:00:00,27.41552886002886
2012-08-21 22:00:00,12.789294338118015
2012-08-21 23:00:00,39.739001489008054
2012-08-22 00:00:00,84.68945394070839
2012-08-22 01:00:00,86.51552226019592
2012-08-22 02:00:00,86.51552226019592
2012-08-22 03:00:00,86.51552226019592
2012-08-22 04:00:00,77.08916583124477
2012-08-22 05:00:00,118.98634393939385
2012-08-22 06:00:00,138.65962568542568
2012-08-22 07:00:00,86.51552226019592
2012-08-22 08:00:00,139.11350014430016
2012-08-22 09:00:00,66.384
2012-08-22 10:00:00,220.7136063492063
2012-08-22 11:00:00,222.60002698412697
2012-08-22 12:00:00,161.97010476190474
2012-08-22 13:00:00,263.4866966810967
2012-08-22 14:00:00,296.90662445887443
2012-08-22 15:00:00,416.8084783581153
2012-08-22 16:00:00,270.2908761904762
2012-08-22 17:00:00,270.2908761904762
2012-08-22 18:00:00,221.35397142857144
2012-08-22 19:00:00,213.4962
2012-08-22 20:00:00,94.74447135642136
2012-08-22 21:00:00,27.41552886002886
2012-08-22 22:00:00,27.41552886002886
2012-08-22 23:00:00,41.062188393769944
2012-08-23 00:00:00,12.789294338118015
2012-08-23 01:00:00,39.739001489008054
2012-08-23 02:00:00,39.739001489008054
2012-08-23 03:00:00,31.014495363408532
2012-08-23 04:00:00,39.739001489008054
2012-08-23 05:00:00,39.739001489008054
2012-08-23 06:00:00,149.14275023402814
2012-08-23 07:00:00,166.4987898989899
2012-08-23 08:00:00,199.39881666666665
2012-08-23 09:00:00,290.76994285714295
2012-08-23 10:00:00,328.73955634920617
2012-08-23 11:00:00,252.73558138528142
2012-08-23 12:00:00,293.36173275613265
2012-08-23 13:00:00,360.79180503206476
2012-08-23 14:00:00,286.6371004381036
2012-08-23 15:00:00,337.34035351339475
2012-08-23 16:00:00,363.70354510267714
2012-08-23 17:00:00,503.26763193104483
2012-08-23 18:00:00,525.7063628164994
2012-08-23 19:00:00,217.48026904761906
2012-08-23 20:00:00,246.92465194805197
2012-08-23 21:00:00,493.05457362082365
2012-08-23 22:00:00,125.59372857142856
2012-08-23 23:00:00,183.59499523809527
2012-08-24 00:00:00,183.59499523809527
2012-08-24 01:00:00,148.19841428571428
2012-08-24 02:00:00,47.659484126984125
2012-08-24 03:00:00,27.41552886002886
2012-08-24 04:00:00,148.19841428571428
2012-08-24 05:00:00,12.789294338118015
2012-08-24 06:00:00,122.16211111111107
2012-08-24 07:00:00,92.9842873015873
2012-08-24 08:00:00,213.4962
2012-08-24 09:00:00,164.88958333333338
2012-08-24 10:00:00,299.07325
2012-08-24 11:00:00,281.94991666666664
2012-08-24 12:00:00,279.80745
2012-08-24 13:00:00,365.7875852304558
2012-08-24 14:00:00,343.5612820816865
2012-08-24 15:00:00,319.2828051948052
2012-08-24 16:00:00,319.2828051948052
2012-08-24 17:00:00,275.4274849457732
2012-08-24 18:00:00,333.6366611111111
2012-08-24 19:00:00,286.03484761904764
2012-08-24 20:00:00,315.36673479853494
2012-08-24 21:00:00,246.1516341991342
2012-08-24 22:00:00,183.63590476190478
2012-08-24 23:00:00,189.7412
2012-08-25 00:00:00,265.9562075757576
2012-08-25 01:00:00,344.53933333333333
2012-08-25 02:00:00,185.93811666666667
2012-08-25 03:00:00,57.745933333333326
2012-08-25 04:00:00,170.5983333333333
2012-08-25 05:00:00,136.96602012987012
2012-08-25 06:00:00,136.98331819291823
2012-08-25 07:00:00,126.99525628815633
2012-08-25 08:00:00,211.48803333333336
2012-08-25 09:00:00,189.91671666666667
2012-08-25 10:00:00,389.10720000000003
2012-08-25 11:00:00,290.45126410256415
2012-08-25 12:00:00,189.23956666666666
2012-08-25 13:00:00,320.00356666666664
2012-08-25 14:00:00,240.85725714285715
2012-08-25 15:00:00,199.87375714285716
2012-08-25 16:00:00,206.41633333333334
2012-08-25 17:00:00,212.75
2012-08-25 18:00:00,245.6815
2012-08-25 19:00:00,174.20181025641025
2012-08-25 20:00:00,109.00999333333333
2012-08-25 21:00:00,131.5015
2012-08-25 22:00:00,131.5015
2012-08-25 23:00:00,94.88832666666666
2012-08-26 00:00:00,68.00813333333333
2012-08-26 01:00:00,48.14185714285715
2012-08-26 02:00:00,54.996766666666666
2012-08-26 03:00:00,75.88539999999999
2012-08-26 04:00:00,41.91162857142857
2012-08-26 05:00:00,48.14185714285715
2012-08-26 06:00:00,90.9076
2012-08-26 07:00:00,48.14185714285715
2012-08-26 08:00:00,153.82523333333333
2012-08-26 09:00:00,98.51906666666666
2012-08-26 10:00:00,348.8689222222222
2012-08-26 11:00:00,331.42441965811963
2012-08-26 12:00:00,280.2978333333333
2012-08-26 13:00:00,178.21971666666664
2012-08-26 14:00:00,24.68074752567694
2012-08-26 15:00:00,91.30955238095238
2012-08-26 16:00:00,91.30955238095238
2012-08-26 17:00:00,39.96263333333333
2012-08-26 18:00:00,84.66246849816851
2012-08-26 19:00:00,97.08550714285711
2012-08-26 20:00:00,54.13553333333334
2012-08-26 21:00:00,34.63243984446926
2012-08-26 22:00:00,39.21550546218487
2012-08-26 23:00:00,60.82603641456583
2012-08-27 00:00:00,39.739001489008054
2012-08-27 01:00:00,47.24990190248349
2012-08-27 02:00:00,109.56433119541278
2012-08-27 03:00:00,47.24990190248349
2012-08-27 04:00:00,39.739001489008054
2012-08-27 05:00:00,40.38774577922077
2012-08-27 06:00:00,40.38774577922077
2012-08-27 07:00:00,63.12943912666281
2012-08-27 08:00:00,106.74243070175446
2012-08-27 09:00:00,95.47029920634924
2012-08-27 10:00:00,312.7694887445886
2012-08-27 11:00:00,252.61065686080045
2012-08-27 12:00:00,193.7639
2012-08-27 13:00:00,299.27037611256736
2012-08-27 14:00:00,297.2621263818306
2012-08-27 15:00:00,377.11526355311355
2012-08-27 16:00:00,273.42550623540876
2012-08-27 17:00:00,255.94376342799342
2012-08-27 18:00:00,228.21249944622357
2012-08-27 19:00:00,329.4208588067687
2012-08-27 20:00:00,290.7814141691842
2012-08-27 21:00:00,194.53928347023344
2012-08-27 22:00:00,56.49663333333333
2012-08-27 23:00:00,174.0262619047619
2012-08-28 00:00:00,110.50053333333334
2012-08-28 01:00:00,65.5625
2012-08-28 02:00:00,92.24105714285712
2012-08-28 03:00:00,47.198285389230655
2012-08-28 04:00:00,40.14151095238096
2012-08-28 05:00:00,234.6966571428572
2012-08-28 06:00:00,276.1940380952381
2012-08-28 07:00:00,398.6842523809524
2012-08-28 08:00:00,162.37351904761908
2012-08-28 09:00:00,274.24744047619043
2012-08-28 10:00:00,405.89167883985795
2012-08-28 11:00:00,198.15369430474678
2012-08-28 12:00:00,361.96163763327706
2012-08-28 13:00:00,182.12172349709115
2012-08-28 14:00:00,237.6340292207792
2012-08-28 15:00:00,238.95731623376622
2012-08-28 16:00:00,263.98725357975354
2012-08-28 17:00:00,259.7257398268398
2012-08-28 18:00:00,418.14498767131556
2012-08-28 19:00:00,343.9152163120234
2012-08-28 20:00:00,246.17933727938728
2012-08-28 21:00:00,239.30157900432906
2012-08-28 22:00:00,212.91798809523814
2012-08-28 23:00:00,95.74744285714284
2012-08-29 00:00:00,47.659484126984125
2012-08-29 01:00:00,121.76844622033632
2012-08-29 02:00:00,364.4370204292783
2012-08-29 03:00:00,101.8149137667888
2012-08-29 04:00:00,110.2404912698413
2012-08-29 05:00:00,46.79317698412699
2012-08-29 06:00:00,46.79317698412699
2012-08-29 07:00:00,268.8604716171617
2012-08-29 08:00:00,166.78947912087915
2012-08-29 09:00:00,310.0706340816048
2012-08-29 10:00:00,277.3827085364656
2012-08-29 11:00:00,235.8250777777778
2012-08-29 12:00:00,323.16991428571436
2012-08-29 13:00:00,283.22252380952386
2012-08-29 14:00:00,392.7275408082113
2012-08-29 15:00:00,490.84142297604484
2012-08-29 16:00:00,393.05412696751404
2012-08-29 17:00:00,318.7464034018794
2012-08-29 18:00:00,487.7800092229217
2012-08-29 19:00:00,226.56462518037512
2012-08-29 20:00:00,95.74744285714284
2012-08-29 21:00:00,228.94486666666663
2012-08-29 22:00:00,154.9672833333333
2012-08-29 23:00:00,108.19008095238095
2012-08-30 00:00:00,113.25928730158732
2012-08-30 01:00:00,159.97836507936515
2012-08-30 02:00:00,138.65962568542568
2012-08-30 03:00:00,138.65962568542568
2012-08-30 04:00:00,138.65962568542568
2012-08-30 05:00:00,138.65962568542568
2012-08-30 06:00:00,100.62884985664728
2012-08-30 07:00:00,27.41552886002886
2012-08-30 08:00:00,107.3931
2012-08-30 09:00:00,119.44995000000003
2012-08-30 10:00:00,181.34175
2012-08-30 11:00:00,392.7275408082113
2012-08-30 12:00:00,630.015804115691
2012-08-30 13:00:00,263.4866966810967
2012-08-30 14:00:00,416.8084783581153
2012-08-30 15:00:00,277.25179743625574
2012-08-30 16:00:00,297.4661645080728
2012-08-30 17:00:00,373.2391431692487
2012-08-30 18:00:00,423.90519963641435
2012-08-30 19:00:00,416.8084783581153
2012-08-30 20:00:00,412.7404132061183
2012-08-30 21:00:00,204.4237411477411
2012-08-30 22:00:00,115.54211666666666
2012-08-30 23:00:00,185.10816767676752
2012-08-31 00:00:00,116.9238666666667
2012-08-31 01:00:00,116.9238666666667
2012-08-31 02:00:00,47.198285389230655
2012-08-31 03:00:00,94.57556237335764
2012-08-31 04:00:00,73.85706414380942
2012-08-31 05:00:00,217.50885238095236
2012-08-31 06:00:00,325.88593095238093
2012-08-31 07:00:00,234.15
2012-08-31 08:00:00,272.881507142857
2012-08-31 09:00:00,264.4800142857143
2012-08-31 10:00:00,290.93106378066386
2012-08-31 11:00:00,230.67635604395605
2012-08-31 12:00:00,371.62098937728933
2012-08-31 13:00:00,228.8943563492063
2012-08-31 14:00:00,301.78578067870825
2012-08-31 15:00:00,221.7423007936507
2012-08-31 16:00:00,317.27492380952367
2012-08-31 17:00:00,222.57530945461187
2012-08-31 18:00:00,637.8820029526025
2012-08-31 19:00:00,466.1800784020329
2012-08-31 20:00:00,466.1800784020329
2012-08-31 21:00:00,224.6294641242634
2012-08-31 22:00:00,224.6294641242634
2012-08-31 23:00:00,374.36492527472524
2012-09-20 00:00:00,69.96241904761902
2012-09-20 01:00:00,107.43636914098973
2012-09-20 02:00:00,57.97622787114847
2012-09-20 03:00:00,139.66800952380953
2012-09-20 04:00:00,134.68923739495798
2012-09-20 05:00:00,134.68923739495798
2012-09-20 06:00:00,139.66800952380953
2012-09-20 07:00:00,124.18405120960911
2012-09-20 08:00:00,117.03487724712566
2012-09-20 09:00:00,276.6260116698627
2012-09-20 10:00:00,277.962
2012-09-20 11:00:00,316.90833333333325
2012-09-20 12:00:00,510.9874537652743
2012-09-20 13:00:00,230.35108840579707
2012-09-20 14:00:00,217.90166007326013
2012-09-20 15:00:00,223.22605531135534
2012-09-20 16:00:00,195.65184761904766
2012-09-20 17:00:00,258.7904735653235
2012-09-20 18:00:00,68.79969523809523
2012-09-20 19:00:00,354.4091285529795
2012-09-20 20:00:00,435.5656421060929
2012-09-20 21:00:00,369.3269928386938
2012-09-20 22:00:00,162.58392262182264
2012-09-20 23:00:00,131.31595336545178
2012-09-21 00:00:00,341.79217380952383
2012-09-21 01:00:00,279.565342857143
2012-09-21 02:00:00,279.565342857143
2012-09-21 03:00:00,26.324671741854644
2012-09-21 04:00:00,87.46147023809522
2012-09-21 05:00:00,154.9461428571428
2012-09-21 06:00:00,26.324671741854644
2012-09-21 07:00:00,378.084880952381
2012-09-21 08:00:00,195.77788087579086
2012-09-21 09:00:00,281.4277523658248
2012-09-21 10:00:00,232.70742399811417
2012-09-21 11:00:00,185.71339487179486
2012-09-21 12:00:00,420.11339999999996
2012-09-21 13:00:00,155.5266784770785
2012-09-21 14:00:00,331.7042666666666
2012-09-21 15:00:00,404.4495912087912
2012-09-21 16:00:00,226.56462518037512
2012-09-21 17:00:00,306.13016666666664
2012-09-21 18:00:00,199.2419888916639
2012-09-21 19:00:00,238.79543114097117
2012-09-21 20:00:00,166.09803243967255
2012-09-21 21:00:00,89.17808095238095
2012-09-21 22:00:00,46.79317698412699
2012-09-21 23:00:00,130.44083333333333
2012-09-22 00:00:00,75.9223435897436
2012-09-22 01:00:00,170.20773333333335
2012-09-22 02:00:00,152.1901666666667
2012-09-22 03:00:00,153.76332222222226
2012-09-22 04:00:00,153.76332222222226
2012-09-22 05:00:00,178.47279999999998
2012-09-22 06:00:00,185.31560000000002
2012-09-22 07:00:00,97.60326269841269
2012-09-22 08:00:00,144.0076
2012-09-22 09:00:00,186.83355172413792
2012-09-22 10:00:00,265.1451666666667
2012-09-22 11:00:00,173.85445346320344
2012-09-22 12:00:00,296.45336666666657
2012-09-22 13:00:00,346.28674052287573
2012-09-22 14:00:00,364.11061511115304
2012-09-22 15:00:00,366.7490666666666
2012-09-22 16:00:00,340.6662405228757
2012-09-22 17:00:00,340.6662405228757
2012-09-22 18:00:00,238.9889528822055
2012-09-22 19:00:00,116.44816521811526
2012-09-22 20:00:00,280.79812619047624
2012-09-22 21:00:00,279.1361238095237
2012-09-22 22:00:00,169.60279999999995
2012-09-22 23:00:00,381.34491904761904
2012-09-23 00:00:00,471.06516666666664
2012-09-23 01:00:00,166.21427651511888
2012-09-23 02:00:00,255.86279994013196
2012-09-23 03:00:00,170.67225957095192
2012-09-23 04:00:00,276.44111365899965
2012-09-23 05:00:00,194.7412476629642
2012-09-23 06:00:00,373.7863411639078
2012-09-23 07:00:00,216.8439322116028
2012-09-23 08:00:00,157.17901165775402
2012-09-23 09:00:00,178.05940672379907
2012-09-23 10:00:00,371.9085059664972
2012-09-23 11:00:00,346.3186515151515
2012-09-23 12:00:00,493.1898
2012-09-23 13:00:00,466.794
2012-09-23 14:00:00,447.8555
2012-09-23 15:00:00,520.822
2012-09-23 16:00:00,476.6346666666667
2012-09-23 17:00:00,403.49
2012-09-23 18:00:00,529.8264333333334
2012-09-23 19:00:00,440.6424333333333
2012-09-23 20:00:00,440.6424333333333
2012-09-23 21:00:00,448.1878333333333
2012-09-23 22:00:00,471.4054264218541
2012-09-23 23:00:00,279.72166190476185
2012-09-24 00:00:00,193.60708157756
2012-09-24 01:00:00,51.46497619047619
2012-09-24 02:00:00,288.8932984245695
2012-09-24 03:00:00,245.8089099136038
2012-09-24 04:00:00,131.47195593869728
2012-09-24 05:00:00,426.5441968253967
2012-09-24 06:00:00,305.3330179292929
2012-09-24 07:00:00,51.46497619047619
2012-09-24 08:00:00,208.81774511794578
2012-09-24 09:00:00,216.70387782851824
2012-09-24 10:00:00,255.91276510829718
2012-09-24 11:00:00,311.646
2012-09-24 12:00:00,350.8588333333334
2012-09-24 13:00:00,474.368
2012-09-24 14:00:00,380.175
2012-09-24 15:00:00,314.4837
2012-09-24 16:00:00,360.99553333333336
2012-09-24 17:00:00,331.18553333333324
2012-09-24 18:00:00,330.1098666666667
2012-09-24 19:00:00,632.3946
2012-09-24 20:00:00,232.43619372294373
2012-09-24 21:00:00,194.55804658439484
2012-09-24 22:00:00,299.2883497570199
2012-09-24 23:00:00,282.725433492838
2012-09-25 00:00:00,81.07502499999997
2012-09-25 01:00:00,210.90447438476787
2012-09-25 02:00:00,158.51505449452506
2012-09-25 03:00:00,529.0915960363191
2012-09-25 04:00:00,189.59094199591493
2012-09-25 05:00:00,250.18904136321197
2012-09-25 06:00:00,334.0412380952381
2012-09-25 07:00:00,307.51642164502164
2012-09-25 08:00:00,182.2599521645022
2012-09-25 09:00:00,309.3462930735931
2012-09-25 10:00:00,204.5451898395722
2012-09-25 11:00:00,283.4207714285714
2012-09-25 12:00:00,253.70223307656394
2012-09-25 13:00:00,496.6028
2012-09-25 14:00:00,391.9039904761905
2012-09-25 15:00:00,427.25482857142856
2012-09-25 16:00:00,421.4940965367965
2012-09-25 17:00:00,357.4040152597402
2012-09-25 18:00:00,256.32677276794595
2012-09-25 19:00:00,338.85013333333336
2012-09-25 20:00:00,402.2276666666666
2012-09-25 21:00:00,402.2276666666666
2012-09-25 22:00:00,414.36766666666665
2012-09-25 23:00:00,405.6186666666667
2012-09-26 00:00:00,273.0778095238096
2012-09-26 01:00:00,343.38533333333334
2012-09-26 02:00:00,218.69562380952382
2012-09-26 03:00:00,218.69562380952382
2012-09-26 04:00:00,168.64984761904765
2012-09-26 05:00:00,210.6686666666667
2012-09-26 06:00:00,226.8577012767426
2012-09-26 07:00:00,219.9568068322982
2012-09-26 08:00:00,210.9147142857143
2012-09-26 09:00:00,426.15044761904767
2012-09-26 10:00:00,274.55692857142856
2012-09-26 11:00:00,403.6853333333333
2012-09-26 12:00:00,428.56150303030296
2012-09-26 13:00:00,437.8941696969697
2012-09-26 14:00:00,360.82322661064427
2012-09-26 15:00:00,348.2742599439776
2012-09-26 16:00:00,478.9475123249301
2012-09-26 17:00:00,348.2742599439776
2012-09-26 18:00:00,567.3778640522877
2012-09-26 19:00:00,429.7734238095239
2012-09-26 20:00:00,401.8451547619047
2012-09-26 21:00:00,510.3069476190477
2012-09-26 22:00:00,371.5458333333333
2012-09-26 23:00:00,517.1456
2012-09-27 00:00:00,302.5102047619048
2012-09-27 01:00:00,302.5102047619048
2012-09-27 02:00:00,302.5102047619048
2012-09-27 03:00:00,235.21117619047615
2012-09-27 04:00:00,19.255850000000002
2012-09-27 05:00:00,129.84557835497833
2012-09-27 06:00:00,186.33138888888882
2012-09-27 07:00:00,235.21117619047615
2012-09-27 08:00:00,327.8553142857143
2012-09-27 09:00:00,632.237316305916
2012-09-27 10:00:00,453.0879047619048
2012-09-27 11:00:00,422.0462809523809
2012-09-27 12:00:00,349.14988095238095
2012-09-27 13:00:00,340.38400000000007
2012-09-27 14:00:00,298.9003166666667
2012-09-27 15:00:00,308.8673166666666
2012-09-27 16:00:00,334.8697411255411
2012-09-27 17:00:00,386.8487642857143
2012-09-27 18:00:00,372.346330952381
2012-09-27 19:00:00,593.1427325396826
2012-09-27 20:00:00,358.1228666666667
2012-09-27 21:00:00,292.1694785714286
2012-09-27 22:00:00,292.1694785714286
2012-09-27 23:00:00,275.94374761904754
2012-09-28 00:00:00,150.22541666666663
2012-09-28 01:00:00,114.9484095238095
2012-09-28 02:00:00,140.2879874686717
2012-09-28 03:00:00,253.14041260504192
2012-09-28 04:00:00,125.28982380952382
2012-09-28 05:00:00,109.11794639249638
2012-09-28 06:00:00,208.559046031746
2012-09-28 07:00:00,51.38691904761904
2012-09-28 08:00:00,290.31835238095243
2012-09-28 09:00:00,348.01625
2012-09-28 10:00:00,257.02643333333333
2012-09-28 11:00:00,411.72492857142856
2012-09-28 12:00:00,422.0111333333333
2012-09-28 13:00:00,500.4689222222222
2012-09-28 14:00:00,422.0111333333333
2012-09-28 15:00:00,358.2250047619047
2012-09-28 16:00:00,366.49847435897436
2012-09-28 17:00:00,317.9647523809524
2012-09-28 18:00:00,361.25867435897436
2012-09-28 19:00:00,426.6544
2012-09-28 20:00:00,533.7115
2012-09-28 21:00:00,516.66
2012-09-28 22:00:00,326.98383553113547
2012-09-28 23:00:00,365.883230985681
2012-09-29 00:00:00,376.7148365079366
2012-09-29 01:00:00,376.7148365079366
2012-09-29 02:00:00,289.4807833333333
2012-09-29 03:00:00,209.80862893607892
2012-09-29 04:00:00,354.8531934343434
2012-09-29 05:00:00,236.90069649401872
2012-09-29 06:00:00,301.2341130081301
2012-09-29 07:00:00,128.35716666666664
2012-09-29 08:00:00,245.02356666666668
2012-09-29 09:00:00,236.90069649401872
2012-09-29 10:00:00,299.5318434343434
2012-09-29 11:00:00,250.37536464091463
2012-09-29 12:00:00,448.8886666666667
2012-09-29 13:00:00,448.8886666666667
2012-09-29 14:00:00,448.6836666666666
2012-09-29 15:00:00,455.8248
2012-09-29 16:00:00,491.91833333333335
2012-09-29 17:00:00,440.55050000000006
2012-09-29 18:00:00,396.43364285714284
2012-09-29 19:00:00,284.27451462212036
2012-09-29 20:00:00,302.24007219787785
2012-09-29 21:00:00,292.43894065021277
2012-09-29 22:00:00,376.89780036075035
2012-09-29 23:00:00,319.7228111111112
2012-09-30 00:00:00,287.30453333333344
2012-09-30 01:00:00,287.30453333333344
2012-09-30 02:00:00,297.8106535353536
2012-09-30 03:00:00,197.52700634920632
2012-09-30 04:00:00,197.52700634920632
2012-09-30 05:00:00,196.0224817950047
2012-09-30 06:00:00,264.57968814421105
2012-09-30 07:00:00,136.9518748473748
2012-09-30 08:00:00,184.82456349206356
2012-09-30 09:00:00,470.98441464646464
2012-09-30 10:00:00,405.79824285714284
2012-09-30 11:00:00,442.9008
2012-09-30 12:00:00,448.8886666666667
2012-09-30 13:00:00,491.91833333333335
2012-09-30 14:00:00,491.91833333333335
2012-09-30 15:00:00,560.6157333333334
2012-09-30 16:00:00,598.9310666666668
2012-09-30 17:00:00,420.12000000000006
2012-09-30 18:00:00,158.63639999999998
2012-09-30 19:00:00,359.96447142857136
2012-09-30 20:00:00,359.96447142857136
2012-09-30 21:00:00,198.71789047619043
2012-09-30 22:00:00,108.72686666666667
2012-09-30 23:00:00,168.38763015873013
2012-10-20 00:00:00,99.2683619047619
2012-10-20 01:00:00,115.41506190476191
2012-10-20 02:00:00,160.9574095238095
2012-10-20 03:00:00,138.24225952380954
2012-10-20 04:00:00,196.0224817950047
2012-10-20 05:00:00,130.9469228327228
2012-10-20 06:00:00,348.31560077047385
2012-10-20 07:00:00,130.9469228327228
2012-10-20 08:00:00,91.94634285714287
2012-10-20 09:00:00,293.3870569779173
2012-10-20 10:00:00,266.59363006171117
2012-10-20 11:00:00,306.2077087424408
2012-10-20 12:00:00,465.16841111111114
2012-10-20 13:00:00,449.02121904761907
2012-10-20 14:00:00,506.32136190476183
2012-10-20 15:00:00,502.1451714285715
2012-10-20 16:00:00,426.09887619047623
2012-10-20 17:00:00,553.8346666666667
2012-10-20 18:00:00,601.9905333333334
2012-10-20 19:00:00,335.62318540372667
2012-10-20 20:00:00,567.8245333333333
2012-10-20 21:00:00,247.43746460855533
2012-10-20 22:00:00,245.42939813902575
2012-10-20 23:00:00,322.5509982517483
2012-10-21 00:00:00,208.66208704745023
2012-10-21 01:00:00,282.1102258950699
2012-10-21 02:00:00,145.45917295907086
2012-10-21 03:00:00,149.6911591133005
2012-10-21 04:00:00,127.90924285714287
2012-10-21 05:00:00,149.6911591133005
2012-10-21 06:00:00,391.47878333333335
2012-10-21 07:00:00,391.47878333333335
2012-10-21 08:00:00,251.18271149425289
2012-10-21 09:00:00,263.2657426152172
2012-10-21 10:00:00,202.74069707070709
2012-10-21 11:00:00,292.8538095238095
2012-10-21 12:00:00,328.6293238095238
2012-10-21 13:00:00,457.8518666666667
2012-10-21 14:00:00,507.6266666666666
2012-10-21 15:00:00,375.1221666666666
2012-10-21 16:00:00,553.8346666666667
2012-10-21 17:00:00,535.8125333333334
2012-10-21 18:00:00,602.8405190476192
2012-10-21 19:00:00,412.56961428571424
2012-10-21 20:00:00,388.1914857142857
2012-10-21 21:00:00,48.76948815561368
2012-10-21 22:00:00,256.6053319607596
2012-10-21 23:00:00,279.74055815123575
2012-10-22 00:00:00,495.32456107159777
2012-10-22 01:00:00,201.45247515719794
2012-10-22 02:00:00,163.46244085933228
2012-10-22 03:00:00,495.32456107159777
2012-10-22 04:00:00,186.79261863711002
2012-10-22 05:00:00,65.00496732992048
2012-10-22 06:00:00,35.2058716153128
2012-10-22 07:00:00,123.65505435139573
2012-10-22 08:00:00,212.35686149425283
2012-10-22 09:00:00,415.27788808907854
2012-10-22 10:00:00,290.38231244588746
2012-10-22 11:00:00,233.6976
2012-10-22 12:00:00,327.26516666666663
2012-10-22 13:00:00,350.1866458378223
2012-10-22 14:00:00,453.2553333333334
2012-10-22 15:00:00,361.5913644872888
2012-10-22 16:00:00,331.2098596934801
2012-10-22 17:00:00,281.33712222222215
2012-10-22 18:00:00,551.6587045548654
2012-10-22 19:00:00,232.43619372294373
2012-10-22 20:00:00,315.5199741719572
2012-10-22 21:00:00,207.28333015873022
2012-10-22 22:00:00,79.88798376623377
2012-10-22 23:00:00,284.24174401154403
2012-10-23 00:00:00,174.60063325652837
2012-10-23 01:00:00,253.63281688311687
2012-10-23 02:00:00,105.444191706415
2012-10-23 03:00:00,162.62320903997963
2012-10-23 04:00:00,181.62259533146587
2012-10-23 05:00:00,197.1264649562855
2012-10-23 06:00:00,63.87978174931751
2012-10-23 07:00:00,474.82058333333333
2012-10-23 08:00:00,179.48698333333334
2012-10-23 09:00:00,381.9419476190477
2012-10-23 10:00:00,328.8982070079679
2012-10-23 11:00:00,259.9375714285713
2012-10-23 12:00:00,243.13233333333335
2012-10-23 13:00:00,232.34156666666667
2012-10-23 14:00:00,393.834800553125
2012-10-23 15:00:00,311.94125208329405
2012-10-23 16:00:00,212.99188095238094
2012-10-23 17:00:00,287.1842428571429
2012-10-23 18:00:00,270.53083333333325
2012-10-23 19:00:00,355.15686666666676
2012-10-23 20:00:00,546.1426664596273
2012-10-23 21:00:00,236.406
2012-10-23 22:00:00,486.9831666666667
2012-10-23 23:00:00,106.69713467112597
2012-10-24 00:00:00,92.48164492753624
2012-10-24 01:00:00,190.68253333333337
2012-10-24 02:00:00,190.68253333333337
2012-10-24 03:00:00,327.34145066346696
2012-10-24 04:00:00,327.34145066346696
2012-10-24 05:00:00,127.35618686868683
2012-10-24 06:00:00,198.9931544733045
2012-10-24 07:00:00,214.86175004668533
2012-10-24 08:00:00,217.6692668067226
2012-10-24 09:00:00,189.80802727272726
2012-10-24 10:00:00,119.13119047619047
2012-10-24 11:00:00,637.1248902691511
2012-10-24 12:00:00,383.54372121212117
2012-10-24 13:00:00,299.1809476190476
2012-10-24 14:00:00,345.46636957590056
2012-10-24 15:00:00,428.78813321123323
2012-10-24 16:00:00,323.35762356535986
2012-10-24 17:00:00,252.21459523809523
2012-10-24 18:00:00,211.4373952380953
2012-10-24 19:00:00,288.83296666666666
2012-10-24 20:00:00,339.12231168831164
2012-10-24 21:00:00,396.3401212121213
2012-10-24 22:00:00,417.4969047619047
2012-10-24 23:00:00,314.18839999999994
2012-10-25 00:00:00,400.8919238095238
2012-10-25 01:00:00,278.0673333333333
2012-10-25 02:00:00,43.68214999999999
2012-10-25 03:00:00,40.21758309046737
2012-10-25 04:00:00,79.03552868506883
2012-10-25 05:00:00,166.28801828570823
2012-10-25 06:00:00,97.58579924787465
2012-10-25 07:00:00,97.58579924787465
2012-10-25 08:00:00,161.90647026927678
2012-10-25 09:00:00,142.83846148244953
2012-10-25 10:00:00,101.65801779597216
2012-10-25 11:00:00,203.5452634920634
2012-10-25 12:00:00,141.59053690476193
2012-10-25 13:00:00,114.29502380952381
2012-10-25 14:00:00,316.7096285714286
2012-10-25 15:00:00,500.8579047619048
2012-10-25 16:00:00,323.3162333333333
2012-10-25 17:00:00,323.3162333333333
2012-10-25 18:00:00,242.2418808080808
2012-10-25 19:00:00,144.94503499321775
2012-10-25 20:00:00,40.21758309046737
2012-10-25 21:00:00,40.21758309046737
2012-10-25 22:00:00,170.16301190476185
2012-10-25 23:00:00,101.65801779597216
2012-10-26 00:00:00,97.12203333333333
2012-10-26 01:00:00,78.60185799755797
2012-10-26 02:00:00,79.03552868506883
2012-10-26 03:00:00,166.28801828570823
2012-10-26 04:00:00,166.28801828570823
2012-10-26 05:00:00,79.03552868506883
2012-10-26 06:00:00,78.60185799755797
2012-10-26 07:00:00,79.03552868506883
2012-10-26 08:00:00,73.55739019350929
2012-10-26 09:00:00,73.55739019350929
2012-10-26 10:00:00,129.2900239848387
2012-10-26 11:00:00,194.08405115815555
2012-10-26 12:00:00,178.54499585643975
2012-10-26 13:00:00,291.8513435897436
2012-10-26 14:00:00,417.4969047619047
2012-10-26 15:00:00,396.3401212121213
2012-10-26 16:00:00,194.88610141199533
2012-10-26 17:00:00,167.2190657587597
2012-10-26 18:00:00,180.48267808123245
2012-10-26 19:00:00,174.0580290386248
2012-10-26 20:00:00,174.0580290386248
2012-10-26 21:00:00,209.5378146616541
2012-10-26 22:00:00,109.51313629148632
2012-10-26 23:00:00,194.44129878174658
2012-10-27 00:00:00,132.50105238095236
2012-10-27 01:00:00,141.34700375180378
2012-10-27 02:00:00,175.33776356421356
2012-10-27 03:00:00,170.97228095238094
2012-10-27 04:00:00,252.4272413419914
2012-10-27 05:00:00,165.42803333333333
2012-10-27 06:00:00,165.42803333333333
2012-10-27 07:00:00,108.55185476190478
2012-10-27 08:00:00,276.3092619047619
2012-10-27 09:00:00,276.3092619047619
2012-10-27 10:00:00,273.81796190476194
2012-10-27 11:00:00,454.81083333333333
2012-10-27 12:00:00,430.34766666666667
2012-10-27 13:00:00,455.8248
2012-10-27 14:00:00,417.7113333333333
2012-10-27 15:00:00,358.5705476190475
2012-10-27 16:00:00,330.5245476190475
2012-10-27 17:00:00,330.5245476190475
2012-10-27 18:00:00,330.5245476190475
2012-10-27 19:00:00,399.7974238095238
2012-10-27 20:00:00,399.7974238095238
2012-10-27 21:00:00,399.7974238095238
2012-10-27 22:00:00,386.3196904761905
2012-10-27 23:00:00,220.76246666666665
2012-10-28 00:00:00,311.8685
2012-10-28 01:00:00,455.0555
2012-10-28 02:00:00,354.10093333333333
2012-10-28 03:00:00,187.2515333333333
2012-10-28 04:00:00,145.0254
2012-10-28 05:00:00,187.68553333333335
2012-10-28 06:00:00,206.60917529411765
2012-10-28 07:00:00,219.09834196078435
2012-10-28 08:00:00,170.99193333333335
2012-10-28 09:00:00,161.77366666666666
2012-10-28 10:00:00,184.7955444444444
2012-10-28 11:00:00,205.97494444444445
2012-10-28 12:00:00,152.04426666666666
2012-10-28 13:00:00,126.39193333333334
2012-10-28 14:00:00,145.76693333333333
2012-10-28 15:00:00,145.58293333333333
2012-10-28 16:00:00,159.302
2012-10-28 17:00:00,122.35963333333333
2012-10-28 18:00:00,72.6913142857143
2012-10-28 19:00:00,78.20026666666666
2012-10-28 20:00:00,72.49931428571429
2012-10-28 21:00:00,114.06004285714285
2012-10-28 22:00:00,116.3953
2012-10-28 23:00:00,78.20026666666666
2012-10-29 00:00:00,91.73371904761905
2012-10-30 13:00:00,99.06639999999999
2012-10-30 14:00:00,99.06639999999999
2012-10-30 15:00:00,137.69723333333332
2012-10-30 16:00:00,137.69723333333332
2012-10-30 17:00:00,155.18589999999998
2012-10-30 18:00:00,200.58113333333333
2012-10-30 19:00:00,450.3702111111112
2012-10-30 20:00:00,286.60156666666666
2012-10-30 21:00:00,193.32960000000008
2012-10-30 22:00:00,180.8743774509804
2012-10-30 23:00:00,180.8743774509804
2012-10-31 00:00:00,192.35320000000002
2012-10-31 01:00:00,157.39496190476189
2012-10-31 02:00:00,265.00809999999996
2012-10-31 03:00:00,192.35320000000002
2012-10-31 04:00:00,232.3079666666667
2012-10-31 05:00:00,265.00809999999996
2012-10-31 06:00:00,159.94562745098045
2012-10-31 07:00:00,227.80580000000006
2012-10-31 08:00:00,50.79734761904761
2012-10-31 09:00:00,69.39479523809523
2012-10-31 10:00:00,137.95035634920632
2012-10-31 11:00:00,23.07652380952381
2012-10-31 12:00:00,201.89616221477172
2012-10-31 13:00:00,223.1513080809198
2012-10-31 14:00:00,292.9658402962432
2012-10-31 15:00:00,233.79290746855284
2012-10-31 16:00:00,259.7159710987396
2012-10-31 17:00:00,263.04531864727835
2012-10-31 18:00:00,263.04531864727835
2012-10-31 19:00:00,262.36862438437726
2012-10-31 20:00:00,262.36862438437726
2012-10-31 21:00:00,262.36862438437726
2012-10-31 22:00:00,209.19909170797763
2012-10-31 23:00:00,243.4274940131933
2012-11-20 00:00:00,81.98644523809524
2012-11-20 01:00:00,183.5228595238095
2012-11-20 02:00:00,254.96726190476193
2012-11-20 03:00:00,260.0120857142857
2012-11-20 04:00:00,165.67817777777776
2012-11-20 05:00:00,126.80778809523811
2012-11-20 06:00:00,217.63126190476194
2012-11-20 07:00:00,130.5096857142857
2012-11-20 08:00:00,111.77105714285715
2012-11-20 09:00:00,220.6597
2012-11-20 10:00:00,186.7028857142857
2012-11-20 11:00:00,200.25865757575758
2012-11-20 12:00:00,269.59591948051946
2012-11-20 13:00:00,370.572325108225
2012-11-20 14:00:00,401.58628556499696
2012-11-20 15:00:00,321.34370600675936
2012-11-20 16:00:00,372.2163831105784
2012-11-20 17:00:00,273.1741849402919
2012-11-20 18:00:00,186.7028857142857
2012-11-20 19:00:00,316.52939329004323
2012-11-20 20:00:00,344.3996333333333
2012-11-20 21:00:00,164.04217698412697
2012-11-20 22:00:00,164.04217698412697
2012-11-20 23:00:00,89.09821176470588
2012-11-21 00:00:00,107.76423347489538
2012-11-21 01:00:00,89.09821176470588
2012-11-21 02:00:00,246.7614333333334
2012-11-21 03:00:00,246.7614333333334
2012-11-21 04:00:00,246.7614333333334
2012-11-21 05:00:00,246.7614333333334
2012-11-21 06:00:00,169.61699999999996
2012-11-21 07:00:00,298.2748333333334
2012-11-21 08:00:00,163.46103333333332
2012-11-21 09:00:00,130.5096857142857
2012-11-21 10:00:00,361.5023753573121
2012-11-21 11:00:00,200.84308829983684
2012-11-21 12:00:00,280.85473354691595
2012-11-21 13:00:00,392.87375
2012-11-21 14:00:00,386.41693333333336
2012-11-21 15:00:00,318.49245238095244
2012-11-21 16:00:00,350.2978380952381
2012-11-21 17:00:00,207.27946343761346
2012-11-21 18:00:00,293.3485543345544
2012-11-21 19:00:00,294.9470050809374
2012-11-21 20:00:00,285.56281033268164
2012-11-21 21:00:00,290.991085006435
2012-11-21 22:00:00,158.60939453024454
2012-11-21 23:00:00,285.2296619047619
2012-11-22 00:00:00,117.30794126984127
2012-11-22 01:00:00,35.42125238095238
2012-11-22 02:00:00,56.915333333333336
2012-11-22 03:00:00,56.31907619047619
2012-11-22 04:00:00,37.829633333333334
2012-11-22 05:00:00,56.31907619047619
2012-11-22 06:00:00,58.31523333333334
2012-11-22 07:00:00,28.5786652173913
2012-11-22 08:00:00,34.29580807453416
2012-11-22 09:00:00,54.36634285714287
2012-11-22 10:00:00,143.07861882627176
2012-11-22 11:00:00,347.29838095238085
2012-11-22 12:00:00,507.7839666666667
2012-11-22 13:00:00,482.73839999999996
2012-11-22 14:00:00,450.15259999999995
2012-11-22 15:00:00,450.15259999999995
2012-11-22 16:00:00,489.45473333333337
2012-11-22 17:00:00,507.7839666666667
2012-11-22 18:00:00,342.6808
2012-11-22 19:00:00,100.44524285714286
2012-11-22 20:00:00,173.6735
2012-11-22 21:00:00,305.5416404761904
2012-11-22 22:00:00,252.21135238095235
2012-11-22 23:00:00,77.57213557422968
2012-11-23 00:00:00,35.24234761904762
2012-11-23 01:00:00,158.67165
2012-11-23 02:00:00,54.271066666666655
2012-11-23 03:00:00,50.91181428571428
2012-11-23 04:00:00,93.71677619047622
2012-11-23 05:00:00,286.59212236652235
2012-11-23 06:00:00,286.59212236652235
2012-11-23 07:00:00,286.59212236652235
2012-11-23 08:00:00,387.653
2012-11-23 09:00:00,215.87018809523815
2012-11-23 10:00:00,152.47210311567412
2012-11-23 11:00:00,200.84308829983684
2012-11-23 12:00:00,357.76637792207794
2012-11-23 13:00:00,401.3163972203236
2012-11-23 14:00:00,400.62844696969694
2012-11-23 15:00:00,265.3844757575758
2012-11-23 16:00:00,299.6267290598291
2012-11-23 17:00:00,481.7088206349207
2012-11-23 18:00:00,402.0883512820512
2012-11-23 19:00:00,277.04775195195197
2012-11-23 20:00:00,347.37502112332106
2012-11-23 21:00:00,196.69569104941303
2012-11-23 22:00:00,337.38556666666665
2012-11-23 23:00:00,554.5000128205128
2012-11-24 00:00:00,309.68817948717947
2012-11-24 01:00:00,224.81816666666666
2012-11-24 02:00:00,225.3537
2012-11-24 03:00:00,207.26285714285714
2012-11-24 04:00:00,141.97606666666664
2012-11-24 05:00:00,100.16406666666667
2012-11-24 06:00:00,88.68586666666664
2012-11-24 07:00:00,118.92406666666666
2012-11-24 08:00:00,145.7826666666667
2012-11-24 09:00:00,149.42406666666665
2012-11-24 10:00:00,96.22066666666666
2012-11-24 11:00:00,203.36
2012-11-24 12:00:00,273.91283333333337
2012-11-24 13:00:00,240.389
2012-11-24 14:00:00,254.57
2012-11-24 15:00:00,294.6021666666667
2012-11-24 16:00:00,190.54166666666666
2012-11-24 17:00:00,129.91606666666667
2012-11-24 18:00:00,150.24503333333337
2012-11-24 19:00:00,114.79625714285714
2012-11-24 20:00:00,88.68586666666664
2012-11-24 21:00:00,114.10985238095238
2012-11-24 22:00:00,87.33634285714287
2012-11-24 23:00:00,114.10985238095238
2012-11-25 00:00:00,64.21933095238096
2012-11-25 01:00:00,114.31418571428571
2012-11-25 02:00:00,110.75190476190478
2012-11-25 03:00:00,154.40106666666665
2012-11-25 04:00:00,154.40106666666665
2012-11-25 05:00:00,79.80564285714284
2012-11-25 06:00:00,92.27430952380953
2012-11-25 07:00:00,131.04108571428574
2012-11-25 08:00:00,120.47231904761907
2012-11-25 09:00:00,94.84980952380953
2012-11-25 10:00:00,55.93724285714286
2012-11-25 11:00:00,165.08356666666666
2012-11-25 12:00:00,165.08356666666666
2012-11-25 13:00:00,158.87706666666665
2012-11-25 14:00:00,169.93986666666663
2012-11-25 15:00:00,181.12016666666665
2012-11-25 16:00:00,190.8375
2012-11-25 17:00:00,171.55299999999997
2012-11-25 18:00:00,143.70666666666668
2012-11-25 19:00:00,186.44450952380953
2012-11-25 20:00:00,73.84369047619047
2012-11-25 21:00:00,145.54710952380952
2012-11-25 22:00:00,73.84369047619047
2012-11-25 23:00:00,35.54607637362638
2012-11-26 00:00:00,13.811048701298702
2012-11-26 01:00:00,12.40831294261294
2012-11-26 02:00:00,12.40831294261294
2012-11-26 03:00:00,12.40831294261294
2012-11-26 04:00:00,13.811048701298702
2012-11-26 05:00:00,405.0875
2012-11-26 06:00:00,13.811048701298702
2012-11-26 07:00:00,25.687390476190473
2012-11-26 08:00:00,25.687390476190473
2012-11-26 09:00:00,203.02965238095243
2012-11-26 10:00:00,213.3678476190476
2012-11-26 11:00:00,180.99890354732986
2012-11-26 12:00:00,282.38514322344327
2012-11-26 13:00:00,282.38514322344327
2012-11-26 14:00:00,334.3706575091575
2012-11-26 15:00:00,285.8249051282052
2012-11-26 16:00:00,325.81610000000006
2012-11-26 17:00:00,334.1126575091575
2012-11-26 18:00:00,139.3523426114318
2012-11-26 19:00:00,254.5852707207207
2012-11-26 20:00:00,158.60939453024454
2012-11-26 21:00:00,158.60939453024454
2012-11-26 22:00:00,285.2296619047619
2012-11-26 23:00:00,137.1691095238095
2012-11-27 00:00:00,159.57993333333332
2012-11-27 01:00:00,29.183864285714275
2012-11-27 02:00:00,46.00615476190477
2012-11-27 03:00:00,37.5458142857143
2012-11-27 04:00:00,251.28173333333334
2012-11-27 05:00:00,215.14627777777778
2012-11-27 06:00:00,186.21073333333334
2012-11-27 07:00:00,233.3296
2012-11-27 08:00:00,171.1915380952381
2012-11-27 09:00:00,207.53071904761907
2012-11-27 10:00:00,158.66420000000002
2012-11-27 11:00:00,104.08753333333333
2012-11-27 12:00:00,114.20743333333334
2012-11-27 13:00:00,144.99963333333332
2012-11-27 14:00:00,110.57023333333333
2012-11-27 15:00:00,171.8656
2012-11-27 16:00:00,171.8656
2012-11-27 17:00:00,145.6235
2012-11-27 18:00:00,70.624
2012-11-27 19:00:00,145.61766666666668
2012-11-27 20:00:00,125.21666666666664
2012-11-27 21:00:00,190.66406666666666
2012-11-27 22:00:00,184.07333333333335
2012-11-27 23:00:00,72.53433333333334
2012-11-28 00:00:00,90.06066666666668
2012-11-28 01:00:00,83.86495238095236
2012-11-28 02:00:00,83.86495238095236
2012-11-28 03:00:00,78.04933333333332
2012-11-28 04:00:00,102.725
2012-11-28 05:00:00,115.50643333333333
2012-11-28 06:00:00,243.9853333333333
2012-11-28 07:00:00,120.95945238095237
2012-11-28 08:00:00,215.48918571428575
2012-11-28 09:00:00,127.59346666666664
2012-11-28 10:00:00,312.33014761904764
2012-11-28 11:00:00,222.06587399267397
2012-11-28 12:00:00,266.5731777777778
2012-11-28 13:00:00,334.36362146742135
2012-11-28 14:00:00,287.5431285714286
2012-11-28 15:00:00,224.70866666666663
2012-11-28 16:00:00,206.7493
2012-11-28 17:00:00,198.8273098901099
2012-11-28 18:00:00,231.20666666666665
2012-11-28 19:00:00,260.42366666666663
2012-11-28 20:00:00,280.9548748251748
2012-11-28 21:00:00,258.3121142857143
2012-11-28 22:00:00,420.8159
2012-11-28 23:00:00,129.03467619047615
2012-11-29 00:00:00,113.53321904761903
2012-11-29 01:00:00,50.55777777777778
2012-11-29 02:00:00,26.551007936507933
2012-11-29 04:00:00,53.09123333333333
2012-11-29 05:00:00,12.40831294261294
2012-11-29 06:00:00,13.811048701298702
2012-11-29 07:00:00,24.003846275946263
2012-11-29 08:00:00,59.809485714285714
2012-11-29 09:00:00,69.46890000000002
2012-11-29 10:00:00,34.59125555555555
2012-11-29 11:00:00,245.33366666666666
2012-11-29 12:00:00,314.5128906593407
2012-11-29 13:00:00,248.77460989010993
2012-11-29 14:00:00,265.3856944444443
2012-11-29 15:00:00,297.7134151515151
2012-11-29 16:00:00,297.68645
2012-11-29 17:00:00,292.44237702297704
2012-11-29 18:00:00,401.91716444896105
2012-11-29 19:00:00,112.85172063492067
2012-11-29 20:00:00,167.79866666666666
2012-11-29 21:00:00,203.1469226890757
2012-11-29 22:00:00,53.27917222222222
2012-11-29 23:00:00,111.38874761904765
2012-11-30 00:00:00,158.29101792717094
2012-11-30 01:00:00,64.33688571428573
2012-11-30 02:00:00,36.30030952380952
2012-11-30 03:00:00,36.30030952380952
2012-11-30 04:00:00,26.37139270729272
2012-11-30 05:00:00,26.011676001776028
2012-11-30 06:00:00,113.72585579975578
2012-11-30 07:00:00,22.34193194028195
2012-11-30 08:00:00,102.35271904761906
2012-11-30 09:00:00,110.62382619047622
2012-11-30 10:00:00,103.29330000000002
2012-11-30 11:00:00,219.215734866379
2012-11-30 12:00:00,286.0993111111111
2012-11-30 13:00:00,218.06672380952378
2012-11-30 14:00:00,230.73877655677654
2012-11-30 15:00:00,264.58655433455436
2012-11-30 16:00:00,258.44506832880074
2012-11-30 17:00:00,271.861530686847
2012-11-30 18:00:00,211.77576561705243
2012-11-30 19:00:00,178.34002857142852
2012-11-30 20:00:00,178.34002857142852
2012-11-30 21:00:00,67.29211428571426
2012-11-30 22:00:00,78.8349619047619
2012-11-30 23:00:00,151.01743333333332
2012-12-20 00:00:00,236.80420266641573
2012-12-20 01:00:00,178.34002857142852
2012-12-20 02:00:00,178.34002857142852
2012-12-20 03:00:00,118.05307777777777
2012-12-20 04:00:00,118.05307777777777
2012-12-20 05:00:00,141.3020857142857
2012-12-20 06:00:00,103.29330000000002
2012-12-20 07:00:00,132.61156666666665
2012-12-20 08:00:00,132.61156666666665
2012-12-20 09:00:00,132.61156666666665
2012-12-20 10:00:00,207.41506666666663
2012-12-20 11:00:00,355.3017631229881
2012-12-20 12:00:00,222.2771272478307
2012-12-20 13:00:00,416.8785506190234
2012-12-20 14:00:00,287.6413157513092
2012-12-20 15:00:00,307.70821158037865
2012-12-20 16:00:00,154.95410678210678
2012-12-20 17:00:00,165.67817777777776
2012-12-20 18:00:00,223.3217952380953
2012-12-20 19:00:00,157.4097063492064
2012-12-20 20:00:00,150.4211523809524
2012-12-20 21:00:00,150.4211523809524
2012-12-20 22:00:00,77.29266666666668
2012-12-20 23:00:00,133.66951111111112
2012-12-21 00:00:00,69.27001904761904
2012-12-21 01:00:00,105.61062380952382
2012-12-21 02:00:00,45.424166666666665
2012-12-21 03:00:00,45.424166666666665
2012-12-21 04:00:00,94.29106666666667
2012-12-21 05:00:00,103.7754047619048
2012-12-21 06:00:00,182.55436666666668
2012-12-21 07:00:00,68.80364070508917
2012-12-21 08:00:00,73.75793661983832
2012-12-21 09:00:00,180.87440000000012
2012-12-21 10:00:00,146.6711601995184
2012-12-21 11:00:00,202.61951666666673
2012-12-21 12:00:00,161.86045210084038
2012-12-21 13:00:00,140.53072352941177
2012-12-21 14:00:00,142.30902352941177
2012-12-21 15:00:00,128.89072442279942
2012-12-21 16:00:00,159.88425595238095
2012-12-21 17:00:00,210.05674516806727
2012-12-21 18:00:00,174.65682215219422
2012-12-21 19:00:00,120.06093929296884
2012-12-21 20:00:00,85.92644928972837
2012-12-21 21:00:00,123.69565837681051
2012-12-21 22:00:00,137.9919191773535
2012-12-21 23:00:00,100.6138055583823
2012-12-22 00:00:00,118.25695215053763
2012-12-22 01:00:00,120.96328548387096
2012-12-22 02:00:00,118.64295215053764
2012-12-22 03:00:00,114.39085215053763
2012-12-22 04:00:00,102.74107984189725
2012-12-22 05:00:00,119.85353646426313
2012-12-22 06:00:00,117.15743646426313
2012-12-22 07:00:00,117.15743646426313
2012-12-22 08:00:00,123.20295215053763
2012-12-22 09:00:00,108.11453646426313
2012-12-22 10:00:00,82.30051851554518
2012-12-22 11:00:00,60.95618476237024
2012-12-22 12:00:00,112.83660000000002
2012-12-22 13:00:00,95.36485098039216
2012-12-22 14:00:00,101.36285098039217
2012-12-22 15:00:00,157.103
2012-12-22 16:00:00,117.70217745098041
2012-12-22 17:00:00,70.41150183370469
2012-12-22 18:00:00,121.79095215053763
2012-12-22 19:00:00,50.09121800272465
2012-12-22 20:00:00,54.16550947570948
2012-12-22 21:00:00,64.8411251966552
2012-12-22 22:00:00,64.8411251966552
2012-12-22 23:00:00,44.21165985681272
2012-12-23 00:00:00,89.08853858881858
2012-12-23 01:00:00,50.422527913266066
2012-12-23 02:00:00,39.29823764661551
2012-12-23 03:00:00,37.15547341917629
2012-12-23 04:00:00,54.3451623547505
2012-12-23 05:00:00,50.63576666666666
2012-12-23 06:00:00,22.108790476190478
2012-12-23 07:00:00,22.108790476190478
2012-12-23 08:00:00,25.312150000000003
2012-12-23 09:00:00,67.15836195792512
2012-12-23 10:00:00,19.6796782950383
2012-12-23 11:00:00,53.126967978505846
2012-12-23 12:00:00,107.44406930291929
2012-12-23 13:00:00,91.80573505114084
2012-12-23 14:00:00,154.06076098669553
2012-12-23 15:00:00,198.95332087122264
2012-12-23 16:00:00,193.17183961914145
2012-12-23 17:00:00,125.0248808954806
2012-12-23 18:00:00,104.60621555470675
2012-12-23 19:00:00,116.18713333333335
2012-12-23 20:00:00,33.742
2012-12-23 21:00:00,25.33831533189034
2012-12-23 22:00:00,49.62907175324675
2012-12-23 23:00:00,43.660158333333335
2012-12-24 00:00:00,38.626091872180105
2012-12-24 01:00:00,38.626091872180105
2012-12-24 02:00:00,84.69523677753621
2012-12-24 03:00:00,84.69523677753621
2012-12-24 05:00:00,157.49847460317463
2012-12-24 06:00:00,84.69523677753621
2012-12-24 07:00:00,24.106365291244707
2012-12-24 08:00:00,38.626091872180105
2012-12-24 09:00:00,145.36340976579382
2012-12-24 10:00:00,58.56418827149862
2012-12-24 11:00:00,130.66703213041748
2012-12-24 12:00:00,92.19783137284175
2012-12-24 13:00:00,132.14764996180293
2012-12-24 14:00:00,148.44501504116798
2012-12-24 15:00:00,147.34491778287074
2012-12-24 16:00:00,147.34491778287074
2012-12-24 17:00:00,44.07783542568542
2012-12-24 18:00:00,66.53935317460319
2012-12-24 19:00:00,75.46194991176402
2012-12-24 20:00:00,56.4241647907648
2012-12-24 21:00:00,90.11087857142857
2012-12-24 22:00:00,109.74541666666666
2012-12-24 23:00:00,116.76570952380953
2012-12-25 00:00:00,36.055147619047624
2012-12-25 01:00:00,97.03460952380952
2012-12-25 02:00:00,97.03460952380952
2012-12-25 04:00:00,66.42472857142857
2012-12-25 05:00:00,43.256617460317464
2012-12-25 06:00:00,43.256617460317464
2012-12-25 07:00:00,37.94626666666665
2012-12-25 08:00:00,71.73039999999999
2012-12-25 09:00:00,68.05514761904763
2012-12-25 10:00:00,76.7792857142857
2012-12-25 11:00:00,171.93891904761904
2012-12-25 12:00:00,51.43459047619047
2012-12-25 13:00:00,41.45058928848929
2012-12-25 14:00:00,154.6945618623868
2012-12-25 15:00:00,149.9048853146853
2012-12-25 16:00:00,180.92587878787882
2012-12-25 17:00:00,122.2542509794553
2012-12-25 18:00:00,236.9264
2012-12-25 19:00:00,269.2438000000001
2012-12-25 20:00:00,214.50869523809527
2012-12-25 21:00:00,224.46095238095236
2012-12-25 22:00:00,173.07381904761905
2012-12-25 23:00:00,154.8349
2012-12-26 00:00:00,114.82859551425588
2012-12-26 01:00:00,241.37618809523812
2012-12-26 02:00:00,241.37618809523812
2012-12-26 03:00:00,185.8332
2012-12-26 04:00:00,26.98994761904761
2012-12-26 05:00:00,37.66075238095239
2012-12-26 06:00:00,46.21577142857143
2012-12-26 07:00:00,20.110966666666663
2012-12-26 08:00:00,20.110966666666663
2012-12-26 09:00:00,20.110966666666663
2012-12-26 10:00:00,27.306741666666667
2012-12-26 11:00:00,38.74736666666667
2012-12-26 12:00:00,34.95598571428572
2012-12-26 13:00:00,34.95598571428572
2012-12-26 14:00:00,85.1475638888889
2012-12-26 15:00:00,90.36243333333331
2012-12-26 16:00:00,90.36243333333331
2012-12-26 17:00:00,49.43273333333334
2012-12-26 18:00:00,39.044328571428565
2012-12-26 19:00:00,82.04908461538459
2012-12-26 20:00:00,67.59440952380952
2012-12-26 21:00:00,67.57394047619047
2012-12-26 22:00:00,51.65953333333333
2012-12-26 23:00:00,102.8690919191919
2012-12-27 00:00:00,102.8690919191919
2012-12-27 01:00:00,51.65953333333333
2012-12-27 02:00:00,71.03129047619048
2012-12-27 03:00:00,144.24703444953738
2012-12-27 04:00:00,88.98343492063493
2012-12-27 05:00:00,133.2611641419782
2012-12-27 06:00:00,120.87850000000002
2012-12-27 07:00:00,238.70980634920633
2012-12-27 08:00:00,166.15610233918127
2012-12-27 09:00:00,160.85316190476192
2012-12-27 10:00:00,167.08989243206054
2012-12-27 11:00:00,147.09218620689649
2012-12-27 12:00:00,72.83356633986926
2012-12-27 13:00:00,72.83356633986926
2012-12-27 14:00:00,175.87386666666666
2012-12-27 15:00:00,169.40253333333334
2012-12-27 16:00:00,122.95968451580988
2012-12-27 17:00:00,122.95968451580988
2012-12-27 18:00:00,166.1110647037992
2012-12-27 19:00:00,86.89547988036043
2012-12-27 20:00:00,69.33244577775166
2012-12-27 21:00:00,166.1110647037992
2012-12-27 22:00:00,147.19140704334367
2012-12-27 23:00:00,166.1110647037992
2012-12-28 00:00:00,89.76366947869012
2012-12-28 01:00:00,78.24773813327813
2012-12-28 02:00:00,64.1315751189241
2012-12-28 03:00:00,89.76366947869012
2012-12-28 04:00:00,195.5700573848414
2012-12-28 05:00:00,224.18022294150694
2012-12-28 06:00:00,54.74097573173132
2012-12-28 07:00:00,63.447226225741275
2012-12-28 08:00:00,95.48383584804488
2012-12-28 09:00:00,147.19140704334367
2012-12-28 10:00:00,125.90190327038863
2012-12-28 11:00:00,123.92609156709194
2012-12-28 12:00:00,147.7411093570797
2012-12-28 13:00:00,147.7411093570797
2012-12-28 14:00:00,147.7411093570797
2012-12-28 15:00:00,319.33227012987015
2012-12-28 16:00:00,116.73861528386647
2012-12-28 17:00:00,29.416824200799187
2012-12-28 18:00:00,29.416824200799187
2012-12-28 19:00:00,219.72073126224075
2012-12-28 20:00:00,145.36340976579382
2012-12-28 21:00:00,79.13573230714641
2012-12-28 22:00:00,167.4278028133069
2012-12-28 23:00:00,160.0105308780149
2012-12-29 00:00:00,30.270706349206346
2012-12-29 01:00:00,23.173077777777774
2012-12-29 02:00:00,30.270706349206346
2012-12-29 03:00:00,27.26174206349206
2012-12-29 04:00:00,23.173077777777774
2012-12-29 05:00:00,23.173077777777774
2012-12-29 06:00:00,71.32099999999998
2012-12-29 07:00:00,71.14875151515152
2012-12-29 08:00:00,109.89810000000001
2012-12-29 09:00:00,109.89810000000001
2012-12-29 10:00:00,107.72956666666668
2012-12-29 11:00:00,54.73869090909092
2012-12-29 12:00:00,53.17644329004329
2012-12-29 13:00:00,53.17644329004329
2012-12-29 14:00:00,70.69595317460319
2012-12-29 15:00:00,73.83068174603177
2012-12-29 16:00:00,111.91023333333335
2012-12-29 17:00:00,144.81189999999995
2012-12-29 18:00:00,129.35264999999998
2012-12-29 19:00:00,179.5073
2012-12-29 20:00:00,115.84086666666667
2012-12-29 21:00:00,136.68124444444445
2012-12-29 22:00:00,131.19413333333335
2012-12-29 23:00:00,52.312961904761906
2012-12-30 00:00:00,60.511861904761915
2012-12-30 01:00:00,161.15293333333332
2012-12-30 02:00:00,116.55500000000002
2012-12-30 03:00:00,161.15293333333332
2012-12-30 04:00:00,100.81406666666666
2012-12-30 05:00:00,69.24715086848636
2012-12-30 06:00:00,76.22942424242426
2012-12-30 07:00:00,40.960449999999994
2012-12-30 08:00:00,79.25482167832169
2012-12-30 09:00:00,54.03273834498834
2012-12-30 10:00:00,112.1810188172043
2012-12-30 11:00:00,113.99739122616789
2012-12-30 12:00:00,140.61135000000002
2012-12-30 13:00:00,112.83660000000002
2012-12-30 14:00:00,123.07045522875818
2012-12-30 15:00:00,80.43273562548563
2012-12-30 16:00:00,145.47280696329813
2012-12-30 17:00:00,67.53443408331077
2012-12-30 18:00:00,44.49071753515302
2012-12-30 19:00:00,44.784066666666675
2012-12-30 20:00:00,80.59723292113956
2012-12-30 21:00:00,39.29823764661551
2012-12-30 22:00:00,45.49869935712722
2012-12-30 23:00:00,63.698143310396155
2012-12-31 00:00:00,45.85381820271153
2012-12-31 01:00:00,45.85381820271153
2012-12-31 02:00:00,103.73171068081153
2012-12-31 03:00:00,234.54650317460317
2012-12-31 04:00:00,41.251610716120034
2012-12-31 05:00:00,63.04814283124704
2012-12-31 06:00:00,77.13453633440632
2012-12-31 07:00:00,114.94155382395378
2012-12-31 08:00:00,63.002669819538575
2012-12-31 09:00:00,41.41328888888891
2012-12-31 10:00:00,18.0844696969697
2012-12-31 11:00:00,110.10258258340382
2012-12-31 12:00:00,148.21905817633967
2012-12-31 13:00:00,119.5167360544009
2012-12-31 14:00:00,104.90083734510252
2012-12-31 15:00:00,128.2123715389204
2012-12-31 16:00:00,139.25222782129296
2012-12-31 17:00:00,112.72489180042585
2012-12-31 18:00:00,124.13471042780928
2012-12-31 19:00:00,130.66703213041748
2012-12-31 20:00:00,130.66703213041748
2012-12-31 21:00:00,78.12745821400821
2012-12-31 22:00:00,85.41550397438816
2012-12-31 23:00:00,29.31256224886226
