datetime,count
2011-01-20 00:00:00,15.008333333333333
2011-01-20 01:00:00,7.386666666666667
2011-01-20 02:00:00,5.526666666666666
2011-01-20 03:00:00,3.74
2011-01-20 04:00:00,3.1016666666666666
2011-01-20 05:00:00,6.848333333333334
2011-01-20 06:00:00,35.413333333333334
2011-01-20 07:00:00,86.62
2011-01-20 08:00:00,189.435
2011-01-20 09:00:00,108.95583333333333
2011-01-20 10:00:00,56.76208333333334
2011-01-20 11:00:00,61.39069444444444
2011-01-20 12:00:00,85.405
2011-01-20 13:00:00,75.98805555555555
2011-01-20 14:00:00,82.25379629629629
2011-01-20 15:00:00,88.17157407407407
2011-01-20 16:00:00,93.11555555555556
2011-01-20 17:00:00,197.58333333333334
2011-01-20 18:00:00,168.6
2011-01-20 19:00:00,88.37962962962963
2011-01-20 20:00:00,71.29142857142857
2011-01-20 21:00:00,47.175
2011-01-20 22:00:00,40.19
2011-01-20 23:00:00,23.923333333333332
2011-01-21 00:00:00,17.93166666666667
2011-01-21 01:00:00,7.095
2011-01-21 02:00:00,6.55
2011-01-21 03:00:00,4.06
2011-01-21 04:00:00,2.945
2011-01-21 05:00:00,5.685
2011-01-21 06:00:00,33.45333333333333
2011-01-21 07:00:00,82.69833333333334
2011-01-21 08:00:00,182.14166666666668
2011-01-21 09:00:00,108.82833333333333
2011-01-21 10:00:00,36.333333333333336
2011-01-21 11:00:00,45.057857142857145
2011-01-21 12:00:00,53.52619047619048
2011-01-21 13:00:00,52.85333333333333
2011-01-21 14:00:00,51.638333333333335
2011-01-21 15:00:00,51.08
2011-01-21 16:00:00,73.23833333333333
2011-01-21 17:00:00,164.62166666666667
2011-01-21 18:00:00,159.09333333333333
2011-01-21 19:00:00,79.87833333333333
2011-01-21 20:00:00,63.641666666666666
2011-01-21 21:00:00,41.60333333333333
2011-01-21 22:00:00,33.55166666666667
2011-01-21 23:00:00,20.365
2011-01-22 00:00:00,31.17
2011-01-22 01:00:00,17.54
2011-01-22 02:00:00,14.371666666666666
2011-01-22 03:00:00,12.001666666666667
2011-01-22 04:00:00,3.3783333333333334
2011-01-22 06:00:00,6.571666666666666
2011-01-22 07:00:00,16.138333333333332
2011-01-22 08:00:00,22.121666666666666
2011-01-22 09:00:00,32.721666666666664
2011-01-22 10:00:00,55.93666666666667
2011-01-22 11:00:00,61.365
2011-01-22 12:00:00,64.8
2011-01-22 13:00:00,73.01
2011-01-22 14:00:00,70.53333333333333
2011-01-22 15:00:00,73.32166666666667
2011-01-22 16:00:00,71.1
2011-01-22 17:00:00,75.16666666666667
2011-01-22 18:00:00,56.46
2011-01-22 19:00:00,50.086666666666666
2011-01-22 20:00:00,41.47666666666667
2011-01-22 21:00:00,39.776666666666664
2011-01-22 22:00:00,32.29833333333333
2011-01-22 23:00:00,17.81833333333333
2011-01-23 00:00:00,31.46
2011-01-23 01:00:00,19.421666666666667
2011-01-23 02:00:00,14.513333333333334
2011-01-23 03:00:00,16.888333333333332
2011-01-23 05:00:00,3.578333333333333
2011-01-23 06:00:00,3.7783333333333333
2011-01-23 07:00:00,14.206666666666667
2011-01-23 08:00:00,19.298333333333332
2011-01-23 09:00:00,26.898333333333333
2011-01-23 10:00:00,55.806666666666665
2011-01-23 11:00:00,60.45166666666667
2011-01-23 12:00:00,71.54
2011-01-23 13:00:00,68.69
2011-01-23 14:00:00,71.56777777777779
2011-01-23 15:00:00,71.27444444444446
2011-01-23 16:00:00,71.695
2011-01-23 17:00:00,67.37833333333333
2011-01-23 18:00:00,58.81333333333333
2011-01-23 19:00:00,47.015
2011-01-23 20:00:00,42.23166666666667
2011-01-23 21:00:00,29.131666666666668
2011-01-23 22:00:00,21.401666666666667
2011-01-23 23:00:00,15.673333333333334
2011-01-24 00:00:00,13.455
2011-01-24 01:00:00,5.715
2011-01-24 03:00:00,2.96
2011-01-24 04:00:00,2.6083333333333334
2011-01-24 05:00:00,5.876666666666667
2011-01-24 06:00:00,32.585
2011-01-24 07:00:00,70.52333333333333
2011-01-24 08:00:00,181.94166666666666
2011-01-24 09:00:00,100.47333333333333
2011-01-24 10:00:00,36.986666666666665
2011-01-24 11:00:00,34.46333333333333
2011-01-24 12:00:00,38.26
2011-01-24 13:00:00,37.97666666666667
2011-01-24 14:00:00,36.788333333333334
2011-01-24 15:00:00,47.63
2011-01-24 16:00:00,71.61833333333334
2011-01-24 17:00:00,158.26833333333335
2011-01-24 18:00:00,150.075
2011-01-24 19:00:00,85.54833333333333
2011-01-24 20:00:00,62.29333333333334
2011-01-24 21:00:00,43.14333333333333
2011-01-24 22:00:00,27.553333333333335
2011-01-24 23:00:00,19.081666666666667
2011-01-25 00:00:00,12.893333333333333
2011-01-25 01:00:00,6.011666666666667
2011-01-25 02:00:00,4.421666666666667
2011-01-25 04:00:00,2.2916666666666665
2011-01-25 05:00:00,5.1433333333333335
2011-01-25 06:00:00,33.70666666666666
2011-01-25 07:00:00,66.63666666666667
2011-01-25 08:00:00,172.55166666666668
2011-01-25 09:00:00,109.59666666666666
2011-01-25 10:00:00,50.555
2011-01-25 11:00:00,57.4525
2011-01-25 12:00:00,68.43
2011-01-25 13:00:00,70.42222222222223
2011-01-25 14:00:00,82.36166666666666
2011-01-25 15:00:00,83.31166666666667
2011-01-25 16:00:00,95.945
2011-01-25 17:00:00,214.91833333333332
2011-01-25 18:00:00,190.37666666666667
2011-01-25 19:00:00,95.27166666666666
2011-01-25 20:00:00,72.83861111111112
2011-01-25 21:00:00,46.70666666666666
2011-01-25 22:00:00,36.275
2011-01-25 23:00:00,18.881666666666668
2011-01-26 00:00:00,13.101666666666667
2011-01-26 01:00:00,6.715
2011-01-26 02:00:00,4.971666666666667
2011-01-26 05:00:00,4.946666666666666
2011-01-26 06:00:00,26.991666666666667
2011-01-26 07:00:00,55.63
2011-01-26 08:00:00,151.375
2011-01-26 09:00:00,64.29833333333333
2011-01-26 10:00:00,35.03666666666667
2011-01-26 11:00:00,33.848333333333336
2011-01-26 12:00:00,35.465
2011-01-26 13:00:00,39.593333333333334
2011-01-26 14:00:00,40.03666666666667
2011-01-26 15:00:00,41.83166666666666
2011-01-26 16:00:00,58.7
2011-01-26 17:00:00,126.775
2011-01-27 16:00:00,73.67305555555556
2011-01-27 17:00:00,163.01333333333332
2011-01-27 18:00:00,144.59833333333333
2011-01-27 19:00:00,89.89666666666666
2011-01-27 20:00:00,77.13833333333334
2011-01-27 21:00:00,45.291666666666664
2011-01-27 22:00:00,38.81666666666667
2011-01-27 23:00:00,20.865
2011-01-28 00:00:00,14.675
2011-01-28 01:00:00,7.36
2011-01-28 02:00:00,4.201666666666667
2011-01-28 03:00:00,2.725
2011-01-28 05:00:00,7.53
2011-01-28 06:00:00,32.67
2011-01-28 07:00:00,74.77666666666667
2011-01-28 08:00:00,170.50833333333333
2011-01-28 09:00:00,64.04833333333333
2011-01-28 10:00:00,34.43
2011-01-28 11:00:00,36.403333333333336
2011-01-28 12:00:00,39.68833333333333
2011-01-28 13:00:00,45.38
2011-01-28 14:00:00,54.73166666666667
2011-01-28 15:00:00,52.18333333333333
2011-01-28 16:00:00,80.39166666666667
2011-01-28 17:00:00,162.32
2011-01-28 18:00:00,154.035
2011-01-28 19:00:00,92.61666666666666
2011-01-28 20:00:00,71.62416666666667
2011-01-28 21:00:00,45.845
2011-01-28 22:00:00,39.175
2011-01-28 23:00:00,24.136666666666667
2011-01-29 00:00:00,31.791666666666668
2011-01-29 01:00:00,21.65
2011-01-29 02:00:00,16.191666666666666
2011-01-29 03:00:00,14.306666666666667
2011-01-29 04:00:00,2.841666666666667
2011-01-29 06:00:00,5.171666666666667
2011-01-29 07:00:00,15.865
2011-01-29 08:00:00,27.411666666666665
2011-01-29 09:00:00,38.461666666666666
2011-01-29 10:00:00,60.22666666666667
2011-01-29 11:00:00,59.656666666666666
2011-01-29 12:00:00,68.89333333333333
2011-01-29 13:00:00,78.95666666666666
2011-01-29 14:00:00,76.30666666666667
2011-01-29 15:00:00,78.2
2011-01-29 16:00:00,83.04833333333333
2011-01-29 17:00:00,83.28
2011-01-29 18:00:00,72.54166666666667
2011-01-29 19:00:00,66.01833333333333
2011-01-29 20:00:00,57.895
2011-01-29 21:00:00,39.32833333333333
2011-01-29 22:00:00,33.028333333333336
2011-01-29 23:00:00,20.235
2011-01-30 00:00:00,31.203333333333333
2011-01-30 01:00:00,24.066666666666666
2011-01-30 02:00:00,17.71
2011-01-30 03:00:00,13.978333333333333
2011-01-30 04:00:00,4.536666666666667
2011-01-30 05:00:00,3.7583333333333333
2011-01-30 07:00:00,13.32
2011-01-30 08:00:00,22.773333333333333
2011-01-30 09:00:00,35.08833333333333
2011-01-30 10:00:00,63.803333333333335
2011-01-30 11:00:00,70.215
2011-01-30 12:00:00,95.92666666666666
2011-01-30 13:00:00,85.71166666666667
2011-01-30 14:00:00,85.035
2011-01-30 15:00:00,100.38
2011-01-30 16:00:00,100.82666666666667
2011-01-30 17:00:00,87.795
2011-01-30 18:00:00,74.845
2011-01-30 19:00:00,68.465
2011-01-30 20:00:00,62.76833333333333
2011-01-30 21:00:00,33.221666666666664
2011-01-30 22:00:00,23.281666666666666
2011-01-30 23:00:00,16.741666666666667
2011-01-31 00:00:00,15.115
2011-01-31 01:00:00,5.621666666666667
2011-01-31 02:00:00,4.608333333333333
2011-01-31 03:00:00,3.1733333333333333
2011-01-31 04:00:00,2.49
2011-01-31 05:00:00,3.9633333333333334
2011-01-31 06:00:00,34.24333333333333
2011-01-31 07:00:00,65.39166666666667
2011-01-31 08:00:00,169.97666666666666
2011-01-31 09:00:00,83.16833333333334
2011-01-31 10:00:00,32.48833333333334
2011-01-31 11:00:00,32.525
2011-01-31 12:00:00,46.31
2011-01-31 13:00:00,50.89666666666667
2011-01-31 14:00:00,47.20388888888888
2011-01-31 15:00:00,45.25388888888889
2011-01-31 16:00:00,71.71055555555556
2011-01-31 17:00:00,152.485
2011-01-31 18:00:00,149.73333333333332
2011-01-31 19:00:00,99.88333333333334
2011-01-31 20:00:00,62.373333333333335
2011-01-31 21:00:00,45.03333333333333
2011-01-31 22:00:00,31.09
2011-01-31 23:00:00,18.16
2011-02-20 00:00:00,36.96333333333333
2011-02-20 01:00:00,21.348333333333333
2011-02-20 02:00:00,16.1
2011-02-20 03:00:00,13.396666666666667
2011-02-20 04:00:00,3.07
2011-02-20 06:00:00,4.8933333333333335
2011-02-20 07:00:00,16.256666666666668
2011-02-20 08:00:00,27.341666666666665
2011-02-20 09:00:00,40.08
2011-02-20 10:00:00,84.775
2011-02-20 11:00:00,97.18692708333333
2011-02-20 12:00:00,106.38484375
2011-02-20 13:00:00,128.40662500000002
2011-02-20 14:00:00,120.87266666666667
2011-02-20 15:00:00,123.59266666666667
2011-02-20 16:00:00,125.732625
2011-02-20 17:00:00,120.36783333333332
2011-02-20 18:00:00,111.55850000000001
2011-02-20 19:00:00,108.59266666666666
2011-02-20 20:00:00,99.08333333333333
2011-02-20 21:00:00,65.145
2011-02-20 22:00:00,51.30833333333333
2011-02-20 23:00:00,37.51166666666666
2011-02-21 00:00:00,20.81
2011-02-21 01:00:00,17.275
2011-02-21 02:00:00,11.401666666666667
2011-02-21 03:00:00,5.583333333333333
2011-02-21 04:00:00,4.706666666666667
2011-02-21 05:00:00,8.528333333333334
2011-02-21 06:00:00,45.69833333333333
2011-02-21 07:00:00,72.61333333333333
2011-02-21 08:00:00,82.39363636363636
2011-02-21 09:00:00,100.5618134469697
2011-02-21 10:00:00,78.92736900252524
2011-02-21 11:00:00,81.67817708333334
2011-02-21 12:00:00,84.19543634259259
2011-02-21 13:00:00,52.75666666666667
2011-02-21 14:00:00,85.99925452441076
2011-02-21 15:00:00,83.565
2011-02-21 16:00:00,60.126666666666665
2011-02-21 17:00:00,81.88833333333334
2011-02-21 18:00:00,74.82
2011-02-21 19:00:00,74.90833333333333
2011-02-21 20:00:00,50.92666666666667
2011-02-21 21:00:00,46.145
2011-02-21 22:00:00,28.573333333333334
2011-02-21 23:00:00,19.085
2011-02-22 06:00:00,33.67166666666667
2011-02-22 07:00:00,68.525
2011-02-22 08:00:00,191.69
2011-02-22 09:00:00,89.76666666666667
2011-02-22 10:00:00,37.80166666666667
2011-02-22 11:00:00,44.0425
2011-02-22 12:00:00,47.8425
2011-02-22 13:00:00,58.248055555555545
2011-02-22 14:00:00,57.87805555555555
2011-02-22 15:00:00,72.3073015873016
2011-02-22 16:00:00,73.54138888888889
2011-02-22 17:00:00,173.69166666666666
2011-02-22 18:00:00,167.82
2011-02-22 19:00:00,87.15185185185184
2011-02-22 20:00:00,70.72333333333333
2011-02-22 21:00:00,56.975
2011-02-22 22:00:00,36.44166666666667
2011-02-22 23:00:00,23.253333333333334
2011-02-23 00:00:00,14.621666666666666
2011-02-23 01:00:00,6.648333333333333
2011-02-23 02:00:00,3.8233333333333333
2011-02-23 03:00:00,2.2283333333333335
2011-02-23 05:00:00,6.536666666666667
2011-02-23 06:00:00,32.626666666666665
2011-02-23 07:00:00,76.17
2011-02-23 08:00:00,199.91833333333332
2011-02-23 09:00:00,114.05333333333333
2011-02-23 10:00:00,51.09166666666667
2011-02-23 11:00:00,62.899722222222216
2011-02-23 12:00:00,73.05333333333333
2011-02-23 13:00:00,81.03052083333333
2011-02-23 14:00:00,86.22690972222223
2011-02-23 15:00:00,85.41847222222222
2011-02-23 16:00:00,111.35166666666667
2011-02-23 17:00:00,237.44833333333332
2011-02-23 18:00:00,225.71666666666667
2011-02-23 19:00:00,114.30833333333334
2011-02-23 20:00:00,77.83916666666667
2011-02-23 21:00:00,65.25666666666666
2011-02-23 22:00:00,49.56166666666667
2011-02-23 23:00:00,27.85333333333333
2011-02-24 00:00:00,14.56
2011-02-24 01:00:00,7.56
2011-02-24 02:00:00,4.048333333333333
2011-02-24 03:00:00,2.5833333333333335
2011-02-24 05:00:00,6.876666666666667
2011-02-24 06:00:00,35.41
2011-02-24 07:00:00,89.09
2011-02-24 08:00:00,220.88666666666666
2011-02-24 09:00:00,109.44833333333334
2011-02-24 10:00:00,59.17333333333333
2011-02-24 11:00:00,76.92986900252524
2011-02-24 12:00:00,91.20555082070706
2011-02-24 13:00:00,88.71916391594515
2011-02-24 14:00:00,90.19906332671957
2011-02-24 15:00:00,45.35777777777778
2011-02-24 16:00:00,53.028333333333336
2011-02-24 17:00:00,217.68833333333333
2011-02-24 18:00:00,188.635
2011-02-24 19:00:00,50.471666666666664
2011-02-24 20:00:00,84.56333333333333
2011-02-24 21:00:00,70.83166666666666
2011-02-24 22:00:00,52.18333333333333
2011-02-24 23:00:00,40.55166666666667
2011-02-25 00:00:00,25.9
2011-02-25 01:00:00,10.931666666666667
2011-02-25 02:00:00,9.806666666666667
2011-02-25 03:00:00,3.066666666666667
2011-02-25 05:00:00,9.315
2011-02-25 06:00:00,37.52333333333333
2011-02-25 07:00:00,39.79666666666667
2011-02-25 08:00:00,225.68666666666667
2011-02-25 09:00:00,38.78
2011-02-25 10:00:00,33.375
2011-02-25 11:00:00,162.675
2011-02-25 12:00:00,195.41666666666666
2011-02-25 13:00:00,197.03833333333333
2011-02-25 14:00:00,199.045
2011-02-25 15:00:00,186.19833333333332
2011-02-25 16:00:00,100.19555555555556
2011-02-25 17:00:00,203.90666666666667
2011-02-25 18:00:00,193.24666666666667
2011-02-25 19:00:00,100.45555555555556
2011-02-25 20:00:00,79.31666666666666
2011-02-25 21:00:00,53.435
2011-02-25 22:00:00,41.04666666666667
2011-02-25 23:00:00,29.725
2011-02-26 00:00:00,32.86666666666667
2011-02-26 01:00:00,20.801666666666666
2011-02-26 02:00:00,16.296666666666667
2011-02-26 03:00:00,14.915
2011-02-26 04:00:00,3.4066666666666667
2011-02-26 05:00:00,2.8516666666666666
2011-02-26 06:00:00,5.795
2011-02-26 07:00:00,20.7
2011-02-26 08:00:00,40.656666666666666
2011-02-26 09:00:00,56.35333333333333
2011-02-26 10:00:00,91.67678819444446
2011-02-26 11:00:00,104.15651041666666
2011-02-26 12:00:00,104.86950284090909
2011-02-26 13:00:00,115.94361395202021
2011-02-26 14:00:00,113.72426041666665
2011-02-26 15:00:00,115.64517708333335
2011-02-26 16:00:00,114.49641666666668
2011-02-26 17:00:00,118.38533333333334
2011-02-26 18:00:00,110.94866666666667
2011-02-26 19:00:00,85.33627777777777
2011-02-26 20:00:00,74.48333333333333
2011-02-26 21:00:00,51.486666666666665
2011-02-26 22:00:00,45.96333333333333
2011-02-26 23:00:00,40.373333333333335
2011-02-27 00:00:00,34.88333333333333
2011-02-27 01:00:00,28.023333333333333
2011-02-27 02:00:00,20.465
2011-02-27 03:00:00,16.38
2011-02-27 04:00:00,5.05
2011-02-27 06:00:00,5.598333333333334
2011-02-27 07:00:00,24.326666666666668
2011-02-27 08:00:00,46.39333333333333
2011-02-27 09:00:00,57.525
2011-02-27 10:00:00,84.22984375
2011-02-27 11:00:00,114.88484375
2011-02-27 12:00:00,118.80484375
2011-02-27 13:00:00,134.65833333333333
2011-02-27 14:00:00,159.96666666666667
2011-02-27 15:00:00,220.77833333333334
2011-02-27 16:00:00,259.1166666666667
2011-02-27 17:00:00,131.08766666666668
2011-02-27 18:00:00,108.2585
2011-02-27 19:00:00,108.28266666666667
2011-02-27 20:00:00,92.99666666666667
2011-02-27 21:00:00,82.035
2011-02-27 22:00:00,68.725
2011-02-27 23:00:00,42.80833333333333
2011-02-28 00:00:00,20.825
2011-02-28 01:00:00,6.033333333333333
2011-02-28 03:00:00,3.505
2011-02-28 05:00:00,9.105
2011-02-28 06:00:00,44.99333333333333
2011-02-28 07:00:00,91.30166666666666
2011-02-28 08:00:00,225.22666666666666
2011-02-28 09:00:00,109.50833333333334
2011-02-28 10:00:00,129.09
2011-02-28 11:00:00,137.56833333333333
2011-02-28 12:00:00,154.87333333333333
2011-02-28 13:00:00,124.17833333333333
2011-02-28 14:00:00,39.275
2011-02-28 15:00:00,40.446666666666665
2011-02-28 16:00:00,50.32666666666667
2011-02-28 17:00:00,210.97166666666666
2011-02-28 18:00:00,261.55
2011-02-28 19:00:00,64.07833333333333
2011-02-28 20:00:00,64.60333333333334
2011-02-28 21:00:00,80.16166666666666
2011-02-28 22:00:00,49.66166666666667
2011-02-28 23:00:00,32.471666666666664
2011-03-20 00:00:00,39.278333333333336
2011-03-20 01:00:00,29.19333333333333
2011-03-20 02:00:00,21.096666666666668
2011-03-20 03:00:00,16.313333333333333
2011-03-20 04:00:00,3.361666666666667
2011-03-20 05:00:00,3.2716666666666665
2011-03-20 06:00:00,6.615
2011-03-20 07:00:00,26.11
2011-03-20 08:00:00,48.78666666666667
2011-03-20 09:00:00,75.93484375
2011-03-20 10:00:00,100.96651041666667
2011-03-20 11:00:00,117.25317708333333
2011-03-20 12:00:00,125.81651041666667
2011-03-20 13:00:00,125.44484375
2011-03-20 14:00:00,128.06895833333334
2011-03-20 15:00:00,124.72651041666667
2011-03-20 16:00:00,135.725
2011-03-20 17:00:00,113.93
2011-03-20 18:00:00,116.48166666666667
2011-03-20 19:00:00,101.19694444444444
2011-03-20 20:00:00,90.84277777777777
2011-03-20 21:00:00,69.16666666666667
2011-03-20 22:00:00,58.57833333333333
2011-03-20 23:00:00,40.59
2011-03-21 00:00:00,15.733333333333333
2011-03-21 01:00:00,7.035
2011-03-21 02:00:00,8.81
2011-03-21 03:00:00,4.131666666666667
2011-03-21 05:00:00,7.85
2011-03-21 06:00:00,41.77
2011-03-21 07:00:00,46.52
2011-03-21 08:00:00,245.44666666666666
2011-03-21 09:00:00,106.6368134469697
2011-03-21 10:00:00,82.23317708333333
2011-03-21 11:00:00,86.63666666666667
2011-03-21 12:00:00,107.6588888888889
2011-03-21 13:00:00,159.00166666666667
2011-03-21 14:00:00,160.4
2011-03-21 15:00:00,170.85833333333332
2011-03-21 16:00:00,186.49333333333334
2011-03-21 17:00:00,337.73333333333335
2011-03-21 18:00:00,315.56666666666666
2011-03-21 19:00:00,202.88333333333333
2011-03-21 20:00:00,179.79166666666666
2011-03-21 21:00:00,134.54333333333332
2011-03-21 22:00:00,113.08333333333333
2011-03-21 23:00:00,98.59833333333333
2011-03-22 00:00:00,29.575
2011-03-22 01:00:00,8.23
2011-03-22 02:00:00,8.033333333333333
2011-03-22 03:00:00,4.676666666666667
2011-03-22 04:00:00,4.8566666666666665
2011-03-22 05:00:00,12.3
2011-03-22 06:00:00,49.325
2011-03-22 07:00:00,85.11666666666666
2011-03-22 08:00:00,266.13166666666666
2011-03-22 09:00:00,104.67833333333333
2011-03-22 10:00:00,92.8092857142857
2011-03-22 11:00:00,95.43437499999999
2011-03-22 12:00:00,151.74833333333333
2011-03-22 13:00:00,153.335
2011-03-22 14:00:00,158.25
2011-03-22 15:00:00,158.065
2011-03-22 16:00:00,186.58666666666667
2011-03-22 17:00:00,330.725
2011-03-22 18:00:00,319.225
2011-03-22 19:00:00,147.10666666666665
2011-03-22 20:00:00,135.62166666666667
2011-03-22 21:00:00,100.46166666666667
2011-03-22 22:00:00,73.94166666666666
2011-03-22 23:00:00,38.02333333333333
2011-03-23 00:00:00,19.901666666666667
2011-03-23 01:00:00,7.26
2011-03-23 02:00:00,6.77
2011-03-23 03:00:00,4.06
2011-03-23 05:00:00,9.573333333333334
2011-03-23 06:00:00,47.365
2011-03-23 07:00:00,92.955
2011-03-23 08:00:00,259.615
2011-03-23 09:00:00,112.72848011363637
2011-03-23 10:00:00,74.38070233585857
2011-03-23 11:00:00,75.89530303030303
2011-03-23 12:00:00,80.78645040145041
2011-03-23 13:00:00,40.85
2011-03-23 14:00:00,83.00166666666667
2011-03-23 15:00:00,88.05963583638584
2011-03-23 16:00:00,118.70738888888889
2011-03-23 17:00:00,254.57833333333335
2011-03-23 18:00:00,207.48833333333334
2011-03-23 19:00:00,45.876666666666665
2011-03-23 20:00:00,46.38333333333333
2011-03-23 21:00:00,58.196666666666665
2011-03-23 22:00:00,39.22833333333333
2011-03-23 23:00:00,33.403333333333336
2011-03-24 00:00:00,16.1
2011-03-24 01:00:00,6.921666666666667
2011-03-24 02:00:00,6.2683333333333335
2011-03-24 03:00:00,3.225
2011-03-24 04:00:00,2.6883333333333335
2011-03-24 05:00:00,9.196666666666667
2011-03-24 06:00:00,44.751666666666665
2011-03-24 07:00:00,55.59166666666667
2011-03-24 08:00:00,211.115
2011-03-24 09:00:00,115.50833333333334
2011-03-24 10:00:00,52.071666666666665
2011-03-24 11:00:00,67.46236900252525
2011-03-24 12:00:00,78.99851637367263
2011-03-24 13:00:00,86.08133383399009
2011-03-24 14:00:00,81.76800050065675
2011-03-24 15:00:00,80.55437352577978
2011-03-24 16:00:00,96.46898148148148
2011-03-24 17:00:00,255.30833333333334
2011-03-24 18:00:00,229.52666666666667
2011-03-24 19:00:00,104.66888888888889
2011-03-24 20:00:00,82.6175396825397
2011-03-24 21:00:00,57.593333333333334
2011-03-24 22:00:00,46.72
2011-03-24 23:00:00,30.043333333333333
2011-03-25 00:00:00,18.11
2011-03-25 01:00:00,6.746666666666667
2011-03-25 02:00:00,4.575
2011-03-25 03:00:00,3.223333333333333
2011-03-25 04:00:00,2.4466666666666668
2011-03-25 05:00:00,9.345
2011-03-25 06:00:00,37.51
2011-03-25 07:00:00,95.775
2011-03-25 08:00:00,247.98166666666665
2011-03-25 09:00:00,119.95166666666667
2011-03-25 10:00:00,68.46333333333334
2011-03-25 11:00:00,76.64289678030303
2011-03-25 12:00:00,87.38910932239058
2011-03-25 13:00:00,89.46047506313131
2011-03-25 14:00:00,99.62632523148149
2011-03-25 15:00:00,94.82056398809524
2011-03-25 16:00:00,109.79111111111109
2011-03-25 17:00:00,238.505
2011-03-25 18:00:00,232.50666666666666
2011-03-25 19:00:00,105.56833333333333
2011-03-25 20:00:00,86.256
2011-03-25 21:00:00,64.71166666666667
2011-03-25 22:00:00,44.995
2011-03-25 23:00:00,32.165
2011-03-26 00:00:00,36.32333333333333
2011-03-26 01:00:00,22.205
2011-03-26 02:00:00,17.5
2011-03-26 03:00:00,13.895
2011-03-26 04:00:00,3.5716666666666668
2011-03-26 05:00:00,3.235
2011-03-26 06:00:00,9.408333333333333
2011-03-26 07:00:00,26.628333333333334
2011-03-26 08:00:00,37.196666666666665
2011-03-26 09:00:00,54.38
2011-03-26 10:00:00,83.96333333333334
2011-03-26 11:00:00,86.17430555555555
2011-03-26 12:00:00,97.95359375
2011-03-26 13:00:00,103.97259375
2011-03-26 14:00:00,116.740625
2011-03-26 15:00:00,122.19329166666668
2011-03-26 16:00:00,117.28308333333334
2011-03-26 17:00:00,98.24375
2011-03-26 18:00:00,95.57166666666667
2011-03-26 19:00:00,67.625
2011-03-26 20:00:00,63.93
2011-03-26 21:00:00,52.665
2011-03-26 22:00:00,45.76166666666666
2011-03-26 23:00:00,32.20666666666666
2011-03-27 00:00:00,38.685
2011-03-27 01:00:00,22.46
2011-03-27 02:00:00,18.545
2011-03-27 03:00:00,15.446666666666667
2011-03-27 04:00:00,4.9383333333333335
2011-03-27 06:00:00,7.615
2011-03-27 07:00:00,26.5
2011-03-27 08:00:00,32.535
2011-03-27 09:00:00,41.58166666666666
2011-03-27 10:00:00,74.22166666666666
2011-03-27 11:00:00,79.31
2011-03-27 12:00:00,86.505
2011-03-27 13:00:00,101.75703819444445
2011-03-27 14:00:00,109.79192708333333
2011-03-27 15:00:00,106.63967708333334
2011-03-27 16:00:00,130.0535
2011-03-27 17:00:00,102.73229166666667
2011-03-27 18:00:00,91.67416666666666
2011-03-27 19:00:00,86.70166666666667
2011-03-27 20:00:00,63.88
2011-03-27 21:00:00,44.14833333333333
2011-03-27 22:00:00,40.123333333333335
2011-03-27 23:00:00,32.093333333333334
2011-03-28 00:00:00,13.761666666666667
2011-03-28 01:00:00,5.953333333333333
2011-03-28 02:00:00,4.448333333333333
2011-03-28 03:00:00,2.8183333333333334
2011-03-28 05:00:00,7.775
2011-03-28 06:00:00,39.388333333333335
2011-03-28 07:00:00,98.91666666666667
2011-03-28 08:00:00,245.18833333333333
2011-03-28 09:00:00,118.18333333333334
2011-03-28 10:00:00,59.69833333333333
2011-03-28 11:00:00,60.31333333333333
2011-03-28 12:00:00,69.35222222222221
2011-03-28 13:00:00,78.07878472222221
2011-03-28 14:00:00,81.00285218253968
2011-03-28 15:00:00,84.43631746031745
2011-03-28 16:00:00,112.12725
2011-03-28 17:00:00,252.02333333333334
2011-03-28 18:00:00,239.64
2011-03-28 19:00:00,115.07
2011-03-28 20:00:00,97.11166666666666
2011-03-28 21:00:00,71.91833333333334
2011-03-28 22:00:00,51.845
2011-03-28 23:00:00,30.263333333333332
2011-03-29 00:00:00,15.008333333333333
2011-03-29 01:00:00,4.926666666666667
2011-03-29 02:00:00,6.488333333333333
2011-03-29 03:00:00,3.2266666666666666
2011-03-29 04:00:00,2.375
2011-03-29 05:00:00,6.953333333333333
2011-03-29 06:00:00,40.41833333333334
2011-03-29 07:00:00,103.1
2011-03-29 08:00:00,249.875
2011-03-29 09:00:00,120.58166666666666
2011-03-29 10:00:00,70.15388888888889
2011-03-29 11:00:00,81.64833333333333
2011-03-29 12:00:00,87.12880654761904
2011-03-29 13:00:00,84.81531746031744
2011-03-29 14:00:00,90.99805555555555
2011-03-29 15:00:00,95.23273611111112
2011-03-29 16:00:00,112.29294444444444
2011-03-29 17:00:00,258.9766666666667
2011-03-29 18:00:00,262.645
2011-03-29 19:00:00,121.22666666666667
2011-03-29 20:00:00,109.09666666666666
2011-03-29 21:00:00,86.59
2011-03-29 22:00:00,69.65333333333334
2011-03-29 23:00:00,28.84
2011-03-30 00:00:00,19.303333333333335
2011-03-30 01:00:00,8.626666666666667
2011-03-30 02:00:00,6.45
2011-03-30 03:00:00,4.491666666666666
2011-03-30 04:00:00,4.251666666666667
2011-03-30 05:00:00,9.841666666666667
2011-03-30 06:00:00,47.888333333333335
2011-03-30 07:00:00,102.75833333333334
2011-03-30 08:00:00,274.4033333333333
2011-03-30 09:00:00,116.25014678030304
2011-03-30 10:00:00,79.5317231691919
2011-03-30 11:00:00,77.97100888347762
2011-03-30 12:00:00,86.83345692617567
2011-03-30 13:00:00,87.03107693579567
2011-03-30 14:00:00,87.24210642713768
2011-03-30 15:00:00,39.165
2011-03-30 16:00:00,44.776666666666664
2011-03-30 17:00:00,219.56666666666666
2011-03-30 18:00:00,220.06
2011-03-30 19:00:00,91.72
2011-03-30 20:00:00,46.46666666666667
2011-03-30 21:00:00,59.958333333333336
2011-03-30 22:00:00,39.52333333333333
2011-03-30 23:00:00,29.625
2011-03-31 00:00:00,12.685
2011-03-31 01:00:00,5.875
2011-03-31 02:00:00,7.85
2011-03-31 03:00:00,3.5316666666666667
2011-03-31 04:00:00,3.091666666666667
2011-03-31 05:00:00,8.703333333333333
2011-03-31 06:00:00,33.36833333333333
2011-03-31 07:00:00,58.75333333333333
2011-03-31 08:00:00,239.59
2011-03-31 09:00:00,59.61833333333333
2011-03-31 10:00:00,35.248333333333335
2011-03-31 11:00:00,36.82333333333333
2011-03-31 12:00:00,40.83166666666666
2011-03-31 13:00:00,42.141666666666666
2011-03-31 14:00:00,42.07833333333333
2011-03-31 15:00:00,36.61333333333334
2011-03-31 16:00:00,91.42592592592592
2011-03-31 17:00:00,241.575
2011-03-31 18:00:00,231.12833333333333
2011-03-31 19:00:00,101.34692592592592
2011-03-31 20:00:00,45.465
2011-03-31 21:00:00,59.748333333333335
2011-03-31 22:00:00,42.23
2011-03-31 23:00:00,39.97
2011-04-20 00:00:00,27.981666666666666
2011-04-20 01:00:00,7.613333333333333
2011-04-20 02:00:00,8.121666666666666
2011-04-20 03:00:00,4.276666666666666
2011-04-20 04:00:00,4.576666666666667
2011-04-20 05:00:00,14.225
2011-04-20 06:00:00,52.105
2011-04-20 07:00:00,152.94666666666666
2011-04-20 08:00:00,385.285
2011-04-20 09:00:00,193.77166666666668
2011-04-20 10:00:00,115.18
2011-04-20 11:00:00,143.865
2011-04-20 12:00:00,151.53247863247864
2011-04-20 13:00:00,151.00581196581197
2011-04-20 14:00:00,146.366
2011-04-20 15:00:00,147.02933333333334
2011-04-20 16:00:00,226.35
2011-04-20 17:00:00,376.21166666666664
2011-04-20 18:00:00,373.82666666666665
2011-04-20 19:00:00,251.385
2011-04-20 20:00:00,179.32
2011-04-20 21:00:00,152.43333333333334
2011-04-20 22:00:00,138.00166666666667
2011-04-20 23:00:00,97.34833333333333
2011-04-21 00:00:00,33.236666666666665
2011-04-21 01:00:00,15.448333333333334
2011-04-21 02:00:00,13.265
2011-04-21 03:00:00,5.371666666666667
2011-04-21 04:00:00,5.545
2011-04-21 05:00:00,9.916666666666666
2011-04-21 06:00:00,53.57
2011-04-21 07:00:00,166.22166666666666
2011-04-21 08:00:00,282.96666666666664
2011-04-21 09:00:00,151.86666666666667
2011-04-21 10:00:00,128.84666666666666
2011-04-21 11:00:00,140.09833333333333
2011-04-21 12:00:00,144.98333333333332
2011-04-21 13:00:00,147.57666666666665
2011-04-21 14:00:00,141.845
2011-04-21 15:00:00,146.03666666666666
2011-04-21 16:00:00,207.00666666666666
2011-04-21 17:00:00,347.70166666666665
2011-04-21 18:00:00,336.3
2011-04-21 19:00:00,212.69833333333332
2011-04-21 20:00:00,197.37833333333333
2011-04-21 21:00:00,112.925
2011-04-21 22:00:00,99.59333333333333
2011-04-21 23:00:00,53.795
2011-04-22 00:00:00,32.03333333333333
2011-04-22 01:00:00,16.465
2011-04-22 02:00:00,9.248333333333333
2011-04-22 03:00:00,5.746666666666667
2011-04-22 04:00:00,4.583333333333333
2011-04-22 05:00:00,12.068333333333333
2011-04-22 06:00:00,53.57833333333333
2011-04-22 07:00:00,142.79166666666666
2011-04-22 08:00:00,284.3
2011-04-22 09:00:00,114.84
2011-04-22 10:00:00,125.92833333333333
2011-04-22 11:00:00,99.99333333333334
2011-04-22 12:00:00,106.015
2011-04-22 13:00:00,88.805
2011-04-22 14:00:00,75.25
2011-04-22 15:00:00,89.05833333333334
2011-04-22 16:00:00,105.41
2011-04-22 17:00:00,227.32333333333332
2011-04-22 18:00:00,215.725
2011-04-22 19:00:00,100.25833333333334
2011-04-22 20:00:00,94.17666666666666
2011-04-22 21:00:00,64.25
2011-04-22 22:00:00,47.22
2011-04-22 23:00:00,51.735
2011-04-23 00:00:00,36.20666666666666
2011-04-23 01:00:00,28.135
2011-04-23 02:00:00,26.528333333333332
2011-04-23 03:00:00,19.97833333333333
2011-04-23 04:00:00,7.25
2011-04-23 05:00:00,7.221666666666667
2011-04-23 06:00:00,16.086666666666666
2011-04-23 07:00:00,86.33333333333333
2011-04-23 08:00:00,62.33166666666666
2011-04-23 09:00:00,77.96666666666667
2011-04-23 10:00:00,116.28166666666667
2011-04-23 11:00:00,120.185
2011-04-23 12:00:00,171.31666666666666
2011-04-23 13:00:00,173.365
2011-04-23 14:00:00,235.54833333333335
2011-04-23 15:00:00,264.485
2011-04-23 16:00:00,269.545
2011-04-23 17:00:00,268.82166666666666
2011-04-23 18:00:00,228.19
2011-04-23 19:00:00,172.26333333333332
2011-04-23 20:00:00,126.015
2011-04-23 21:00:00,130.81666666666666
2011-04-23 22:00:00,114.90333333333334
2011-04-23 23:00:00,78.70666666666666
2011-04-24 00:00:00,45.015
2011-04-24 01:00:00,35.25
2011-04-24 02:00:00,34.73
2011-04-24 03:00:00,26.885
2011-04-24 04:00:00,9.751666666666667
2011-04-24 05:00:00,9.981666666666667
2011-04-24 06:00:00,19.91
2011-04-24 07:00:00,80.82666666666667
2011-04-24 08:00:00,103.96333333333334
2011-04-24 09:00:00,139.09666666666666
2011-04-24 10:00:00,224.51
2011-04-24 11:00:00,390.565
2011-04-24 12:00:00,407.52666666666664
2011-04-24 13:00:00,386.6983333333333
2011-04-24 14:00:00,387.335
2011-04-24 15:00:00,400.9866666666667
2011-04-24 16:00:00,381.425
2011-04-24 17:00:00,398.1666666666667
2011-04-24 18:00:00,382.165
2011-04-24 19:00:00,193.16
2011-04-24 20:00:00,163.04833333333335
2011-04-24 21:00:00,93.06
2011-04-24 22:00:00,57.51
2011-04-24 23:00:00,58.245
2011-04-25 00:00:00,25.383333333333333
2011-04-25 01:00:00,13.481666666666667
2011-04-25 02:00:00,7.8533333333333335
2011-04-25 03:00:00,4.623333333333333
2011-04-25 04:00:00,4.4816666666666665
2011-04-25 05:00:00,15.395
2011-04-25 06:00:00,58.14333333333333
2011-04-25 07:00:00,152.50333333333333
2011-04-25 08:00:00,383.6666666666667
2011-04-25 09:00:00,171.225
2011-04-25 10:00:00,114.85833333333333
2011-04-25 11:00:00,136.625
2011-04-25 12:00:00,142.74833333333333
2011-04-25 13:00:00,147.7761111111111
2011-04-25 14:00:00,149.29166666666666
2011-04-25 15:00:00,152.6648611111111
2011-04-25 16:00:00,225.17666666666668
2011-04-25 17:00:00,379.795
2011-04-25 18:00:00,382.7083333333333
2011-04-25 19:00:00,236.27833333333334
2011-04-25 20:00:00,179.685
2011-04-25 21:00:00,154.15833333333333
2011-04-25 22:00:00,108.795
2011-04-25 23:00:00,60.67666666666667
2011-04-26 00:00:00,29.09
2011-04-26 01:00:00,14.145
2011-04-26 02:00:00,7.081666666666667
2011-04-26 03:00:00,4.033333333333333
2011-04-26 04:00:00,4.553333333333334
2011-04-26 05:00:00,10.741666666666667
2011-04-26 06:00:00,57.461666666666666
2011-04-26 07:00:00,192.37166666666667
2011-04-26 08:00:00,381.9583333333333
2011-04-26 09:00:00,195.61333333333334
2011-04-26 10:00:00,115.13666666666667
2011-04-26 11:00:00,137.57833333333335
2011-04-26 12:00:00,146.60747863247863
2011-04-26 13:00:00,150.70192307692307
2011-04-26 14:00:00,143.173
2011-04-26 15:00:00,143.7980396825397
2011-04-26 16:00:00,224.00833333333333
2011-04-26 17:00:00,385.9716666666667
2011-04-26 18:00:00,384.61833333333334
2011-04-26 19:00:00,228.4
2011-04-26 20:00:00,176.19333333333333
2011-04-26 21:00:00,161.36666666666667
2011-04-26 22:00:00,120.77333333333333
2011-04-26 23:00:00,60.82333333333333
2011-04-27 00:00:00,26.92
2011-04-27 01:00:00,14.908333333333333
2011-04-27 02:00:00,7.281666666666666
2011-04-27 03:00:00,4.0216666666666665
2011-04-27 04:00:00,4.425
2011-04-27 05:00:00,10.72
2011-04-27 06:00:00,57.07833333333333
2011-04-27 07:00:00,167.05
2011-04-27 08:00:00,374.905
2011-04-27 09:00:00,160.11166666666668
2011-04-27 10:00:00,108.17166666666667
2011-04-27 11:00:00,116.39333333333333
2011-04-27 12:00:00,137.49166666666667
2011-04-27 13:00:00,137.09
2011-04-27 14:00:00,138.585
2011-04-27 15:00:00,141.86833333333334
2011-04-27 16:00:00,221.48
2011-04-27 17:00:00,369.31333333333333
2011-04-27 18:00:00,361.4533333333333
2011-04-27 19:00:00,221.03666666666666
2011-04-27 20:00:00,165.375
2011-04-27 21:00:00,129.36666666666667
2011-04-27 22:00:00,110.19333333333333
2011-04-27 23:00:00,69.73
2011-04-28 00:00:00,33.833333333333336
2011-04-28 01:00:00,16.45
2011-04-28 02:00:00,9.443333333333333
2011-04-28 03:00:00,5.43
2011-04-28 04:00:00,5.165
2011-04-28 05:00:00,10.975
2011-04-28 06:00:00,58.69
2011-04-28 07:00:00,192.46666666666667
2011-04-28 08:00:00,379.44
2011-04-28 09:00:00,165.31333333333333
2011-04-28 10:00:00,115.23166666666667
2011-04-28 11:00:00,112.20666666666666
2011-04-28 12:00:00,128.235
2011-04-28 13:00:00,125.98166666666667
2011-04-28 14:00:00,127.16666666666667
2011-04-28 15:00:00,146.20777777777778
2011-04-28 16:00:00,209.235
2011-04-28 17:00:00,376.445
2011-04-28 18:00:00,374.70666666666665
2011-04-28 19:00:00,218.6
2011-04-28 20:00:00,205.26333333333332
2011-04-28 21:00:00,153.20833333333334
2011-04-28 22:00:00,115.57
2011-04-28 23:00:00,77.49166666666666
2011-04-29 00:00:00,41.638333333333335
2011-04-29 01:00:00,20.46
2011-04-29 02:00:00,12.863333333333333
2011-04-29 03:00:00,6.255
2011-04-29 04:00:00,5.1883333333333335
2011-04-29 05:00:00,14.391666666666667
2011-04-29 06:00:00,57.91833333333334
2011-04-29 07:00:00,207.98333333333332
2011-04-29 08:00:00,373.37666666666667
2011-04-29 09:00:00,199.31666666666666
2011-04-29 10:00:00,159.23666666666668
2011-04-29 11:00:00,165.02833333333334
2011-04-29 12:00:00,182.0
2011-04-29 13:00:00,183.08
2011-04-29 14:00:00,182.605
2011-04-29 15:00:00,175.30666666666667
2011-04-29 16:00:00,206.52333333333334
2011-04-29 17:00:00,344.0683333333333
2011-04-29 18:00:00,342.92333333333335
2011-04-29 19:00:00,200.47833333333332
2011-04-29 20:00:00,165.70833333333334
2011-04-29 21:00:00,123.61666666666666
2011-04-29 22:00:00,98.19833333333334
2011-04-29 23:00:00,53.04
2011-04-30 00:00:00,42.82833333333333
2011-04-30 01:00:00,34.08166666666666
2011-04-30 02:00:00,33.38666666666666
2011-04-30 03:00:00,22.366666666666667
2011-04-30 04:00:00,5.826666666666667
2011-04-30 05:00:00,5.173333333333333
2011-04-30 06:00:00,21.265
2011-04-30 07:00:00,79.19166666666666
2011-04-30 08:00:00,93.66
2011-04-30 09:00:00,155.77
2011-04-30 10:00:00,242.78666666666666
2011-04-30 11:00:00,273.1060714285714
2011-04-30 12:00:00,298.0127380952381
2011-04-30 13:00:00,299.97833333333335
2011-04-30 14:00:00,297.1533333333333
2011-04-30 15:00:00,302.855
2011-04-30 16:00:00,313.4327777777778
2011-04-30 17:00:00,287.00333333333333
2011-04-30 18:00:00,267.6666666666667
2011-04-30 19:00:00,235.61333333333334
2011-04-30 20:00:00,147.81166666666667
2011-04-30 21:00:00,110.015
2011-04-30 22:00:00,96.15166666666667
2011-04-30 23:00:00,58.63333333333333
2011-05-20 00:00:00,39.361666666666665
2011-05-20 01:00:00,25.641666666666666
2011-05-20 02:00:00,13.013333333333334
2011-05-20 03:00:00,5.693333333333333
2011-05-20 04:00:00,5.789305555555555
2011-05-20 05:00:00,21.763333333333332
2011-05-20 06:00:00,88.465
2011-05-20 07:00:00,257.3983333333333
2011-05-20 08:00:00,456.495
2011-05-20 09:00:00,207.9307738095238
2011-05-20 10:00:00,153.04171356421355
2011-05-20 11:00:00,166.1413888888889
2011-05-20 12:00:00,209.82833333333335
2011-05-20 13:00:00,208.61
2011-05-20 14:00:00,212.47333333333333
2011-05-20 15:00:00,208.61833333333334
2011-05-20 16:00:00,340.4266666666667
2011-05-20 17:00:00,468.87833333333333
2011-05-20 18:00:00,474.065
2011-05-20 19:00:00,347.2633333333333
2011-05-20 20:00:00,235.51
2011-05-20 21:00:00,175.22166666666666
2011-05-20 22:00:00,132.27
2011-05-20 23:00:00,105.81
2011-05-21 00:00:00,89.355
2011-05-21 01:00:00,71.12
2011-05-21 02:00:00,64.78166666666667
2011-05-21 03:00:00,28.78
2011-05-21 04:00:00,8.343333333333334
2011-05-21 05:00:00,9.436666666666667
2011-05-21 06:00:00,27.358333333333334
2011-05-21 07:00:00,77.625
2011-05-21 08:00:00,130.51833333333335
2011-05-21 09:00:00,208.84
2011-05-21 10:00:00,310.655
2011-05-21 11:00:00,382.8958333333333
2011-05-21 12:00:00,385.58708333333334
2011-05-21 13:00:00,389.5121018518518
2011-05-21 14:00:00,387.36501851851847
2011-05-21 15:00:00,397.51307407407404
2011-05-21 16:00:00,389.435
2011-05-21 17:00:00,391.2733333333333
2011-05-21 18:00:00,373.76666666666665
2011-05-21 19:00:00,342.64166666666665
2011-05-21 20:00:00,231.99
2011-05-21 21:00:00,185.95166666666665
2011-05-21 22:00:00,135.97666666666666
2011-05-21 23:00:00,102.94833333333334
2011-05-22 00:00:00,99.67333333333333
2011-05-22 01:00:00,66.69833333333334
2011-05-22 02:00:00,63.14333333333333
2011-05-22 03:00:00,30.845
2011-05-22 04:00:00,12.271666666666667
2011-05-22 05:00:00,12.168333333333333
2011-05-22 06:00:00,18.376666666666665
2011-05-22 07:00:00,82.97333333333333
2011-05-22 08:00:00,106.36166666666666
2011-05-22 09:00:00,190.005
2011-05-22 10:00:00,311.15166666666664
2011-05-22 11:00:00,381.91583333333335
2011-05-22 12:00:00,389.3080555555556
2011-05-22 13:00:00,394.8698333333333
2011-05-22 14:00:00,349.5133333333333
2011-05-22 15:00:00,402.6566666666667
2011-05-22 16:00:00,401.5783333333333
2011-05-22 17:00:00,396.965
2011-05-22 18:00:00,390.0833333333333
2011-05-22 19:00:00,346.52666666666664
2011-05-22 20:00:00,244.01333333333332
2011-05-22 21:00:00,163.76333333333332
2011-05-22 22:00:00,124.80833333333334
2011-05-22 23:00:00,88.12333333333333
2011-05-23 00:00:00,29.553333333333335
2011-05-23 01:00:00,13.24
2011-05-23 02:00:00,8.055833333333334
2011-05-23 03:00:00,4.088333333333333
2011-05-23 04:00:00,5.221166666666666
2011-05-23 05:00:00,17.726666666666667
2011-05-23 06:00:00,97.83166666666666
2011-05-23 07:00:00,213.00333333333333
2011-05-23 08:00:00,381.11333333333334
2011-05-23 09:00:00,187.795
2011-05-23 10:00:00,123.57833333333333
2011-05-23 11:00:00,157.27166666666668
2011-05-23 12:00:00,191.84873015873015
2011-05-23 13:00:00,178.77989782439784
2011-05-23 14:00:00,168.6449265873016
2011-05-23 15:00:00,171.742625
2011-05-23 16:00:00,290.9916666666667
2011-05-23 17:00:00,465.12666666666667
2011-05-23 18:00:00,504.6983333333333
2011-05-23 19:00:00,378.01166666666666
2011-05-23 20:00:00,194.96166666666667
2011-05-23 21:00:00,137.185
2011-05-23 22:00:00,109.19666666666667
2011-05-23 23:00:00,77.335
2011-05-24 00:00:00,26.78
2011-05-24 01:00:00,12.215
2011-05-24 02:00:00,18.35333333333333
2011-05-24 03:00:00,4.698333333333333
2011-05-24 04:00:00,5.364083333333333
2011-05-24 05:00:00,18.746666666666666
2011-05-24 06:00:00,109.0
2011-05-24 07:00:00,188.41333333333333
2011-05-24 08:00:00,411.26166666666666
2011-05-24 09:00:00,221.45833333333334
2011-05-24 10:00:00,117.54542857142856
2011-05-24 11:00:00,154.50766666666667
2011-05-24 12:00:00,184.13338988788988
2011-05-24 13:00:00,182.04725097125097
2011-05-24 14:00:00,168.75779184704186
2011-05-24 15:00:00,176.57955937118433
2011-05-24 16:00:00,296.31
2011-05-24 17:00:00,473.74666666666667
2011-05-24 18:00:00,498.18666666666667
2011-05-24 19:00:00,367.9433333333333
2011-05-24 20:00:00,275.67333333333335
2011-05-24 21:00:00,193.0
2011-05-24 22:00:00,93.04833333333333
2011-05-24 23:00:00,90.07166666666667
2011-05-25 00:00:00,29.04
2011-05-25 01:00:00,14.041666666666666
2011-05-25 02:00:00,10.315
2011-05-25 03:00:00,4.4366666666666665
2011-05-25 04:00:00,5.101166666666666
2011-05-25 05:00:00,21.208333333333332
2011-05-25 06:00:00,103.81166666666667
2011-05-25 07:00:00,277.55333333333334
2011-05-25 08:00:00,422.87166666666667
2011-05-25 09:00:00,216.18
2011-05-25 10:00:00,115.63833333333334
2011-05-25 11:00:00,158.60666666666665
2011-05-25 12:00:00,179.22179446941948
2011-05-25 13:00:00,175.0327661088911
2011-05-25 14:00:00,163.78232661782664
2011-05-25 15:00:00,167.8305937812188
2011-05-25 16:00:00,292.12333333333333
2011-05-25 17:00:00,551.4116666666666
2011-05-25 18:00:00,521.815
2011-05-25 19:00:00,378.66
2011-05-25 20:00:00,297.90166666666664
2011-05-25 21:00:00,195.15666666666667
2011-05-25 22:00:00,147.14666666666668
2011-05-25 23:00:00,95.27
2011-05-26 00:00:00,48.23833333333334
2011-05-26 01:00:00,19.371666666666666
2011-05-26 02:00:00,11.493333333333334
2011-05-26 03:00:00,4.9366666666666665
2011-05-26 04:00:00,5.3469999999999995
2011-05-26 05:00:00,21.261666666666667
2011-05-26 06:00:00,95.55833333333334
2011-05-26 07:00:00,186.09166666666667
2011-05-26 08:00:00,416.26666666666665
2011-05-26 09:00:00,215.67333333333335
2011-05-26 10:00:00,124.69166666666666
2011-05-26 11:00:00,153.58166666666668
2011-05-26 12:00:00,181.5579700854701
2011-05-26 13:00:00,167.71867663817665
2011-05-26 14:00:00,164.71021749084247
2011-05-26 15:00:00,172.5678648989899
2011-05-26 16:00:00,294.55833333333334
2011-05-26 17:00:00,519.6133333333333
2011-05-26 18:00:00,510.12333333333333
2011-05-26 19:00:00,357.955
2011-05-26 20:00:00,288.185
2011-05-26 21:00:00,199.94833333333332
2011-05-26 22:00:00,151.44
2011-05-26 23:00:00,121.90333333333334
2011-05-27 00:00:00,59.791666666666664
2011-05-27 01:00:00,27.30666666666667
2011-05-27 02:00:00,16.461666666666666
2011-05-27 03:00:00,6.2316666666666665
2011-05-27 04:00:00,6.153333333333333
2011-05-27 05:00:00,25.461666666666666
2011-05-27 06:00:00,102.13666666666667
2011-05-27 07:00:00,279.64666666666665
2011-05-27 08:00:00,425.70166666666665
2011-05-27 09:00:00,218.02666666666667
2011-05-27 10:00:00,160.26166666666666
2011-05-27 11:00:00,162.21333333333334
2011-05-27 12:00:00,214.305
2011-05-27 13:00:00,217.575
2011-05-27 14:00:00,215.415
2011-05-27 15:00:00,220.05333333333334
2011-05-27 16:00:00,326.00333333333333
2011-05-27 17:00:00,515.3316666666667
2011-05-27 18:00:00,456.7816666666667
2011-05-27 19:00:00,263.0133333333333
2011-05-27 20:00:00,221.69833333333332
2011-05-27 21:00:00,150.235
2011-05-27 22:00:00,137.86166666666668
2011-05-27 23:00:00,107.33
2011-05-28 00:00:00,98.67
2011-05-28 01:00:00,81.71
2011-05-28 02:00:00,63.791666666666664
2011-05-28 03:00:00,26.965
2011-05-28 04:00:00,9.27
2011-05-28 05:00:00,10.008333333333333
2011-05-28 06:00:00,36.16
2011-05-28 07:00:00,86.51333333333334
2011-05-28 08:00:00,118.76666666666667
2011-05-28 09:00:00,213.77666666666667
2011-05-28 10:00:00,307.2033333333333
2011-05-28 11:00:00,387.04333333333335
2011-05-28 12:00:00,396.18333333333334
2011-05-28 13:00:00,404.9461111111111
2011-05-28 14:00:00,398.19
2011-05-28 15:00:00,405.9223333333333
2011-05-28 16:00:00,400.77944444444444
2011-05-28 17:00:00,401.64666666666665
2011-05-28 18:00:00,385.95166666666665
2011-05-28 19:00:00,336.2216666666667
2011-05-28 20:00:00,250.29666666666665
2011-05-28 21:00:00,190.55333333333334
2011-05-28 22:00:00,167.56833333333333
2011-05-28 23:00:00,133.01666666666668
2011-05-29 00:00:00,103.505
2011-05-29 01:00:00,82.385
2011-05-29 02:00:00,65.33333333333333
2011-05-29 03:00:00,27.591666666666665
2011-05-29 04:00:00,11.096666666666666
2011-05-29 05:00:00,11.196666666666667
2011-05-29 06:00:00,18.781666666666666
2011-05-29 07:00:00,56.693333333333335
2011-05-29 08:00:00,81.35166666666667
2011-05-29 09:00:00,121.405
2011-05-29 10:00:00,242.99333333333334
2011-05-29 11:00:00,257.1333333333333
2011-05-29 12:00:00,304.91
2011-05-29 13:00:00,402.90444444444444
2011-05-29 14:00:00,397.07875
2011-05-29 15:00:00,397.2920833333333
2011-05-29 16:00:00,396.47833333333335
2011-05-29 17:00:00,394.49833333333333
2011-05-29 18:00:00,274.065
2011-05-29 19:00:00,265.995
2011-05-29 20:00:00,217.815
2011-05-29 21:00:00,167.96833333333333
2011-05-29 22:00:00,127.62166666666667
2011-05-29 23:00:00,115.68333333333334
2011-05-30 00:00:00,44.72833333333333
2011-05-30 01:00:00,66.295
2011-05-30 02:00:00,37.93666666666667
2011-05-30 03:00:00,18.018333333333334
2011-05-30 04:00:00,11.871666666666666
2011-05-30 05:00:00,12.701666666666666
2011-05-30 06:00:00,67.77166666666666
2011-05-30 07:00:00,114.08
2011-05-30 08:00:00,151.78
2011-05-30 09:00:00,208.155
2011-05-30 10:00:00,290.835
2011-05-30 11:00:00,385.04
2011-05-30 12:00:00,380.37166666666667
2011-05-30 13:00:00,384.755
2011-05-30 14:00:00,386.7816666666667
2011-05-30 15:00:00,371.145
2011-05-30 16:00:00,370.64666666666665
2011-05-30 17:00:00,376.37166666666667
2011-05-30 18:00:00,371.86333333333334
2011-05-30 19:00:00,282.5316666666667
2011-05-30 20:00:00,358.62666666666667
2011-05-30 21:00:00,302.08
2011-05-30 22:00:00,201.63
2011-05-30 23:00:00,124.59166666666667
2011-05-31 00:00:00,44.458333333333336
2011-05-31 01:00:00,19.158333333333335
2011-05-31 02:00:00,9.85
2011-05-31 03:00:00,4.328333333333333
2011-05-31 04:00:00,5.537833333333333
2011-05-31 05:00:00,20.596666666666668
2011-05-31 06:00:00,113.97166666666666
2011-05-31 07:00:00,299.62833333333333
2011-05-31 08:00:00,429.2216666666667
2011-05-31 09:00:00,191.27833333333334
2011-05-31 10:00:00,122.57833333333333
2011-05-31 11:00:00,141.9
2011-05-31 12:00:00,154.69833333333332
2011-05-31 13:00:00,153.02458333333334
2011-05-31 14:00:00,147.66333333333333
2011-05-31 15:00:00,152.18666666666667
2011-05-31 16:00:00,240.10333333333332
2011-05-31 17:00:00,524.8716666666667
2011-05-31 18:00:00,514.3116666666666
2011-05-31 19:00:00,370.68
2011-05-31 20:00:00,268.70666666666665
2011-05-31 21:00:00,207.54166666666666
2011-05-31 22:00:00,148.37333333333333
2011-05-31 23:00:00,86.61
2011-06-20 00:00:00,36.525
2011-06-20 01:00:00,15.966666666666667
2011-06-20 02:00:00,8.679166666666667
2011-06-20 03:00:00,4.251666666666667
2011-06-20 04:00:00,4.854166666666667
2011-06-20 05:00:00,19.64666666666667
2011-06-20 06:00:00,97.73833333333333
2011-06-20 07:00:00,181.78666666666666
2011-06-20 08:00:00,413.58666666666664
2011-06-20 09:00:00,207.07
2011-06-20 10:00:00,131.45816666666667
2011-06-20 11:00:00,137.34427777777776
2011-06-20 12:00:00,178.52066666666667
2011-06-20 13:00:00,180.9612599100246
2011-06-20 14:00:00,172.9586235754986
2011-06-20 15:00:00,173.43653194490696
2011-06-20 16:00:00,299.17333333333335
2011-06-20 17:00:00,509.70166666666665
2011-06-20 18:00:00,526.1766666666666
2011-06-20 19:00:00,388.65833333333336
2011-06-20 20:00:00,285.41833333333335
2011-06-20 21:00:00,190.14666666666668
2011-06-20 22:00:00,123.95666666666666
2011-06-20 23:00:00,84.45
2011-06-21 00:00:00,33.64666666666667
2011-06-21 01:00:00,14.503333333333334
2011-06-21 02:00:00,7.758333333333334
2011-06-21 03:00:00,4.820833333333334
2011-06-21 04:00:00,5.6419999999999995
2011-06-21 05:00:00,21.588333333333335
2011-06-21 06:00:00,105.82833333333333
2011-06-21 07:00:00,203.12166666666667
2011-06-21 08:00:00,396.06666666666666
2011-06-21 09:00:00,194.75
2011-06-21 10:00:00,135.47166666666666
2011-06-21 11:00:00,142.78444444444443
2011-06-21 12:00:00,159.7791148989899
2011-06-21 13:00:00,167.3242827866578
2011-06-21 14:00:00,165.17848336385836
2011-06-21 15:00:00,171.00445705683205
2011-06-21 16:00:00,288.8566666666667
2011-06-21 17:00:00,560.1016666666667
2011-06-21 18:00:00,522.5916666666667
2011-06-21 19:00:00,361.2425
2011-06-21 20:00:00,249.98
2011-06-21 21:00:00,215.46333333333334
2011-06-21 22:00:00,155.54333333333332
2011-06-21 23:00:00,86.39833333333333
2011-06-22 00:00:00,37.778333333333336
2011-06-22 01:00:00,20.743333333333332
2011-06-22 02:00:00,8.948333333333334
2011-06-22 03:00:00,4.829444444444444
2011-06-22 04:00:00,5.988666666666666
2011-06-22 05:00:00,21.95
2011-06-22 06:00:00,107.30333333333333
2011-06-22 07:00:00,310.8016666666667
2011-06-22 08:00:00,415.38
2011-06-22 09:00:00,208.26
2011-06-22 10:00:00,125.19809523809523
2011-06-22 11:00:00,148.93166666666667
2011-06-22 12:00:00,169.3720854700855
2011-06-22 13:00:00,159.0771225071225
2011-06-22 14:00:00,164.0964781746032
2011-06-22 15:00:00,157.79861111111111
2011-06-22 16:00:00,274.62666666666667
2011-06-22 17:00:00,550.5766666666667
2011-06-22 18:00:00,535.9766666666667
2011-06-22 19:00:00,366.2075
2011-06-22 20:00:00,270.06333333333333
2011-06-22 21:00:00,217.63666666666666
2011-06-22 22:00:00,163.69333333333333
2011-06-22 23:00:00,94.20333333333333
2011-06-23 00:00:00,47.56666666666667
2011-06-23 01:00:00,20.733333333333334
2011-06-23 02:00:00,10.883333333333333
2011-06-23 03:00:00,5.766111111111111
2011-06-23 04:00:00,6.488333333333333
2011-06-23 05:00:00,24.19333333333333
2011-06-23 06:00:00,121.99166666666666
2011-06-23 07:00:00,316.42833333333334
2011-06-23 08:00:00,409.7033333333333
2011-06-23 09:00:00,213.82166666666666
2011-06-23 10:00:00,123.33
2011-06-23 11:00:00,141.405
2011-06-23 12:00:00,173.59440873015873
2011-06-23 13:00:00,173.88011482961483
2011-06-23 14:00:00,169.01599206349206
2011-06-23 15:00:00,167.3014007936508
2011-06-23 16:00:00,289.08166666666665
2011-06-23 17:00:00,531.87
2011-06-23 18:00:00,512.045
2011-06-23 19:00:00,362.25166666666667
2011-06-23 20:00:00,283.37833333333333
2011-06-23 21:00:00,213.52166666666668
2011-06-23 22:00:00,160.25166666666667
2011-06-23 23:00:00,122.84333333333333
2011-06-24 00:00:00,56.19166666666667
2011-06-24 01:00:00,23.511666666666667
2011-06-24 02:00:00,14.371666666666666
2011-06-24 03:00:00,5.288111111111111
2011-06-24 04:00:00,5.731111111111111
2011-06-24 05:00:00,21.78
2011-06-24 06:00:00,99.49166666666666
2011-06-24 07:00:00,275.9583333333333
2011-06-24 08:00:00,421.49666666666667
2011-06-24 09:00:00,215.905
2011-06-24 10:00:00,144.84833333333333
2011-06-24 11:00:00,151.00666666666666
2011-06-24 12:00:00,214.61166666666668
2011-06-24 13:00:00,215.15166666666667
2011-06-24 14:00:00,220.035
2011-06-24 15:00:00,207.045
2011-06-24 16:00:00,333.06666666666666
2011-06-24 17:00:00,541.4233333333333
2011-06-24 18:00:00,487.99
2011-06-24 19:00:00,370.85
2011-06-24 20:00:00,294.04333333333335
2011-06-24 21:00:00,229.02833333333334
2011-06-24 22:00:00,193.61
2011-06-24 23:00:00,140.86333333333334
2011-06-25 00:00:00,115.98166666666667
2011-06-25 01:00:00,83.79166666666667
2011-06-25 02:00:00,77.92666666666666
2011-06-25 03:00:00,33.47833333333333
2011-06-25 04:00:00,12.435
2011-06-25 05:00:00,13.16
2011-06-25 06:00:00,33.89
2011-06-25 07:00:00,83.64333333333333
2011-06-25 08:00:00,170.27166666666668
2011-06-25 09:00:00,208.83166666666668
2011-06-25 10:00:00,298.3333333333333
2011-06-25 11:00:00,386.1160185185185
2011-06-25 12:00:00,417.97333333333336
2011-06-25 13:00:00,418.63166666666666
2011-06-25 14:00:00,413.59444444444443
2011-06-25 15:00:00,397.0475185185185
2011-06-25 16:00:00,423.86083333333335
2011-06-25 17:00:00,415.0775
2011-06-25 18:00:00,388.0
2011-06-25 19:00:00,354.0516666666667
2011-06-25 20:00:00,261.41
2011-06-25 21:00:00,214.97833333333332
2011-06-25 22:00:00,201.25666666666666
2011-06-25 23:00:00,166.065
2011-06-26 00:00:00,105.875
2011-06-26 01:00:00,89.29
2011-06-26 02:00:00,81.39333333333333
2011-06-26 03:00:00,38.28
2011-06-26 04:00:00,15.19
2011-06-26 05:00:00,15.276666666666667
2011-06-26 06:00:00,28.0
2011-06-26 07:00:00,66.055
2011-06-26 08:00:00,117.92
2011-06-26 09:00:00,195.71
2011-06-26 10:00:00,308.275
2011-06-26 11:00:00,386.73768518518517
2011-06-26 12:00:00,402.01166666666666
2011-06-26 13:00:00,392.94694444444445
2011-06-26 14:00:00,394.04027777777776
2011-06-26 15:00:00,390.36527777777775
2011-06-26 16:00:00,391.61740740740737
2011-06-26 17:00:00,388.73333333333335
2011-06-26 18:00:00,379.97833333333335
2011-06-26 19:00:00,348.3566666666667
2011-06-26 20:00:00,246.78833333333333
2011-06-26 21:00:00,203.135
2011-06-26 22:00:00,194.985
2011-06-26 23:00:00,144.24833333333333
2011-06-27 00:00:00,34.935
2011-06-27 01:00:00,14.25
2011-06-27 02:00:00,8.978333333333333
2011-06-27 03:00:00,5.6433333333333335
2011-06-27 04:00:00,5.1890238095238095
2011-06-27 05:00:00,21.891666666666666
2011-06-27 06:00:00,112.585
2011-06-27 07:00:00,320.32166666666666
2011-06-27 08:00:00,393.74333333333334
2011-06-27 09:00:00,213.44833333333332
2011-06-27 10:00:00,118.99166666666666
2011-06-27 11:00:00,156.77666666666667
2011-06-27 12:00:00,171.50000038850038
2011-06-27 13:00:00,170.18968623506123
2011-06-27 14:00:00,162.9395932539683
2011-06-27 15:00:00,162.46838690476193
2011-06-27 16:00:00,290.0283333333333
2011-06-27 17:00:00,554.5633333333334
2011-06-27 18:00:00,524.2883333333333
2011-06-27 19:00:00,393.14166666666665
2011-06-27 20:00:00,289.3283333333333
2011-06-27 21:00:00,187.32166666666666
2011-06-27 22:00:00,137.39
2011-06-27 23:00:00,89.20666666666666
2011-06-28 00:00:00,37.473333333333336
2011-06-28 01:00:00,18.38
2011-06-28 02:00:00,11.185
2011-06-28 03:00:00,5.732708333333333
2011-06-28 04:00:00,5.802569444444444
2011-06-28 05:00:00,20.831666666666667
2011-06-28 06:00:00,108.125
2011-06-28 07:00:00,313.8016666666667
2011-06-28 08:00:00,413.135
2011-06-28 09:00:00,207.56666666666666
2011-06-28 10:00:00,121.76166666666667
2011-06-28 11:00:00,143.74666666666667
2011-06-28 12:00:00,168.5614402958153
2011-06-28 13:00:00,172.98217691567692
2011-06-28 14:00:00,154.89959325396825
2011-06-28 15:00:00,155.55067129629631
2011-06-28 16:00:00,250.17833333333334
2011-06-28 17:00:00,441.675
2011-06-28 18:00:00,415.8283333333333
2011-06-28 19:00:00,354.54833333333335
2011-06-28 20:00:00,285.7416666666667
2011-06-28 21:00:00,205.43333333333334
2011-06-28 22:00:00,155.0
2011-06-28 23:00:00,93.405
2011-06-29 00:00:00,39.763333333333335
2011-06-29 01:00:00,20.68
2011-06-29 02:00:00,9.236666666666666
2011-06-29 03:00:00,5.044444444444444
2011-06-29 04:00:00,5.631444444444445
2011-06-29 05:00:00,21.5
2011-06-29 06:00:00,111.23333333333333
2011-06-29 07:00:00,316.08666666666664
2011-06-29 08:00:00,442.95
2011-06-29 09:00:00,208.48166666666665
2011-06-29 10:00:00,122.13309523809524
2011-06-29 11:00:00,165.87833333333333
2011-06-29 12:00:00,189.30694841269838
2011-06-29 13:00:00,186.0718630952381
2011-06-29 14:00:00,168.47827152477154
2011-06-29 15:00:00,169.71538936988938
2011-06-29 16:00:00,298.57166666666666
2011-06-29 17:00:00,557.4483333333334
2011-06-29 18:00:00,548.6733333333333
2011-06-29 19:00:00,379.785
2011-06-29 20:00:00,302.665
2011-06-29 21:00:00,224.68166666666667
2011-06-29 22:00:00,166.895
2011-06-29 23:00:00,101.96833333333333
2011-06-30 00:00:00,46.788333333333334
2011-06-30 01:00:00,20.37
2011-06-30 02:00:00,10.086666666666666
2011-06-30 03:00:00,6.8173611111111105
2011-06-30 04:00:00,5.497579365079366
2011-06-30 05:00:00,25.393333333333334
2011-06-30 06:00:00,116.91
2011-06-30 07:00:00,323.65166666666664
2011-06-30 08:00:00,442.9216666666667
2011-06-30 09:00:00,210.825
2011-06-30 10:00:00,124.76166666666667
2011-06-30 11:00:00,165.59
2011-06-30 12:00:00,186.1946984126984
2011-06-30 13:00:00,183.92411904761903
2011-06-30 14:00:00,169.71037085137084
2011-06-30 15:00:00,178.60278042328045
2011-06-30 16:00:00,290.62166666666667
2011-06-30 17:00:00,563.8833333333333
2011-06-30 18:00:00,540.21
2011-06-30 19:00:00,385.15166666666664
2011-06-30 20:00:00,301.37666666666667
2011-06-30 21:00:00,224.00833333333333
2011-06-30 22:00:00,168.55333333333334
2011-06-30 23:00:00,127.49
2011-07-20 00:00:00,44.88166666666667
2011-07-20 01:00:00,17.481666666666666
2011-07-20 02:00:00,9.053333333333333
2011-07-20 03:00:00,6.379444444444444
2011-07-20 04:00:00,6.297847222222222
2011-07-20 05:00:00,26.968333333333334
2011-07-20 06:00:00,118.43166666666667
2011-07-20 07:00:00,309.2866666666667
2011-07-20 08:00:00,411.5233333333333
2011-07-20 09:00:00,207.96333333333334
2011-07-20 10:00:00,114.19
2011-07-20 11:00:00,141.85833333333332
2011-07-20 12:00:00,160.63527777777776
2011-07-20 13:00:00,155.32166666666666
2011-07-20 14:00:00,155.735
2011-07-20 15:00:00,156.39145833333333
2011-07-20 16:00:00,258.2633333333333
2011-07-20 17:00:00,495.95666666666665
2011-07-20 18:00:00,495.1616666666667
2011-07-20 19:00:00,369.7375
2011-07-20 20:00:00,275.75333333333333
2011-07-20 21:00:00,216.31
2011-07-20 22:00:00,159.77166666666668
2011-07-20 23:00:00,101.59
2011-07-21 00:00:00,49.9
2011-07-21 01:00:00,18.39
2011-07-21 02:00:00,9.336666666666666
2011-07-21 03:00:00,5.872777777777777
2011-07-21 04:00:00,5.773333333333333
2011-07-21 05:00:00,21.856666666666666
2011-07-21 06:00:00,120.78833333333333
2011-07-21 07:00:00,310.705
2011-07-21 08:00:00,418.66833333333335
2011-07-21 09:00:00,199.95
2011-07-21 10:00:00,121.16833333333334
2011-07-21 11:00:00,135.57333333333332
2011-07-21 12:00:00,147.91666666666666
2011-07-21 13:00:00,146.89
2011-07-21 14:00:00,143.30333333333334
2011-07-21 15:00:00,145.51
2011-07-21 16:00:00,240.785
2011-07-21 17:00:00,463.74
2011-07-21 18:00:00,466.0
2011-07-21 19:00:00,341.335
2011-07-21 20:00:00,274.37333333333333
2011-07-21 21:00:00,213.94333333333333
2011-07-21 22:00:00,163.465
2011-07-21 23:00:00,126.15833333333333
2011-07-22 00:00:00,66.00666666666666
2011-07-22 01:00:00,28.608333333333334
2011-07-22 02:00:00,20.058333333333334
2011-07-22 03:00:00,5.8933333333333335
2011-07-22 04:00:00,6.258333333333334
2011-07-22 05:00:00,24.36
2011-07-22 06:00:00,103.84666666666666
2011-07-22 07:00:00,285.03833333333336
2011-07-22 08:00:00,423.08666666666664
2011-07-22 09:00:00,213.15833333333333
2011-07-22 10:00:00,154.13833333333332
2011-07-22 11:00:00,157.785
2011-07-22 12:00:00,208.68
2011-07-22 13:00:00,208.59666666666666
2011-07-22 14:00:00,203.27333333333334
2011-07-22 15:00:00,191.64833333333334
2011-07-22 16:00:00,279.34833333333336
2011-07-22 17:00:00,459.795
2011-07-22 18:00:00,447.96
2011-07-22 19:00:00,329.34166666666664
2011-07-22 20:00:00,277.22833333333335
2011-07-22 21:00:00,208.84333333333333
2011-07-22 22:00:00,186.94
2011-07-22 23:00:00,141.75166666666667
2011-07-23 00:00:00,112.87166666666667
2011-07-23 01:00:00,82.39833333333333
2011-07-23 02:00:00,75.73333333333333
2011-07-23 03:00:00,33.17333333333333
2011-07-23 04:00:00,14.345
2011-07-23 05:00:00,13.278333333333334
2011-07-23 06:00:00,34.788333333333334
2011-07-23 07:00:00,123.45
2011-07-23 08:00:00,169.21
2011-07-23 09:00:00,216.59166666666667
2011-07-23 10:00:00,296.88666666666666
2011-07-23 11:00:00,362.14166666666665
2011-07-23 12:00:00,377.565
2011-07-23 13:00:00,370.36
2011-07-23 14:00:00,370.9766666666667
2011-07-23 15:00:00,372.6
2011-07-23 16:00:00,363.01666666666665
2011-07-23 17:00:00,363.3283333333333
2011-07-23 18:00:00,357.7316666666667
2011-07-23 19:00:00,333.51
2011-07-23 20:00:00,270.125
2011-07-23 21:00:00,241.90333333333334
2011-07-23 22:00:00,214.49666666666667
2011-07-23 23:00:00,191.57
2011-07-24 00:00:00,115.1
2011-07-24 01:00:00,84.35666666666667
2011-07-24 02:00:00,81.79
2011-07-24 03:00:00,36.12
2011-07-24 04:00:00,14.416666666666666
2011-07-24 05:00:00,14.671666666666667
2011-07-24 06:00:00,26.605
2011-07-24 07:00:00,73.12666666666667
2011-07-24 08:00:00,165.56833333333333
2011-07-24 09:00:00,209.91
2011-07-24 10:00:00,293.3983333333333
2011-07-24 11:00:00,369.67833333333334
2011-07-24 12:00:00,376.8616666666667
2011-07-24 13:00:00,368.79833333333335
2011-07-24 14:00:00,366.22833333333335
2011-07-24 15:00:00,352.7916666666667
2011-07-24 16:00:00,353.7
2011-07-24 17:00:00,362.86
2011-07-24 18:00:00,355.86833333333334
2011-07-24 19:00:00,341.47
2011-07-24 20:00:00,270.9533333333333
2011-07-24 21:00:00,228.14
2011-07-24 22:00:00,192.08
2011-07-24 23:00:00,146.375
2011-07-25 00:00:00,46.32
2011-07-25 01:00:00,17.013333333333332
2011-07-25 02:00:00,9.806666666666667
2011-07-25 03:00:00,5.584444444444444
2011-07-25 04:00:00,5.775
2011-07-25 05:00:00,23.61
2011-07-25 06:00:00,120.20666666666666
2011-07-25 07:00:00,310.655
2011-07-25 08:00:00,400.495
2011-07-25 09:00:00,192.985
2011-07-25 10:00:00,116.465
2011-07-25 11:00:00,136.14166666666668
2011-07-25 12:00:00,157.85333333333332
2011-07-25 13:00:00,153.04944444444445
2011-07-25 14:00:00,139.54861111111111
2011-07-25 15:00:00,141.61166666666668
2011-07-25 16:00:00,270.965
2011-07-25 17:00:00,493.33666666666664
2011-07-25 18:00:00,487.185
2011-07-25 19:00:00,390.66291666666666
2011-07-25 20:00:00,271.16333333333336
2011-07-25 21:00:00,179.70833333333334
2011-07-25 22:00:00,131.62833333333333
2011-07-25 23:00:00,81.68666666666667
2011-07-26 00:00:00,46.43333333333333
2011-07-26 01:00:00,19.315
2011-07-26 02:00:00,9.355
2011-07-26 03:00:00,6.289791666666667
2011-07-26 04:00:00,6.287847222222222
2011-07-26 05:00:00,21.616666666666667
2011-07-26 06:00:00,115.10333333333334
2011-07-26 07:00:00,311.1766666666667
2011-07-26 08:00:00,420.92833333333334
2011-07-26 09:00:00,202.94666666666666
2011-07-26 10:00:00,125.44333333333333
2011-07-26 11:00:00,161.86
2011-07-26 12:00:00,187.2294898989899
2011-07-26 13:00:00,187.8188174325674
2011-07-26 14:00:00,171.26829545454544
2011-07-26 15:00:00,172.63674783549783
2011-07-26 16:00:00,279.8466666666667
2011-07-26 17:00:00,561.9233333333333
2011-07-26 18:00:00,552.6416666666667
2011-07-26 19:00:00,375.8883333333333
2011-07-26 20:00:00,289.29333333333335
2011-07-26 21:00:00,231.38166666666666
2011-07-26 22:00:00,161.97
2011-07-26 23:00:00,88.24166666666666
2011-07-27 00:00:00,47.02
2011-07-27 01:00:00,17.9
2011-07-27 02:00:00,9.988333333333333
2011-07-27 03:00:00,4.727777777777778
2011-07-27 04:00:00,5.102777777777778
2011-07-27 05:00:00,25.865
2011-07-27 06:00:00,113.89333333333333
2011-07-27 07:00:00,313.15166666666664
2011-07-27 08:00:00,436.5733333333333
2011-07-27 09:00:00,206.51833333333335
2011-07-27 10:00:00,116.65333333333334
2011-07-27 11:00:00,165.85333333333332
2011-07-27 12:00:00,193.86276536426533
2011-07-27 13:00:00,188.83305555555555
2011-07-27 14:00:00,171.35483513708516
2011-07-27 15:00:00,175.02002645502648
2011-07-27 16:00:00,288.5283333333333
2011-07-27 17:00:00,546.8666666666667
2011-07-27 18:00:00,545.1416666666667
2011-07-27 19:00:00,391.6933333333333
2011-07-27 20:00:00,297.40833333333336
2011-07-27 21:00:00,225.87833333333333
2011-07-27 22:00:00,162.895
2011-07-27 23:00:00,96.30333333333333
2011-07-28 00:00:00,50.526666666666664
2011-07-28 01:00:00,20.323333333333334
2011-07-28 02:00:00,11.323333333333334
2011-07-28 03:00:00,4.773333333333333
2011-07-28 04:00:00,5.636666666666667
2011-07-28 05:00:00,25.43166666666667
2011-07-28 06:00:00,111.23666666666666
2011-07-28 07:00:00,314.87333333333333
2011-07-28 08:00:00,410.6166666666667
2011-07-28 09:00:00,201.305
2011-07-28 10:00:00,119.08666666666667
2011-07-28 11:00:00,136.17333333333335
2011-07-28 12:00:00,153.93833333333333
2011-07-28 13:00:00,150.56166666666667
2011-07-28 14:00:00,152.62979166666668
2011-07-28 15:00:00,149.833125
2011-07-28 16:00:00,245.62166666666667
2011-07-28 17:00:00,507.5183333333333
2011-07-28 18:00:00,481.20166666666665
2011-07-28 19:00:00,362.825
2011-07-28 20:00:00,272.3066666666667
2011-07-28 21:00:00,213.06333333333333
2011-07-28 22:00:00,158.02833333333334
2011-07-28 23:00:00,124.52833333333334
2011-07-29 00:00:00,59.178333333333335
2011-07-29 01:00:00,28.631666666666668
2011-07-29 02:00:00,20.06833333333333
2011-07-29 03:00:00,5.991111111111111
2011-07-29 04:00:00,6.113333333333333
2011-07-29 05:00:00,24.161666666666665
2011-07-29 06:00:00,102.185
2011-07-29 07:00:00,285.40833333333336
2011-07-29 08:00:00,415.525
2011-07-29 09:00:00,216.185
2011-07-29 10:00:00,155.52
2011-07-29 11:00:00,161.15
2011-07-29 12:00:00,209.96333333333334
2011-07-29 13:00:00,212.05
2011-07-29 14:00:00,210.045
2011-07-29 15:00:00,214.10166666666666
2011-07-29 16:00:00,277.2083333333333
2011-07-29 17:00:00,481.345
2011-07-29 18:00:00,459.73333333333335
2011-07-29 19:00:00,334.5733333333333
2011-07-29 20:00:00,276.81333333333333
2011-07-29 21:00:00,238.72833333333332
2011-07-29 22:00:00,189.135
2011-07-29 23:00:00,140.07166666666666
2011-07-30 00:00:00,126.97166666666666
2011-07-30 01:00:00,78.60333333333334
2011-07-30 02:00:00,76.175
2011-07-30 03:00:00,33.685
2011-07-30 04:00:00,14.035
2011-07-30 05:00:00,12.616666666666667
2011-07-30 06:00:00,31.956666666666667
2011-07-30 07:00:00,63.31666666666667
2011-07-30 08:00:00,135.17833333333334
2011-07-30 09:00:00,223.47666666666666
2011-07-30 10:00:00,292.12666666666667
2011-07-30 11:00:00,365.32
2011-07-30 12:00:00,384.5488888888889
2011-07-30 13:00:00,390.33
2011-07-30 14:00:00,383.6816666666667
2011-07-30 15:00:00,367.3233333333333
2011-07-30 16:00:00,370.5883333333333
2011-07-30 17:00:00,375.64666666666665
2011-07-30 18:00:00,373.3466666666667
2011-07-30 19:00:00,357.5566666666667
2011-07-30 20:00:00,290.2216666666667
2011-07-30 21:00:00,247.375
2011-07-30 22:00:00,243.30333333333334
2011-07-30 23:00:00,212.54
2011-07-31 00:00:00,112.67666666666666
2011-07-31 01:00:00,80.145
2011-07-31 02:00:00,82.06333333333333
2011-07-31 03:00:00,34.85666666666667
2011-07-31 04:00:00,14.088333333333333
2011-07-31 05:00:00,14.905
2011-07-31 06:00:00,27.011666666666667
2011-07-31 07:00:00,79.61166666666666
2011-07-31 08:00:00,162.92
2011-07-31 09:00:00,204.09333333333333
2011-07-31 10:00:00,288.68666666666667
2011-07-31 11:00:00,361.27
2011-07-31 12:00:00,378.0466666666667
2011-07-31 13:00:00,376.30266666666665
2011-07-31 14:00:00,362.931
2011-07-31 15:00:00,354.77443434343434
2011-07-31 16:00:00,360.0312121212121
2011-07-31 17:00:00,366.3466666666667
2011-07-31 18:00:00,360.305
2011-07-31 19:00:00,339.56
2011-07-31 20:00:00,272.465
2011-07-31 21:00:00,232.52
2011-07-31 22:00:00,165.755
2011-07-31 23:00:00,124.58666666666667
2011-08-20 00:00:00,105.14333333333333
2011-08-20 01:00:00,83.25666666666666
2011-08-20 02:00:00,72.495
2011-08-20 03:00:00,35.845
2011-08-20 04:00:00,11.276666666666667
2011-08-20 05:00:00,15.595
2011-08-20 06:00:00,25.721666666666668
2011-08-20 07:00:00,80.10666666666667
2011-08-20 08:00:00,113.585
2011-08-20 09:00:00,209.43833333333333
2011-08-20 10:00:00,294.0466666666667
2011-08-20 11:00:00,375.15194444444444
2011-08-20 12:00:00,374.7523611111111
2011-08-20 13:00:00,376.3833333333333
2011-08-20 14:00:00,387.62666666666667
2011-08-20 15:00:00,370.9241666666667
2011-08-20 16:00:00,374.78583333333336
2011-08-20 17:00:00,385.87333333333333
2011-08-20 18:00:00,354.79333333333335
2011-08-20 19:00:00,337.66833333333335
2011-08-20 20:00:00,261.7216666666667
2011-08-20 21:00:00,198.40833333333333
2011-08-20 22:00:00,164.46166666666667
2011-08-20 23:00:00,119.355
2011-08-21 00:00:00,119.66833333333334
2011-08-21 01:00:00,81.99166666666666
2011-08-21 02:00:00,84.23833333333333
2011-08-21 03:00:00,36.48
2011-08-21 04:00:00,11.706666666666667
2011-08-21 05:00:00,10.176666666666666
2011-08-21 06:00:00,13.68
2011-08-21 07:00:00,69.3
2011-08-21 08:00:00,105.39
2011-08-21 09:00:00,209.385
2011-08-21 10:00:00,296.0283333333333
2011-08-21 11:00:00,353.0183333333333
2011-08-21 12:00:00,370.6954166666667
2011-08-21 13:00:00,375.51708333333335
2011-08-21 14:00:00,251.73666666666668
2011-08-21 15:00:00,260.31
2011-08-21 16:00:00,278.0783333333333
2011-08-21 17:00:00,249.825
2011-08-21 18:00:00,250.24666666666667
2011-08-21 19:00:00,329.51666666666665
2011-08-21 20:00:00,218.66666666666666
2011-08-21 21:00:00,182.37
2011-08-21 22:00:00,157.595
2011-08-21 23:00:00,89.87
2011-08-22 00:00:00,40.638333333333335
2011-08-22 01:00:00,21.565
2011-08-22 02:00:00,10.385
2011-08-22 03:00:00,5.29
2011-08-22 04:00:00,6.583055555555556
2011-08-22 05:00:00,25.995
2011-08-22 06:00:00,109.75
2011-08-22 07:00:00,306.555
2011-08-22 08:00:00,391.5416666666667
2011-08-22 09:00:00,206.29
2011-08-22 10:00:00,120.92733333333332
2011-08-22 11:00:00,155.96
2011-08-22 12:00:00,196.55502777777778
2011-08-22 13:00:00,190.95866666666666
2011-08-22 14:00:00,180.43078246753245
2011-08-22 15:00:00,180.08119889369888
2011-08-22 16:00:00,302.27
2011-08-22 17:00:00,575.245
2011-08-22 18:00:00,554.245
2011-08-22 19:00:00,396.665
2011-08-22 20:00:00,302.69666666666666
2011-08-22 21:00:00,218.43333333333334
2011-08-22 22:00:00,126.05833333333334
2011-08-22 23:00:00,91.92
2011-08-23 00:00:00,33.975
2011-08-23 01:00:00,17.065
2011-08-23 02:00:00,9.743333333333334
2011-08-23 03:00:00,3.7876666666666665
2011-08-23 04:00:00,4.890357142857144
2011-08-23 05:00:00,24.666666666666668
2011-08-23 06:00:00,107.3
2011-08-23 07:00:00,322.3566666666667
2011-08-23 08:00:00,425.60833333333335
2011-08-23 09:00:00,216.015
2011-08-23 10:00:00,116.21333333333334
2011-08-23 11:00:00,159.58320512820512
2011-08-23 12:00:00,208.79964908702408
2011-08-23 13:00:00,197.70283361083364
2011-08-23 14:00:00,181.43249092111594
2011-08-23 15:00:00,183.11415848965848
2011-08-23 16:00:00,302.835
2011-08-23 17:00:00,579.5716666666667
2011-08-23 18:00:00,560.2083333333334
2011-08-23 19:00:00,381.28583333333336
2011-08-23 20:00:00,295.0783333333333
2011-08-23 21:00:00,203.41
2011-08-23 22:00:00,152.87166666666667
2011-08-23 23:00:00,90.24333333333334
2011-08-24 00:00:00,37.315
2011-08-24 01:00:00,15.941666666666666
2011-08-24 02:00:00,8.898333333333333
2011-08-24 03:00:00,4.838968253968255
2011-08-24 04:00:00,5.808670634920635
2011-08-24 05:00:00,23.761666666666667
2011-08-24 06:00:00,107.16333333333333
2011-08-24 07:00:00,318.63166666666666
2011-08-24 08:00:00,411.45
2011-08-24 09:00:00,216.15
2011-08-24 10:00:00,121.29209523809523
2011-08-24 11:00:00,152.19466666666668
2011-08-24 12:00:00,182.58342123154623
2011-08-24 13:00:00,186.4309494116994
2011-08-24 14:00:00,176.29079563492064
2011-08-24 15:00:00,177.12635119047619
2011-08-24 16:00:00,287.89166666666665
2011-08-24 17:00:00,560.565
2011-08-24 18:00:00,537.3383333333334
2011-08-24 19:00:00,363.2916666666667
2011-08-24 20:00:00,282.7816666666667
2011-08-24 21:00:00,193.85666666666665
2011-08-24 22:00:00,158.385
2011-08-24 23:00:00,99.97
2011-08-25 00:00:00,47.748333333333335
2011-08-25 01:00:00,22.618333333333332
2011-08-25 02:00:00,10.418333333333333
2011-08-25 03:00:00,5.81
2011-08-25 04:00:00,5.628333333333333
2011-08-25 05:00:00,24.08
2011-08-25 06:00:00,99.64666666666666
2011-08-25 07:00:00,299.63
2011-08-25 08:00:00,417.49666666666667
2011-08-25 09:00:00,220.955
2011-08-25 10:00:00,125.42642857142857
2011-08-25 11:00:00,146.38166666666666
2011-08-25 12:00:00,142.1578787878788
2011-08-25 13:00:00,143.25833333333333
2011-08-25 14:00:00,153.8130833333333
2011-08-25 15:00:00,161.30708333333334
2011-08-25 16:00:00,266.5083333333333
2011-08-25 17:00:00,417.625
2011-08-25 18:00:00,425.31666666666666
2011-08-25 19:00:00,311.2866666666667
2011-08-25 20:00:00,221.305
2011-08-25 21:00:00,192.28833333333333
2011-08-25 22:00:00,133.12666666666667
2011-08-25 23:00:00,108.765
2011-08-26 00:00:00,50.545
2011-08-26 01:00:00,22.015
2011-08-26 02:00:00,13.815
2011-08-26 03:00:00,5.623055555555555
2011-08-26 04:00:00,6.495952380952381
2011-08-26 05:00:00,20.345
2011-08-26 06:00:00,92.04666666666667
2011-08-26 07:00:00,240.555
2011-08-26 08:00:00,400.265
2011-08-26 09:00:00,203.72
2011-08-26 10:00:00,157.43333333333334
2011-08-26 11:00:00,159.42833333333334
2011-08-26 12:00:00,216.055
2011-08-26 13:00:00,218.33166666666668
2011-08-26 14:00:00,208.14166666666668
2011-08-26 15:00:00,205.92333333333335
2011-08-26 16:00:00,311.15166666666664
2011-08-26 17:00:00,504.66
2011-08-26 18:00:00,434.93
2011-08-26 19:00:00,325.0783333333333
2011-08-26 20:00:00,239.35833333333332
2011-08-26 21:00:00,207.07166666666666
2011-08-26 22:00:00,166.43666666666667
2011-08-26 23:00:00,131.76666666666668
2011-08-27 00:00:00,108.02166666666666
2011-08-27 01:00:00,81.87666666666667
2011-08-27 02:00:00,77.365
2011-08-27 03:00:00,37.695
2011-08-27 04:00:00,11.893333333333333
2011-08-27 05:00:00,12.433333333333334
2011-08-27 06:00:00,25.858333333333334
2011-08-27 07:00:00,69.745
2011-08-27 08:00:00,130.52666666666667
2011-08-27 09:00:00,204.77
2011-08-27 10:00:00,248.84833333333333
2011-08-27 11:00:00,170.38833333333332
2011-08-27 12:00:00,223.75
2011-08-27 13:00:00,229.20666666666668
2011-08-27 14:00:00,162.73833333333334
2011-08-27 15:00:00,164.13666666666666
2011-08-27 16:00:00,168.07666666666665
2011-08-27 17:00:00,162.64666666666668
2011-08-28 07:00:00,150.04333333333332
2011-08-28 08:00:00,167.49333333333334
2011-08-28 09:00:00,207.45333333333335
2011-08-28 10:00:00,299.60333333333335
2011-08-28 11:00:00,359.75166666666667
2011-08-28 12:00:00,410.73333333333335
2011-08-28 13:00:00,429.21666666666664
2011-08-28 14:00:00,375.785
2011-08-28 15:00:00,370.6975
2011-08-28 16:00:00,360.2675
2011-08-28 17:00:00,412.8525
2011-08-28 18:00:00,388.6116666666667
2011-08-28 19:00:00,353.175
2011-08-28 20:00:00,257.5283333333333
2011-08-28 21:00:00,194.79166666666666
2011-08-28 22:00:00,142.385
2011-08-28 23:00:00,94.04833333333333
2011-08-29 00:00:00,34.96333333333333
2011-08-29 01:00:00,14.016666666666667
2011-08-29 02:00:00,9.48
2011-08-29 03:00:00,6.745694444444444
2011-08-29 04:00:00,5.409801587301588
2011-08-29 05:00:00,23.975
2011-08-29 06:00:00,107.51
2011-08-29 07:00:00,321.3666666666667
2011-08-29 08:00:00,406.36
2011-08-29 09:00:00,209.985
2011-08-29 10:00:00,124.01899999999999
2011-08-29 11:00:00,155.92153846153846
2011-08-29 12:00:00,194.05260936285936
2011-08-29 13:00:00,206.8412841880342
2011-08-29 14:00:00,184.60142045454543
2011-08-29 15:00:00,182.8215821909572
2011-08-29 16:00:00,305.85333333333335
2011-08-29 17:00:00,558.96
2011-08-29 18:00:00,524.2033333333334
2011-08-29 19:00:00,396.32
2011-08-29 20:00:00,293.60833333333335
2011-08-29 21:00:00,219.15333333333334
2011-08-29 22:00:00,136.68666666666667
2011-08-29 23:00:00,88.84333333333333
2011-08-30 00:00:00,33.46
2011-08-30 01:00:00,15.631666666666666
2011-08-30 02:00:00,9.466666666666667
2011-08-30 03:00:00,4.442884920634921
2011-08-30 04:00:00,4.893935185185185
2011-08-30 05:00:00,23.116666666666667
2011-08-30 06:00:00,107.22666666666667
2011-08-30 07:00:00,320.36333333333334
2011-08-30 08:00:00,420.75333333333333
2011-08-30 09:00:00,207.57833333333335
2011-08-30 10:00:00,125.13976190476191
2011-08-30 11:00:00,157.75320512820514
2011-08-30 12:00:00,202.91041297591298
2011-08-30 13:00:00,199.322104978355
2011-08-30 14:00:00,178.56651942039443
2011-08-30 15:00:00,182.03638071188072
2011-08-30 16:00:00,301.73833333333334
2011-08-30 17:00:00,577.3933333333333
2011-08-30 18:00:00,554.1566666666666
2011-08-30 19:00:00,379.1933333333333
2011-08-30 20:00:00,293.1433333333333
2011-08-30 21:00:00,185.50333333333333
2011-08-30 22:00:00,158.08666666666667
2011-08-30 23:00:00,91.90666666666667
2011-08-31 00:00:00,33.61333333333334
2011-08-31 01:00:00,15.711666666666666
2011-08-31 02:00:00,9.39
2011-08-31 03:00:00,4.8133333333333335
2011-08-31 04:00:00,5.874285714285714
2011-08-31 05:00:00,23.295
2011-08-31 06:00:00,104.66833333333334
2011-08-31 07:00:00,318.1513333333333
2011-08-31 08:00:00,409.19666666666666
2011-08-31 09:00:00,217.24833333333333
2011-08-31 10:00:00,123.29
2011-08-31 11:00:00,155.2548717948718
2011-08-31 12:00:00,185.91524013486517
2011-08-31 13:00:00,199.09634126984128
2011-08-31 14:00:00,177.73583706108707
2011-08-31 15:00:00,177.6068525733526
2011-08-31 16:00:00,294.5283333333333
2011-08-31 17:00:00,573.92
2011-08-31 18:00:00,527.9366666666666
2011-08-31 19:00:00,363.50416666666666
2011-08-31 20:00:00,291.63666666666666
2011-08-31 21:00:00,191.585
2011-08-31 22:00:00,149.55166666666668
2011-08-31 23:00:00,83.46666666666667
2011-09-20 00:00:00,33.281666666666666
2011-09-20 01:00:00,12.233333333333333
2011-09-20 02:00:00,6.536666666666667
2011-09-20 03:00:00,4.619722222222221
2011-09-20 04:00:00,4.938138888888889
2011-09-20 05:00:00,22.196666666666665
2011-09-20 06:00:00,106.51166666666667
2011-09-20 07:00:00,281.50166666666667
2011-09-20 08:00:00,237.42666666666668
2011-09-20 09:00:00,149.79833333333335
2011-09-20 10:00:00,141.91333333333333
2011-09-20 11:00:00,142.38333333333333
2011-09-20 12:00:00,115.05333333333333
2011-09-20 13:00:00,115.08666666666667
2011-09-20 14:00:00,157.71867647058824
2011-09-20 15:00:00,181.4902295008913
2011-09-20 16:00:00,243.49
2011-09-20 17:00:00,412.12166666666667
2011-09-20 18:00:00,399.1983333333333
2011-09-20 19:00:00,278.20166666666665
2011-09-20 20:00:00,191.24833333333333
2011-09-20 21:00:00,117.47666666666667
2011-09-20 22:00:00,114.985
2011-09-20 23:00:00,68.92666666666666
2011-09-21 00:00:00,25.981666666666666
2011-09-21 01:00:00,10.905
2011-09-21 02:00:00,7.721666666666667
2011-09-21 03:00:00,4.671626984126984
2011-09-21 04:00:00,5.082238095238095
2011-09-21 05:00:00,14.16
2011-09-21 06:00:00,99.91833333333334
2011-09-21 07:00:00,239.93333333333334
2011-09-21 08:00:00,344.7366666666667
2011-09-21 09:00:00,174.84333333333333
2011-09-21 10:00:00,111.365
2011-09-21 11:00:00,132.77111111111108
2011-09-21 12:00:00,164.57771895424835
2011-09-21 13:00:00,162.37801406926408
2011-09-21 14:00:00,157.8890515873016
2011-09-21 15:00:00,163.52647222222225
2011-09-21 16:00:00,293.9633333333333
2011-09-21 17:00:00,421.7916666666667
2011-09-21 18:00:00,331.86333333333334
2011-09-21 19:00:00,166.31666666666666
2011-09-21 20:00:00,136.87666666666667
2011-09-21 21:00:00,102.94
2011-09-21 22:00:00,114.09833333333333
2011-09-21 23:00:00,69.12666666666667
2011-09-22 00:00:00,25.731666666666666
2011-09-22 01:00:00,10.746666666666666
2011-09-22 02:00:00,17.468333333333334
2011-09-22 03:00:00,4.331666666666667
2011-09-22 04:00:00,4.8966666666666665
2011-09-22 05:00:00,15.536666666666667
2011-09-22 06:00:00,97.61
2011-09-22 07:00:00,203.68833333333333
2011-09-22 08:00:00,307.915
2011-09-22 09:00:00,163.64166666666668
2011-09-22 10:00:00,134.71666666666667
2011-09-22 11:00:00,139.96666666666667
2011-09-22 12:00:00,138.36777777777777
2011-09-22 13:00:00,138.1011111111111
2011-09-22 14:00:00,136.80444444444444
2011-09-22 15:00:00,142.55333333333334
2011-09-22 16:00:00,295.21666666666664
2011-09-22 17:00:00,493.545
2011-09-22 18:00:00,375.31333333333333
2011-09-22 19:00:00,209.105
2011-09-22 20:00:00,139.12666666666667
2011-09-22 21:00:00,132.50333333333333
2011-09-22 22:00:00,105.86333333333333
2011-09-22 23:00:00,92.78333333333333
2011-09-23 00:00:00,32.89333333333333
2011-09-23 01:00:00,14.506666666666666
2011-09-23 02:00:00,15.831666666666667
2011-09-23 03:00:00,4.683333333333334
2011-09-23 04:00:00,4.596666666666667
2011-09-23 05:00:00,14.983333333333333
2011-09-23 06:00:00,86.97
2011-09-23 07:00:00,161.51166666666666
2011-09-23 08:00:00,231.75833333333333
2011-09-23 09:00:00,145.075
2011-09-23 10:00:00,126.08666666666667
2011-09-23 11:00:00,125.63333333333334
2011-09-23 12:00:00,147.57333333333332
2011-09-23 13:00:00,138.58166666666668
2011-09-23 14:00:00,138.04333333333332
2011-09-23 15:00:00,147.58
2011-09-23 16:00:00,166.85833333333332
2011-09-23 17:00:00,297.525
2011-09-23 18:00:00,295.62
2011-09-23 19:00:00,199.63
2011-09-23 20:00:00,157.085
2011-09-23 21:00:00,113.54333333333334
2011-09-23 22:00:00,116.71166666666667
2011-09-23 23:00:00,100.95833333333333
2011-09-24 00:00:00,86.59
2011-09-24 01:00:00,74.34333333333333
2011-09-24 02:00:00,64.62166666666667
2011-09-24 03:00:00,30.886666666666667
2011-09-24 04:00:00,12.94
2011-09-24 05:00:00,15.063333333333333
2011-09-24 06:00:00,20.685
2011-09-24 07:00:00,83.97
2011-09-24 08:00:00,121.335
2011-09-24 09:00:00,148.38
2011-09-24 10:00:00,192.715
2011-09-24 11:00:00,207.26
2011-09-24 12:00:00,235.65777777777777
2011-09-24 13:00:00,255.05333333333334
2011-09-24 14:00:00,300.3066666666667
2011-09-24 15:00:00,295.4266666666667
2011-09-24 16:00:00,250.33
2011-09-24 17:00:00,279.755
2011-09-24 18:00:00,231.985
2011-09-24 19:00:00,198.93666666666667
2011-09-24 20:00:00,172.33666666666667
2011-09-24 21:00:00,139.81166666666667
2011-09-24 22:00:00,130.30666666666667
2011-09-24 23:00:00,102.38833333333334
2011-09-25 00:00:00,99.02833333333334
2011-09-25 01:00:00,80.955
2011-09-25 02:00:00,61.165
2011-09-25 03:00:00,32.36666666666667
2011-09-25 04:00:00,14.583333333333334
2011-09-25 05:00:00,17.115
2011-09-25 06:00:00,16.496666666666666
2011-09-25 07:00:00,61.028333333333336
2011-09-25 08:00:00,80.67666666666666
2011-09-25 09:00:00,149.885
2011-09-25 10:00:00,199.29833333333335
2011-09-25 11:00:00,268.9916666666667
2011-09-25 12:00:00,275.38
2011-09-25 13:00:00,302.7966666666667
2011-09-25 14:00:00,274.27
2011-09-25 15:00:00,270.8
2011-09-25 16:00:00,385.82666666666665
2011-09-25 17:00:00,279.31166666666667
2011-09-25 18:00:00,270.92833333333334
2011-09-25 19:00:00,205.865
2011-09-25 20:00:00,172.93166666666667
2011-09-25 21:00:00,113.02166666666666
2011-09-25 22:00:00,129.98833333333334
2011-09-25 23:00:00,106.48666666666666
2011-09-26 00:00:00,31.348333333333333
2011-09-26 01:00:00,13.331666666666667
2011-09-26 02:00:00,7.42
2011-09-26 03:00:00,4.246666666666667
2011-09-26 04:00:00,5.3533333333333335
2011-09-26 05:00:00,21.375
2011-09-26 06:00:00,99.29833333333333
2011-09-26 07:00:00,209.04833333333335
2011-09-26 08:00:00,330.0883333333333
2011-09-26 09:00:00,198.10666666666665
2011-09-26 10:00:00,134.92
2011-09-26 11:00:00,147.14833333333334
2011-09-26 12:00:00,145.4293888888889
2011-09-26 13:00:00,157.29670454545456
2011-09-26 14:00:00,166.35166666666663
2011-09-26 15:00:00,169.73176587301586
2011-09-26 16:00:00,298.8616666666667
2011-09-26 17:00:00,543.6733333333333
2011-09-26 18:00:00,408.55833333333334
2011-09-26 19:00:00,303.405
2011-09-26 20:00:00,184.83833333333334
2011-09-26 21:00:00,137.70666666666668
2011-09-26 22:00:00,110.99333333333334
2011-09-26 23:00:00,75.205
2011-09-27 00:00:00,30.586666666666666
2011-09-27 01:00:00,11.321666666666667
2011-09-27 02:00:00,7.695833333333334
2011-09-27 03:00:00,4.185
2011-09-27 04:00:00,4.715
2011-09-27 05:00:00,13.961666666666666
2011-09-27 06:00:00,102.48
2011-09-27 07:00:00,212.89666666666668
2011-09-27 08:00:00,356.06166666666667
2011-09-27 09:00:00,186.49333333333334
2011-09-27 10:00:00,147.30166666666668
2011-09-27 11:00:00,144.88666666666666
2011-09-27 12:00:00,169.3
2011-09-27 13:00:00,159.42938492063493
2011-09-27 14:00:00,139.78166666666667
2011-09-27 15:00:00,141.14166666666668
2011-09-27 16:00:00,266.6533333333333
2011-09-27 17:00:00,305.275
2011-09-27 18:00:00,304.515
2011-09-27 19:00:00,213.95833333333334
2011-09-27 20:00:00,227.14
2011-09-27 21:00:00,152.89
2011-09-27 22:00:00,129.32666666666665
2011-09-27 23:00:00,67.66333333333333
2011-09-28 00:00:00,31.576666666666668
2011-09-28 01:00:00,12.913333333333334
2011-09-28 02:00:00,7.203333333333333
2011-09-28 03:00:00,4.468333333333334
2011-09-28 04:00:00,6.255452380952381
2011-09-28 05:00:00,15.34
2011-09-28 06:00:00,60.288333333333334
2011-09-28 07:00:00,140.375
2011-09-28 08:00:00,217.08166666666668
2011-09-28 09:00:00,167.09333333333333
2011-09-28 10:00:00,86.56333333333333
2011-09-28 11:00:00,139.39
2011-09-28 12:00:00,142.26916666666668
2011-09-28 13:00:00,164.8417195767196
2011-09-28 14:00:00,174.1179475986976
2011-09-28 15:00:00,168.22437500000004
2011-09-28 16:00:00,298.35
2011-09-28 17:00:00,547.7216666666667
2011-09-28 18:00:00,348.11833333333334
2011-09-28 19:00:00,289.35833333333335
2011-09-28 20:00:00,134.975
2011-09-28 21:00:00,114.915
2011-09-28 22:00:00,128.52
2011-09-28 23:00:00,67.6
2011-09-29 00:00:00,27.785
2011-09-29 01:00:00,11.316666666666666
2011-09-29 02:00:00,16.813333333333333
2011-09-29 03:00:00,4.596666666666667
2011-09-29 04:00:00,5.773666666666666
2011-09-29 05:00:00,21.881666666666668
2011-09-29 06:00:00,106.94333333333333
2011-09-29 07:00:00,243.36
2011-09-29 08:00:00,416.025
2011-09-29 09:00:00,216.38333333333333
2011-09-29 10:00:00,127.99399999999999
2011-09-29 11:00:00,154.51933333333335
2011-09-29 12:00:00,190.61535912698415
2011-09-29 13:00:00,192.06856168831166
2011-09-29 14:00:00,185.24361087061092
2011-09-29 15:00:00,184.92474735449736
2011-09-29 16:00:00,301.93666666666667
2011-09-29 17:00:00,550.4766666666667
2011-09-29 18:00:00,528.25
2011-09-29 19:00:00,351.525
2011-09-29 20:00:00,282.0
2011-09-29 21:00:00,175.48833333333334
2011-09-29 22:00:00,134.23166666666665
2011-09-29 23:00:00,88.45166666666667
2011-09-30 00:00:00,53.77166666666667
2011-09-30 01:00:00,24.656666666666666
2011-09-30 02:00:00,12.483333333333333
2011-09-30 03:00:00,5.143765873015873
2011-09-30 04:00:00,5.147876984126984
2011-09-30 05:00:00,23.245
2011-09-30 06:00:00,90.37666666666667
2011-09-30 07:00:00,275.59
2011-09-30 08:00:00,447.86333333333334
2011-09-30 09:00:00,210.51238095238094
2011-09-30 10:00:00,162.165
2011-09-30 11:00:00,168.36166666666668
2011-09-30 12:00:00,202.49333333333334
2011-09-30 13:00:00,195.49333333333334
2011-09-30 14:00:00,200.215
2011-09-30 15:00:00,201.53833333333333
2011-09-30 16:00:00,335.185
2011-09-30 17:00:00,517.3933333333333
2011-09-30 18:00:00,485.11
2011-09-30 19:00:00,299.0183333333333
2011-09-30 20:00:00,206.34666666666666
2011-09-30 21:00:00,159.31666666666666
2011-09-30 22:00:00,128.44833333333332
2011-09-30 23:00:00,107.03666666666666
2011-10-20 00:00:00,30.851666666666667
2011-10-20 01:00:00,13.641666666666667
2011-10-20 02:00:00,9.921666666666667
2011-10-20 03:00:00,4.124083333333333
2011-10-20 04:00:00,4.807916666666666
2011-10-20 05:00:00,24.95
2011-10-20 06:00:00,92.25333333333333
2011-10-20 07:00:00,268.62
2011-10-20 08:00:00,365.87333333333333
2011-10-20 09:00:00,209.85666666666665
2011-10-20 10:00:00,143.24777777777777
2011-10-20 11:00:00,146.35381944444444
2011-10-20 12:00:00,174.55072474747473
2011-10-20 13:00:00,174.62501046176044
2011-10-20 14:00:00,155.107
2011-10-20 15:00:00,153.82895238095236
2011-10-20 16:00:00,242.12666666666667
2011-10-20 17:00:00,423.15833333333336
2011-10-20 18:00:00,414.83
2011-10-20 19:00:00,250.625
2011-10-20 20:00:00,199.56166666666667
2011-10-20 21:00:00,132.81444444444443
2011-10-20 22:00:00,113.59333333333333
2011-10-20 23:00:00,81.61
2011-10-21 00:00:00,54.61833333333333
2011-10-21 01:00:00,25.185
2011-10-21 02:00:00,13.646666666666667
2011-10-21 03:00:00,6.009722222222222
2011-10-21 04:00:00,5.539722222222221
2011-10-21 05:00:00,21.848333333333333
2011-10-21 06:00:00,89.22166666666666
2011-10-21 07:00:00,218.52833333333334
2011-10-21 08:00:00,424.60833333333335
2011-10-21 09:00:00,204.84527777777777
2011-10-21 10:00:00,158.8348484848485
2011-10-21 11:00:00,165.35444444444443
2011-10-21 12:00:00,198.077125
2011-10-21 13:00:00,194.35983664021163
2011-10-21 14:00:00,200.04580465367965
2011-10-21 15:00:00,197.1303602092352
2011-10-21 16:00:00,298.9791666666667
2011-10-21 17:00:00,431.14666666666665
2011-10-21 18:00:00,419.1716666666667
2011-10-21 19:00:00,242.90833333333333
2011-10-21 20:00:00,183.33833333333334
2011-10-21 21:00:00,133.12944444444443
2011-10-21 22:00:00,114.62166666666667
2011-10-21 23:00:00,86.18833333333333
2011-10-22 00:00:00,88.14
2011-10-22 01:00:00,71.41166666666666
2011-10-22 02:00:00,64.305
2011-10-22 03:00:00,30.138333333333332
2011-10-22 04:00:00,8.885
2011-10-22 05:00:00,9.158333333333333
2011-10-22 06:00:00,18.82
2011-10-22 07:00:00,87.92833333333333
2011-10-22 08:00:00,96.83833333333334
2011-10-22 09:00:00,148.99166666666667
2011-10-22 10:00:00,214.11544444444445
2011-10-22 11:00:00,236.23677777777775
2011-10-22 12:00:00,288.1511825396825
2011-10-22 13:00:00,328.40277777777777
2011-10-22 14:00:00,312.3175
2011-10-22 15:00:00,312.8999603174603
2011-10-22 16:00:00,310.3875
2011-10-22 17:00:00,256.4922222222222
2011-10-22 18:00:00,230.6638888888889
2011-10-22 19:00:00,215.19333333333333
2011-10-22 20:00:00,159.13333333333333
2011-10-22 21:00:00,123.92
2011-10-22 22:00:00,110.35166666666667
2011-10-22 23:00:00,84.19833333333334
2011-10-23 00:00:00,87.67
2011-10-23 01:00:00,69.22833333333334
2011-10-23 02:00:00,56.835
2011-10-23 03:00:00,37.78333333333333
2011-10-23 04:00:00,10.626666666666667
2011-10-23 05:00:00,9.923333333333334
2011-10-23 06:00:00,15.671666666666667
2011-10-23 07:00:00,75.08166666666666
2011-10-23 08:00:00,93.99666666666667
2011-10-23 09:00:00,134.095
2011-10-23 10:00:00,222.9223333333333
2011-10-23 11:00:00,249.32177777777775
2011-10-23 12:00:00,317.3617658730159
2011-10-23 13:00:00,327.1782519841269
2011-10-23 14:00:00,328.42427976190476
2011-10-23 15:00:00,325.7344047619048
2011-10-23 16:00:00,318.2846666666666
2011-10-23 17:00:00,280.40555555555557
2011-10-23 18:00:00,255.5688888888889
2011-10-23 19:00:00,201.17666666666668
2011-10-23 20:00:00,154.34666666666666
2011-10-23 21:00:00,108.62333333333333
2011-10-23 22:00:00,84.94
2011-10-23 23:00:00,64.195
2011-10-24 00:00:00,36.973333333333336
2011-10-24 01:00:00,10.29
2011-10-24 02:00:00,7.151666666666666
2011-10-24 03:00:00,5.74031746031746
2011-10-24 04:00:00,5.735238095238095
2011-10-24 05:00:00,23.813333333333333
2011-10-24 06:00:00,100.19166666666666
2011-10-24 07:00:00,246.79555555555558
2011-10-24 08:00:00,386.2
2011-10-24 09:00:00,199.585
2011-10-24 10:00:00,119.02819444444445
2011-10-24 11:00:00,129.4690873015873
2011-10-24 12:00:00,177.61335582010585
2011-10-24 13:00:00,173.67930139631608
2011-10-24 14:00:00,170.4114062049062
2011-10-24 15:00:00,184.25306594331593
2011-10-24 16:00:00,307.2305555555555
2011-10-24 17:00:00,476.1616666666667
2011-10-24 18:00:00,501.4116666666667
2011-10-24 19:00:00,186.27666666666667
2011-10-24 20:00:00,217.25833333333333
2011-10-24 21:00:00,147.36833333333334
2011-10-24 22:00:00,124.35833333333333
2011-10-24 23:00:00,68.475
2011-10-25 00:00:00,38.465
2011-10-25 01:00:00,12.685
2011-10-25 02:00:00,6.848333333333334
2011-10-25 03:00:00,5.288164682539682
2011-10-25 04:00:00,6.4835714285714285
2011-10-25 05:00:00,24.098333333333333
2011-10-25 06:00:00,98.75833333333334
2011-10-25 07:00:00,270.04133333333334
2011-10-25 08:00:00,462.59833333333336
2011-10-25 09:00:00,209.0841111111111
2011-10-25 10:00:00,129.88200000000003
2011-10-25 11:00:00,139.3341217948718
2011-10-25 12:00:00,188.1700403439153
2011-10-25 13:00:00,185.7859292328042
2011-10-25 14:00:00,172.0958704906205
2011-10-25 15:00:00,179.50408952975133
2011-10-25 16:00:00,308.13666666666666
2011-10-25 17:00:00,574.2016666666667
2011-10-25 18:00:00,488.29333333333335
2011-10-25 19:00:00,294.74888888888887
2011-10-25 20:00:00,213.69
2011-10-25 21:00:00,145.815
2011-10-25 22:00:00,131.755
2011-10-25 23:00:00,68.43
2011-10-26 00:00:00,41.2
2011-10-26 01:00:00,14.443333333333333
2011-10-26 02:00:00,7.505
2011-10-26 03:00:00,4.498083333333333
2011-10-26 04:00:00,4.210503968253968
2011-10-26 05:00:00,26.078333333333333
2011-10-26 06:00:00,103.91833333333334
2011-10-26 07:00:00,274.55466666666666
2011-10-26 08:00:00,444.69166666666666
2011-10-26 09:00:00,218.01027777777776
2011-10-26 10:00:00,127.28232407407408
2011-10-26 11:00:00,140.80387500000003
2011-10-26 12:00:00,175.6529894952542
2011-10-26 13:00:00,175.54802614379085
2011-10-26 14:00:00,163.3245171957672
2011-10-26 15:00:00,171.77987962962965
2011-10-26 16:00:00,274.24833333333333
2011-10-26 17:00:00,471.4683333333333
2011-10-26 18:00:00,459.795
2011-10-26 19:00:00,258.8616666666667
2011-10-26 20:00:00,197.03666666666666
2011-10-26 21:00:00,157.72666666666666
2011-10-26 22:00:00,121.37666666666667
2011-10-26 23:00:00,67.64
2011-10-27 00:00:00,33.99166666666667
2011-10-27 01:00:00,9.1
2011-10-27 02:00:00,10.41
2011-10-27 03:00:00,4.326666666666667
2011-10-27 04:00:00,4.8
2011-10-27 05:00:00,18.385
2011-10-27 06:00:00,64.95666666666666
2011-10-27 07:00:00,240.5338888888889
2011-10-27 08:00:00,298.9433333333333
2011-10-27 09:00:00,213.33694444444444
2011-10-27 10:00:00,118.16666666666667
2011-10-27 11:00:00,119.02166666666666
2011-10-27 12:00:00,119.49166666666666
2011-10-27 13:00:00,149.1105429116091
2011-10-27 14:00:00,149.9615462962963
2011-10-27 15:00:00,159.06132528011202
2011-10-27 16:00:00,297.36333333333334
2011-10-27 17:00:00,389.77
2011-10-27 18:00:00,378.73833333333334
2011-10-27 19:00:00,221.82
2011-10-27 20:00:00,195.77666666666667
2011-10-27 21:00:00,132.37444444444444
2011-10-27 22:00:00,90.19333333333333
2011-10-27 23:00:00,75.295
2011-10-28 00:00:00,48.35333333333333
2011-10-28 01:00:00,20.966666666666665
2011-10-28 02:00:00,10.556666666666667
2011-10-28 03:00:00,3.575
2011-10-28 04:00:00,4.033333333333333
2011-10-28 05:00:00,21.743333333333332
2011-10-28 06:00:00,86.6
2011-10-28 07:00:00,180.86666666666667
2011-10-28 08:00:00,397.31166666666667
2011-10-28 09:00:00,186.91055555555556
2011-10-28 10:00:00,145.29388888888892
2011-10-28 11:00:00,168.36333333333334
2011-10-28 12:00:00,181.655
2011-10-28 13:00:00,180.99166666666667
2011-10-28 14:00:00,179.87354166666665
2011-10-28 15:00:00,173.88333333333333
2011-10-28 16:00:00,213.53833333333333
2011-10-28 17:00:00,381.7866666666667
2011-10-28 18:00:00,357.4216666666667
2011-10-28 19:00:00,211.76666666666668
2011-10-28 20:00:00,122.02
2011-10-28 21:00:00,87.84
2011-10-28 22:00:00,60.61333333333334
2011-10-28 23:00:00,60.29833333333333
2011-10-29 00:00:00,54.00833333333333
2011-10-29 01:00:00,38.75
2011-10-29 02:00:00,40.87
2011-10-29 03:00:00,17.401666666666667
2011-10-29 04:00:00,5.7683333333333335
2011-10-29 05:00:00,5.401666666666666
2011-10-29 06:00:00,15.795
2011-10-29 07:00:00,100.21666666666667
2011-10-29 08:00:00,100.955
2011-10-29 09:00:00,108.035
2011-10-29 10:00:00,96.95666666666666
2011-10-29 11:00:00,95.725
2011-10-29 12:00:00,105.605
2011-10-29 13:00:00,105.47
2011-10-29 14:00:00,103.95166666666667
2011-10-29 15:00:00,96.85166666666667
2011-10-29 16:00:00,101.96
2011-10-29 17:00:00,103.22333333333333
2011-10-29 18:00:00,109.97666666666667
2011-10-29 19:00:00,139.01
2011-10-29 20:00:00,121.62166666666667
2011-10-29 21:00:00,87.945
2011-10-29 22:00:00,78.90166666666667
2011-10-29 23:00:00,64.65
2011-10-30 00:00:00,58.428333333333335
2011-10-30 01:00:00,42.37166666666667
2011-10-30 02:00:00,42.32666666666667
2011-10-30 03:00:00,17.855
2011-10-30 04:00:00,5.2316666666666665
2011-10-30 05:00:00,4.346666666666667
2011-10-30 06:00:00,14.881666666666666
2011-10-30 07:00:00,54.31166666666667
2011-10-30 08:00:00,76.15
2011-10-30 09:00:00,130.4961111111111
2011-10-30 10:00:00,199.56916666666666
2011-10-30 11:00:00,218.58166666666668
2011-10-30 12:00:00,265.8748333333333
2011-10-30 13:00:00,279.70194444444445
2011-10-30 14:00:00,299.859126984127
2011-10-30 15:00:00,320.0391666666667
2011-10-30 16:00:00,294.7291666666667
2011-10-30 17:00:00,251.86166666666668
2011-10-30 18:00:00,194.00833333333333
2011-10-30 19:00:00,281.72833333333335
2011-10-30 20:00:00,141.865
2011-10-30 21:00:00,93.77333333333333
2011-10-30 22:00:00,68.37333333333333
2011-10-30 23:00:00,55.01833333333333
2011-10-31 00:00:00,21.826666666666668
2011-10-31 01:00:00,10.29
2011-10-31 02:00:00,5.246666666666667
2011-10-31 03:00:00,3.868055555555555
2011-10-31 04:00:00,4.315
2011-10-31 05:00:00,21.756666666666668
2011-10-31 06:00:00,94.11666666666666
2011-10-31 07:00:00,236.79555555555558
2011-10-31 08:00:00,411.93833333333333
2011-10-31 09:00:00,189.47333333333333
2011-10-31 10:00:00,138.50694444444443
2011-10-31 11:00:00,141.24833333333333
2011-10-31 12:00:00,168.4990773809524
2011-10-31 13:00:00,164.2185560966811
2011-10-31 14:00:00,158.55599007936507
2011-10-31 15:00:00,174.4033282967033
2011-10-31 16:00:00,264.37666666666667
2011-10-31 17:00:00,449.945
2011-10-31 18:00:00,418.38166666666666
2011-10-31 19:00:00,252.44333333333333
2011-10-31 20:00:00,202.91166666666666
2011-10-31 21:00:00,131.455
2011-10-31 22:00:00,100.93333333333334
2011-10-31 23:00:00,59.61833333333333
2011-11-20 00:00:00,83.96166666666667
2011-11-20 01:00:00,71.27833333333334
2011-11-20 02:00:00,66.20333333333333
2011-11-20 03:00:00,34.19
2011-11-20 04:00:00,8.115
2011-11-20 05:00:00,8.198333333333334
2011-11-20 06:00:00,18.225
2011-11-20 07:00:00,75.86166666666666
2011-11-20 08:00:00,103.48666666666666
2011-11-20 09:00:00,148.40833333333333
2011-11-20 10:00:00,217.4551111111111
2011-11-20 11:00:00,291.8744444444444
2011-11-20 12:00:00,315.1027777777778
2011-11-20 13:00:00,330.9570972222222
2011-11-20 14:00:00,332.8908908730159
2011-11-20 15:00:00,324.8529166666667
2011-11-20 16:00:00,316.25555555555553
2011-11-20 17:00:00,304.01875
2011-11-20 18:00:00,298.10333333333335
2011-11-20 19:00:00,230.33666666666667
2011-11-20 20:00:00,180.45333333333335
2011-11-20 21:00:00,131.49166666666667
2011-11-20 22:00:00,73.305
2011-11-20 23:00:00,64.17166666666667
2011-11-21 00:00:00,31.44333333333333
2011-11-21 01:00:00,9.488333333333333
2011-11-21 02:00:00,7.035
2011-11-21 03:00:00,4.55
2011-11-21 04:00:00,4.871666666666667
2011-11-21 05:00:00,14.221666666666666
2011-11-21 06:00:00,84.555
2011-11-21 07:00:00,247.57388888888892
2011-11-21 08:00:00,359.31
2011-11-21 09:00:00,193.515
2011-11-21 10:00:00,121.32833333333333
2011-11-21 11:00:00,127.1963888888889
2011-11-21 12:00:00,170.8048002645503
2011-11-21 13:00:00,167.43557425444925
2011-11-21 14:00:00,149.0412261904762
2011-11-21 15:00:00,95.33666666666667
2011-11-21 16:00:00,106.11833333333334
2011-11-21 17:00:00,152.955
2011-11-21 18:00:00,244.315
2011-11-21 19:00:00,131.285
2011-11-21 20:00:00,128.20666666666668
2011-11-21 21:00:00,90.87
2011-11-21 22:00:00,64.235
2011-11-21 23:00:00,49.5
2011-11-22 00:00:00,25.59
2011-11-22 01:00:00,8.791666666666666
2011-11-22 02:00:00,6.736666666666666
2011-11-22 03:00:00,6.483333333333333
2011-11-22 04:00:00,6.38
2011-11-22 05:00:00,16.613333333333333
2011-11-22 06:00:00,84.42166666666667
2011-11-22 07:00:00,121.75
2011-11-22 08:00:00,195.36833333333334
2011-11-22 09:00:00,127.11166666666666
2011-11-22 10:00:00,107.20333333333333
2011-11-22 11:00:00,99.98666666666666
2011-11-22 12:00:00,97.50666666666666
2011-11-22 13:00:00,91.6
2011-11-22 14:00:00,91.13666666666667
2011-11-22 15:00:00,101.335
2011-11-22 16:00:00,112.45666666666666
2011-11-22 17:00:00,181.325
2011-11-22 18:00:00,171.06166666666667
2011-11-22 19:00:00,143.40666666666667
2011-11-22 20:00:00,177.855
2011-11-22 21:00:00,116.655
2011-11-22 22:00:00,110.97166666666666
2011-11-22 23:00:00,69.17833333333333
2011-11-23 00:00:00,27.446666666666665
2011-11-23 01:00:00,11.351666666666667
2011-11-23 02:00:00,7.921666666666667
2011-11-23 03:00:00,3.38
2011-11-23 04:00:00,4.613333333333333
2011-11-23 05:00:00,16.546666666666667
2011-11-23 06:00:00,81.14666666666666
2011-11-23 07:00:00,236.5638888888889
2011-11-23 08:00:00,352.69
2011-11-23 09:00:00,188.5575
2011-11-23 10:00:00,107.42291666666667
2011-11-23 11:00:00,129.9461111111111
2011-11-23 12:00:00,173.198760620915
2011-11-23 13:00:00,154.03236363636364
2011-11-23 14:00:00,161.23630303030302
2011-11-23 15:00:00,152.14433333333335
2011-11-23 16:00:00,212.77166666666668
2011-11-23 17:00:00,292.80833333333334
2011-11-23 18:00:00,353.81166666666667
2011-11-23 19:00:00,220.19416666666666
2011-11-23 20:00:00,169.40166666666667
2011-11-23 21:00:00,120.67
2011-11-23 22:00:00,89.645
2011-11-23 23:00:00,64.7
2011-11-24 00:00:00,38.87166666666667
2011-11-24 01:00:00,30.291666666666668
2011-11-24 02:00:00,17.6
2011-11-24 03:00:00,7.753333333333333
2011-11-24 04:00:00,6.968333333333334
2011-11-24 05:00:00,16.333333333333332
2011-11-24 06:00:00,57.39333333333333
2011-11-24 07:00:00,131.275
2011-11-24 08:00:00,172.78333333333333
2011-11-24 09:00:00,187.60666666666665
2011-11-24 10:00:00,197.83833333333334
2011-11-24 11:00:00,227.98277777777776
2011-11-24 12:00:00,248.89333333333335
2011-11-24 13:00:00,254.43166666666667
2011-11-24 14:00:00,261.6816666666667
2011-11-24 15:00:00,252.5875
2011-11-24 16:00:00,280.27166666666665
2011-11-24 17:00:00,273.28
2011-11-24 18:00:00,247.07333333333332
2011-11-24 19:00:00,226.8975
2011-11-24 20:00:00,157.03833333333333
2011-11-24 21:00:00,116.88
2011-11-24 22:00:00,97.55833333333334
2011-11-24 23:00:00,67.75
2011-11-25 00:00:00,47.27166666666667
2011-11-25 01:00:00,21.071666666666665
2011-11-25 02:00:00,10.443333333333333
2011-11-25 03:00:00,4.563055555555555
2011-11-25 04:00:00,4.414722222222221
2011-11-25 05:00:00,24.708333333333332
2011-11-25 06:00:00,80.79333333333334
2011-11-25 07:00:00,232.96833333333333
2011-11-25 08:00:00,377.23333333333335
2011-11-25 09:00:00,218.82166666666666
2011-11-25 10:00:00,155.16116666666667
2011-11-25 11:00:00,155.8675
2011-11-25 12:00:00,192.09631944444442
2011-11-25 13:00:00,198.09820743145744
2011-11-25 14:00:00,202.93376893939396
2011-11-25 15:00:00,206.64708333333334
2011-11-25 16:00:00,295.0575
2011-11-25 17:00:00,477.15166666666664
2011-11-25 18:00:00,457.95
2011-11-25 19:00:00,249.94333333333333
2011-11-25 20:00:00,188.98333333333332
2011-11-25 21:00:00,132.28833333333333
2011-11-25 22:00:00,106.61166666666666
2011-11-25 23:00:00,71.225
2011-11-26 00:00:00,75.97166666666666
2011-11-26 01:00:00,62.80833333333333
2011-11-26 02:00:00,53.711666666666666
2011-11-26 03:00:00,26.863333333333333
2011-11-26 04:00:00,8.346666666666666
2011-11-26 05:00:00,7.335
2011-11-26 06:00:00,17.781666666666666
2011-11-26 07:00:00,61.958333333333336
2011-11-26 08:00:00,112.92166666666667
2011-11-26 09:00:00,152.08333333333334
2011-11-26 10:00:00,206.24
2011-11-26 11:00:00,257.26927777777775
2011-11-26 12:00:00,301.8491666666667
2011-11-26 13:00:00,322.9577777777778
2011-11-26 14:00:00,314.29583333333335
2011-11-26 15:00:00,323.48583333333335
2011-11-26 16:00:00,273.18333333333334
2011-11-26 17:00:00,257.8616666666667
2011-11-26 18:00:00,222.33
2011-11-26 19:00:00,200.135
2011-11-26 20:00:00,164.78
2011-11-26 21:00:00,119.46333333333334
2011-11-26 22:00:00,105.61666666666666
2011-11-26 23:00:00,81.7
2011-11-27 00:00:00,84.79666666666667
2011-11-27 01:00:00,70.68
2011-11-27 02:00:00,59.068333333333335
2011-11-27 03:00:00,38.52333333333333
2011-11-27 04:00:00,9.003333333333334
2011-11-27 05:00:00,7.29
2011-11-27 06:00:00,13.451666666666666
2011-11-27 07:00:00,89.77
2011-11-27 08:00:00,109.99333333333334
2011-11-27 09:00:00,150.31866666666667
2011-11-27 10:00:00,233.93333333333334
2011-11-27 11:00:00,305.2756547619047
2011-11-27 12:00:00,338.4553611111111
2011-11-27 13:00:00,341.4375138888889
2011-11-27 14:00:00,433.9444444444444
2011-11-27 15:00:00,432.815
2011-11-27 16:00:00,341.3738888888889
2011-11-27 17:00:00,312.9411111111111
2011-11-27 18:00:00,256.3805555555556
2011-11-27 19:00:00,229.65055555555557
2011-11-27 20:00:00,166.74
2011-11-27 21:00:00,122.21166666666667
2011-11-27 22:00:00,108.725
2011-11-27 23:00:00,79.23333333333333
2011-11-28 00:00:00,38.068333333333335
2011-11-28 01:00:00,13.485
2011-11-28 03:00:00,4.965345238095238
2011-11-28 04:00:00,5.803095238095238
2011-11-28 05:00:00,23.573333333333334
2011-11-28 06:00:00,97.01
2011-11-28 07:00:00,288.53055555555557
2011-11-28 08:00:00,373.5966666666667
2011-11-28 09:00:00,194.41833333333332
2011-11-28 10:00:00,129.80333333333334
2011-11-28 11:00:00,127.10527777777779
2011-11-28 12:00:00,194.58989585278556
2011-11-28 13:00:00,185.9450303030303
2011-11-28 14:00:00,184.03105555555555
2011-11-28 15:00:00,189.08779723054727
2011-11-28 16:00:00,304.3855555555555
2011-11-28 17:00:00,549.8033333333333
2011-11-28 18:00:00,522.9066666666666
2011-11-28 19:00:00,311.67333333333335
2011-11-28 20:00:00,232.44166666666666
2011-11-28 21:00:00,179.92666666666668
2011-11-28 22:00:00,119.79833333333333
2011-11-28 23:00:00,66.83166666666666
2011-11-29 00:00:00,29.158333333333335
2011-11-29 01:00:00,12.063333333333333
2011-11-29 02:00:00,7.538333333333333
2011-11-29 03:00:00,4.438958333333333
2011-11-29 04:00:00,4.578333333333333
2011-11-29 05:00:00,22.371666666666666
2011-11-29 06:00:00,100.12166666666667
2011-11-29 07:00:00,290.8983333333333
2011-11-29 08:00:00,432.82
2011-11-29 09:00:00,178.315
2011-11-29 10:00:00,132.6338888888889
2011-11-29 11:00:00,112.59333333333333
2011-11-29 12:00:00,107.595
2011-11-29 13:00:00,107.40833333333333
2011-11-29 14:00:00,94.38833333333334
2011-11-29 15:00:00,98.94166666666666
2011-11-29 16:00:00,110.49333333333334
2011-11-29 17:00:00,345.005
2011-11-29 18:00:00,350.49666666666667
2011-11-29 19:00:00,207.83666666666667
2011-11-29 20:00:00,178.08
2011-11-29 21:00:00,129.78666666666666
2011-11-29 22:00:00,102.16666666666667
2011-11-29 23:00:00,60.06666666666667
2011-11-30 00:00:00,31.22
2011-11-30 01:00:00,18.428333333333335
2011-11-30 02:00:00,6.54
2011-11-30 03:00:00,3.673055555555555
2011-11-30 04:00:00,4.21
2011-11-30 05:00:00,20.205
2011-11-30 06:00:00,85.65166666666667
2011-11-30 07:00:00,202.675
2011-11-30 08:00:00,377.56
2011-11-30 09:00:00,188.09766666666667
2011-11-30 10:00:00,132.24115873015873
2011-11-30 11:00:00,150.18666666666667
2011-11-30 12:00:00,151.2639166666667
2011-11-30 13:00:00,152.59922222222224
2011-11-30 14:00:00,151.58700000000002
2011-11-30 15:00:00,154.48138888888892
2011-11-30 16:00:00,203.95416666666668
2011-11-30 17:00:00,387.87666666666667
2011-11-30 18:00:00,371.395
2011-11-30 19:00:00,193.08333333333334
2011-11-30 20:00:00,159.155
2011-11-30 21:00:00,117.38666666666667
2011-11-30 22:00:00,89.585
2011-11-30 23:00:00,62.778333333333336
2011-12-20 00:00:00,30.253333333333334
2011-12-20 01:00:00,12.723333333333333
2011-12-20 02:00:00,5.961666666666667
2011-12-20 03:00:00,5.351666666666667
2011-12-20 04:00:00,5.255
2011-12-20 05:00:00,23.511666666666667
2011-12-20 06:00:00,89.955
2011-12-20 07:00:00,263.2
2011-12-20 08:00:00,424.5783333333333
2011-12-20 09:00:00,213.69083333333333
2011-12-20 10:00:00,130.14488095238096
2011-12-20 11:00:00,129.92486111111108
2011-12-20 12:00:00,161.19466203703706
2011-12-20 13:00:00,158.5874675925926
2011-12-20 14:00:00,154.67066203703703
2011-12-20 15:00:00,159.1797361111111
2011-12-20 16:00:00,264.0738888888889
2011-12-20 17:00:00,395.76166666666666
2011-12-20 18:00:00,378.485
2011-12-20 19:00:00,225.96
2011-12-20 20:00:00,192.31
2011-12-20 21:00:00,139.92833333333334
2011-12-20 22:00:00,105.46833333333333
2011-12-20 23:00:00,67.565
2011-12-21 00:00:00,34.64
2011-12-21 01:00:00,15.701666666666666
2011-12-21 02:00:00,7.155
2011-12-21 03:00:00,5.916666666666667
2011-12-21 04:00:00,5.8566666666666665
2011-12-21 05:00:00,24.435
2011-12-21 06:00:00,88.78333333333333
2011-12-21 07:00:00,233.075
2011-12-21 08:00:00,200.09166666666667
2011-12-21 09:00:00,194.59083333333334
2011-12-21 10:00:00,123.91574074074073
2011-12-21 11:00:00,125.02333333333333
2011-12-21 12:00:00,96.985
2011-12-21 13:00:00,89.28333333333333
2011-12-21 14:00:00,135.8064206349206
2011-12-21 15:00:00,141.90464285714285
2011-12-21 16:00:00,101.39166666666667
2011-12-21 17:00:00,130.62833333333333
2011-12-21 18:00:00,279.045
2011-12-21 19:00:00,199.3
2011-12-21 20:00:00,176.645
2011-12-21 21:00:00,131.885
2011-12-21 22:00:00,123.80166666666666
2011-12-21 23:00:00,71.55
2011-12-22 00:00:00,41.60333333333333
2011-12-22 01:00:00,9.741666666666667
2011-12-22 02:00:00,11.306666666666667
2011-12-22 03:00:00,4.863333333333333
2011-12-22 04:00:00,6.58047619047619
2011-12-22 05:00:00,25.83
2011-12-22 06:00:00,89.97
2011-12-22 07:00:00,253.27166666666668
2011-12-22 08:00:00,404.75166666666667
2011-12-22 09:00:00,204.59416666666667
2011-12-22 10:00:00,117.84083333333334
2011-12-22 11:00:00,127.38472222222221
2011-12-22 12:00:00,162.89259722222224
2011-12-22 13:00:00,149.43851785714287
2011-12-22 14:00:00,145.1745178571429
2011-12-22 15:00:00,151.2626527777778
2011-12-22 16:00:00,246.28666666666666
2011-12-22 17:00:00,409.7583333333333
2011-12-22 18:00:00,404.4433333333333
2011-12-22 19:00:00,253.11
2011-12-22 20:00:00,144.55166666666668
2011-12-22 21:00:00,99.015
2011-12-22 22:00:00,57.085
2011-12-22 23:00:00,64.25
2011-12-23 00:00:00,46.63666666666666
2011-12-23 01:00:00,22.891666666666666
2011-12-23 02:00:00,12.355
2011-12-23 03:00:00,6.841666666666667
2011-12-23 04:00:00,5.673333333333333
2011-12-23 05:00:00,20.601666666666667
2011-12-23 06:00:00,83.23333333333333
2011-12-23 07:00:00,258.42333333333335
2011-12-23 08:00:00,410.465
2011-12-23 09:00:00,218.35166666666666
2011-12-23 10:00:00,150.9775
2011-12-23 11:00:00,163.67166666666665
2011-12-23 12:00:00,183.79527777777776
2011-12-23 13:00:00,183.95444444444442
2011-12-23 14:00:00,183.6225
2011-12-23 15:00:00,183.82583333333332
2011-12-23 16:00:00,213.7
2011-12-23 17:00:00,377.4433333333333
2011-12-23 18:00:00,377.495
2011-12-23 19:00:00,204.70666666666668
2011-12-23 20:00:00,155.21333333333334
2011-12-23 21:00:00,122.91
2011-12-23 22:00:00,100.61
2011-12-23 23:00:00,74.75333333333333
2011-12-24 00:00:00,75.89833333333333
2011-12-24 01:00:00,68.49333333333334
2011-12-24 02:00:00,60.02
2011-12-24 03:00:00,28.166666666666668
2011-12-24 04:00:00,7.565
2011-12-24 05:00:00,7.451666666666667
2011-12-24 06:00:00,16.546666666666667
2011-12-24 07:00:00,74.17666666666666
2011-12-24 08:00:00,89.58
2011-12-24 09:00:00,191.38833333333332
2011-12-24 10:00:00,196.315
2011-12-24 11:00:00,219.24
2011-12-24 12:00:00,242.08666666666667
2011-12-24 13:00:00,249.22833333333332
2011-12-24 14:00:00,248.075
2011-12-24 15:00:00,220.68241666666668
2011-12-24 16:00:00,212.41741666666667
2011-12-24 17:00:00,179.00333333333333
2011-12-24 18:00:00,204.235
2011-12-24 19:00:00,199.705
2011-12-24 20:00:00,123.025
2011-12-24 21:00:00,95.77166666666666
2011-12-24 22:00:00,90.09333333333333
2011-12-24 23:00:00,68.27833333333334
2011-12-25 00:00:00,61.665
2011-12-25 01:00:00,52.595
2011-12-25 02:00:00,51.49
2011-12-25 03:00:00,22.421666666666667
2011-12-25 05:00:00,6.333333333333333
2011-12-25 06:00:00,12.525
2011-12-25 07:00:00,45.605
2011-12-25 08:00:00,88.67166666666667
2011-12-25 09:00:00,120.68833333333333
2011-12-25 10:00:00,146.60166666666666
2011-12-25 11:00:00,187.73388888888888
2011-12-25 12:00:00,191.07722222222225
2011-12-25 13:00:00,198.75555555555556
2011-12-25 14:00:00,221.36666666666667
2011-12-25 15:00:00,221.27666666666667
2011-12-25 16:00:00,221.13333333333333
2011-12-25 17:00:00,196.65666666666667
2011-12-25 18:00:00,177.655
2011-12-25 19:00:00,186.35333333333332
2011-12-25 20:00:00,144.67833333333334
2011-12-25 21:00:00,83.94666666666667
2011-12-25 22:00:00,66.345
2011-12-25 23:00:00,49.86666666666667
2011-12-26 00:00:00,28.311666666666667
2011-12-26 01:00:00,36.23833333333334
2011-12-26 02:00:00,17.428333333333335
2011-12-26 04:00:00,7.13
2011-12-26 05:00:00,14.001666666666667
2011-12-26 06:00:00,53.06
2011-12-26 07:00:00,180.37666666666667
2011-12-26 08:00:00,178.56541666666666
2011-12-26 09:00:00,192.79666666666665
2011-12-26 10:00:00,178.61666666666667
2011-12-26 11:00:00,175.50666666666666
2011-12-26 12:00:00,210.89333333333335
2011-12-26 13:00:00,211.02166666666668
2011-12-26 14:00:00,209.66666666666666
2011-12-26 15:00:00,211.27666666666667
2011-12-26 16:00:00,218.18833333333333
2011-12-26 17:00:00,203.37
2011-12-26 18:00:00,216.01
2011-12-26 19:00:00,212.805
2011-12-26 20:00:00,168.57
2011-12-26 21:00:00,109.48666666666666
2011-12-26 22:00:00,86.04166666666667
2011-12-26 23:00:00,56.545
2011-12-27 00:00:00,26.046666666666667
2011-12-27 01:00:00,14.236666666666666
2011-12-27 02:00:00,5.99
2011-12-27 03:00:00,3.2816666666666667
2011-12-27 04:00:00,4.043333333333333
2011-12-27 05:00:00,20.558333333333334
2011-12-27 06:00:00,85.05666666666667
2011-12-27 07:00:00,211.825
2011-12-27 08:00:00,394.7183333333333
2011-12-27 09:00:00,137.88833333333332
2011-12-27 10:00:00,124.59265873015873
2011-12-27 11:00:00,117.445
2011-12-27 12:00:00,109.75166666666667
2011-12-27 13:00:00,105.305
2011-12-27 14:00:00,102.36833333333334
2011-12-27 15:00:00,101.80166666666666
2011-12-27 16:00:00,106.6
2011-12-27 17:00:00,280.8883333333333
2011-12-27 18:00:00,335.68333333333334
2011-12-27 19:00:00,211.60333333333332
2011-12-27 20:00:00,177.22333333333333
2011-12-27 21:00:00,136.94833333333332
2011-12-27 22:00:00,106.52833333333334
2011-12-27 23:00:00,55.906666666666666
2011-12-28 00:00:00,28.701666666666668
2011-12-28 01:00:00,14.876666666666667
2011-12-28 02:00:00,6.156666666666666
2011-12-28 03:00:00,2.965
2011-12-28 05:00:00,20.773333333333333
2011-12-28 06:00:00,83.80833333333334
2011-12-28 07:00:00,217.64833333333334
2011-12-28 08:00:00,421.61
2011-12-28 09:00:00,208.9
2011-12-28 10:00:00,142.03265873015872
2011-12-28 11:00:00,155.845
2011-12-28 12:00:00,146.04666666666665
2011-12-28 13:00:00,152.17166666666665
2011-12-28 14:00:00,154.66
2011-12-28 15:00:00,157.85833333333332
2011-12-28 16:00:00,198.26166666666666
2011-12-28 17:00:00,374.83666666666664
2011-12-28 18:00:00,378.58666666666664
2011-12-28 19:00:00,177.68
2011-12-28 20:00:00,153.17
2011-12-28 21:00:00,112.83833333333334
2011-12-28 22:00:00,91.74333333333334
2011-12-28 23:00:00,66.46666666666667
2011-12-29 00:00:00,31.94
2011-12-29 01:00:00,14.811666666666667
2011-12-29 02:00:00,7.425
2011-12-29 03:00:00,3.095
2011-12-29 04:00:00,3.885
2011-12-29 05:00:00,21.613333333333333
2011-12-29 06:00:00,82.55666666666667
2011-12-29 07:00:00,189.97
2011-12-29 08:00:00,387.83666666666664
2011-12-29 09:00:00,192.52
2011-12-29 10:00:00,117.3175
2011-12-29 11:00:00,131.97666666666666
2011-12-29 12:00:00,142.41466666666668
2011-12-29 13:00:00,145.88133333333334
2011-12-29 14:00:00,154.11283333333333
2011-12-29 15:00:00,151.798
2011-12-29 16:00:00,191.38366666666667
2011-12-29 17:00:00,365.535
2011-12-29 18:00:00,351.16
2011-12-29 19:00:00,212.86166666666668
2011-12-29 20:00:00,161.565
2011-12-29 21:00:00,132.09333333333333
2011-12-29 22:00:00,97.84666666666666
2011-12-29 23:00:00,71.87666666666667
2011-12-30 00:00:00,40.916666666666664
2011-12-30 01:00:00,19.97833333333333
2011-12-30 02:00:00,11.293333333333333
2011-12-30 03:00:00,4.346666666666667
2011-12-30 04:00:00,3.921666666666667
2011-12-30 05:00:00,22.236666666666668
2011-12-30 06:00:00,78.11833333333334
2011-12-30 07:00:00,176.495
2011-12-30 08:00:00,390.2816666666667
2011-12-30 09:00:00,212.975
2011-12-30 10:00:00,130.55116666666666
2011-12-30 11:00:00,155.53033333333332
2011-12-30 12:00:00,170.825
2011-12-30 13:00:00,180.9079861111111
2011-12-30 14:00:00,182.58554166666667
2011-12-30 15:00:00,192.125
2011-12-30 16:00:00,250.86333333333334
2011-12-30 17:00:00,377.8
2011-12-30 18:00:00,364.3333333333333
2011-12-30 19:00:00,192.545
2011-12-30 20:00:00,171.41333333333333
2011-12-30 21:00:00,129.45666666666668
2011-12-30 22:00:00,104.16
2011-12-30 23:00:00,78.55833333333334
2011-12-31 00:00:00,78.36666666666666
2011-12-31 01:00:00,70.80166666666666
2011-12-31 02:00:00,65.55333333333333
2011-12-31 03:00:00,29.898333333333333
2011-12-31 04:00:00,6.998333333333333
2011-12-31 05:00:00,6.755
2011-12-31 06:00:00,17.493333333333332
2011-12-31 07:00:00,109.715
2011-12-31 08:00:00,112.02333333333333
2011-12-31 09:00:00,153.58
2011-12-31 10:00:00,208.99
2011-12-31 11:00:00,250.38844444444442
2011-12-31 12:00:00,346.22273809523807
2011-12-31 13:00:00,334.9971825396825
2011-12-31 14:00:00,297.51440476190476
2011-12-31 15:00:00,299.50523809523804
2011-12-31 16:00:00,280.755
2011-12-31 17:00:00,252.78666666666666
2011-12-31 18:00:00,228.08
2011-12-31 19:00:00,222.35
2011-12-31 20:00:00,154.85333333333332
2011-12-31 21:00:00,118.665
2011-12-31 22:00:00,105.66666666666667
2011-12-31 23:00:00,81.99833333333333
2012-01-20 00:00:00,28.22833333333333
2012-01-20 01:00:00,10.76
2012-01-20 02:00:00,8.801666666666666
2012-01-20 03:00:00,4.926666666666667
2012-01-20 04:00:00,3.42
2012-01-20 05:00:00,23.46
2012-01-20 06:00:00,79.77833333333334
2012-01-20 07:00:00,201.37166666666667
2012-01-20 08:00:00,454.7133333333333
2012-01-20 09:00:00,194.53333333333333
2012-01-20 10:00:00,142.68972222222223
2012-01-20 11:00:00,153.66333333333333
2012-01-20 12:00:00,159.54166666666666
2012-01-20 13:00:00,149.45083333333332
2012-01-20 14:00:00,156.7697222222222
2012-01-20 15:00:00,156.00916666666666
2012-01-20 16:00:00,166.0225
2012-01-20 17:00:00,386.1666666666667
2012-01-20 18:00:00,354.7
2012-01-20 19:00:00,166.33083333333335
2012-01-20 20:00:00,160.0
2012-01-20 21:00:00,91.67166666666667
2012-01-20 22:00:00,68.92333333333333
2012-01-20 23:00:00,58.78
2012-01-21 00:00:00,35.85666666666667
2012-01-21 01:00:00,44.458333333333336
2012-01-21 02:00:00,39.195
2012-01-21 03:00:00,18.388333333333332
2012-01-21 04:00:00,5.833333333333333
2012-01-21 05:00:00,5.093333333333334
2012-01-21 06:00:00,6.023333333333333
2012-01-21 07:00:00,100.49
2012-01-21 08:00:00,109.29166666666667
2012-01-21 09:00:00,131.575
2012-01-21 10:00:00,138.17833333333334
2012-01-21 11:00:00,159.595
2012-01-21 12:00:00,174.53416666666666
2012-01-21 13:00:00,173.55916666666667
2012-01-21 14:00:00,131.09833333333333
2012-01-21 15:00:00,131.69833333333332
2012-01-21 16:00:00,177.96333333333334
2012-01-21 17:00:00,171.77166666666668
2012-01-21 18:00:00,164.80666666666667
2012-01-21 19:00:00,139.65333333333334
2012-01-21 20:00:00,140.66
2012-01-21 21:00:00,76.40666666666667
2012-01-21 22:00:00,63.195
2012-01-21 23:00:00,56.306666666666665
2012-01-22 00:00:00,54.075
2012-01-22 01:00:00,46.46
2012-01-22 02:00:00,43.565
2012-01-22 03:00:00,22.986666666666668
2012-01-22 04:00:00,5.175
2012-01-22 05:00:00,3.95
2012-01-22 06:00:00,4.713333333333333
2012-01-22 07:00:00,102.265
2012-01-22 08:00:00,106.21666666666667
2012-01-22 09:00:00,132.4
2012-01-22 10:00:00,141.40333333333334
2012-01-22 11:00:00,140.945
2012-01-22 12:00:00,145.47666666666666
2012-01-22 13:00:00,159.6675
2012-01-22 14:00:00,147.37
2012-01-22 15:00:00,142.97666666666666
2012-01-22 16:00:00,142.68333333333334
2012-01-22 17:00:00,146.93
2012-01-22 18:00:00,139.08166666666668
2012-01-22 19:00:00,140.235
2012-01-22 20:00:00,133.24833333333333
2012-01-22 21:00:00,67.63
2012-01-22 22:00:00,58.095
2012-01-22 23:00:00,43.11333333333334
2012-01-23 00:00:00,18.951666666666668
2012-01-23 01:00:00,8.263333333333334
2012-01-23 02:00:00,5.1
2012-01-23 03:00:00,3.6616666666666666
2012-01-23 04:00:00,3.756666666666667
2012-01-23 05:00:00,23.773333333333333
2012-01-23 06:00:00,86.05666666666667
2012-01-23 07:00:00,136.99166666666667
2012-01-23 08:00:00,224.875
2012-01-23 09:00:00,193.23833333333334
2012-01-23 10:00:00,129.235
2012-01-23 11:00:00,124.82166666666667
2012-01-23 12:00:00,122.65
2012-01-23 13:00:00,88.05666666666667
2012-01-23 14:00:00,77.80333333333333
2012-01-23 15:00:00,132.285
2012-01-23 16:00:00,126.315
2012-01-23 17:00:00,366.785
2012-01-23 18:00:00,350.7633333333333
2012-01-23 19:00:00,134.39833333333334
2012-01-23 20:00:00,130.48833333333334
2012-01-23 21:00:00,92.105
2012-01-23 22:00:00,76.675
2012-01-23 23:00:00,51.0
2012-01-24 00:00:00,21.003333333333334
2012-01-24 01:00:00,8.196666666666667
2012-01-24 02:00:00,7.015
2012-01-24 03:00:00,3.8033333333333332
2012-01-24 04:00:00,3.7116666666666664
2012-01-24 05:00:00,23.655
2012-01-24 06:00:00,85.80833333333334
2012-01-24 07:00:00,170.87
2012-01-24 08:00:00,474.15
2012-01-24 09:00:00,159.83833333333334
2012-01-24 10:00:00,119.035
2012-01-24 11:00:00,112.75333333333333
2012-01-24 12:00:00,117.14666666666666
2012-01-24 13:00:00,117.42666666666666
2012-01-24 14:00:00,160.31166666666667
2012-01-24 15:00:00,175.81333333333333
2012-01-24 16:00:00,276.5133333333333
2012-01-24 17:00:00,479.595
2012-01-24 18:00:00,457.4766666666667
2012-01-24 19:00:00,271.885
2012-01-24 20:00:00,160.93
2012-01-24 21:00:00,141.665
2012-01-24 22:00:00,103.285
2012-01-24 23:00:00,66.76333333333334
2012-01-25 00:00:00,23.828333333333333
2012-01-25 01:00:00,8.868333333333334
2012-01-25 02:00:00,6.76
2012-01-25 03:00:00,3.7333333333333334
2012-01-25 04:00:00,3.36
2012-01-25 05:00:00,22.291666666666668
2012-01-25 06:00:00,80.98166666666667
2012-01-25 07:00:00,201.52833333333334
2012-01-25 08:00:00,471.4683333333333
2012-01-25 09:00:00,197.765
2012-01-25 10:00:00,159.02
2012-01-25 11:00:00,137.735
2012-01-25 12:00:00,152.865
2012-01-25 13:00:00,154.045
2012-01-25 14:00:00,153.70166666666665
2012-01-25 15:00:00,193.45666666666668
2012-01-25 16:00:00,193.83333333333334
2012-01-25 17:00:00,448.1666666666667
2012-01-25 18:00:00,453.3066666666667
2012-01-25 19:00:00,211.30666666666667
2012-01-25 20:00:00,163.06666666666666
2012-01-25 21:00:00,128.43
2012-01-25 22:00:00,102.97333333333333
2012-01-25 23:00:00,59.141666666666666
2012-01-26 00:00:00,23.091666666666665
2012-01-26 01:00:00,9.193333333333333
2012-01-26 02:00:00,6.915
2012-01-26 03:00:00,3.8583333333333334
2012-01-26 04:00:00,4.083333333333333
2012-01-26 05:00:00,23.593333333333334
2012-01-26 06:00:00,86.45666666666666
2012-01-26 07:00:00,192.81833333333333
2012-01-26 08:00:00,478.58
2012-01-26 09:00:00,180.80666666666667
2012-01-26 10:00:00,134.17
2012-01-26 11:00:00,118.885
2012-01-26 12:00:00,133.90833333333333
2012-01-26 13:00:00,184.18166666666667
2012-01-26 14:00:00,181.035
2012-01-26 15:00:00,191.74333333333334
2012-01-26 16:00:00,276.6483333333333
2012-01-26 17:00:00,477.695
2012-01-26 18:00:00,466.5883333333333
2012-01-26 19:00:00,264.19666666666666
2012-01-26 20:00:00,205.03
2012-01-26 21:00:00,153.635
2012-01-26 22:00:00,119.70333333333333
2012-01-26 23:00:00,97.555
2012-01-27 00:00:00,42.865
2012-01-27 01:00:00,17.295
2012-01-27 02:00:00,10.713333333333333
2012-01-27 03:00:00,4.8133333333333335
2012-01-27 04:00:00,3.81
2012-01-27 05:00:00,27.268333333333334
2012-01-27 06:00:00,104.935
2012-01-27 07:00:00,261.815
2012-01-27 08:00:00,392.75
2012-01-27 09:00:00,175.555
2012-01-27 10:00:00,154.53166666666667
2012-01-27 11:00:00,211.92
2012-01-27 12:00:00,252.24
2012-01-27 13:00:00,262.05333333333334
2012-01-27 14:00:00,263.905
2012-01-27 15:00:00,265.52666666666664
2012-01-27 16:00:00,275.4716666666667
2012-01-27 17:00:00,463.825
2012-01-27 18:00:00,426.3466666666667
2012-01-27 19:00:00,245.44666666666666
2012-01-27 20:00:00,176.53666666666666
2012-01-27 21:00:00,133.215
2012-01-27 22:00:00,104.22333333333333
2012-01-27 23:00:00,72.41833333333334
2012-01-28 00:00:00,63.17666666666667
2012-01-28 01:00:00,52.16
2012-01-28 02:00:00,46.13333333333333
2012-01-28 03:00:00,21.56
2012-01-28 04:00:00,5.753333333333333
2012-01-28 05:00:00,3.965
2012-01-28 06:00:00,6.8533333333333335
2012-01-28 07:00:00,99.23833333333333
2012-01-28 08:00:00,114.68166666666667
2012-01-28 09:00:00,149.54166666666666
2012-01-28 10:00:00,159.62666666666667
2012-01-28 11:00:00,166.005
2012-01-28 12:00:00,167.15333333333334
2012-01-28 13:00:00,211.92666666666668
2012-01-28 14:00:00,345.83
2012-01-28 15:00:00,358.2866666666667
2012-01-28 16:00:00,404.0933333333333
2012-01-28 17:00:00,338.53
2012-01-28 18:00:00,274.1716666666667
2012-01-28 19:00:00,235.58
2012-01-28 20:00:00,209.77166666666668
2012-01-28 21:00:00,119.32
2012-01-28 22:00:00,106.06
2012-01-28 23:00:00,80.625
2012-01-29 00:00:00,68.15333333333334
2012-01-29 01:00:00,58.666666666666664
2012-01-29 02:00:00,49.94166666666667
2012-01-29 03:00:00,25.175
2012-01-29 04:00:00,6.636666666666667
2012-01-29 05:00:00,5.536666666666667
2012-01-29 06:00:00,6.578333333333333
2012-01-29 07:00:00,91.53
2012-01-29 08:00:00,100.595
2012-01-29 09:00:00,135.99166666666667
2012-01-29 10:00:00,162.08291666666668
2012-01-29 11:00:00,190.58625
2012-01-29 12:00:00,207.92166666666665
2012-01-29 13:00:00,207.36833333333334
2012-01-29 14:00:00,205.11666666666667
2012-01-29 15:00:00,306.4766666666667
2012-01-29 16:00:00,304.105
2012-01-29 17:00:00,279.66333333333336
2012-01-29 18:00:00,203.865
2012-01-29 19:00:00,179.98666666666668
2012-01-29 20:00:00,139.01833333333335
2012-01-29 21:00:00,89.845
2012-01-29 22:00:00,85.235
2012-01-29 23:00:00,57.20166666666667
2012-01-30 00:00:00,22.638333333333332
2012-01-30 01:00:00,6.801666666666667
2012-01-30 02:00:00,6.948333333333333
2012-01-30 03:00:00,3.2483333333333335
2012-01-30 04:00:00,2.7583333333333333
2012-01-30 05:00:00,21.823333333333334
2012-01-30 06:00:00,82.08
2012-01-30 07:00:00,181.87166666666667
2012-01-30 08:00:00,406.0133333333333
2012-01-30 09:00:00,177.22666666666666
2012-01-30 10:00:00,134.52394444444445
2012-01-30 11:00:00,128.80033333333333
2012-01-30 12:00:00,156.2382222222222
2012-01-30 13:00:00,150.04
2012-01-30 14:00:00,164.37166666666667
2012-01-30 15:00:00,164.32333333333332
2012-01-30 16:00:00,210.26333333333332
2012-01-30 17:00:00,412.5566666666667
2012-01-30 18:00:00,410.4483333333333
2012-01-30 19:00:00,170.41326923076923
2012-01-30 20:00:00,158.60826923076922
2012-01-30 21:00:00,129.67
2012-01-30 22:00:00,82.38
2012-01-30 23:00:00,50.48
2012-01-31 00:00:00,20.683333333333334
2012-01-31 01:00:00,7.626666666666667
2012-01-31 02:00:00,6.2283333333333335
2012-01-31 03:00:00,3.4583333333333335
2012-01-31 04:00:00,3.1083333333333334
2012-01-31 05:00:00,21.915
2012-01-31 06:00:00,84.87166666666667
2012-01-31 07:00:00,191.47333333333333
2012-01-31 08:00:00,471.175
2012-01-31 09:00:00,181.64333333333335
2012-01-31 10:00:00,147.20333333333335
2012-01-31 11:00:00,172.83833333333334
2012-01-31 12:00:00,175.56666666666666
2012-01-31 13:00:00,193.0804761904762
2012-01-31 14:00:00,207.81982142857143
2012-01-31 15:00:00,221.4735714285714
2012-01-31 16:00:00,327.535
2012-01-31 17:00:00,474.81333333333333
2012-01-31 18:00:00,474.83666666666664
2012-01-31 19:00:00,334.8
2012-01-31 20:00:00,202.64333333333335
2012-01-31 21:00:00,168.86166666666668
2012-01-31 22:00:00,120.35833333333333
2012-01-31 23:00:00,79.41
2012-02-20 00:00:00,22.55
2012-02-20 01:00:00,22.89666666666667
2012-02-20 02:00:00,18.575
2012-02-20 03:00:00,7.681666666666667
2012-02-20 05:00:00,13.475
2012-02-20 06:00:00,27.816666666666666
2012-02-20 07:00:00,99.245
2012-02-20 08:00:00,129.43666666666667
2012-02-20 09:00:00,162.50666666666666
2012-02-20 10:00:00,160.48166666666665
2012-02-20 11:00:00,171.7063333333333
2012-02-20 12:00:00,180.63188034188033
2012-02-20 13:00:00,174.333547008547
2012-02-20 14:00:00,200.09833333333333
2012-02-20 15:00:00,226.72833333333332
2012-02-20 16:00:00,339.32166666666666
2012-02-20 17:00:00,336.3383333333333
2012-02-20 18:00:00,242.43166666666667
2012-02-20 19:00:00,231.40166666666667
2012-02-20 20:00:00,212.315
2012-02-20 21:00:00,116.495
2012-02-20 22:00:00,88.81833333333333
2012-02-20 23:00:00,62.89
2012-02-21 00:00:00,20.876666666666665
2012-02-21 01:00:00,7.77
2012-02-21 02:00:00,5.42
2012-02-21 04:00:00,3.111666666666667
2012-02-21 05:00:00,23.116666666666667
2012-02-21 06:00:00,86.65333333333334
2012-02-21 07:00:00,203.715
2012-02-21 08:00:00,466.27666666666664
2012-02-21 09:00:00,223.88
2012-02-21 10:00:00,139.10083333333333
2012-02-21 11:00:00,143.855
2012-02-21 12:00:00,160.21833333333333
2012-02-21 13:00:00,168.875
2012-02-21 14:00:00,169.785
2012-02-21 15:00:00,170.45666666666668
2012-02-21 16:00:00,257.58166666666665
2012-02-21 17:00:00,441.35
2012-02-21 18:00:00,432.31166666666667
2012-02-21 19:00:00,261.275
2012-02-21 20:00:00,198.87333333333333
2012-02-21 21:00:00,162.21
2012-02-21 22:00:00,108.385
2012-02-21 23:00:00,56.36
2012-02-22 00:00:00,23.433333333333334
2012-02-22 01:00:00,9.483333333333333
2012-02-22 02:00:00,6.031666666666666
2012-02-22 03:00:00,3.973333333333333
2012-02-22 04:00:00,2.9166666666666665
2012-02-22 05:00:00,23.16
2012-02-22 06:00:00,84.65833333333333
2012-02-22 07:00:00,247.19166666666666
2012-02-22 08:00:00,503.28333333333336
2012-02-22 09:00:00,247.88833333333332
2012-02-22 10:00:00,158.845
2012-02-22 11:00:00,172.91333333333333
2012-02-22 12:00:00,185.53916666666666
2012-02-22 13:00:00,194.28166666666667
2012-02-22 14:00:00,195.45666666666668
2012-02-22 15:00:00,223.4435714285714
2012-02-22 16:00:00,322.2733333333333
2012-02-22 17:00:00,489.0783333333333
2012-02-22 18:00:00,479.1333333333333
2012-02-22 19:00:00,281.53
2012-02-22 20:00:00,205.65666666666667
2012-02-22 21:00:00,190.85166666666666
2012-02-22 22:00:00,126.655
2012-02-22 23:00:00,78.90166666666667
2012-02-23 00:00:00,36.288333333333334
2012-02-23 01:00:00,10.596666666666666
2012-02-23 02:00:00,10.158333333333333
2012-02-23 03:00:00,5.0633333333333335
2012-02-23 04:00:00,4.516666666666667
2012-02-23 05:00:00,26.026666666666667
2012-02-23 06:00:00,86.36166666666666
2012-02-23 07:00:00,237.68166666666667
2012-02-23 08:00:00,481.2266666666667
2012-02-23 09:00:00,225.38151515151515
2012-02-23 10:00:00,193.27
2012-02-23 11:00:00,204.14166666666668
2012-02-23 12:00:00,227.72205128205124
2012-02-23 13:00:00,223.9763873015873
2012-02-23 14:00:00,221.96144285714283
2012-02-23 15:00:00,231.0859666666667
2012-02-23 16:00:00,329.7183333333333
2012-02-23 17:00:00,498.93333333333334
2012-02-23 18:00:00,501.94
2012-02-23 19:00:00,327.275
2012-02-23 20:00:00,211.275
2012-02-23 21:00:00,157.40833333333333
2012-02-23 22:00:00,127.435
2012-02-23 23:00:00,101.735
2012-02-24 00:00:00,46.69
2012-02-24 01:00:00,18.121666666666666
2012-02-24 02:00:00,10.348333333333333
2012-02-24 03:00:00,5.288333333333333
2012-02-24 04:00:00,4.088333333333333
2012-02-24 05:00:00,26.68166666666667
2012-02-24 06:00:00,87.57666666666667
2012-02-24 07:00:00,265.86833333333334
2012-02-24 08:00:00,476.5366666666667
2012-02-24 09:00:00,158.18
2012-02-24 10:00:00,138.75
2012-02-24 11:00:00,191.58333333333334
2012-02-24 12:00:00,208.375
2012-02-24 13:00:00,210.08
2012-02-24 14:00:00,217.11
2012-02-24 15:00:00,169.66666666666666
2012-02-24 16:00:00,188.6
2012-02-24 17:00:00,364.5733333333333
2012-02-24 18:00:00,455.1166666666667
2012-02-24 19:00:00,256.70166666666665
2012-02-24 20:00:00,201.19333333333333
2012-02-24 21:00:00,142.5
2012-02-24 22:00:00,123.89
2012-02-24 23:00:00,98.84166666666667
2012-02-25 00:00:00,76.30666666666667
2012-02-25 01:00:00,61.526666666666664
2012-02-25 02:00:00,48.593333333333334
2012-02-25 03:00:00,17.605
2012-02-25 04:00:00,5.793333333333333
2012-02-25 05:00:00,5.363333333333333
2012-02-25 06:00:00,8.438333333333333
2012-02-25 07:00:00,104.09333333333333
2012-02-25 08:00:00,109.26333333333334
2012-02-25 09:00:00,115.98
2012-02-25 10:00:00,184.16366666666667
2012-02-25 11:00:00,183.11111111111111
2012-02-25 12:00:00,215.06333333333333
2012-02-25 13:00:00,227.62888888888887
2012-02-25 14:00:00,209.37666666666667
2012-02-25 15:00:00,222.9222222222222
2012-02-25 16:00:00,204.81166666666667
2012-02-25 17:00:00,172.765
2012-02-25 18:00:00,168.48833333333334
2012-02-25 19:00:00,153.13060606060608
2012-02-25 20:00:00,140.62
2012-02-25 21:00:00,73.09166666666667
2012-02-25 22:00:00,71.455
2012-02-25 23:00:00,60.68666666666667
2012-02-26 00:00:00,62.98833333333334
2012-02-26 01:00:00,53.04333333333334
2012-02-26 02:00:00,46.37
2012-02-26 03:00:00,24.351666666666667
2012-02-26 04:00:00,4.501666666666667
2012-02-26 05:00:00,3.935
2012-02-26 06:00:00,6.821666666666666
2012-02-26 07:00:00,57.87833333333333
2012-02-26 08:00:00,83.73
2012-02-26 09:00:00,125.15611111111112
2012-02-26 10:00:00,186.51083333333332
2012-02-26 11:00:00,187.70347222222222
2012-02-26 12:00:00,221.59498737373738
2012-02-26 13:00:00,245.58833333333334
2012-02-26 14:00:00,272.75333333333333
2012-02-26 15:00:00,331.1716666666667
2012-02-26 16:00:00,326.47833333333335
2012-02-26 17:00:00,301.05833333333334
2012-02-26 18:00:00,216.11
2012-02-26 19:00:00,217.25166666666667
2012-02-26 20:00:00,184.80166666666668
2012-02-26 21:00:00,92.03166666666667
2012-02-26 22:00:00,79.86333333333333
2012-02-26 23:00:00,49.51
2012-02-27 00:00:00,17.645
2012-02-27 01:00:00,7.745
2012-02-27 02:00:00,7.666666666666667
2012-02-27 03:00:00,3.1783333333333332
2012-02-27 04:00:00,2.535
2012-02-27 05:00:00,22.68
2012-02-27 06:00:00,84.535
2012-02-27 07:00:00,205.61083333333335
2012-02-27 08:00:00,457.31166666666667
2012-02-27 09:00:00,205.53333333333333
2012-02-27 10:00:00,159.35622222222221
2012-02-27 11:00:00,179.46455555555556
2012-02-27 12:00:00,189.93
2012-02-27 13:00:00,190.5022222222222
2012-02-27 14:00:00,197.65047619047618
2012-02-27 15:00:00,222.0935714285714
2012-02-27 16:00:00,335.05333333333334
2012-02-27 17:00:00,485.11
2012-02-27 18:00:00,475.30833333333334
2012-02-27 19:00:00,346.4266666666667
2012-02-27 20:00:00,248.06166666666667
2012-02-27 21:00:00,168.95333333333335
2012-02-27 22:00:00,119.09
2012-02-27 23:00:00,79.14666666666666
2012-02-28 00:00:00,29.386666666666667
2012-02-28 01:00:00,10.11
2012-02-28 02:00:00,8.38
2012-02-28 03:00:00,4.355
2012-02-28 04:00:00,2.8466666666666667
2012-02-28 05:00:00,21.168333333333333
2012-02-28 06:00:00,87.12333333333333
2012-02-28 07:00:00,177.20333333333335
2012-02-28 08:00:00,457.24333333333334
2012-02-28 09:00:00,196.79555555555555
2012-02-28 10:00:00,143.97144444444444
2012-02-28 11:00:00,159.74122222222223
2012-02-28 12:00:00,185.965
2012-02-28 13:00:00,185.99666666666667
2012-02-28 14:00:00,190.78833333333333
2012-02-28 15:00:00,199.85833333333332
2012-02-28 16:00:00,299.04333333333335
2012-02-28 17:00:00,479.20666666666665
2012-02-28 18:00:00,479.64166666666665
2012-02-28 19:00:00,280.73333333333335
2012-02-28 20:00:00,204.08833333333334
2012-02-28 21:00:00,146.36666666666667
2012-02-28 22:00:00,112.65333333333334
2012-02-28 23:00:00,57.13333333333333
2012-02-29 00:00:00,24.786666666666665
2012-02-29 01:00:00,9.333333333333334
2012-02-29 02:00:00,5.845
2012-02-29 03:00:00,3.2716666666666665
2012-02-29 05:00:00,23.926666666666666
2012-02-29 06:00:00,85.10666666666667
2012-02-29 07:00:00,229.585
2012-02-29 08:00:00,498.19666666666666
2012-02-29 09:00:00,70.0
2012-02-29 10:00:00,64.58666666666667
2012-02-29 11:00:00,65.98833333333333
2012-02-29 12:00:00,81.88833333333334
2012-02-29 13:00:00,168.625
2012-02-29 14:00:00,168.05333333333334
2012-02-29 15:00:00,182.87666666666667
2012-02-29 16:00:00,191.105
2012-02-29 17:00:00,439.78833333333336
2012-02-29 18:00:00,321.68666666666667
2012-02-29 19:00:00,261.2416666666667
2012-02-29 20:00:00,160.62666666666667
2012-02-29 21:00:00,123.00666666666666
2012-02-29 22:00:00,99.72333333333333
2012-02-29 23:00:00,77.01333333333334
2012-03-20 00:00:00,30.94333333333333
2012-03-20 01:00:00,18.365
2012-03-20 02:00:00,6.293333333333333
2012-03-20 03:00:00,4.185
2012-03-20 04:00:00,4.08
2012-03-20 05:00:00,29.663333333333334
2012-03-20 06:00:00,123.26
2012-03-20 07:00:00,124.60666666666667
2012-03-20 08:00:00,550.1966666666667
2012-03-20 09:00:00,306.4483333333333
2012-03-20 10:00:00,161.10333333333332
2012-03-20 11:00:00,168.44833333333332
2012-03-20 12:00:00,208.63333333333333
2012-03-20 13:00:00,208.31583333333333
2012-03-20 14:00:00,207.4735
2012-03-20 15:00:00,252.218551889234
2012-03-20 16:00:00,336.0966666666667
2012-03-20 17:00:00,686.2316666666667
2012-03-20 18:00:00,689.205
2012-03-20 19:00:00,441.59
2012-03-20 20:00:00,323.50333333333333
2012-03-20 21:00:00,221.80833333333334
2012-03-20 22:00:00,159.03333333333333
2012-03-20 23:00:00,95.92666666666666
2012-03-21 00:00:00,35.57333333333333
2012-03-21 01:00:00,19.361666666666668
2012-03-21 02:00:00,7.4
2012-03-21 03:00:00,4.101666666666667
2012-03-21 04:00:00,4.331666666666667
2012-03-21 05:00:00,30.113333333333333
2012-03-21 06:00:00,123.03333333333333
2012-03-21 07:00:00,140.52666666666667
2012-03-21 08:00:00,462.8933333333333
2012-03-21 09:00:00,313.815
2012-03-21 10:00:00,175.85833333333332
2012-03-21 11:00:00,169.665
2012-03-21 12:00:00,235.4181623931624
2012-03-21 13:00:00,227.26333333333332
2012-03-21 14:00:00,223.72611111111115
2012-03-21 15:00:00,236.25944444444448
2012-03-21 16:00:00,371.155
2012-03-21 17:00:00,684.38
2012-03-21 18:00:00,695.04
2012-03-21 19:00:00,506.945
2012-03-21 20:00:00,293.9316666666667
2012-03-21 21:00:00,215.53166666666667
2012-03-21 22:00:00,164.44166666666666
2012-03-21 23:00:00,108.39166666666667
2012-03-22 00:00:00,47.358333333333334
2012-03-22 01:00:00,19.785
2012-03-22 02:00:00,10.126666666666667
2012-03-22 03:00:00,5.43
2012-03-22 04:00:00,4.773333333333333
2012-03-22 05:00:00,29.621666666666666
2012-03-22 06:00:00,123.53333333333333
2012-03-22 07:00:00,342.50666666666666
2012-03-22 08:00:00,552.7083333333334
2012-03-22 09:00:00,302.05333333333334
2012-03-22 10:00:00,179.95166666666665
2012-03-22 11:00:00,176.865
2012-03-22 12:00:00,223.805
2012-03-22 13:00:00,232.2975
2012-03-22 14:00:00,219.2771111111111
2012-03-22 15:00:00,257.5590665597486
2012-03-22 16:00:00,384.465
2012-03-22 17:00:00,725.6933333333334
2012-03-22 18:00:00,735.3033333333333
2012-03-22 19:00:00,512.3333333333334
2012-03-22 20:00:00,309.6766666666667
2012-03-22 21:00:00,230.73
2012-03-22 22:00:00,181.07666666666665
2012-03-22 23:00:00,124.31833333333333
2012-03-23 00:00:00,57.98833333333334
2012-03-23 01:00:00,23.785
2012-03-23 02:00:00,10.65
2012-03-23 03:00:00,6.026666666666666
2012-03-23 04:00:00,5.721666666666667
2012-03-23 05:00:00,30.141666666666666
2012-03-23 06:00:00,123.58833333333334
2012-03-23 07:00:00,348.66333333333336
2012-03-23 08:00:00,550.6466666666666
2012-03-23 09:00:00,313.57666666666665
2012-03-23 10:00:00,197.98166666666665
2012-03-23 11:00:00,239.965
2012-03-23 12:00:00,329.9683333333333
2012-03-23 13:00:00,362.2633333333333
2012-03-23 14:00:00,358.515
2012-03-23 15:00:00,359.70166666666665
2012-03-23 16:00:00,439.21666666666664
2012-03-23 17:00:00,737.6566666666666
2012-03-23 18:00:00,739.6916666666667
2012-03-23 19:00:00,491.58666666666664
2012-03-23 20:00:00,357.24666666666667
2012-03-23 21:00:00,264.0466666666667
2012-03-23 22:00:00,249.3
2012-03-23 23:00:00,166.13666666666666
2012-03-24 00:00:00,111.38166666666666
2012-03-24 01:00:00,86.13166666666666
2012-03-24 02:00:00,58.68833333333333
2012-03-24 03:00:00,25.975
2012-03-24 04:00:00,13.581666666666667
2012-03-24 05:00:00,13.39
2012-03-24 06:00:00,30.586666666666666
2012-03-24 07:00:00,110.15166666666667
2012-03-24 08:00:00,216.96833333333333
2012-03-24 09:00:00,299.435
2012-03-24 10:00:00,368.35
2012-03-24 11:00:00,425.15833333333336
2012-03-24 12:00:00,220.985
2012-03-24 13:00:00,215.39666666666668
2012-03-24 14:00:00,211.55
2012-03-24 15:00:00,217.94333333333333
2012-03-24 16:00:00,211.08
2012-03-24 17:00:00,197.67166666666665
2012-03-24 18:00:00,164.74666666666667
2012-03-24 19:00:00,153.63666666666666
2012-03-24 20:00:00,132.97
2012-03-24 21:00:00,129.44666666666666
2012-03-24 22:00:00,115.99666666666667
2012-03-24 23:00:00,117.245
2012-03-25 00:00:00,91.64
2012-03-25 01:00:00,76.665
2012-03-25 02:00:00,57.06166666666667
2012-03-25 03:00:00,23.993333333333332
2012-03-25 04:00:00,11.346666666666666
2012-03-25 05:00:00,10.825
2012-03-25 06:00:00,12.626666666666667
2012-03-25 07:00:00,102.36
2012-03-25 08:00:00,135.26
2012-03-25 09:00:00,221.00333333333333
2012-03-25 10:00:00,294.0366666666667
2012-03-25 11:00:00,349.885
2012-03-25 12:00:00,363.90833333333336
2012-03-25 13:00:00,396.17333333333335
2012-03-25 14:00:00,396.915
2012-03-25 15:00:00,385.88166666666666
2012-03-25 16:00:00,430.8283333333333
2012-03-25 17:00:00,461.1016666666667
2012-03-25 18:00:00,415.62166666666667
2012-03-25 19:00:00,314.5083333333333
2012-03-25 20:00:00,217.68
2012-03-25 21:00:00,165.05666666666667
2012-03-25 22:00:00,111.9
2012-03-25 23:00:00,58.95166666666667
2012-03-26 00:00:00,30.833333333333332
2012-03-26 01:00:00,13.518333333333333
2012-03-26 02:00:00,8.508333333333333
2012-03-26 03:00:00,4.005
2012-03-26 04:00:00,4.985
2012-03-26 05:00:00,29.513333333333332
2012-03-26 06:00:00,116.74833333333333
2012-03-26 07:00:00,354.8123333333333
2012-03-26 08:00:00,596.5833333333334
2012-03-26 09:00:00,313.94166666666666
2012-03-26 10:00:00,189.11333333333334
2012-03-26 11:00:00,214.24333333333334
2012-03-26 12:00:00,232.40333333333334
2012-03-26 13:00:00,228.79512820512824
2012-03-26 14:00:00,221.83287820512817
2012-03-26 15:00:00,231.45833333333334
2012-03-26 16:00:00,350.76666666666665
2012-03-26 17:00:00,560.0116666666667
2012-03-26 18:00:00,526.4183333333333
2012-03-26 19:00:00,292.73
2012-03-26 20:00:00,219.58333333333334
2012-03-26 21:00:00,170.31
2012-03-26 22:00:00,115.27333333333333
2012-03-26 23:00:00,66.515
2012-03-27 00:00:00,22.13
2012-03-27 01:00:00,8.01
2012-03-27 02:00:00,7.6866666666666665
2012-03-27 03:00:00,3.4116666666666666
2012-03-27 04:00:00,2.7683333333333335
2012-03-27 05:00:00,23.02166666666667
2012-03-27 06:00:00,95.08166666666666
2012-03-27 07:00:00,236.66333333333333
2012-03-27 08:00:00,477.37
2012-03-27 09:00:00,232.81916666666666
2012-03-27 10:00:00,157.79666666666665
2012-03-27 11:00:00,176.485
2012-03-27 12:00:00,199.44333333333333
2012-03-27 13:00:00,204.20833333333334
2012-03-27 14:00:00,201.32666666666665
2012-03-27 15:00:00,211.12666666666667
2012-03-27 16:00:00,290.5366666666667
2012-03-27 17:00:00,562.2916666666666
2012-03-27 18:00:00,506.3
2012-03-27 19:00:00,292.63
2012-03-27 20:00:00,251.27333333333334
2012-03-27 21:00:00,158.89166666666668
2012-03-27 22:00:00,121.35833333333333
2012-03-27 23:00:00,70.45833333333333
2012-03-28 00:00:00,26.631666666666668
2012-03-28 01:00:00,10.781666666666666
2012-03-28 02:00:00,8.645
2012-03-28 03:00:00,3.635
2012-03-28 04:00:00,3.4683333333333333
2012-03-28 05:00:00,24.94333333333333
2012-03-28 06:00:00,99.54
2012-03-28 07:00:00,297.16833333333335
2012-03-28 08:00:00,535.2483333333333
2012-03-28 09:00:00,314.6483333333333
2012-03-28 10:00:00,188.13916666666665
2012-03-28 11:00:00,208.77305555555557
2012-03-28 12:00:00,246.20977777777773
2012-03-28 13:00:00,234.30908852258852
2012-03-28 14:00:00,243.36824668849678
2012-03-28 15:00:00,266.49986451881455
2012-03-28 16:00:00,340.4266666666667
2012-03-28 17:00:00,711.6066666666667
2012-03-28 18:00:00,720.085
2012-03-28 19:00:00,505.4066666666667
2012-03-28 20:00:00,385.86333333333334
2012-03-28 21:00:00,251.375
2012-03-28 22:00:00,189.375
2012-03-28 23:00:00,108.27
2012-03-29 00:00:00,46.586666666666666
2012-03-29 01:00:00,20.17
2012-03-29 02:00:00,12.601666666666667
2012-03-29 03:00:00,5.873333333333333
2012-03-29 04:00:00,6.193333333333333
2012-03-29 05:00:00,29.748333333333335
2012-03-29 06:00:00,120.25
2012-03-29 07:00:00,354.0883333333333
2012-03-29 08:00:00,578.83
2012-03-29 09:00:00,327.8183333333333
2012-03-29 10:00:00,188.7525
2012-03-29 11:00:00,211.0851388888889
2012-03-29 12:00:00,238.995
2012-03-29 13:00:00,220.31524725274727
2012-03-29 14:00:00,221.48353296703294
2012-03-29 15:00:00,235.4363492063492
2012-03-29 16:00:00,370.07666666666665
2012-03-29 17:00:00,581.6566666666666
2012-03-29 18:00:00,579.7616666666667
2012-03-29 19:00:00,380.37666666666667
2012-03-29 20:00:00,249.93166666666667
2012-03-29 21:00:00,178.04666666666665
2012-03-29 22:00:00,142.98666666666668
2012-03-29 23:00:00,97.83666666666667
2012-03-30 00:00:00,48.575
2012-03-30 01:00:00,20.188333333333333
2012-03-30 02:00:00,9.375
2012-03-30 03:00:00,4.44
2012-03-30 04:00:00,4.368333333333333
2012-03-30 05:00:00,24.926666666666666
2012-03-30 06:00:00,93.32833333333333
2012-03-30 07:00:00,263.3155555555556
2012-03-30 08:00:00,554.29
2012-03-30 09:00:00,270.1620707070707
2012-03-30 10:00:00,179.85833333333332
2012-03-30 11:00:00,197.26833333333335
2012-03-30 12:00:00,222.86666666666667
2012-03-30 13:00:00,119.14166666666667
2012-03-30 14:00:00,112.05333333333333
2012-03-30 15:00:00,112.255
2012-03-30 16:00:00,111.595
2012-03-30 17:00:00,518.5166666666667
2012-03-30 18:00:00,501.34166666666664
2012-03-30 19:00:00,285.7633333333333
2012-03-30 20:00:00,221.05166666666668
2012-03-30 21:00:00,164.07
2012-03-30 22:00:00,124.50666666666666
2012-03-30 23:00:00,112.77666666666667
2012-03-31 00:00:00,86.33333333333333
2012-03-31 01:00:00,71.1
2012-03-31 02:00:00,53.395
2012-03-31 03:00:00,23.49
2012-03-31 04:00:00,10.325
2012-03-31 05:00:00,9.905
2012-03-31 06:00:00,12.67
2012-03-31 07:00:00,94.4
2012-03-31 08:00:00,153.04
2012-03-31 09:00:00,261.5833333333333
2012-03-31 10:00:00,320.43833333333333
2012-03-31 11:00:00,437.69166666666666
2012-03-31 12:00:00,493.345
2012-03-31 13:00:00,518.9083333333333
2012-03-31 14:00:00,470.66833333333335
2012-03-31 15:00:00,484.0933333333333
2012-03-31 16:00:00,472.25333333333333
2012-03-31 17:00:00,442.06
2012-03-31 18:00:00,333.195
2012-03-31 19:00:00,268.6333333333333
2012-03-31 20:00:00,208.94666666666666
2012-03-31 21:00:00,154.87666666666667
2012-03-31 22:00:00,133.215
2012-03-31 23:00:00,89.74666666666667
2012-04-20 00:00:00,55.63
2012-04-20 01:00:00,24.165
2012-04-20 02:00:00,10.983333333333333
2012-04-20 03:00:00,6.753333333333333
2012-04-20 04:00:00,5.255
2012-04-20 05:00:00,30.24
2012-04-20 06:00:00,119.03666666666666
2012-04-20 07:00:00,339.12
2012-04-20 08:00:00,530.6116666666667
2012-04-20 09:00:00,324.48333333333335
2012-04-20 10:00:00,210.22083333333333
2012-04-20 11:00:00,246.49934343434342
2012-04-20 12:00:00,353.9425
2012-04-20 13:00:00,373.3183333333333
2012-04-20 14:00:00,376.14166666666665
2012-04-20 15:00:00,383.28333333333336
2012-04-20 16:00:00,457.23203703703706
2012-04-20 17:00:00,730.0016666666667
2012-04-20 18:00:00,713.7216666666667
2012-04-20 19:00:00,503.3475925925926
2012-04-20 20:00:00,352.15166666666664
2012-04-20 21:00:00,248.59333333333333
2012-04-20 22:00:00,214.79833333333335
2012-04-20 23:00:00,169.995
2012-04-21 00:00:00,107.43666666666667
2012-04-21 01:00:00,94.82333333333334
2012-04-21 02:00:00,69.62166666666667
2012-04-21 03:00:00,28.28
2012-04-21 04:00:00,12.671666666666667
2012-04-21 05:00:00,13.295
2012-04-21 06:00:00,35.79
2012-04-21 07:00:00,97.16666666666667
2012-04-21 08:00:00,210.535
2012-04-21 09:00:00,293.33
2012-04-21 10:00:00,382.03833333333336
2012-04-21 11:00:00,418.685
2012-04-21 12:00:00,575.0633333333334
2012-04-21 13:00:00,600.2306666666667
2012-04-21 14:00:00,593.514
2012-04-21 15:00:00,627.76126984127
2012-04-21 16:00:00,583.4889999999999
2012-04-21 17:00:00,608.9905092592593
2012-04-21 18:00:00,475.94
2012-04-21 19:00:00,233.86666666666667
2012-04-21 20:00:00,138.43333333333334
2012-04-21 21:00:00,141.545
2012-04-21 22:00:00,170.54
2012-04-21 23:00:00,127.41833333333334
2012-04-22 00:00:00,103.86166666666666
2012-04-22 01:00:00,95.035
2012-04-22 02:00:00,74.34833333333333
2012-04-22 03:00:00,29.938333333333333
2012-04-22 04:00:00,12.575
2012-04-22 05:00:00,12.238333333333333
2012-04-22 06:00:00,24.278333333333332
2012-04-22 07:00:00,79.45666666666666
2012-04-22 08:00:00,82.645
2012-04-22 09:00:00,105.175
2012-04-22 10:00:00,150.72
2012-04-22 11:00:00,156.12166666666667
2012-04-22 12:00:00,159.59166666666667
2012-04-22 13:00:00,163.345
2012-04-22 14:00:00,157.67
2012-04-22 15:00:00,169.74
2012-04-22 16:00:00,172.38666666666666
2012-04-22 17:00:00,182.835
2012-04-22 18:00:00,173.20666666666668
2012-04-22 19:00:00,156.09833333333333
2012-04-22 20:00:00,152.95
2012-04-22 21:00:00,111.78833333333333
2012-04-22 22:00:00,77.67666666666666
2012-04-22 23:00:00,65.915
2012-04-23 00:00:00,24.445
2012-04-23 01:00:00,9.661666666666667
2012-04-23 02:00:00,7.443333333333333
2012-04-23 03:00:00,3.7183333333333333
2012-04-23 04:00:00,3.75
2012-04-23 05:00:00,25.481666666666666
2012-04-23 06:00:00,98.315
2012-04-23 07:00:00,159.96
2012-04-23 08:00:00,561.5116666666667
2012-04-23 09:00:00,286.34833333333336
2012-04-23 10:00:00,170.35833333333332
2012-04-23 11:00:00,174.05666666666667
2012-04-23 12:00:00,152.10666666666665
2012-04-23 13:00:00,155.68
2012-04-23 14:00:00,157.215
2012-04-23 15:00:00,193.33833333333334
2012-04-23 16:00:00,201.30833333333334
2012-04-23 17:00:00,411.465
2012-04-23 18:00:00,454.755
2012-04-23 19:00:00,325.23833333333334
2012-04-23 20:00:00,238.695
2012-04-23 21:00:00,162.01
2012-04-23 22:00:00,122.95333333333333
2012-04-23 23:00:00,72.985
2012-04-24 00:00:00,25.668333333333333
2012-04-24 01:00:00,11.035
2012-04-24 02:00:00,6.445
2012-04-24 03:00:00,3.6966666666666668
2012-04-24 04:00:00,3.046666666666667
2012-04-24 05:00:00,26.69333333333333
2012-04-24 06:00:00,101.09166666666667
2012-04-24 07:00:00,316.2133333333333
2012-04-24 08:00:00,619.9233333333333
2012-04-24 09:00:00,320.92333333333335
2012-04-24 10:00:00,190.12833333333333
2012-04-24 11:00:00,226.66285714285715
2012-04-24 12:00:00,249.9085238095238
2012-04-24 13:00:00,243.84484599224305
2012-04-24 14:00:00,241.29447619047622
2012-04-24 15:00:00,263.953126984127
2012-04-24 16:00:00,404.38666666666666
2012-04-24 17:00:00,677.77
2012-04-24 18:00:00,692.6666666666666
2012-04-24 19:00:00,489.2216666666667
2012-04-24 20:00:00,317.86
2012-04-24 21:00:00,237.83666666666667
2012-04-24 22:00:00,167.29333333333332
2012-04-24 23:00:00,104.96166666666667
2012-04-25 00:00:00,36.95166666666667
2012-04-25 01:00:00,10.935
2012-04-25 02:00:00,7.3533333333333335
2012-04-25 03:00:00,3.5
2012-04-25 04:00:00,3.3466666666666667
2012-04-25 05:00:00,28.235
2012-04-25 06:00:00,105.04666666666667
2012-04-25 07:00:00,335.32
2012-04-25 08:00:00,624.265
2012-04-25 09:00:00,329.255
2012-04-25 10:00:00,212.61166666666668
2012-04-25 11:00:00,241.28674603174605
2012-04-25 12:00:00,263.1329772079772
2012-04-25 13:00:00,253.56964569992866
2012-04-25 14:00:00,255.2347622887865
2012-04-25 15:00:00,285.07342592592596
2012-04-25 16:00:00,389.68333333333334
2012-04-25 17:00:00,733.9516666666667
2012-04-25 18:00:00,729.8983333333333
2012-04-25 19:00:00,484.24833333333333
2012-04-25 20:00:00,365.045
2012-04-25 21:00:00,255.73333333333332
2012-04-25 22:00:00,207.23833333333334
2012-04-25 23:00:00,119.17
2012-04-26 00:00:00,42.785
2012-04-26 01:00:00,14.845
2012-04-26 02:00:00,11.851666666666667
2012-04-26 03:00:00,5.523333333333333
2012-04-26 04:00:00,5.598333333333334
2012-04-26 05:00:00,30.316666666666666
2012-04-26 06:00:00,126.72833333333334
2012-04-26 07:00:00,152.27333333333334
2012-04-26 08:00:00,551.72
2012-04-26 09:00:00,132.58666666666667
2012-04-26 10:00:00,185.64333333333335
2012-04-26 11:00:00,180.56166666666667
2012-04-26 12:00:00,233.19166666666666
2012-04-26 13:00:00,222.335
2012-04-26 14:00:00,222.37611111111116
2012-04-26 15:00:00,231.96
2012-04-26 16:00:00,306.545
2012-04-26 17:00:00,676.6816666666666
2012-04-26 18:00:00,665.1383333333333
2012-04-26 19:00:00,427.22333333333336
2012-04-26 20:00:00,295.25
2012-04-26 21:00:00,220.11166666666668
2012-04-26 22:00:00,195.21166666666667
2012-04-26 23:00:00,126.91166666666666
2012-04-27 00:00:00,55.85333333333333
2012-04-27 01:00:00,28.59
2012-04-27 02:00:00,14.023333333333333
2012-04-27 03:00:00,6.64
2012-04-27 04:00:00,5.065
2012-04-27 05:00:00,30.155
2012-04-27 06:00:00,101.82666666666667
2012-04-27 07:00:00,331.845
2012-04-27 08:00:00,660.6516666666666
2012-04-27 09:00:00,327.39166666666665
2012-04-27 10:00:00,213.0925
2012-04-27 11:00:00,234.54761904761904
2012-04-27 12:00:00,332.7842857142857
2012-04-27 13:00:00,343.295
2012-04-27 14:00:00,346.2633333333333
2012-04-27 15:00:00,387.88
2012-04-27 16:00:00,425.1853703703704
2012-04-27 17:00:00,677.6333333333333
2012-04-27 18:00:00,661.1033333333334
2012-04-27 19:00:00,482.01370370370375
2012-04-27 20:00:00,291.3333333333333
2012-04-27 21:00:00,191.73166666666665
2012-04-27 22:00:00,155.32166666666666
2012-04-27 23:00:00,115.725
2012-04-28 00:00:00,88.20833333333333
2012-04-28 01:00:00,66.16
2012-04-28 02:00:00,61.031666666666666
2012-04-28 03:00:00,26.011666666666667
2012-04-28 04:00:00,11.058333333333334
2012-04-28 05:00:00,10.668333333333333
2012-04-28 06:00:00,26.821666666666665
2012-04-28 07:00:00,107.715
2012-04-28 08:00:00,165.88333333333333
2012-04-28 09:00:00,263.6766666666667
2012-04-28 10:00:00,335.17
2012-04-28 11:00:00,405.38166666666666
2012-04-28 12:00:00,403.355
2012-04-28 13:00:00,473.00166666666667
2012-04-28 14:00:00,491.56
2012-04-28 15:00:00,454.25166666666667
2012-04-28 16:00:00,479.21166666666664
2012-04-28 17:00:00,407.79333333333335
2012-04-28 18:00:00,166.82666666666665
2012-04-28 19:00:00,174.04833333333335
2012-04-28 20:00:00,226.70333333333335
2012-04-28 21:00:00,147.86
2012-04-28 22:00:00,139.77833333333334
2012-04-28 23:00:00,141.32
2012-04-29 00:00:00,51.21666666666667
2012-04-29 01:00:00,74.86
2012-04-29 02:00:00,66.67833333333333
2012-04-29 03:00:00,28.0
2012-04-29 04:00:00,11.536666666666667
2012-04-29 05:00:00,11.655
2012-04-29 06:00:00,18.11
2012-04-29 07:00:00,92.29166666666667
2012-04-29 08:00:00,123.055
2012-04-29 09:00:00,248.16166666666666
2012-04-29 10:00:00,344.53833333333336
2012-04-29 11:00:00,427.7416666666667
2012-04-29 12:00:00,552.6933333333334
2012-04-29 13:00:00,572.7383333333333
2012-04-29 14:00:00,586.3033333333333
2012-04-29 15:00:00,599.8983333333333
2012-04-29 16:00:00,500.10770833333333
2012-04-29 17:00:00,479.94666666666666
2012-04-29 18:00:00,435.1952083333333
2012-04-29 19:00:00,379.895
2012-04-29 20:00:00,274.335
2012-04-29 21:00:00,177.8
2012-04-29 22:00:00,137.695
2012-04-29 23:00:00,69.05
2012-04-30 00:00:00,39.471666666666664
2012-04-30 01:00:00,10.533333333333333
2012-04-30 02:00:00,8.093333333333334
2012-04-30 03:00:00,4.761666666666667
2012-04-30 04:00:00,4.548333333333333
2012-04-30 05:00:00,29.758333333333333
2012-04-30 06:00:00,107.64166666666667
2012-04-30 07:00:00,328.34166666666664
2012-04-30 08:00:00,628.6216666666667
2012-04-30 09:00:00,314.625
2012-04-30 10:00:00,203.08833333333334
2012-04-30 11:00:00,199.00785714285715
2012-04-30 12:00:00,220.09666666666666
2012-04-30 13:00:00,236.50795258096605
2012-04-30 14:00:00,234.15804671467893
2012-04-30 15:00:00,252.80816998204745
2012-04-30 16:00:00,394.00333333333333
2012-04-30 17:00:00,733.6333333333333
2012-04-30 18:00:00,723.8983333333333
2012-04-30 19:00:00,477.88666666666666
2012-04-30 20:00:00,306.21166666666664
2012-04-30 21:00:00,237.20833333333334
2012-04-30 22:00:00,162.22
2012-04-30 23:00:00,84.35166666666667
2012-05-20 00:00:00,146.68
2012-05-20 01:00:00,101.90833333333333
2012-05-20 02:00:00,74.685
2012-05-20 03:00:00,33.52166666666667
2012-05-20 04:00:00,16.248333333333335
2012-05-20 05:00:00,14.225
2012-05-20 06:00:00,25.926666666666666
2012-05-20 07:00:00,63.99166666666667
2012-05-20 08:00:00,145.37833333333333
2012-05-20 09:00:00,279.995
2012-05-20 10:00:00,458.025
2012-05-20 11:00:00,572.3088888888889
2012-05-20 12:00:00,647.4378055555554
2012-05-20 13:00:00,657.8500000000001
2012-05-20 14:00:00,618.9002857142857
2012-05-20 15:00:00,610.0588611111111
2012-05-20 16:00:00,570.3169523809523
2012-05-20 17:00:00,519.0716666666667
2012-05-20 18:00:00,459.265
2012-05-20 19:00:00,360.18666666666667
2012-05-20 20:00:00,274.105
2012-05-20 21:00:00,212.44
2012-05-20 22:00:00,130.66666666666666
2012-05-20 23:00:00,70.88
2012-05-21 00:00:00,34.63666666666666
2012-05-21 01:00:00,18.231666666666666
2012-05-21 02:00:00,8.694166666666666
2012-05-21 03:00:00,4.548333333333333
2012-05-21 04:00:00,5.218333333333334
2012-05-21 05:00:00,32.538333333333334
2012-05-21 06:00:00,80.68166666666667
2012-05-21 07:00:00,145.96833333333333
2012-05-21 08:00:00,321.82666666666665
2012-05-21 09:00:00,131.045
2012-05-21 10:00:00,126.37333333333333
2012-05-21 11:00:00,155.41333333333333
2012-05-21 12:00:00,193.82833333333335
2012-05-21 13:00:00,135.22166666666666
2012-05-21 14:00:00,135.15666666666667
2012-05-21 15:00:00,222.46042340067342
2012-05-21 16:00:00,331.15166666666664
2012-05-21 17:00:00,668.2116666666667
2012-05-21 18:00:00,679.1583333333333
2012-05-21 19:00:00,506.02666666666664
2012-05-21 20:00:00,347.07
2012-05-21 21:00:00,263.50166666666667
2012-05-21 22:00:00,153.30833333333334
2012-05-21 23:00:00,84.48
2012-05-22 00:00:00,36.83833333333333
2012-05-22 01:00:00,18.686666666666667
2012-05-22 02:00:00,8.233333333333333
2012-05-22 03:00:00,5.838333333333333
2012-05-22 04:00:00,6.01
2012-05-22 05:00:00,32.695
2012-05-22 06:00:00,85.685
2012-05-22 07:00:00,141.41666666666666
2012-05-22 08:00:00,467.75666666666666
2012-05-22 09:00:00,313.49285714285713
2012-05-22 10:00:00,195.93166666666667
2012-05-22 11:00:00,220.99958333333333
2012-05-22 12:00:00,206.31333333333333
2012-05-22 13:00:00,244.63144444444444
2012-05-22 14:00:00,205.99047222222222
2012-05-22 15:00:00,265.3739665339559
2012-05-22 16:00:00,382.5416666666667
2012-05-22 17:00:00,791.3583333333333
2012-05-22 18:00:00,742.885
2012-05-22 19:00:00,504.72333333333336
2012-05-22 20:00:00,357.9
2012-05-22 21:00:00,233.05166666666668
2012-05-22 22:00:00,167.88666666666666
2012-05-22 23:00:00,100.15833333333333
2012-05-23 00:00:00,45.185
2012-05-23 01:00:00,22.043333333333333
2012-05-23 02:00:00,9.126666666666667
2012-05-23 03:00:00,6.485
2012-05-23 04:00:00,5.925
2012-05-23 05:00:00,33.53333333333333
2012-05-23 06:00:00,154.54166666666666
2012-05-23 07:00:00,426.785
2012-05-23 08:00:00,444.3883333333333
2012-05-23 09:00:00,331.8489682539682
2012-05-23 10:00:00,196.03
2012-05-23 11:00:00,213.045
2012-05-23 12:00:00,282.4467856275769
2012-05-23 13:00:00,221.31620186596817
2012-05-23 14:00:00,241.96823124791874
2012-05-23 15:00:00,281.0770053069374
2012-05-23 16:00:00,354.315
2012-05-23 17:00:00,621.645
2012-05-23 18:00:00,626.4916666666667
2012-05-23 19:00:00,341.37833333333333
2012-05-23 20:00:00,294.44
2012-05-23 21:00:00,209.16
2012-05-23 22:00:00,170.13166666666666
2012-05-23 23:00:00,114.78666666666666
2012-05-24 00:00:00,63.32666666666667
2012-05-24 01:00:00,20.011666666666667
2012-05-24 02:00:00,12.316666666666666
2012-05-24 03:00:00,6.298333333333333
2012-05-24 04:00:00,6.236666666666666
2012-05-24 05:00:00,33.215
2012-05-24 06:00:00,155.00166666666667
2012-05-24 07:00:00,428.38
2012-05-24 08:00:00,670.345
2012-05-24 09:00:00,334.1355555555555
2012-05-24 10:00:00,185.08922222222222
2012-05-24 11:00:00,227.98333333333332
2012-05-24 12:00:00,303.30183024499655
2012-05-24 13:00:00,288.26440337138393
2012-05-24 14:00:00,245.63139190580128
2012-05-24 15:00:00,275.9797564364554
2012-05-24 16:00:00,397.35537037037034
2012-05-24 17:00:00,781.5816666666667
2012-05-24 18:00:00,780.545
2012-05-24 19:00:00,555.538888888889
2012-05-24 20:00:00,392.7133333333333
2012-05-24 21:00:00,194.40333333333334
2012-05-24 22:00:00,186.74333333333334
2012-05-24 23:00:00,144.95833333333334
2012-05-25 00:00:00,70.64
2012-05-25 01:00:00,40.875
2012-05-25 02:00:00,14.241666666666667
2012-05-25 03:00:00,8.446666666666667
2012-05-25 04:00:00,7.925
2012-05-25 05:00:00,33.50833333333333
2012-05-25 06:00:00,154.53166666666667
2012-05-25 07:00:00,381.765
2012-05-25 08:00:00,592.5216666666666
2012-05-25 09:00:00,298.68666666666667
2012-05-25 10:00:00,225.23833333333334
2012-05-25 11:00:00,245.29166666666666
2012-05-25 12:00:00,314.965
2012-05-25 13:00:00,324.00666666666666
2012-05-25 14:00:00,320.0733333333333
2012-05-25 15:00:00,322.6616666666667
2012-05-25 16:00:00,434.89537037037036
2012-05-25 17:00:00,663.1216666666667
2012-05-25 18:00:00,691.8283333333334
2012-05-25 19:00:00,525.0238888888889
2012-05-25 20:00:00,375.23
2012-05-25 21:00:00,268.86333333333334
2012-05-25 22:00:00,272.65833333333336
2012-05-25 23:00:00,210.55833333333334
2012-05-26 00:00:00,138.07166666666666
2012-05-26 01:00:00,108.52666666666667
2012-05-26 02:00:00,74.53333333333333
2012-05-26 03:00:00,27.631666666666668
2012-05-26 04:00:00,13.521666666666667
2012-05-26 05:00:00,14.916666666666666
2012-05-26 06:00:00,37.26
2012-05-26 07:00:00,93.10666666666667
2012-05-26 08:00:00,195.225
2012-05-26 09:00:00,290.12166666666667
2012-05-26 10:00:00,392.995
2012-05-26 11:00:00,408.81166666666667
2012-05-26 12:00:00,445.08166666666665
2012-05-26 13:00:00,427.03
2012-05-26 14:00:00,415.00166666666667
2012-05-26 15:00:00,419.70166666666665
2012-05-26 16:00:00,537.4239814814814
2012-05-26 17:00:00,544.8247037037037
2012-05-26 18:00:00,508.3037037037038
2012-05-26 19:00:00,390.2687037037037
2012-05-26 20:00:00,291.47333333333336
2012-05-26 21:00:00,255.935
2012-05-26 22:00:00,256.9533333333333
2012-05-26 23:00:00,205.87333333333333
2012-05-27 00:00:00,134.56
2012-05-27 01:00:00,112.07333333333334
2012-05-27 02:00:00,85.23833333333333
2012-05-27 03:00:00,34.86833333333333
2012-05-27 04:00:00,14.365
2012-05-27 05:00:00,14.758333333333333
2012-05-27 06:00:00,24.935
2012-05-27 07:00:00,79.63666666666667
2012-05-27 08:00:00,158.115
2012-05-27 09:00:00,273.43333333333334
2012-05-27 10:00:00,384.4
2012-05-27 11:00:00,421.2
2012-05-27 12:00:00,429.005
2012-05-27 13:00:00,523.4980555555555
2012-05-27 14:00:00,517.3463888888889
2012-05-27 15:00:00,527.8911111111111
2012-05-27 16:00:00,521.7161111111111
2012-05-27 17:00:00,526.2538888888889
2012-05-27 18:00:00,483.06
2012-05-27 19:00:00,366.0372222222222
2012-05-27 20:00:00,283.19666666666666
2012-05-27 21:00:00,202.235
2012-05-27 22:00:00,112.19166666666666
2012-05-27 23:00:00,87.27666666666667
2012-05-28 00:00:00,51.00333333333333
2012-05-28 01:00:00,54.565
2012-05-28 02:00:00,31.206666666666667
2012-05-28 03:00:00,13.503333333333334
2012-05-28 04:00:00,10.116666666666667
2012-05-28 05:00:00,26.913333333333334
2012-05-28 06:00:00,89.74
2012-05-28 07:00:00,324.39
2012-05-28 08:00:00,220.48666666666668
2012-05-28 09:00:00,291.81166666666667
2012-05-28 10:00:00,338.9866666666667
2012-05-28 11:00:00,353.12
2012-05-28 12:00:00,380.12166666666667
2012-05-28 13:00:00,373.4075
2012-05-28 14:00:00,368.46666666666664
2012-05-28 15:00:00,405.7504761904762
2012-05-28 16:00:00,430.575
2012-05-28 17:00:00,505.04
2012-05-28 18:00:00,486.62833333333333
2012-05-28 19:00:00,461.99833333333333
2012-05-28 20:00:00,353.81166666666667
2012-05-28 21:00:00,273.725
2012-05-28 22:00:00,251.67166666666665
2012-05-28 23:00:00,128.72333333333333
2012-05-29 00:00:00,49.61666666666667
2012-05-29 01:00:00,17.238333333333333
2012-05-29 02:00:00,10.315
2012-05-29 03:00:00,5.198333333333333
2012-05-29 04:00:00,7.275
2012-05-29 05:00:00,34.67666666666667
2012-05-29 06:00:00,165.02333333333334
2012-05-29 07:00:00,354.285
2012-05-29 08:00:00,658.6983333333334
2012-05-29 09:00:00,327.9105555555555
2012-05-29 10:00:00,176.63166666666666
2012-05-29 11:00:00,220.16166666666666
2012-05-29 12:00:00,266.56425352541976
2012-05-29 13:00:00,254.92792355445243
2012-05-29 14:00:00,243.49701312176126
2012-05-29 15:00:00,267.99221531830995
2012-05-29 16:00:00,374.1016666666667
2012-05-29 17:00:00,755.4466666666667
2012-05-29 18:00:00,746.8633333333333
2012-05-29 19:00:00,551.27
2012-05-29 20:00:00,361.96666666666664
2012-05-29 21:00:00,188.96833333333333
2012-05-29 22:00:00,144.29833333333335
2012-05-29 23:00:00,88.86333333333333
2012-05-30 00:00:00,43.41166666666667
2012-05-30 01:00:00,18.411666666666665
2012-05-30 02:00:00,9.673333333333334
2012-05-30 03:00:00,5.1866666666666665
2012-05-30 04:00:00,6.34
2012-05-30 05:00:00,33.788333333333334
2012-05-30 06:00:00,161.78666666666666
2012-05-30 07:00:00,200.41833333333332
2012-05-30 08:00:00,671.0966666666667
2012-05-30 09:00:00,338.8227777777778
2012-05-30 10:00:00,177.115
2012-05-30 11:00:00,220.26458333333332
2012-05-30 12:00:00,307.55
2012-05-30 13:00:00,299.5644673661202
2012-05-30 14:00:00,256.94892967158074
2012-05-30 15:00:00,271.40256414699104
2012-05-30 16:00:00,388.93833333333333
2012-05-30 17:00:00,810.3433333333334
2012-05-30 18:00:00,819.3083333333333
2012-05-30 19:00:00,527.7891666666667
2012-05-30 20:00:00,356.82
2012-05-30 21:00:00,276.565
2012-05-30 22:00:00,278.855
2012-05-30 23:00:00,153.68666666666667
2012-05-31 00:00:00,66.45833333333333
2012-05-31 01:00:00,21.406666666666666
2012-05-31 02:00:00,11.653333333333334
2012-05-31 03:00:00,6.515
2012-05-31 04:00:00,7.570833333333334
2012-05-31 05:00:00,34.81333333333333
2012-05-31 06:00:00,164.55
2012-05-31 07:00:00,458.6983333333333
2012-05-31 08:00:00,691.7266666666667
2012-05-31 09:00:00,330.62
2012-05-31 10:00:00,196.64333333333335
2012-05-31 11:00:00,241.86785714285716
2012-05-31 12:00:00,311.395433994709
2012-05-31 13:00:00,292.45077154703864
2012-05-31 14:00:00,246.2025715236959
2012-05-31 15:00:00,273.656418694098
2012-05-31 16:00:00,447.28703703703707
2012-05-31 17:00:00,818.5283333333333
2012-05-31 18:00:00,816.3033333333333
2012-05-31 19:00:00,542.7933333333333
2012-05-31 20:00:00,388.48
2012-05-31 21:00:00,284.86333333333334
2012-05-31 22:00:00,283.69666666666666
2012-05-31 23:00:00,184.66666666666666
2012-06-20 00:00:00,48.92666666666667
2012-06-20 01:00:00,22.991666666666667
2012-06-20 02:00:00,9.68
2012-06-20 03:00:00,6.73
2012-06-20 04:00:00,7.955
2012-06-20 05:00:00,39.23833333333334
2012-06-20 06:00:00,162.37666666666667
2012-06-20 07:00:00,390.04833333333335
2012-06-20 08:00:00,648.495
2012-06-20 09:00:00,326.58611111111117
2012-06-20 10:00:00,185.34333333333333
2012-06-20 11:00:00,212.97666666666666
2012-06-20 12:00:00,270.9648091198798
2012-06-20 13:00:00,258.94259246124244
2012-06-20 14:00:00,230.18445949420948
2012-06-20 15:00:00,260.2301044973545
2012-06-20 16:00:00,398.7583333333333
2012-06-20 17:00:00,764.4416666666667
2012-06-20 18:00:00,760.8516666666667
2012-06-20 19:00:00,545.4433333333334
2012-06-20 20:00:00,422.49333333333334
2012-06-20 21:00:00,360.6716666666667
2012-06-20 22:00:00,303.3333333333333
2012-06-20 23:00:00,138.95166666666665
2012-06-21 00:00:00,65.52666666666667
2012-06-21 01:00:00,23.675
2012-06-21 02:00:00,11.868333333333334
2012-06-21 03:00:00,6.013444444444445
2012-06-21 04:00:00,7.403333333333333
2012-06-21 05:00:00,39.69
2012-06-21 06:00:00,166.89166666666668
2012-06-21 07:00:00,474.22
2012-06-21 08:00:00,609.5916666666667
2012-06-21 09:00:00,315.6
2012-06-21 10:00:00,175.28166666666667
2012-06-21 11:00:00,225.86833333333334
2012-06-21 12:00:00,266.5592977902272
2012-06-21 13:00:00,261.00639880952383
2012-06-21 14:00:00,226.19110582010578
2012-06-21 15:00:00,245.78760084238374
2012-06-21 16:00:00,394.995
2012-06-21 17:00:00,762.34
2012-06-21 18:00:00,773.9866666666667
2012-06-21 19:00:00,515.2916666666666
2012-06-21 20:00:00,412.87166666666667
2012-06-21 21:00:00,334.4866666666667
2012-06-21 22:00:00,337.2416666666667
2012-06-21 23:00:00,155.925
2012-06-22 00:00:00,76.185
2012-06-22 01:00:00,40.93
2012-06-22 02:00:00,19.716666666666665
2012-06-22 03:00:00,7.623333333333333
2012-06-22 04:00:00,8.073333333333334
2012-06-22 05:00:00,37.86666666666667
2012-06-22 06:00:00,163.62333333333333
2012-06-22 07:00:00,414.12833333333333
2012-06-22 08:00:00,679.785
2012-06-22 09:00:00,349.19166666666666
2012-06-22 10:00:00,244.555
2012-06-22 11:00:00,277.6483333333333
2012-06-22 12:00:00,332.84166666666664
2012-06-22 13:00:00,340.02166666666665
2012-06-22 14:00:00,339.5733333333333
2012-06-22 15:00:00,321.2816666666667
2012-06-22 16:00:00,421.71020833333336
2012-06-22 17:00:00,785.8033333333333
2012-06-22 18:00:00,730.98
2012-06-22 19:00:00,526.1275
2012-06-22 20:00:00,386.1666666666667
2012-06-22 21:00:00,247.59833333333333
2012-06-22 22:00:00,278.7966666666667
2012-06-22 23:00:00,196.85333333333332
2012-06-23 00:00:00,158.135
2012-06-23 01:00:00,112.02
2012-06-23 02:00:00,86.46666666666667
2012-06-23 03:00:00,30.758333333333333
2012-06-23 04:00:00,14.165
2012-06-23 05:00:00,14.1
2012-06-23 06:00:00,34.68333333333333
2012-06-23 07:00:00,85.82833333333333
2012-06-23 08:00:00,175.54833333333335
2012-06-23 09:00:00,292.64166666666665
2012-06-23 10:00:00,436.37600000000003
2012-06-23 11:00:00,514.661
2012-06-23 12:00:00,563.4146944444444
2012-06-23 13:00:00,568.30225
2012-06-23 14:00:00,587.3824999999999
2012-06-23 15:00:00,552.5811388888889
2012-06-23 16:00:00,550.2622037037037
2012-06-23 17:00:00,552.583037037037
2012-06-23 18:00:00,519.6103703703704
2012-06-23 19:00:00,424.6203703703704
2012-06-23 20:00:00,353.62
2012-06-23 21:00:00,311.295
2012-06-23 22:00:00,278.00166666666667
2012-06-23 23:00:00,214.27166666666668
2012-06-24 00:00:00,169.15666666666667
2012-06-24 01:00:00,127.22666666666667
2012-06-24 02:00:00,102.87333333333333
2012-06-24 03:00:00,36.4
2012-06-24 04:00:00,17.51
2012-06-24 05:00:00,16.723333333333333
2012-06-24 06:00:00,23.451666666666668
2012-06-24 07:00:00,74.09833333333333
2012-06-24 08:00:00,126.12333333333333
2012-06-24 09:00:00,254.98666666666668
2012-06-24 10:00:00,443.575
2012-06-24 11:00:00,508.7175
2012-06-24 12:00:00,550.0325
2012-06-24 13:00:00,560.1508333333334
2012-06-24 14:00:00,529.5309722222223
2012-06-24 15:00:00,517.4890277777778
2012-06-24 16:00:00,523.9855555555555
2012-06-24 17:00:00,528.9683333333334
2012-06-24 18:00:00,520.6952083333333
2012-06-24 19:00:00,421.70666666666665
2012-06-24 20:00:00,331.6383333333333
2012-06-24 21:00:00,228.765
2012-06-24 22:00:00,162.32333333333332
2012-06-24 23:00:00,108.19333333333333
2012-06-25 00:00:00,46.335
2012-06-25 01:00:00,21.858333333333334
2012-06-25 02:00:00,10.381666666666666
2012-06-25 03:00:00,6.196666666666666
2012-06-25 04:00:00,8.445
2012-06-25 05:00:00,41.395
2012-06-25 06:00:00,155.51166666666666
2012-06-25 07:00:00,464.98333333333335
2012-06-25 08:00:00,646.9833333333333
2012-06-25 09:00:00,327.88666666666666
2012-06-25 10:00:00,184.99
2012-06-25 11:00:00,233.79944444444442
2012-06-25 12:00:00,266.9502183198846
2012-06-25 13:00:00,257.5080918781065
2012-06-25 14:00:00,244.75701031979474
2012-06-25 15:00:00,268.2046054720133
2012-06-25 16:00:00,413.08
2012-06-25 17:00:00,769.7966666666666
2012-06-25 18:00:00,771.985
2012-06-25 19:00:00,575.2233333333334
2012-06-25 20:00:00,425.155
2012-06-25 21:00:00,285.60333333333335
2012-06-25 22:00:00,229.95333333333335
2012-06-25 23:00:00,133.62
2012-06-26 00:00:00,40.895
2012-06-26 01:00:00,17.565
2012-06-26 02:00:00,9.688333333333333
2012-06-26 03:00:00,5.988333333333333
2012-06-26 04:00:00,8.935
2012-06-26 05:00:00,43.99666666666667
2012-06-26 06:00:00,160.84
2012-06-26 07:00:00,472.26166666666666
2012-06-26 08:00:00,705.3683333333333
2012-06-26 09:00:00,327.455
2012-06-26 10:00:00,196.83444444444442
2012-06-26 11:00:00,235.4811111111111
2012-06-26 12:00:00,273.41189153439154
2012-06-26 13:00:00,258.59262673148436
2012-06-26 14:00:00,245.04557068748244
2012-06-26 15:00:00,270.022289021164
2012-06-26 16:00:00,401.655
2012-06-26 17:00:00,794.7033333333334
2012-06-26 18:00:00,788.9933333333333
2012-06-26 19:00:00,554.9683333333334
2012-06-26 20:00:00,426.86833333333334
2012-06-26 21:00:00,299.555
2012-06-26 22:00:00,233.87666666666667
2012-06-26 23:00:00,146.67333333333335
2012-06-27 00:00:00,43.39
2012-06-27 01:00:00,17.32
2012-06-27 02:00:00,9.536666666666667
2012-06-27 03:00:00,6.65
2012-06-27 04:00:00,9.143333333333333
2012-06-27 05:00:00,40.211666666666666
2012-06-27 06:00:00,162.07
2012-06-27 07:00:00,456.2783333333333
2012-06-27 08:00:00,686.4333333333333
2012-06-27 09:00:00,325.1116666666667
2012-06-27 10:00:00,196.92666666666668
2012-06-27 11:00:00,239.26944444444442
2012-06-27 12:00:00,282.7335577108621
2012-06-27 13:00:00,267.1668306768926
2012-06-27 14:00:00,283.53988492063496
2012-06-27 15:00:00,274.36794318181813
2012-06-27 16:00:00,416.8833333333333
2012-06-27 17:00:00,763.0516666666666
2012-06-27 18:00:00,767.4983333333333
2012-06-27 19:00:00,568.055
2012-06-27 20:00:00,432.84833333333336
2012-06-27 21:00:00,340.11333333333334
2012-06-27 22:00:00,278.495
2012-06-27 23:00:00,156.78666666666666
2012-06-28 00:00:00,60.32833333333333
2012-06-28 01:00:00,22.725
2012-06-28 02:00:00,11.371666666666666
2012-06-28 03:00:00,7.105
2012-06-28 04:00:00,8.040944444444444
2012-06-28 05:00:00,38.526666666666664
2012-06-28 06:00:00,155.46333333333334
2012-06-28 07:00:00,479.0416666666667
2012-06-28 08:00:00,696.8166666666667
2012-06-28 09:00:00,329.2
2012-06-28 10:00:00,199.14666666666668
2012-06-28 11:00:00,240.13277777777776
2012-06-28 12:00:00,292.4957772875817
2012-06-28 13:00:00,274.68378210128515
2012-06-28 14:00:00,272.7484290328535
2012-06-28 15:00:00,293.75198855666304
2012-06-28 16:00:00,432.90833333333336
2012-06-28 17:00:00,760.41
2012-06-28 18:00:00,763.5183333333333
2012-06-28 19:00:00,557.6103703703704
2012-06-28 20:00:00,441.06333333333333
2012-06-28 21:00:00,331.855
2012-06-28 22:00:00,282.34833333333336
2012-06-28 23:00:00,187.9
2012-06-29 00:00:00,73.26166666666667
2012-06-29 01:00:00,37.195
2012-06-29 02:00:00,17.93166666666667
2012-06-29 03:00:00,8.153333333333334
2012-06-29 04:00:00,9.1
2012-06-29 05:00:00,38.31166666666667
2012-06-29 06:00:00,152.62666666666667
2012-06-29 07:00:00,416.9033333333333
2012-06-29 08:00:00,698.905
2012-06-29 09:00:00,353.095
2012-06-29 10:00:00,246.175
2012-06-29 11:00:00,282.54333333333335
2012-06-29 12:00:00,313.53833333333336
2012-06-29 13:00:00,315.92
2012-06-29 14:00:00,308.17333333333335
2012-06-29 15:00:00,313.3666666666667
2012-06-29 16:00:00,403.69
2012-06-29 17:00:00,730.5866666666667
2012-06-29 18:00:00,716.7566666666667
2012-06-29 19:00:00,500.725
2012-06-29 20:00:00,388.775
2012-06-29 21:00:00,405.93833333333333
2012-06-29 22:00:00,308.055
2012-06-29 23:00:00,172.45333333333335
2012-06-30 00:00:00,147.3
2012-06-30 01:00:00,117.93666666666667
2012-06-30 02:00:00,84.57666666666667
2012-06-30 03:00:00,31.301666666666666
2012-06-30 04:00:00,14.935
2012-06-30 05:00:00,14.411666666666667
2012-06-30 06:00:00,27.741666666666667
2012-06-30 07:00:00,85.965
2012-06-30 08:00:00,193.32833333333335
2012-06-30 09:00:00,286.04
2012-06-30 10:00:00,443.74266666666665
2012-06-30 11:00:00,494.96988888888893
2012-06-30 12:00:00,524.4543333333332
2012-06-30 13:00:00,527.1793333333333
2012-06-30 14:00:00,524.1493333333333
2012-06-30 15:00:00,519.5165555555556
2012-06-30 16:00:00,488.69849999999997
2012-06-30 17:00:00,518.3676666666667
2012-06-30 18:00:00,499.87
2012-06-30 19:00:00,429.5003703703704
2012-06-30 20:00:00,318.8833333333333
2012-06-30 21:00:00,294.87333333333333
2012-06-30 22:00:00,266.475
2012-06-30 23:00:00,210.055
2012-07-20 00:00:00,68.42333333333333
2012-07-20 01:00:00,34.645
2012-07-20 02:00:00,14.748333333333333
2012-07-20 03:00:00,7.613333333333333
2012-07-20 04:00:00,8.386666666666667
2012-07-20 05:00:00,40.50666666666667
2012-07-20 06:00:00,159.29833333333335
2012-07-20 07:00:00,383.3833333333333
2012-07-20 08:00:00,598.7466666666667
2012-07-20 09:00:00,345.59166666666664
2012-07-20 10:00:00,227.065
2012-07-20 11:00:00,238.40833333333333
2012-07-20 12:00:00,260.32666666666665
2012-07-20 13:00:00,263.99
2012-07-20 14:00:00,259.58666666666664
2012-07-20 15:00:00,302.25
2012-07-20 16:00:00,352.9483333333333
2012-07-20 17:00:00,552.015
2012-07-20 18:00:00,606.9416666666667
2012-07-20 19:00:00,334.53333333333336
2012-07-20 20:00:00,162.51666666666668
2012-07-20 21:00:00,229.345
2012-07-20 22:00:00,192.84333333333333
2012-07-20 23:00:00,173.80166666666668
2012-07-21 00:00:00,159.24333333333334
2012-07-21 01:00:00,111.12833333333333
2012-07-21 02:00:00,70.11166666666666
2012-07-21 03:00:00,27.275
2012-07-21 04:00:00,14.793333333333333
2012-07-21 05:00:00,15.346666666666666
2012-07-21 06:00:00,30.778333333333332
2012-07-21 07:00:00,94.72333333333333
2012-07-21 08:00:00,207.44333333333333
2012-07-21 09:00:00,291.55833333333334
2012-07-21 10:00:00,190.16833333333332
2012-07-21 11:00:00,412.25333333333333
2012-07-21 12:00:00,203.07833333333335
2012-07-21 13:00:00,188.27333333333334
2012-07-21 14:00:00,372.59
2012-07-21 15:00:00,203.00666666666666
2012-07-21 16:00:00,189.30333333333334
2012-07-21 17:00:00,185.37166666666667
2012-07-21 18:00:00,349.975
2012-07-21 19:00:00,318.8833333333333
2012-07-21 20:00:00,166.55666666666667
2012-07-21 21:00:00,197.11666666666667
2012-07-21 22:00:00,175.43333333333334
2012-07-21 23:00:00,160.39333333333335
2012-07-22 00:00:00,129.97166666666666
2012-07-22 01:00:00,117.295
2012-07-22 02:00:00,87.92166666666667
2012-07-22 03:00:00,33.58833333333333
2012-07-22 04:00:00,16.453333333333333
2012-07-22 05:00:00,15.843333333333334
2012-07-22 06:00:00,23.623333333333335
2012-07-22 07:00:00,93.13
2012-07-22 08:00:00,168.32666666666665
2012-07-22 09:00:00,269.99333333333334
2012-07-22 10:00:00,370.145
2012-07-22 11:00:00,385.2633333333333
2012-07-22 12:00:00,421.695
2012-07-22 13:00:00,414.1816666666667
2012-07-22 14:00:00,398.08
2012-07-22 15:00:00,400.1933333333333
2012-07-22 16:00:00,405.51166666666666
2012-07-22 17:00:00,416.04555555555555
2012-07-22 18:00:00,400.91833333333335
2012-07-22 19:00:00,336.9433333333333
2012-07-22 20:00:00,267.00333333333333
2012-07-22 21:00:00,213.19
2012-07-22 22:00:00,158.54833333333335
2012-07-22 23:00:00,109.36
2012-07-23 00:00:00,48.58833333333333
2012-07-23 01:00:00,17.511666666666667
2012-07-23 02:00:00,9.485
2012-07-23 03:00:00,6.89
2012-07-23 04:00:00,8.383333333333333
2012-07-23 05:00:00,42.065
2012-07-23 06:00:00,154.49166666666667
2012-07-23 07:00:00,462.1766666666667
2012-07-23 08:00:00,618.9583333333334
2012-07-23 09:00:00,325.41
2012-07-23 10:00:00,184.93666666666667
2012-07-23 11:00:00,230.0238888888889
2012-07-23 12:00:00,269.6690751126016
2012-07-23 13:00:00,263.00357192801505
2012-07-23 14:00:00,242.22007544268283
2012-07-23 15:00:00,266.35230398728623
2012-07-23 16:00:00,361.515
2012-07-23 17:00:00,789.9183333333333
2012-07-23 18:00:00,787.185
2012-07-23 19:00:00,540.8916666666667
2012-07-23 20:00:00,423.53333333333336
2012-07-23 21:00:00,299.92
2012-07-23 22:00:00,231.72333333333333
2012-07-23 23:00:00,131.18333333333334
2012-07-24 00:00:00,54.04666666666667
2012-07-24 01:00:00,21.351666666666667
2012-07-24 02:00:00,9.72
2012-07-24 03:00:00,6.17
2012-07-24 04:00:00,7.835
2012-07-24 05:00:00,42.75333333333333
2012-07-24 06:00:00,169.9
2012-07-24 07:00:00,491.2133333333333
2012-07-24 08:00:00,612.2466666666667
2012-07-24 09:00:00,309.09
2012-07-24 10:00:00,179.59944444444443
2012-07-24 11:00:00,198.17833333333334
2012-07-24 12:00:00,258.7641312098269
2012-07-24 13:00:00,244.51295229312313
2012-07-24 14:00:00,229.06903277139028
2012-07-24 15:00:00,268.26783313937773
2012-07-24 16:00:00,352.18333333333334
2012-07-24 17:00:00,754.7366666666667
2012-07-24 18:00:00,663.1466666666666
2012-07-24 19:00:00,530.4572222222223
2012-07-24 20:00:00,419.185
2012-07-24 21:00:00,303.9533333333333
2012-07-24 22:00:00,241.66333333333333
2012-07-24 23:00:00,141.15333333333334
2012-07-25 00:00:00,47.42166666666667
2012-07-25 01:00:00,23.895
2012-07-25 02:00:00,8.976666666666667
2012-07-25 03:00:00,6.191666666666666
2012-07-25 04:00:00,8.038333333333334
2012-07-25 05:00:00,40.67333333333333
2012-07-25 06:00:00,167.81666666666666
2012-07-25 07:00:00,448.275
2012-07-25 08:00:00,680.8566666666667
2012-07-25 09:00:00,321.71
2012-07-25 10:00:00,199.855
2012-07-25 11:00:00,241.47277777777776
2012-07-25 12:00:00,299.70898611111113
2012-07-25 13:00:00,272.1257197412736
2012-07-25 14:00:00,245.54719576057016
2012-07-25 15:00:00,267.220276651901
2012-07-25 16:00:00,410.0283333333333
2012-07-25 17:00:00,798.015
2012-07-25 18:00:00,793.1933333333334
2012-07-25 19:00:00,566.2916666666666
2012-07-25 20:00:00,428.1933333333333
2012-07-25 21:00:00,340.5416666666667
2012-07-25 22:00:00,270.315
2012-07-25 23:00:00,148.29166666666666
2012-07-26 00:00:00,62.96333333333333
2012-07-26 01:00:00,22.811666666666667
2012-07-26 02:00:00,10.18
2012-07-26 03:00:00,6.94
2012-07-26 04:00:00,7.710111111111111
2012-07-26 05:00:00,40.175
2012-07-26 06:00:00,168.97
2012-07-26 07:00:00,480.6716666666667
2012-07-26 08:00:00,630.5266666666666
2012-07-26 09:00:00,327.9888888888889
2012-07-26 10:00:00,192.73
2012-07-26 11:00:00,210.88333333333333
2012-07-26 12:00:00,267.9515333262291
2012-07-26 13:00:00,250.3755233426704
2012-07-26 14:00:00,207.15263492063494
2012-07-26 15:00:00,220.24118234720788
2012-07-26 16:00:00,380.875
2012-07-26 17:00:00,715.34
2012-07-26 18:00:00,718.2483333333333
2012-07-26 19:00:00,523.885
2012-07-26 20:00:00,431.6016666666667
2012-07-26 21:00:00,347.2866666666667
2012-07-26 22:00:00,285.98
2012-07-26 23:00:00,165.01666666666668
2012-07-27 00:00:00,76.30833333333334
2012-07-27 01:00:00,41.068333333333335
2012-07-27 02:00:00,20.378333333333334
2012-07-27 03:00:00,7.435
2012-07-27 04:00:00,8.376666666666667
2012-07-27 05:00:00,38.14
2012-07-27 06:00:00,163.155
2012-07-27 07:00:00,440.24666666666667
2012-07-27 08:00:00,662.1016666666667
2012-07-27 09:00:00,342.96
2012-07-27 10:00:00,245.04166666666666
2012-07-27 11:00:00,277.6166666666667
2012-07-27 12:00:00,330.05833333333334
2012-07-27 13:00:00,333.0566666666667
2012-07-27 14:00:00,331.09166666666664
2012-07-27 15:00:00,346.35833333333335
2012-07-27 16:00:00,401.93203703703705
2012-07-27 17:00:00,728.2133333333334
2012-07-27 18:00:00,749.7483333333333
2012-07-27 19:00:00,510.48425925925926
2012-07-27 20:00:00,380.60333333333335
2012-07-27 21:00:00,303.8383333333333
2012-07-27 22:00:00,282.48833333333334
2012-07-27 23:00:00,191.66333333333333
2012-07-28 00:00:00,163.83833333333334
2012-07-28 01:00:00,114.15666666666667
2012-07-28 02:00:00,87.95666666666666
2012-07-28 03:00:00,33.778333333333336
2012-07-28 04:00:00,15.506666666666666
2012-07-28 05:00:00,16.645
2012-07-28 06:00:00,36.17166666666667
2012-07-28 07:00:00,93.10666666666667
2012-07-28 08:00:00,167.97166666666666
2012-07-28 09:00:00,272.68
2012-07-28 10:00:00,435.62166666666667
2012-07-28 11:00:00,511.66391666666664
2012-07-28 12:00:00,544.4276666666666
2012-07-28 13:00:00,544.11
2012-07-28 14:00:00,537.3993333333333
2012-07-28 15:00:00,525.3782222222222
2012-07-28 16:00:00,524.3172037037037
2012-07-28 17:00:00,528.7075925925926
2012-07-28 18:00:00,511.29333333333335
2012-07-28 19:00:00,357.74666666666667
2012-07-28 20:00:00,243.57166666666666
2012-07-28 21:00:00,257.78333333333336
2012-07-28 22:00:00,242.25
2012-07-28 23:00:00,216.72666666666666
2012-07-29 00:00:00,150.035
2012-07-29 01:00:00,116.39666666666666
2012-07-29 02:00:00,91.70333333333333
2012-07-29 03:00:00,36.098333333333336
2012-07-29 04:00:00,16.561666666666667
2012-07-29 05:00:00,14.805
2012-07-29 06:00:00,23.11
2012-07-29 07:00:00,79.65
2012-07-29 08:00:00,131.075
2012-07-29 09:00:00,256.11833333333334
2012-07-29 10:00:00,406.7816666666667
2012-07-29 11:00:00,488.38416666666666
2012-07-29 12:00:00,536.7808333333334
2012-07-29 13:00:00,536.2409722222222
2012-07-29 14:00:00,539.0363055555555
2012-07-29 15:00:00,541.533
2012-07-29 16:00:00,525.1718888888888
2012-07-29 17:00:00,522.3
2012-07-29 18:00:00,506.34833333333336
2012-07-29 19:00:00,372.4766666666667
2012-07-29 20:00:00,280.795
2012-07-29 21:00:00,217.68166666666667
2012-07-29 22:00:00,153.21833333333333
2012-07-29 23:00:00,108.57166666666667
2012-07-30 00:00:00,53.04833333333333
2012-07-30 01:00:00,17.226666666666667
2012-07-30 02:00:00,11.455
2012-07-30 03:00:00,6.765
2012-07-30 04:00:00,8.696666666666667
2012-07-30 05:00:00,43.67333333333333
2012-07-30 06:00:00,153.91333333333333
2012-07-30 07:00:00,469.035
2012-07-30 08:00:00,635.7833333333333
2012-07-30 09:00:00,327.60333333333335
2012-07-30 10:00:00,185.97
2012-07-30 11:00:00,230.42666666666668
2012-07-30 12:00:00,272.9661139751553
2012-07-30 13:00:00,263.30635672012073
2012-07-30 14:00:00,243.69436620009577
2012-07-30 15:00:00,271.45268614448804
2012-07-30 16:00:00,364.12666666666667
2012-07-30 17:00:00,743.99
2012-07-30 18:00:00,700.1633333333333
2012-07-30 19:00:00,544.8116666666666
2012-07-30 20:00:00,409.8466666666667
2012-07-30 21:00:00,282.1816666666667
2012-07-30 22:00:00,233.86166666666668
2012-07-30 23:00:00,125.24
2012-07-31 00:00:00,48.96333333333333
2012-07-31 01:00:00,21.351666666666667
2012-07-31 02:00:00,9.558333333333334
2012-07-31 03:00:00,6.69
2012-07-31 04:00:00,7.835
2012-07-31 05:00:00,42.475
2012-07-31 06:00:00,167.78333333333333
2012-07-31 07:00:00,442.81333333333333
2012-07-31 08:00:00,635.7133333333334
2012-07-31 09:00:00,327.40166666666664
2012-07-31 10:00:00,190.57
2012-07-31 11:00:00,228.27
2012-07-31 12:00:00,284.3475
2012-07-31 13:00:00,254.11067686971015
2012-07-31 14:00:00,240.055340723938
2012-07-31 15:00:00,265.3415781529354
2012-07-31 16:00:00,345.46222222222224
2012-07-31 17:00:00,802.58
2012-07-31 18:00:00,747.8066666666666
2012-07-31 19:00:00,527.4785185185185
2012-07-31 20:00:00,397.41
2012-07-31 21:00:00,273.1333333333333
2012-07-31 22:00:00,224.695
2012-07-31 23:00:00,152.81333333333333
2012-08-20 00:00:00,37.891666666666666
2012-08-20 01:00:00,18.835
2012-08-20 02:00:00,8.42
2012-08-20 03:00:00,6.81
2012-08-20 04:00:00,8.75
2012-08-20 05:00:00,41.88
2012-08-20 06:00:00,154.29333333333332
2012-08-20 07:00:00,464.105
2012-08-20 08:00:00,673.825
2012-08-20 09:00:00,332.0611111111111
2012-08-20 10:00:00,200.82166666666666
2012-08-20 11:00:00,228.39
2012-08-20 12:00:00,297.87933251933254
2012-08-20 13:00:00,292.05494040591736
2012-08-20 14:00:00,258.4303867836137
2012-08-20 15:00:00,276.81392035679426
2012-08-20 16:00:00,442.30833333333334
2012-08-20 17:00:00,844.2583333333333
2012-08-20 18:00:00,696.95
2012-08-20 19:00:00,423.6483333333333
2012-08-20 20:00:00,294.4583333333333
2012-08-20 21:00:00,237.41333333333333
2012-08-20 22:00:00,145.63166666666666
2012-08-20 23:00:00,93.80833333333334
2012-08-21 00:00:00,37.21
2012-08-21 01:00:00,19.115
2012-08-21 02:00:00,7.248333333333333
2012-08-21 03:00:00,6.968333333333334
2012-08-21 04:00:00,7.446666666666666
2012-08-21 05:00:00,41.335
2012-08-21 06:00:00,171.28833333333333
2012-08-21 07:00:00,474.925
2012-08-21 08:00:00,679.4316666666666
2012-08-21 09:00:00,331.6722222222222
2012-08-21 10:00:00,199.39533333333333
2012-08-21 11:00:00,238.61766666666668
2012-08-21 12:00:00,300.1711904761905
2012-08-21 13:00:00,295.9348748000493
2012-08-21 14:00:00,253.68810705390644
2012-08-21 15:00:00,282.26828154608097
2012-08-21 16:00:00,463.99
2012-08-21 17:00:00,849.5266666666666
2012-08-21 18:00:00,847.3716666666667
2012-08-21 19:00:00,306.30833333333334
2012-08-21 20:00:00,401.22333333333336
2012-08-21 21:00:00,281.6116666666667
2012-08-21 22:00:00,147.51333333333332
2012-08-21 23:00:00,100.115
2012-08-22 00:00:00,44.818333333333335
2012-08-22 01:00:00,19.588333333333335
2012-08-22 02:00:00,9.378333333333334
2012-08-22 03:00:00,7.090111111111111
2012-08-22 04:00:00,7.846666666666667
2012-08-22 05:00:00,39.96666666666667
2012-08-22 06:00:00,173.79
2012-08-22 07:00:00,481.02
2012-08-22 08:00:00,675.355
2012-08-22 09:00:00,330.54277777777776
2012-08-22 10:00:00,200.65
2012-08-22 11:00:00,239.105
2012-08-22 12:00:00,301.13848484848484
2012-08-22 13:00:00,288.1251936526706
2012-08-22 14:00:00,254.3070788276806
2012-08-22 15:00:00,275.013666317676
2012-08-22 16:00:00,426.9483333333333
2012-08-22 17:00:00,822.72
2012-08-22 18:00:00,794.54
2012-08-22 19:00:00,538.4766666666667
2012-08-22 20:00:00,411.5233333333333
2012-08-22 21:00:00,298.44666666666666
2012-08-22 22:00:00,263.11833333333334
2012-08-22 23:00:00,124.49
2012-08-23 00:00:00,67.40333333333334
2012-08-23 01:00:00,24.09
2012-08-23 02:00:00,11.941666666666666
2012-08-23 03:00:00,7.138333333333334
2012-08-23 04:00:00,7.666666666666667
2012-08-23 05:00:00,41.77166666666667
2012-08-23 06:00:00,161.935
2012-08-23 07:00:00,447.2266666666667
2012-08-23 08:00:00,668.18
2012-08-23 09:00:00,330.97833333333335
2012-08-23 10:00:00,201.95166666666665
2012-08-23 11:00:00,244.2211111111111
2012-08-23 12:00:00,305.27388888888885
2012-08-23 13:00:00,285.1088121822891
2012-08-23 14:00:00,248.90331838456942
2012-08-23 15:00:00,272.6917480276327
2012-08-23 16:00:00,426.355
2012-08-23 17:00:00,840.3066666666666
2012-08-23 18:00:00,832.5266666666666
2012-08-23 19:00:00,589.645
2012-08-23 20:00:00,433.8566666666667
2012-08-23 21:00:00,326.23333333333335
2012-08-23 22:00:00,265.0466666666667
2012-08-23 23:00:00,172.98166666666665
2012-08-24 00:00:00,73.00833333333334
2012-08-24 01:00:00,39.02333333333333
2012-08-24 02:00:00,19.381666666666668
2012-08-24 03:00:00,8.1
2012-08-24 04:00:00,8.01
2012-08-24 05:00:00,40.681666666666665
2012-08-24 06:00:00,157.88666666666666
2012-08-24 07:00:00,411.9433333333333
2012-08-24 08:00:00,655.5533333333333
2012-08-24 09:00:00,364.405
2012-08-24 10:00:00,255.375
2012-08-24 11:00:00,283.9866666666667
2012-08-24 12:00:00,358.365
2012-08-24 13:00:00,359.415
2012-08-24 14:00:00,356.87666666666667
2012-08-24 15:00:00,355.8516666666667
2012-08-24 16:00:00,471.57166666666666
2012-08-24 17:00:00,820.1883333333334
2012-08-24 18:00:00,756.055
2012-08-24 19:00:00,546.4685185185185
2012-08-24 20:00:00,389.3383333333333
2012-08-24 21:00:00,298.7816666666667
2012-08-24 22:00:00,257.7183333333333
2012-08-24 23:00:00,203.58833333333334
2012-08-25 00:00:00,158.99
2012-08-25 01:00:00,123.22
2012-08-25 02:00:00,100.54
2012-08-25 03:00:00,35.72666666666667
2012-08-25 04:00:00,16.843333333333334
2012-08-25 05:00:00,15.665
2012-08-25 06:00:00,33.06
2012-08-25 07:00:00,88.47333333333333
2012-08-25 08:00:00,187.25666666666666
2012-08-25 09:00:00,287.2
2012-08-25 10:00:00,407.20666666666665
2012-08-25 11:00:00,443.0475
2012-08-25 12:00:00,552.5816666666667
2012-08-25 13:00:00,565.7672222222222
2012-08-25 14:00:00,358.685
2012-08-25 15:00:00,316.4
2012-08-25 16:00:00,382.75
2012-08-25 17:00:00,384.835
2012-08-25 18:00:00,412.5416666666667
2012-08-25 19:00:00,367.5933333333333
2012-08-25 20:00:00,197.90166666666667
2012-08-25 21:00:00,213.75166666666667
2012-08-25 22:00:00,185.72666666666666
2012-08-25 23:00:00,173.72666666666666
2012-08-26 00:00:00,148.33666666666667
2012-08-26 01:00:00,121.06
2012-08-26 02:00:00,90.00833333333334
2012-08-26 03:00:00,37.305
2012-08-26 04:00:00,15.298333333333334
2012-08-26 05:00:00,14.815
2012-08-26 06:00:00,16.81
2012-08-26 07:00:00,82.16333333333333
2012-08-26 08:00:00,137.26166666666666
2012-08-26 09:00:00,261.35833333333335
2012-08-26 10:00:00,402.01666666666665
2012-08-26 11:00:00,428.03333333333336
2012-08-26 12:00:00,372.8883333333333
2012-08-26 13:00:00,298.08
2012-08-26 14:00:00,375.99
2012-08-26 15:00:00,224.71
2012-08-26 16:00:00,213.79
2012-08-26 17:00:00,333.7216666666667
2012-08-26 18:00:00,338.795
2012-08-26 19:00:00,300.71
2012-08-26 20:00:00,228.48833333333334
2012-08-26 21:00:00,178.71333333333334
2012-08-26 22:00:00,128.74
2012-08-26 23:00:00,91.96333333333334
2012-08-27 00:00:00,45.325
2012-08-27 01:00:00,16.86
2012-08-27 02:00:00,8.37
2012-08-27 03:00:00,6.901666666666666
2012-08-27 04:00:00,8.548333333333334
2012-08-27 05:00:00,42.01
2012-08-27 06:00:00,155.67666666666668
2012-08-27 07:00:00,296.6666666666667
2012-08-27 08:00:00,543.4616666666667
2012-08-27 09:00:00,312.5566666666667
2012-08-27 10:00:00,193.795
2012-08-27 11:00:00,225.69833333333332
2012-08-27 12:00:00,288.5822222222222
2012-08-27 13:00:00,277.654243515921
2012-08-27 14:00:00,256.33262918118163
2012-08-27 15:00:00,272.30365580597294
2012-08-27 16:00:00,428.37
2012-08-27 17:00:00,842.6166666666667
2012-08-27 18:00:00,842.07
2012-08-27 19:00:00,578.22
2012-08-27 20:00:00,429.3233333333333
2012-08-27 21:00:00,289.6016666666667
2012-08-27 22:00:00,237.64
2012-08-27 23:00:00,124.71833333333333
2012-08-28 00:00:00,46.83833333333333
2012-08-28 01:00:00,19.005
2012-08-28 02:00:00,9.998333333333333
2012-08-28 03:00:00,6.631666666666667
2012-08-28 04:00:00,8.0
2012-08-28 05:00:00,41.781666666666666
2012-08-28 06:00:00,166.16833333333332
2012-08-28 07:00:00,321.84833333333336
2012-08-28 08:00:00,607.64
2012-08-28 09:00:00,329.02730158730157
2012-08-28 10:00:00,192.32944444444442
2012-08-28 11:00:00,234.33916666666667
2012-08-28 12:00:00,280.6222599206349
2012-08-28 13:00:00,270.82393336663773
2012-08-28 14:00:00,247.98869458988585
2012-08-28 15:00:00,269.753460508235
2012-08-28 16:00:00,447.62666666666667
2012-08-28 17:00:00,825.8683333333333
2012-08-28 18:00:00,840.3183333333334
2012-08-28 19:00:00,581.0866666666667
2012-08-28 20:00:00,428.315
2012-08-28 21:00:00,308.25333333333333
2012-08-28 22:00:00,239.12333333333333
2012-08-28 23:00:00,148.36166666666668
2012-08-29 00:00:00,52.38
2012-08-29 01:00:00,18.876666666666665
2012-08-29 02:00:00,10.336666666666666
2012-08-29 03:00:00,6.877333333333333
2012-08-29 04:00:00,7.398333333333333
2012-08-29 05:00:00,39.943333333333335
2012-08-29 06:00:00,173.145
2012-08-29 07:00:00,460.945
2012-08-29 08:00:00,720.53
2012-08-29 09:00:00,338.93333333333334
2012-08-29 10:00:00,199.28
2012-08-29 11:00:00,241.77277777777775
2012-08-29 12:00:00,302.2988888888889
2012-08-29 13:00:00,296.04448930765903
2012-08-29 14:00:00,254.241412161014
2012-08-29 15:00:00,272.91700975201945
2012-08-29 16:00:00,458.155
2012-08-29 17:00:00,870.1016666666667
2012-08-29 18:00:00,843.3183333333334
2012-08-29 19:00:00,589.4208333333333
2012-08-29 20:00:00,433.505
2012-08-29 21:00:00,323.28833333333336
2012-08-29 22:00:00,268.545
2012-08-29 23:00:00,157.03666666666666
2012-08-30 00:00:00,68.12666666666667
2012-08-30 01:00:00,22.49
2012-08-30 02:00:00,12.563333333333333
2012-08-30 03:00:00,6.913444444444444
2012-08-30 04:00:00,7.783444444444444
2012-08-30 05:00:00,40.67
2012-08-30 06:00:00,166.59333333333333
2012-08-30 07:00:00,471.05833333333334
2012-08-30 08:00:00,705.605
2012-08-30 09:00:00,330.2361111111111
2012-08-30 10:00:00,199.97333333333333
2012-08-30 11:00:00,246.18277777777777
2012-08-30 12:00:00,301.3949987373737
2012-08-30 13:00:00,288.80077322125015
2012-08-30 14:00:00,250.87497408520096
2012-08-30 15:00:00,274.3803789800137
2012-08-30 16:00:00,423.98833333333334
2012-08-30 17:00:00,868.6533333333333
2012-08-30 18:00:00,839.3416666666667
2012-08-30 19:00:00,605.8116666666666
2012-08-30 20:00:00,444.1766666666667
2012-08-30 21:00:00,325.84833333333336
2012-08-30 22:00:00,255.005
2012-08-30 23:00:00,166.58666666666667
2012-08-31 00:00:00,71.455
2012-08-31 01:00:00,37.64
2012-08-31 02:00:00,14.055
2012-08-31 03:00:00,8.53
2012-08-31 04:00:00,8.858333333333333
2012-08-31 05:00:00,39.903333333333336
2012-08-31 06:00:00,158.35666666666665
2012-08-31 07:00:00,379.10333333333335
2012-08-31 08:00:00,648.0433333333333
2012-08-31 09:00:00,347.96166666666664
2012-08-31 10:00:00,241.41833333333332
2012-08-31 11:00:00,276.415
2012-08-31 12:00:00,340.285
2012-08-31 13:00:00,337.10333333333335
2012-08-31 14:00:00,319.035
2012-08-31 15:00:00,322.1016666666667
2012-08-31 16:00:00,464.81333333333333
2012-08-31 17:00:00,834.6166666666667
2012-08-31 18:00:00,794.1483333333333
2012-08-31 19:00:00,543.3516666666667
2012-08-31 20:00:00,399.6333333333333
2012-08-31 21:00:00,303.815
2012-08-31 22:00:00,268.9266666666667
2012-08-31 23:00:00,205.07
2012-09-20 00:00:00,55.89833333333333
2012-09-20 01:00:00,19.565
2012-09-20 02:00:00,12.993333333333334
2012-09-20 03:00:00,7.2098148148148145
2012-09-20 04:00:00,7.549814814814814
2012-09-20 05:00:00,44.473333333333336
2012-09-20 06:00:00,182.355
2012-09-20 07:00:00,468.725
2012-09-20 08:00:00,756.1583333333333
2012-09-20 09:00:00,355.3833333333333
2012-09-20 10:00:00,209.09658333333334
2012-09-20 11:00:00,241.35277777777776
2012-09-20 12:00:00,323.6872943722944
2012-09-20 13:00:00,316.90396103896103
2012-09-20 14:00:00,315.88666666666666
2012-09-20 15:00:00,330.85833333333335
2012-09-20 16:00:00,456.04
2012-09-20 17:00:00,868.9383333333334
2012-09-20 18:00:00,852.9366666666666
2012-09-20 19:00:00,531.0868518518519
2012-09-20 20:00:00,400.73
2012-09-20 21:00:00,305.34166666666664
2012-09-20 22:00:00,220.68666666666667
2012-09-20 23:00:00,148.58666666666667
2012-09-21 00:00:00,71.70666666666666
2012-09-21 01:00:00,35.78666666666667
2012-09-21 02:00:00,21.086666666666666
2012-09-21 03:00:00,9.523333333333333
2012-09-21 04:00:00,9.873333333333333
2012-09-21 05:00:00,46.045
2012-09-21 06:00:00,173.72666666666666
2012-09-21 07:00:00,476.12833333333333
2012-09-21 08:00:00,730.7516666666667
2012-09-21 09:00:00,356.3491666666667
2012-09-21 10:00:00,244.76333333333332
2012-09-21 11:00:00,279.97
2012-09-21 12:00:00,364.05333333333334
2012-09-21 13:00:00,397.275
2012-09-21 14:00:00,387.16700000000003
2012-09-21 15:00:00,388.3183333333333
2012-09-21 16:00:00,507.32166666666666
2012-09-21 17:00:00,845.6533333333333
2012-09-21 18:00:00,800.6966666666667
2012-09-21 19:00:00,567.74
2012-09-21 20:00:00,396.23833333333334
2012-09-21 21:00:00,274.49
2012-09-21 22:00:00,227.95666666666668
2012-09-21 23:00:00,177.70333333333335
2012-09-22 00:00:00,155.3
2012-09-22 01:00:00,108.845
2012-09-22 02:00:00,79.80166666666666
2012-09-22 03:00:00,31.901666666666667
2012-09-22 04:00:00,19.676666666666666
2012-09-22 05:00:00,20.673333333333332
2012-09-22 06:00:00,35.045
2012-09-22 07:00:00,97.26666666666667
2012-09-22 08:00:00,196.64666666666668
2012-09-22 09:00:00,311.86
2012-09-22 10:00:00,402.2316666666667
2012-09-22 11:00:00,551.4833333333333
2012-09-22 12:00:00,596.5926666666667
2012-09-22 13:00:00,588.9443333333332
2012-09-22 14:00:00,583.4293333333333
2012-09-22 15:00:00,568.2016666666667
2012-09-22 16:00:00,556.9976666666666
2012-09-22 17:00:00,552.4676666666667
2012-09-22 18:00:00,515.3616666666667
2012-09-22 19:00:00,422.57666666666665
2012-09-22 20:00:00,297.6166666666667
2012-09-22 21:00:00,276.8833333333333
2012-09-22 22:00:00,263.2966666666667
2012-09-22 23:00:00,214.71833333333333
2012-09-23 00:00:00,159.315
2012-09-23 01:00:00,113.78333333333333
2012-09-23 02:00:00,77.86166666666666
2012-09-23 03:00:00,37.805
2012-09-23 04:00:00,12.866666666666667
2012-09-23 05:00:00,12.526666666666667
2012-09-23 06:00:00,20.885
2012-09-23 07:00:00,106.58666666666667
2012-09-23 08:00:00,142.57166666666666
2012-09-23 09:00:00,273.3283333333333
2012-09-23 10:00:00,405.04333333333335
2012-09-23 11:00:00,480.66
2012-09-23 12:00:00,611.9945833333334
2012-09-23 13:00:00,650.7556944444444
2012-09-23 14:00:00,634.291875
2012-09-23 15:00:00,627.3502083333333
2012-09-23 16:00:00,613.741
2012-09-23 17:00:00,552.6833333333333
2012-09-23 18:00:00,499.65166666666664
2012-09-23 19:00:00,359.61333333333334
2012-09-23 20:00:00,262.865
2012-09-23 21:00:00,179.20666666666668
2012-09-23 22:00:00,144.89833333333334
2012-09-23 23:00:00,70.43666666666667
2012-09-24 00:00:00,45.57833333333333
2012-09-24 01:00:00,14.933333333333334
2012-09-24 02:00:00,9.826666666666666
2012-09-24 03:00:00,5.477916666666666
2012-09-24 04:00:00,9.064166666666667
2012-09-24 05:00:00,42.788333333333334
2012-09-24 06:00:00,160.94833333333332
2012-09-24 07:00:00,444.88
2012-09-24 08:00:00,795.6466666666666
2012-09-24 09:00:00,352.37166666666667
2012-09-24 10:00:00,207.4211111111111
2012-09-24 11:00:00,265.7578571428572
2012-09-24 12:00:00,322.59285714285716
2012-09-24 13:00:00,306.1361904761905
2012-09-24 14:00:00,303.35
2012-09-24 15:00:00,312.485
2012-09-24 16:00:00,453.47333333333336
2012-09-24 17:00:00,843.8666666666667
2012-09-24 18:00:00,831.0566666666666
2012-09-24 19:00:00,491.855
2012-09-24 20:00:00,353.675
2012-09-24 21:00:00,261.59166666666664
2012-09-24 22:00:00,153.61333333333334
2012-09-24 23:00:00,96.45666666666666
2012-09-25 00:00:00,44.99
2012-09-25 01:00:00,14.893333333333333
2012-09-25 02:00:00,8.576666666666666
2012-09-25 03:00:00,4.812037037037038
2012-09-25 04:00:00,7.5431481481481475
2012-09-25 05:00:00,41.725
2012-09-25 06:00:00,175.98
2012-09-25 07:00:00,442.46666666666664
2012-09-25 08:00:00,775.8016666666666
2012-09-25 09:00:00,354.50666666666666
2012-09-25 10:00:00,203.79222222222222
2012-09-25 11:00:00,235.3306349206349
2012-09-25 12:00:00,311.98785714285714
2012-09-25 13:00:00,312.50742424242424
2012-09-25 14:00:00,315.52
2012-09-25 15:00:00,326.29125
2012-09-25 16:00:00,476.73833333333334
2012-09-25 17:00:00,885.0233333333333
2012-09-25 18:00:00,878.4666666666667
2012-09-25 19:00:00,569.2066666666667
2012-09-25 20:00:00,421.4716666666667
2012-09-25 21:00:00,269.89
2012-09-25 22:00:00,238.175
2012-09-25 23:00:00,137.135
2012-09-26 00:00:00,43.221666666666664
2012-09-26 01:00:00,23.155
2012-09-26 02:00:00,6.531666666666666
2012-09-26 03:00:00,5.398333333333333
2012-09-26 04:00:00,7.756666666666667
2012-09-26 05:00:00,40.805
2012-09-26 06:00:00,172.91166666666666
2012-09-26 07:00:00,501.585
2012-09-26 08:00:00,752.07
2012-09-26 09:00:00,343.4216666666667
2012-09-26 10:00:00,202.29833333333335
2012-09-26 11:00:00,223.755
2012-09-26 12:00:00,330.2456277056277
2012-09-26 13:00:00,320.81753246753243
2012-09-26 14:00:00,284.60579365079366
2012-09-26 15:00:00,294.50412698412697
2012-09-26 16:00:00,459.42
2012-09-26 17:00:00,823.5566666666666
2012-09-26 18:00:00,842.1266666666667
2012-09-26 19:00:00,576.3458333333333
2012-09-26 20:00:00,430.63666666666666
2012-09-26 21:00:00,310.2033333333333
2012-09-26 22:00:00,241.55
2012-09-26 23:00:00,111.22333333333333
2012-09-27 00:00:00,66.23833333333333
2012-09-27 01:00:00,21.421666666666667
2012-09-27 02:00:00,13.038333333333334
2012-09-27 03:00:00,7.281777777777777
2012-09-27 04:00:00,7.321666666666666
2012-09-27 05:00:00,40.266666666666666
2012-09-27 06:00:00,165.36666666666667
2012-09-27 07:00:00,483.4683333333333
2012-09-27 08:00:00,701.7066666666667
2012-09-27 09:00:00,336.89
2012-09-27 10:00:00,198.36
2012-09-27 11:00:00,242.5971904761905
2012-09-27 12:00:00,305.43348484848485
2012-09-27 13:00:00,295.92015151515153
2012-09-27 14:00:00,286.86716666666666
2012-09-27 15:00:00,296.4538333333333
2012-09-27 16:00:00,463.5133333333333
2012-09-27 17:00:00,748.0833333333334
2012-09-27 18:00:00,760.525
2012-09-27 19:00:00,578.9633333333334
2012-09-27 20:00:00,409.325
2012-09-27 21:00:00,256.16
2012-09-27 22:00:00,166.21166666666667
2012-09-27 23:00:00,120.67333333333333
2012-09-28 00:00:00,66.16166666666666
2012-09-28 01:00:00,28.323333333333334
2012-09-28 02:00:00,12.505
2012-09-28 03:00:00,6.583333333333333
2012-09-28 04:00:00,7.921666666666667
2012-09-28 05:00:00,38.12166666666667
2012-09-28 06:00:00,155.205
2012-09-28 07:00:00,409.31
2012-09-28 08:00:00,515.695
2012-09-28 09:00:00,353.8066666666667
2012-09-28 10:00:00,224.09666666666666
2012-09-28 11:00:00,276.24666666666667
2012-09-28 12:00:00,397.31
2012-09-28 13:00:00,398.425
2012-09-28 14:00:00,394.45666666666665
2012-09-28 15:00:00,393.67833333333334
2012-09-28 16:00:00,516.1116666666667
2012-09-28 17:00:00,827.53
2012-09-28 18:00:00,845.435
2012-09-28 19:00:00,522.46
2012-09-28 20:00:00,379.945
2012-09-28 21:00:00,262.14666666666665
2012-09-28 22:00:00,225.05166666666668
2012-09-28 23:00:00,170.95333333333335
2012-09-29 00:00:00,154.27
2012-09-29 01:00:00,108.76833333333333
2012-09-29 02:00:00,78.70666666666666
2012-09-29 03:00:00,34.25333333333333
2012-09-29 04:00:00,21.868333333333332
2012-09-29 05:00:00,18.111666666666668
2012-09-29 06:00:00,34.58
2012-09-29 07:00:00,102.72833333333334
2012-09-29 08:00:00,199.74
2012-09-29 09:00:00,308.1983333333333
2012-09-29 10:00:00,409.125
2012-09-29 11:00:00,490.8275
2012-09-29 12:00:00,649.1006944444445
2012-09-29 13:00:00,651.5596944444445
2012-09-29 14:00:00,633.7725416666667
2012-09-29 15:00:00,597.649625
2012-09-29 16:00:00,596.598875
2012-09-29 17:00:00,599.706
2012-09-29 18:00:00,478.26166666666666
2012-09-29 19:00:00,363.3183333333333
2012-09-29 20:00:00,258.80833333333334
2012-09-29 21:00:00,235.91
2012-09-29 22:00:00,220.78833333333333
2012-09-29 23:00:00,182.74
2012-09-30 00:00:00,156.85833333333332
2012-09-30 01:00:00,112.15166666666667
2012-09-30 02:00:00,75.01666666666667
2012-09-30 03:00:00,42.02333333333333
2012-09-30 04:00:00,12.708333333333334
2012-09-30 05:00:00,12.095
2012-09-30 06:00:00,25.96
2012-09-30 07:00:00,109.53
2012-09-30 08:00:00,139.06
2012-09-30 09:00:00,281.95666666666665
2012-09-30 10:00:00,412.25
2012-09-30 11:00:00,555.5766666666667
2012-09-30 12:00:00,637.8640277777778
2012-09-30 13:00:00,643.3048611111111
2012-09-30 14:00:00,619.3385416666666
2012-09-30 15:00:00,627.5002083333334
2012-09-30 16:00:00,626.2302083333333
2012-09-30 17:00:00,595.24
2012-09-30 18:00:00,445.035
2012-09-30 19:00:00,234.40166666666667
2012-09-30 20:00:00,201.19666666666666
2012-09-30 21:00:00,174.88166666666666
2012-09-30 22:00:00,130.08166666666668
2012-09-30 23:00:00,71.39666666666666
2012-10-20 00:00:00,134.28666666666666
2012-10-20 01:00:00,109.39
2012-10-20 02:00:00,75.03
2012-10-20 03:00:00,30.106666666666666
2012-10-20 04:00:00,12.036666666666667
2012-10-20 05:00:00,11.201666666666666
2012-10-20 06:00:00,30.435
2012-10-20 07:00:00,131.95833333333334
2012-10-20 08:00:00,187.21
2012-10-20 09:00:00,312.76
2012-10-20 10:00:00,407.82666666666665
2012-10-20 11:00:00,492.20666666666665
2012-10-20 12:00:00,603.4395833333333
2012-10-20 13:00:00,622.28625
2012-10-20 14:00:00,620.79
2012-10-20 15:00:00,604.0554166666667
2012-10-20 16:00:00,556.508875
2012-10-20 17:00:00,560.0108333333334
2012-10-20 18:00:00,508.81333333333333
2012-10-20 19:00:00,356.015
2012-10-20 20:00:00,263.0833333333333
2012-10-20 21:00:00,229.53
2012-10-20 22:00:00,185.80166666666668
2012-10-20 23:00:00,156.22166666666666
2012-10-21 00:00:00,134.935
2012-10-21 01:00:00,112.66666666666667
2012-10-21 02:00:00,75.44833333333334
2012-10-21 03:00:00,42.97833333333333
2012-10-21 04:00:00,11.821666666666667
2012-10-21 05:00:00,11.408333333333333
2012-10-21 06:00:00,20.185
2012-10-21 07:00:00,117.10333333333334
2012-10-21 08:00:00,145.89
2012-10-21 09:00:00,270.49
2012-10-21 10:00:00,397.47833333333335
2012-10-21 11:00:00,472.4766666666667
2012-10-21 12:00:00,559.8668333333333
2012-10-21 13:00:00,590.6295833333334
2012-10-21 14:00:00,641.26
2012-10-21 15:00:00,592.9576666666667
2012-10-21 16:00:00,607.7352083333334
2012-10-21 17:00:00,527.6025
2012-10-21 18:00:00,484.81333333333333
2012-10-21 19:00:00,343.0416666666667
2012-10-21 20:00:00,259.01
2012-10-21 21:00:00,163.81833333333333
2012-10-21 22:00:00,126.84166666666667
2012-10-21 23:00:00,89.55833333333334
2012-10-22 00:00:00,42.55166666666667
2012-10-22 01:00:00,14.333333333333334
2012-10-22 02:00:00,9.571666666666667
2012-10-22 03:00:00,5.79
2012-10-22 04:00:00,8.558333333333334
2012-10-22 05:00:00,35.79333333333334
2012-10-22 06:00:00,154.66833333333332
2012-10-22 07:00:00,373.20166666666665
2012-10-22 08:00:00,761.9516666666667
2012-10-22 09:00:00,349.065
2012-10-22 10:00:00,215.28333333333333
2012-10-22 11:00:00,266.45452380952383
2012-10-22 12:00:00,324.78833333333336
2012-10-22 13:00:00,308.02166666666665
2012-10-22 14:00:00,306.145
2012-10-22 15:00:00,320.50958333333335
2012-10-22 16:00:00,480.8616666666667
2012-10-22 17:00:00,915.475
2012-10-22 18:00:00,723.1466666666666
2012-10-22 19:00:00,487.19
2012-10-22 20:00:00,353.22333333333336
2012-10-22 21:00:00,244.10333333333332
2012-10-22 22:00:00,156.485
2012-10-22 23:00:00,94.76166666666667
2012-10-23 00:00:00,40.41833333333334
2012-10-23 01:00:00,14.78
2012-10-23 02:00:00,7.226666666666667
2012-10-23 03:00:00,5.611481481481481
2012-10-23 04:00:00,7.507870370370371
2012-10-23 05:00:00,40.913333333333334
2012-10-23 06:00:00,171.61666666666667
2012-10-23 07:00:00,441.1016666666667
2012-10-23 08:00:00,769.3983333333333
2012-10-23 09:00:00,363.15166666666664
2012-10-23 10:00:00,217.82166666666666
2012-10-23 11:00:00,234.61766666666668
2012-10-23 12:00:00,314.63666666666666
2012-10-23 13:00:00,307.9508333333333
2012-10-23 14:00:00,310.75
2012-10-23 15:00:00,319.80291666666665
2012-10-23 16:00:00,471.94666666666666
2012-10-23 17:00:00,893.1966666666667
2012-10-23 18:00:00,871.5733333333334
2012-10-23 19:00:00,564.1033333333334
2012-10-23 20:00:00,406.44666666666666
2012-10-23 21:00:00,263.11333333333334
2012-10-23 22:00:00,182.445
2012-10-23 23:00:00,97.50666666666666
2012-10-24 00:00:00,46.78
2012-10-24 01:00:00,20.086666666666666
2012-10-24 02:00:00,7.723333333333334
2012-10-24 03:00:00,6.502731481481481
2012-10-24 04:00:00,7.060648148148148
2012-10-24 05:00:00,42.19
2012-10-24 06:00:00,176.11333333333334
2012-10-24 07:00:00,451.025
2012-10-24 08:00:00,538.3783333333333
2012-10-24 09:00:00,370.6566666666667
2012-10-24 10:00:00,219.485
2012-10-24 11:00:00,241.9537878787879
2012-10-24 12:00:00,318.89
2012-10-24 13:00:00,317.055
2012-10-24 14:00:00,308.4316666666667
2012-10-24 15:00:00,316.89
2012-10-24 16:00:00,481.64
2012-10-24 17:00:00,881.8133333333334
2012-10-24 18:00:00,865.2916666666666
2012-10-24 19:00:00,565.4266666666666
2012-10-24 20:00:00,421.39166666666665
2012-10-24 21:00:00,293.335
2012-10-24 22:00:00,261.5283333333333
2012-10-24 23:00:00,122.55333333333333
2012-10-25 00:00:00,59.233333333333334
2012-10-25 01:00:00,23.391666666666666
2012-10-25 02:00:00,12.233333333333333
2012-10-25 03:00:00,6.037916666666667
2012-10-25 04:00:00,7.125
2012-10-25 05:00:00,41.20166666666667
2012-10-25 06:00:00,163.165
2012-10-25 07:00:00,447.495
2012-10-25 08:00:00,539.87
2012-10-25 09:00:00,367.73833333333334
2012-10-25 10:00:00,199.52833333333334
2012-10-25 11:00:00,190.28333333333333
2012-10-25 12:00:00,261.41
2012-10-25 13:00:00,251.78
2012-10-25 14:00:00,270.34833333333336
2012-10-25 15:00:00,330.22
2012-10-25 16:00:00,442.95166666666665
2012-10-25 17:00:00,741.4516666666667
2012-10-25 18:00:00,385.34166666666664
2012-10-25 19:00:00,320.2
2012-10-25 20:00:00,289.93333333333334
2012-10-25 21:00:00,256.5733333333333
2012-10-25 22:00:00,206.77666666666667
2012-10-25 23:00:00,134.90333333333334
2012-10-26 00:00:00,66.435
2012-10-26 01:00:00,25.875
2012-10-26 02:00:00,11.333333333333334
2012-10-26 03:00:00,6.721666666666667
2012-10-26 04:00:00,7.531666666666666
2012-10-26 05:00:00,39.955
2012-10-26 06:00:00,155.38833333333332
2012-10-26 07:00:00,416.86833333333334
2012-10-26 08:00:00,502.96
2012-10-26 09:00:00,362.87333333333333
2012-10-26 10:00:00,217.595
2012-10-26 11:00:00,250.6137878787879
2012-10-26 12:00:00,340.02666666666664
2012-10-26 13:00:00,346.9
2012-10-26 14:00:00,360.965
2012-10-26 15:00:00,376.815
2012-10-26 16:00:00,446.8833333333333
2012-10-26 17:00:00,742.8133333333334
2012-10-26 18:00:00,705.995
2012-10-26 19:00:00,321.6
2012-10-26 20:00:00,281.8233333333333
2012-10-26 21:00:00,255.67833333333334
2012-10-26 22:00:00,200.03833333333333
2012-10-26 23:00:00,164.005
2012-10-27 00:00:00,143.20833333333334
2012-10-27 01:00:00,119.12833333333333
2012-10-27 02:00:00,75.41333333333333
2012-10-27 03:00:00,31.841666666666665
2012-10-27 04:00:00,17.08
2012-10-27 05:00:00,18.393333333333334
2012-10-27 06:00:00,30.995
2012-10-27 07:00:00,105.93
2012-10-27 08:00:00,200.38
2012-10-27 09:00:00,309.76
2012-10-27 10:00:00,388.29333333333335
2012-10-27 11:00:00,465.1025
2012-10-27 12:00:00,618.3440277777778
2012-10-27 13:00:00,639.7005277777779
2012-10-27 14:00:00,609.1900416666667
2012-10-27 15:00:00,472.6566666666667
2012-10-27 16:00:00,483.4433333333333
2012-10-27 17:00:00,488.44666666666666
2012-10-27 18:00:00,470.6483333333333
2012-10-27 19:00:00,362.88666666666666
2012-10-27 20:00:00,252.73
2012-10-27 21:00:00,217.48
2012-10-27 22:00:00,201.92666666666668
2012-10-27 23:00:00,159.26666666666668
2012-10-28 00:00:00,134.45666666666668
2012-10-28 01:00:00,109.59333333333333
2012-10-28 02:00:00,80.27833333333334
2012-10-28 03:00:00,38.111666666666665
2012-10-28 04:00:00,17.401666666666667
2012-10-28 05:00:00,19.55666666666667
2012-10-28 06:00:00,22.618333333333332
2012-10-28 07:00:00,89.54333333333334
2012-10-28 08:00:00,145.39333333333335
2012-10-28 09:00:00,268.48833333333334
2012-10-28 10:00:00,362.62333333333333
2012-10-28 11:00:00,449.38166666666666
2012-10-28 12:00:00,483.97
2012-10-28 13:00:00,485.26166666666666
2012-10-28 14:00:00,485.55333333333334
2012-10-28 15:00:00,472.9066666666667
2012-10-28 16:00:00,295.605
2012-10-28 17:00:00,227.315
2012-10-28 18:00:00,193.96833333333333
2012-10-28 19:00:00,184.60666666666665
2012-10-28 20:00:00,178.385
2012-10-28 21:00:00,147.225
2012-10-28 22:00:00,116.085
2012-10-28 23:00:00,79.60333333333334
2012-10-29 00:00:00,33.56
2012-10-30 13:00:00,160.1
2012-10-30 14:00:00,160.45
2012-10-30 15:00:00,193.26666666666668
2012-10-30 16:00:00,235.475
2012-10-30 17:00:00,369.105
2012-10-30 18:00:00,405.355
2012-10-30 19:00:00,498.3625
2012-10-30 20:00:00,250.04833333333335
2012-10-30 21:00:00,184.32666666666665
2012-10-30 22:00:00,131.12666666666667
2012-10-30 23:00:00,94.15833333333333
2012-10-31 00:00:00,31.623333333333335
2012-10-31 01:00:00,15.531666666666666
2012-10-31 02:00:00,6.8133333333333335
2012-10-31 03:00:00,5.21625
2012-10-31 04:00:00,7.095
2012-10-31 05:00:00,33.553333333333335
2012-10-31 06:00:00,147.55666666666667
2012-10-31 07:00:00,323.7846666666666
2012-10-31 08:00:00,665.1366666666667
2012-10-31 09:00:00,315.09166666666664
2012-10-31 10:00:00,166.74699999999999
2012-10-31 11:00:00,173.365
2012-10-31 12:00:00,239.94
2012-10-31 13:00:00,242.385
2012-10-31 14:00:00,227.77166666666668
2012-10-31 15:00:00,238.41833333333332
2012-10-31 16:00:00,362.5
2012-10-31 17:00:00,624.4016666666666
2012-10-31 18:00:00,581.2683333333333
2012-10-31 19:00:00,366.03111111111116
2012-10-31 20:00:00,317.05833333333334
2012-10-31 21:00:00,202.8
2012-10-31 22:00:00,137.08833333333334
2012-10-31 23:00:00,98.79666666666667
2012-11-20 00:00:00,31.04
2012-11-20 01:00:00,16.143333333333334
2012-11-20 02:00:00,6.425
2012-11-20 03:00:00,4.451666666666667
2012-11-20 04:00:00,8.68
2012-11-20 05:00:00,38.153333333333336
2012-11-20 06:00:00,139.65
2012-11-20 07:00:00,335.5833333333333
2012-11-20 08:00:00,649.835
2012-11-20 09:00:00,328.8283333333333
2012-11-20 10:00:00,197.00666666666666
2012-11-20 11:00:00,210.64920454545455
2012-11-20 12:00:00,237.13333333333333
2012-11-20 13:00:00,238.36833333333334
2012-11-20 14:00:00,219.485
2012-11-20 15:00:00,254.94833333333332
2012-11-20 16:00:00,365.315
2012-11-20 17:00:00,575.9366666666666
2012-11-20 18:00:00,531.2166666666667
2012-11-20 19:00:00,368.645
2012-11-20 20:00:00,300.205
2012-11-20 21:00:00,202.48333333333332
2012-11-20 22:00:00,150.84833333333333
2012-11-20 23:00:00,101.48
2012-11-21 00:00:00,32.44166666666667
2012-11-21 01:00:00,15.653333333333334
2012-11-21 02:00:00,6.843333333333334
2012-11-21 03:00:00,5.541666666666667
2012-11-21 04:00:00,6.28
2012-11-21 05:00:00,31.338333333333335
2012-11-21 06:00:00,136.16333333333333
2012-11-21 07:00:00,320.94666666666666
2012-11-21 08:00:00,642.905
2012-11-21 09:00:00,304.76
2012-11-21 10:00:00,199.25166666666667
2012-11-21 11:00:00,211.4262878787879
2012-11-21 12:00:00,242.45166666666665
2012-11-21 13:00:00,245.15833333333333
2012-11-21 14:00:00,273.6716666666667
2012-11-21 15:00:00,277.00333333333333
2012-11-21 16:00:00,360.85
2012-11-21 17:00:00,593.715
2012-11-21 18:00:00,526.5566666666666
2012-11-21 19:00:00,356.64466666666664
2012-11-21 20:00:00,272.59
2012-11-21 21:00:00,204.17333333333335
2012-11-21 22:00:00,143.31833333333333
2012-11-21 23:00:00,122.985
2012-11-22 00:00:00,44.388333333333335
2012-11-22 01:00:00,41.675
2012-11-22 02:00:00,25.14
2012-11-22 03:00:00,9.008333333333333
2012-11-22 04:00:00,8.413333333333334
2012-11-22 05:00:00,19.001666666666665
2012-11-22 06:00:00,50.218333333333334
2012-11-22 07:00:00,207.51
2012-11-22 08:00:00,225.47833333333332
2012-11-22 09:00:00,274.5733333333333
2012-11-22 10:00:00,265.31166666666667
2012-11-22 11:00:00,379.87666666666667
2012-11-22 12:00:00,518.3283333333334
2012-11-22 13:00:00,558.93625
2012-11-22 14:00:00,551.2383333333333
2012-11-22 15:00:00,543.0883333333334
2012-11-22 16:00:00,539.28
2012-11-22 17:00:00,472.06
2012-11-22 18:00:00,378.595
2012-11-22 19:00:00,280.55333333333334
2012-11-22 20:00:00,229.60666666666665
2012-11-22 21:00:00,195.59333333333333
2012-11-22 22:00:00,152.98666666666668
2012-11-22 23:00:00,134.69833333333332
2012-11-23 00:00:00,50.29333333333334
2012-11-23 01:00:00,23.685
2012-11-23 02:00:00,11.038333333333334
2012-11-23 03:00:00,7.138333333333334
2012-11-23 04:00:00,8.535
2012-11-23 05:00:00,32.68333333333333
2012-11-23 06:00:00,137.135
2012-11-23 07:00:00,331.15833333333336
2012-11-23 08:00:00,566.5083333333333
2012-11-23 09:00:00,307.71166666666664
2012-11-23 10:00:00,193.36
2012-11-23 11:00:00,230.70645454545456
2012-11-23 12:00:00,284.74833333333333
2012-11-23 13:00:00,293.375
2012-11-23 14:00:00,360.61833333333334
2012-11-23 15:00:00,354.4816666666667
2012-11-23 16:00:00,463.5933333333333
2012-11-23 17:00:00,767.79
2012-11-23 18:00:00,711.355
2012-11-23 19:00:00,415.9411111111111
2012-11-23 20:00:00,331.62
2012-11-23 21:00:00,246.50333333333333
2012-11-23 22:00:00,172.97666666666666
2012-11-23 23:00:00,120.13
2012-11-24 00:00:00,125.86166666666666
2012-11-24 01:00:00,109.34166666666667
2012-11-24 02:00:00,63.01833333333333
2012-11-24 03:00:00,20.405
2012-11-24 04:00:00,8.67
2012-11-24 05:00:00,7.8533333333333335
2012-11-24 06:00:00,20.658333333333335
2012-11-24 07:00:00,100.53
2012-11-24 08:00:00,174.26166666666666
2012-11-24 09:00:00,223.19833333333332
2012-11-24 10:00:00,256.54333333333335
2012-11-24 11:00:00,284.6933333333333
2012-11-24 12:00:00,327.62166666666667
2012-11-24 13:00:00,341.155
2012-11-24 14:00:00,335.3016666666667
2012-11-24 15:00:00,329.265
2012-11-24 16:00:00,327.85833333333335
2012-11-24 17:00:00,302.4633333333333
2012-11-24 18:00:00,288.99333333333334
2012-11-24 19:00:00,251.07333333333332
2012-11-24 20:00:00,200.895
2012-11-24 21:00:00,143.49
2012-11-24 22:00:00,124.26
2012-11-24 23:00:00,100.845
2012-11-25 00:00:00,113.38666666666667
2012-11-25 01:00:00,117.67333333333333
2012-11-25 02:00:00,62.935
2012-11-25 03:00:00,27.87
2012-11-25 04:00:00,8.823333333333334
2012-11-25 05:00:00,9.038333333333334
2012-11-25 06:00:00,17.758333333333333
2012-11-25 07:00:00,79.335
2012-11-25 08:00:00,144.925
2012-11-25 09:00:00,196.79666666666665
2012-11-25 10:00:00,239.95833333333334
2012-11-25 11:00:00,274.13166666666666
2012-11-25 12:00:00,307.215
2012-11-25 13:00:00,303.9166666666667
2012-11-25 14:00:00,307.8833333333333
2012-11-25 15:00:00,306.08166666666665
2012-11-25 16:00:00,314.84833333333336
2012-11-25 17:00:00,277.62666666666667
2012-11-25 18:00:00,242.01166666666666
2012-11-25 19:00:00,218.145
2012-11-25 20:00:00,175.855
2012-11-25 21:00:00,134.83333333333334
2012-11-25 22:00:00,97.02
2012-11-25 23:00:00,71.08
2012-11-26 00:00:00,26.026666666666667
2012-11-26 01:00:00,20.508333333333333
2012-11-26 02:00:00,7.323333333333333
2012-11-26 03:00:00,5.5183333333333335
2012-11-26 04:00:00,7.461666666666667
2012-11-26 05:00:00,35.95
2012-11-26 06:00:00,140.625
2012-11-26 07:00:00,342.16833333333335
2012-11-26 08:00:00,693.35
2012-11-26 09:00:00,301.94
2012-11-26 10:00:00,182.10833333333332
2012-11-26 11:00:00,220.19666666666666
2012-11-26 12:00:00,249.50666666666666
2012-11-26 13:00:00,241.78
2012-11-26 14:00:00,236.5
2012-11-26 15:00:00,241.41
2012-11-26 16:00:00,363.12333333333333
2012-11-26 17:00:00,591.8866666666667
2012-11-26 18:00:00,554.54
2012-11-26 19:00:00,344.455
2012-11-26 20:00:00,271.96666666666664
2012-11-26 21:00:00,197.08333333333334
2012-11-26 22:00:00,134.005
2012-11-26 23:00:00,90.02
2012-11-27 00:00:00,29.62
2012-11-27 01:00:00,15.675
2012-11-27 02:00:00,6.053333333333334
2012-11-27 03:00:00,4.4816666666666665
2012-11-27 04:00:00,6.638333333333334
2012-11-27 05:00:00,32.803333333333335
2012-11-27 06:00:00,136.15666666666667
2012-11-27 07:00:00,170.18833333333333
2012-11-27 08:00:00,467.45666666666665
2012-11-27 09:00:00,296.78333333333336
2012-11-27 10:00:00,140.68
2012-11-27 11:00:00,152.105
2012-11-27 12:00:00,174.45833333333334
2012-11-27 13:00:00,181.03666666666666
2012-11-27 14:00:00,176.38333333333333
2012-11-27 15:00:00,204.84166666666667
2012-11-27 16:00:00,307.7083333333333
2012-11-27 17:00:00,534.215
2012-11-27 18:00:00,511.48
2012-11-27 19:00:00,347.8333333333333
2012-11-27 20:00:00,242.27166666666668
2012-11-27 21:00:00,157.56
2012-11-27 22:00:00,125.39833333333333
2012-11-27 23:00:00,87.88333333333334
2012-11-28 00:00:00,27.461666666666666
2012-11-28 01:00:00,35.665
2012-11-28 02:00:00,9.755
2012-11-28 03:00:00,4.205
2012-11-28 04:00:00,7.4816666666666665
2012-11-28 05:00:00,34.31166666666667
2012-11-28 06:00:00,136.76666666666668
2012-11-28 07:00:00,368.85833333333335
2012-11-28 08:00:00,672.2133333333334
2012-11-28 09:00:00,319.58166666666665
2012-11-28 10:00:00,178.71166666666667
2012-11-28 11:00:00,188.35916666666665
2012-11-28 12:00:00,219.1125
2012-11-28 13:00:00,233.4980555555555
2012-11-28 14:00:00,230.4725
2012-11-28 15:00:00,250.65333333333334
2012-11-28 16:00:00,354.2104166666667
2012-11-28 17:00:00,576.4183333333333
2012-11-28 18:00:00,542.0516666666666
2012-11-28 19:00:00,361.1166666666667
2012-11-28 20:00:00,251.75333333333333
2012-11-28 21:00:00,183.51333333333332
2012-11-28 22:00:00,124.195
2012-11-28 23:00:00,84.655
2012-11-29 00:00:00,31.14
2012-11-29 01:00:00,22.35333333333333
2012-11-29 02:00:00,6.763333333333334
2012-11-29 04:00:00,6.825
2012-11-29 05:00:00,34.595
2012-11-29 06:00:00,141.625
2012-11-29 07:00:00,350.22
2012-11-29 08:00:00,645.8583333333333
2012-11-29 09:00:00,314.51166666666666
2012-11-29 10:00:00,179.32
2012-11-29 11:00:00,204.095
2012-11-29 12:00:00,239.95555555555552
2012-11-29 13:00:00,243.26666666666668
2012-11-29 14:00:00,228.13805555555552
2012-11-29 15:00:00,255.95166666666665
2012-11-29 16:00:00,353.8883333333333
2012-11-29 17:00:00,587.555
2012-11-29 18:00:00,549.7183333333334
2012-11-29 19:00:00,366.7133333333333
2012-11-29 20:00:00,259.08166666666665
2012-11-29 21:00:00,160.43
2012-11-29 22:00:00,148.01333333333332
2012-11-29 23:00:00,130.06166666666667
2012-11-30 00:00:00,46.81166666666667
2012-11-30 01:00:00,25.18
2012-11-30 02:00:00,11.0
2012-11-30 03:00:00,7.398333333333333
2012-11-30 04:00:00,7.815
2012-11-30 05:00:00,33.00666666666667
2012-11-30 06:00:00,135.57833333333335
2012-11-30 07:00:00,328.22833333333335
2012-11-30 08:00:00,626.6583333333333
2012-11-30 09:00:00,311.78
2012-11-30 10:00:00,195.625
2012-11-30 11:00:00,205.17833333333334
2012-11-30 12:00:00,267.6483333333333
2012-11-30 13:00:00,272.10333333333335
2012-11-30 14:00:00,262.7216666666667
2012-11-30 15:00:00,268.46166666666664
2012-11-30 16:00:00,370.65833333333336
2012-11-30 17:00:00,585.3633333333333
2012-11-30 18:00:00,506.2866666666667
2012-11-30 19:00:00,343.42833333333334
2012-11-30 20:00:00,253.34666666666666
2012-11-30 21:00:00,194.68166666666667
2012-11-30 22:00:00,154.29
2012-11-30 23:00:00,136.15333333333334
2012-12-20 00:00:00,41.79833333333333
2012-12-20 01:00:00,16.523333333333333
2012-12-20 02:00:00,7.278333333333333
2012-12-20 03:00:00,4.703333333333333
2012-12-20 04:00:00,6.621666666666667
2012-12-20 05:00:00,34.583333333333336
2012-12-20 06:00:00,137.965
2012-12-20 07:00:00,347.19
2012-12-20 08:00:00,693.17
2012-12-20 09:00:00,305.37333333333333
2012-12-20 10:00:00,177.02055555555557
2012-12-20 11:00:00,180.28963888888887
2012-12-20 12:00:00,233.97277777777782
2012-12-20 13:00:00,235.4775
2012-12-20 14:00:00,231.00166666666667
2012-12-20 15:00:00,247.445
2012-12-20 16:00:00,322.9866666666667
2012-12-20 17:00:00,581.5133333333333
2012-12-20 18:00:00,538.1433333333333
2012-12-20 19:00:00,265.46166666666664
2012-12-20 20:00:00,223.84333333333333
2012-12-20 21:00:00,160.84
2012-12-20 22:00:00,109.165
2012-12-20 23:00:00,110.45
2012-12-21 00:00:00,53.913333333333334
2012-12-21 01:00:00,27.163333333333334
2012-12-21 02:00:00,13.443333333333333
2012-12-21 03:00:00,7.755
2012-12-21 04:00:00,8.956666666666667
2012-12-21 05:00:00,33.968333333333334
2012-12-21 06:00:00,121.17166666666667
2012-12-21 07:00:00,341.12666666666667
2012-12-21 08:00:00,632.8716666666667
2012-12-21 09:00:00,303.315
2012-12-21 10:00:00,196.71333333333334
2012-12-21 11:00:00,202.225
2012-12-21 12:00:00,226.77166666666668
2012-12-21 13:00:00,229.67666666666668
2012-12-21 14:00:00,228.285
2012-12-21 15:00:00,233.97166666666666
2012-12-21 16:00:00,303.93833333333333
2012-12-21 17:00:00,563.535
2012-12-21 18:00:00,520.8283333333334
2012-12-21 19:00:00,319.495
2012-12-21 20:00:00,235.60666666666665
2012-12-21 21:00:00,160.14666666666668
2012-12-21 22:00:00,127.61333333333333
2012-12-21 23:00:00,96.72
2012-12-22 00:00:00,109.65166666666667
2012-12-22 01:00:00,113.395
2012-12-22 02:00:00,63.00833333333333
2012-12-22 03:00:00,22.113333333333333
2012-12-22 04:00:00,9.696666666666667
2012-12-22 05:00:00,7.556666666666667
2012-12-22 06:00:00,20.44
2012-12-22 07:00:00,102.28833333333333
2012-12-22 08:00:00,166.98833333333334
2012-12-22 09:00:00,209.325
2012-12-22 10:00:00,248.01
2012-12-22 11:00:00,278.8066666666667
2012-12-22 12:00:00,320.47
2012-12-22 13:00:00,335.46666666666664
2012-12-22 14:00:00,334.65833333333336
2012-12-22 15:00:00,326.26
2012-12-22 16:00:00,324.4483333333333
2012-12-22 17:00:00,300.3566666666667
2012-12-22 18:00:00,280.49666666666667
2012-12-22 19:00:00,248.94333333333333
2012-12-22 20:00:00,189.62166666666667
2012-12-22 21:00:00,135.925
2012-12-22 22:00:00,113.60666666666667
2012-12-22 23:00:00,94.54333333333334
2012-12-23 00:00:00,111.96333333333334
2012-12-23 01:00:00,115.175
2012-12-23 02:00:00,65.04833333333333
2012-12-23 03:00:00,34.03333333333333
2012-12-23 04:00:00,11.921666666666667
2012-12-23 05:00:00,7.635
2012-12-23 06:00:00,16.113333333333333
2012-12-23 07:00:00,83.82666666666667
2012-12-23 08:00:00,139.70666666666668
2012-12-23 09:00:00,193.53333333333333
2012-12-23 10:00:00,229.975
2012-12-23 11:00:00,262.97
2012-12-23 12:00:00,315.965
2012-12-23 13:00:00,332.5283333333333
2012-12-23 14:00:00,369.65833333333336
2012-12-23 15:00:00,374.0366666666667
2012-12-23 16:00:00,372.08
2012-12-23 17:00:00,296.775
2012-12-23 18:00:00,253.89666666666668
2012-12-23 19:00:00,222.88666666666666
2012-12-23 20:00:00,178.71166666666667
2012-12-23 21:00:00,129.46333333333334
2012-12-23 22:00:00,81.63833333333334
2012-12-23 23:00:00,73.22166666666666
2012-12-24 00:00:00,29.313333333333333
2012-12-24 01:00:00,16.566666666666666
2012-12-24 02:00:00,7.456666666666667
2012-12-24 03:00:00,6.116666666666666
2012-12-24 05:00:00,32.93833333333333
2012-12-24 06:00:00,128.98666666666668
2012-12-24 07:00:00,328.86
2012-12-24 08:00:00,666.1166666666667
2012-12-24 09:00:00,296.97333333333336
2012-12-24 10:00:00,177.875
2012-12-24 11:00:00,179.19666666666666
2012-12-24 12:00:00,200.99166666666667
2012-12-24 13:00:00,193.33666666666667
2012-12-24 14:00:00,197.55333333333334
2012-12-24 15:00:00,209.95666666666668
2012-12-24 16:00:00,248.01833333333335
2012-12-24 17:00:00,419.06
2012-12-24 18:00:00,441.31
2012-12-24 19:00:00,309.9266666666667
2012-12-24 20:00:00,225.20666666666668
2012-12-24 21:00:00,143.65833333333333
2012-12-24 22:00:00,133.84
2012-12-24 23:00:00,106.905
2012-12-25 00:00:00,33.053333333333335
2012-12-25 01:00:00,39.79833333333333
2012-12-25 02:00:00,21.43166666666667
2012-12-25 04:00:00,7.59
2012-12-25 05:00:00,16.248333333333335
2012-12-25 06:00:00,49.443333333333335
2012-12-25 07:00:00,208.61
2012-12-25 08:00:00,222.70666666666668
2012-12-25 09:00:00,249.435
2012-12-25 10:00:00,238.095
2012-12-25 11:00:00,263.81
2012-12-25 12:00:00,319.4
2012-12-25 13:00:00,411.90833333333336
2012-12-25 14:00:00,397.74333333333334
2012-12-25 15:00:00,352.4888888888889
2012-12-25 16:00:00,366.67333333333335
2012-12-25 17:00:00,331.05333333333334
2012-12-25 18:00:00,325.18333333333334
2012-12-25 19:00:00,298.4866666666667
2012-12-25 20:00:00,226.51
2012-12-25 21:00:00,160.36166666666668
2012-12-25 22:00:00,128.51666666666668
2012-12-25 23:00:00,78.12333333333333
2012-12-26 00:00:00,31.403333333333332
2012-12-26 01:00:00,28.961666666666666
2012-12-26 02:00:00,22.36
2012-12-26 03:00:00,5.483333333333333
2012-12-26 04:00:00,8.215
2012-12-26 05:00:00,33.656666666666666
2012-12-26 06:00:00,123.72666666666667
2012-12-26 07:00:00,184.66333333333333
2012-12-26 08:00:00,339.7033333333333
2012-12-26 09:00:00,182.78166666666667
2012-12-26 10:00:00,168.6
2012-12-26 11:00:00,172.72166666666666
2012-12-26 12:00:00,188.75
2012-12-26 13:00:00,190.44166666666666
2012-12-26 14:00:00,196.70166666666665
2012-12-26 15:00:00,204.44333333333333
2012-12-26 16:00:00,232.565
2012-12-26 17:00:00,377.15166666666664
2012-12-26 18:00:00,397.38666666666666
2012-12-26 19:00:00,246.69666666666666
2012-12-26 20:00:00,217.84
2012-12-26 21:00:00,152.87666666666667
2012-12-26 22:00:00,100.88666666666667
2012-12-26 23:00:00,80.51666666666667
2012-12-27 00:00:00,29.3
2012-12-27 01:00:00,15.506666666666666
2012-12-27 02:00:00,19.62
2012-12-27 03:00:00,4.976666666666667
2012-12-27 04:00:00,7.6066666666666665
2012-12-27 05:00:00,32.86666666666667
2012-12-27 06:00:00,118.765
2012-12-27 07:00:00,352.76166666666666
2012-12-27 08:00:00,645.945
2012-12-27 09:00:00,329.69166666666666
2012-12-27 10:00:00,181.76833333333335
2012-12-27 11:00:00,187.39666666666668
2012-12-27 12:00:00,213.24833333333333
2012-12-27 13:00:00,213.055
2012-12-27 14:00:00,208.375
2012-12-27 15:00:00,219.23333333333332
2012-12-27 16:00:00,307.84833333333336
2012-12-27 17:00:00,563.4033333333333
2012-12-27 18:00:00,540.2483333333333
2012-12-27 19:00:00,333.355
2012-12-27 20:00:00,243.725
2012-12-27 21:00:00,150.29833333333335
2012-12-27 22:00:00,126.08166666666666
2012-12-27 23:00:00,94.34166666666667
2012-12-28 00:00:00,46.401666666666664
2012-12-28 01:00:00,24.96
2012-12-28 02:00:00,14.886666666666667
2012-12-28 03:00:00,6.668333333333333
2012-12-28 04:00:00,7.816666666666666
2012-12-28 05:00:00,32.9
2012-12-28 06:00:00,124.17333333333333
2012-12-28 07:00:00,342.28833333333336
2012-12-28 08:00:00,633.8566666666667
2012-12-28 09:00:00,316.1983333333333
2012-12-28 10:00:00,193.32666666666665
2012-12-28 11:00:00,198.99333333333334
2012-12-28 12:00:00,229.96833333333333
2012-12-28 13:00:00,231.91666666666666
2012-12-28 14:00:00,229.67
2012-12-28 15:00:00,245.79
2012-12-28 16:00:00,324.98333333333335
2012-12-28 17:00:00,581.7233333333334
2012-12-28 18:00:00,492.405
2012-12-28 19:00:00,329.0883333333333
2012-12-28 20:00:00,237.53833333333333
2012-12-28 21:00:00,147.15666666666667
2012-12-28 22:00:00,129.13166666666666
2012-12-28 23:00:00,105.68666666666667
2012-12-29 00:00:00,110.31166666666667
2012-12-29 01:00:00,106.85333333333334
2012-12-29 02:00:00,64.55666666666667
2012-12-29 03:00:00,26.013333333333332
2012-12-29 04:00:00,9.346666666666666
2012-12-29 05:00:00,8.198333333333334
2012-12-29 06:00:00,19.38
2012-12-29 07:00:00,90.44166666666666
2012-12-29 08:00:00,145.255
2012-12-29 09:00:00,199.315
2012-12-29 10:00:00,204.97666666666666
2012-12-29 11:00:00,221.28
2012-12-29 12:00:00,222.97333333333333
2012-12-29 13:00:00,224.90333333333334
2012-12-29 14:00:00,288.7033333333333
2012-12-29 15:00:00,289.805
2012-12-29 16:00:00,305.37
2012-12-29 17:00:00,288.88166666666666
2012-12-29 18:00:00,272.96
2012-12-29 19:00:00,253.79333333333332
2012-12-29 20:00:00,202.41833333333332
2012-12-29 21:00:00,140.34166666666667
2012-12-29 22:00:00,116.03166666666667
2012-12-29 23:00:00,104.74
2012-12-30 00:00:00,113.23666666666666
2012-12-30 01:00:00,111.57
2012-12-30 02:00:00,66.15
2012-12-30 03:00:00,28.615
2012-12-30 04:00:00,10.101666666666667
2012-12-30 05:00:00,8.125
2012-12-30 06:00:00,17.045
2012-12-30 07:00:00,87.36
2012-12-30 08:00:00,144.9
2012-12-30 09:00:00,189.64833333333334
2012-12-30 10:00:00,240.47166666666666
2012-12-30 11:00:00,265.01666666666665
2012-12-30 12:00:00,306.41
2012-12-30 13:00:00,305.77
2012-12-30 14:00:00,311.57666666666665
2012-12-30 15:00:00,306.28833333333336
2012-12-30 16:00:00,300.3333333333333
2012-12-30 17:00:00,272.465
2012-12-30 18:00:00,245.59833333333333
2012-12-30 19:00:00,219.065
2012-12-30 20:00:00,172.3
2012-12-30 21:00:00,103.21
2012-12-30 22:00:00,76.60166666666667
2012-12-30 23:00:00,59.486666666666665
2012-12-31 00:00:00,27.23
2012-12-31 01:00:00,19.656666666666666
2012-12-31 02:00:00,7.753333333333333
2012-12-31 03:00:00,6.493333333333333
2012-12-31 04:00:00,8.593333333333334
2012-12-31 05:00:00,35.17666666666667
2012-12-31 06:00:00,126.37
2012-12-31 07:00:00,337.6116666666667
2012-12-31 08:00:00,623.5933333333334
2012-12-31 09:00:00,297.0183333333333
2012-12-31 10:00:00,175.9
2012-12-31 11:00:00,177.71333333333334
2012-12-31 12:00:00,195.67166666666665
2012-12-31 13:00:00,202.78
2012-12-31 14:00:00,201.43333333333334
2012-12-31 15:00:00,212.085
2012-12-31 16:00:00,322.17333333333335
2012-12-31 17:00:00,563.645
2012-12-31 18:00:00,508.43
2012-12-31 19:00:00,350.62833333333333
2012-12-31 20:00:00,245.78166666666667
2012-12-31 21:00:00,151.19333333333333
2012-12-31 22:00:00,115.38
2012-12-31 23:00:00,72.35166666666667
