datetime,count
2011-01-20 00:00:00,15.24375
2011-01-20 01:00:00,7.3425
2011-01-20 02:00:00,5.4975
2011-01-20 03:00:00,3.63375
2011-01-20 04:00:00,2.99875
2011-01-20 05:00:00,6.89625
2011-01-20 06:00:00,35.72
2011-01-20 07:00:00,86.99625
2011-01-20 08:00:00,190.7275
2011-01-20 09:00:00,108.535
2011-01-20 10:00:00,56.92125
2011-01-20 11:00:00,62.93
2011-01-20 12:00:00,84.975
2011-01-20 13:00:00,77.0075
2011-01-20 14:00:00,82.17125
2011-01-20 15:00:00,89.49375
2011-01-20 16:00:00,93.985
2011-01-20 17:00:00,198.57125
2011-01-20 18:00:00,171.36375
2011-01-20 19:00:00,86.815
2011-01-20 20:00:00,71.8625
2011-01-20 21:00:00,46.25
2011-01-20 22:00:00,40.5725
2011-01-20 23:00:00,23.89375
2011-01-21 00:00:00,18.67625
2011-01-21 01:00:00,6.96125
2011-01-21 02:00:00,6.6525
2011-01-21 03:00:00,3.98625
2011-01-21 04:00:00,2.92875
2011-01-21 05:00:00,5.64625
2011-01-21 06:00:00,33.72625
2011-01-21 07:00:00,85.305
2011-01-21 08:00:00,184.9
2011-01-21 09:00:00,109.09
2011-01-21 10:00:00,38.47125
2011-01-21 11:00:00,46.58625
2011-01-21 12:00:00,54.83625
2011-01-21 13:00:00,56.03375
2011-01-21 14:00:00,55.26125
2011-01-21 15:00:00,53.7275
2011-01-21 16:00:00,73.83375
2011-01-21 17:00:00,167.16875
2011-01-21 18:00:00,159.6075
2011-01-21 19:00:00,82.0575
2011-01-21 20:00:00,65.01875
2011-01-21 21:00:00,40.67375
2011-01-21 22:00:00,33.55625
2011-01-21 23:00:00,20.8275
2011-01-22 00:00:00,30.57375
2011-01-22 01:00:00,16.7375
2011-01-22 02:00:00,14.15875
2011-01-22 03:00:00,12.32375
2011-01-22 04:00:00,3.3275
2011-01-22 06:00:00,7.185
2011-01-22 07:00:00,16.86625
2011-01-22 08:00:00,23.67
2011-01-22 09:00:00,33.795
2011-01-22 10:00:00,54.9475
2011-01-22 11:00:00,60.07875
2011-01-22 12:00:00,64.95875
2011-01-22 13:00:00,72.21625
2011-01-22 14:00:00,70.29
2011-01-22 15:00:00,72.7525
2011-01-22 16:00:00,70.03625
2011-01-22 17:00:00,73.81
2011-01-22 18:00:00,56.16625
2011-01-22 19:00:00,50.84625
2011-01-22 20:00:00,40.55375
2011-01-22 21:00:00,39.435
2011-01-22 22:00:00,32.1275
2011-01-22 23:00:00,17.31125
2011-01-23 00:00:00,31.5025
2011-01-23 01:00:00,19.25625
2011-01-23 02:00:00,14.8525
2011-01-23 03:00:00,17.39125
2011-01-23 05:00:00,3.3375
2011-01-23 06:00:00,3.6875
2011-01-23 07:00:00,14.03875
2011-01-23 08:00:00,19.76875
2011-01-23 09:00:00,27.555
2011-01-23 10:00:00,53.925
2011-01-23 11:00:00,59.2
2011-01-23 12:00:00,69.3775
2011-01-23 13:00:00,66.415
2011-01-23 14:00:00,70.87375
2011-01-23 15:00:00,70.9075
2011-01-23 16:00:00,71.36625
2011-01-23 17:00:00,65.715
2011-01-23 18:00:00,58.5875
2011-01-23 19:00:00,48.91875
2011-01-23 20:00:00,42.51625
2011-01-23 21:00:00,29.20125
2011-01-23 22:00:00,21.825
2011-01-23 23:00:00,15.6375
2011-01-24 00:00:00,13.47125
2011-01-24 01:00:00,5.75875
2011-01-24 03:00:00,2.92125
2011-01-24 04:00:00,2.53375
2011-01-24 05:00:00,5.73125
2011-01-24 06:00:00,32.4725
2011-01-24 07:00:00,70.81875
2011-01-24 08:00:00,187.185
2011-01-24 09:00:00,98.38625
2011-01-24 10:00:00,39.2225
2011-01-24 11:00:00,36.0025
2011-01-24 12:00:00,39.3425
2011-01-24 13:00:00,38.90625
2011-01-24 14:00:00,38.41125
2011-01-24 15:00:00,48.77
2011-01-24 16:00:00,70.67
2011-01-24 17:00:00,161.10125
2011-01-24 18:00:00,151.9325
2011-01-24 19:00:00,84.86875
2011-01-24 20:00:00,62.19375
2011-01-24 21:00:00,42.06375
2011-01-24 22:00:00,27.42375
2011-01-24 23:00:00,19.3375
2011-01-25 00:00:00,13.285
2011-01-25 01:00:00,6.13
2011-01-25 02:00:00,4.3025
2011-01-25 04:00:00,2.27625
2011-01-25 05:00:00,5.09875
2011-01-25 06:00:00,33.855
2011-01-25 07:00:00,67.01875
2011-01-25 08:00:00,176.65875
2011-01-25 09:00:00,108.3225
2011-01-25 10:00:00,50.3175
2011-01-25 11:00:00,56.11625
2011-01-25 12:00:00,68.40875
2011-01-25 13:00:00,71.265
2011-01-25 14:00:00,82.38875
2011-01-25 15:00:00,85.905
2011-01-25 16:00:00,97.985
2011-01-25 17:00:00,212.97875
2011-01-25 18:00:00,190.87
2011-01-25 19:00:00,95.46
2011-01-25 20:00:00,72.315
2011-01-25 21:00:00,46.02
2011-01-25 22:00:00,36.93125
2011-01-25 23:00:00,19.40875
2011-01-26 00:00:00,13.2675
2011-01-26 01:00:00,6.69125
2011-01-26 02:00:00,5.36125
2011-01-26 05:00:00,4.9075
2011-01-26 06:00:00,26.64125
2011-01-26 07:00:00,57.76
2011-01-26 08:00:00,153.73125
2011-01-26 09:00:00,68.0725
2011-01-26 10:00:00,36.79125
2011-01-26 11:00:00,34.97875
2011-01-26 12:00:00,35.5525
2011-01-26 13:00:00,39.55375
2011-01-26 14:00:00,39.58875
2011-01-26 15:00:00,41.25875
2011-01-26 16:00:00,58.10375
2011-01-26 17:00:00,130.19625
2011-01-27 16:00:00,72.87625
2011-01-27 17:00:00,166.62125
2011-01-27 18:00:00,147.98125
2011-01-27 19:00:00,91.0225
2011-01-27 20:00:00,75.68375
2011-01-27 21:00:00,44.43125
2011-01-27 22:00:00,38.56875
2011-01-27 23:00:00,20.74125
2011-01-28 00:00:00,15.04875
2011-01-28 01:00:00,7.52125
2011-01-28 02:00:00,4.41
2011-01-28 03:00:00,2.7125
2011-01-28 05:00:00,7.47625
2011-01-28 06:00:00,32.6175
2011-01-28 07:00:00,74.55125
2011-01-28 08:00:00,175.77
2011-01-28 09:00:00,65.14625
2011-01-28 10:00:00,35.305
2011-01-28 11:00:00,37.9825
2011-01-28 12:00:00,41.00625
2011-01-28 13:00:00,46.6425
2011-01-28 14:00:00,53.895
2011-01-28 15:00:00,52.66
2011-01-28 16:00:00,80.37625
2011-01-28 17:00:00,165.58125
2011-01-28 18:00:00,156.64125
2011-01-28 19:00:00,92.65875
2011-01-28 20:00:00,71.625
2011-01-28 21:00:00,44.7125
2011-01-28 22:00:00,39.695
2011-01-28 23:00:00,24.42875
2011-01-29 00:00:00,32.0225
2011-01-29 01:00:00,21.305
2011-01-29 02:00:00,16.32
2011-01-29 03:00:00,14.5175
2011-01-29 04:00:00,2.89125
2011-01-29 06:00:00,5.095
2011-01-29 07:00:00,16.53625
2011-01-29 08:00:00,27.71
2011-01-29 09:00:00,39.60125
2011-01-29 10:00:00,59.82375
2011-01-29 11:00:00,58.975
2011-01-29 12:00:00,68.3675
2011-01-29 13:00:00,78.7625
2011-01-29 14:00:00,75.35875
2011-01-29 15:00:00,77.72625
2011-01-29 16:00:00,83.09
2011-01-29 17:00:00,83.13625
2011-01-29 18:00:00,72.95875
2011-01-29 19:00:00,66.91375
2011-01-29 20:00:00,57.51
2011-01-29 21:00:00,38.74
2011-01-29 22:00:00,32.4175
2011-01-29 23:00:00,19.6
2011-01-30 00:00:00,32.23875
2011-01-30 01:00:00,23.925
2011-01-30 02:00:00,18.30375
2011-01-30 03:00:00,14.075
2011-01-30 04:00:00,4.8275
2011-01-30 05:00:00,3.9825
2011-01-30 07:00:00,12.9725
2011-01-30 08:00:00,22.79
2011-01-30 09:00:00,34.51
2011-01-30 10:00:00,64.61
2011-01-30 11:00:00,70.165
2011-01-30 12:00:00,94.13375
2011-01-30 13:00:00,84.87375
2011-01-30 14:00:00,85.64
2011-01-30 15:00:00,99.7875
2011-01-30 16:00:00,100.66625
2011-01-30 17:00:00,87.0375
2011-01-30 18:00:00,75.66875
2011-01-30 19:00:00,68.565
2011-01-30 20:00:00,63.135
2011-01-30 21:00:00,33.28125
2011-01-30 22:00:00,22.93125
2011-01-30 23:00:00,16.28125
2011-01-31 00:00:00,15.12625
2011-01-31 01:00:00,5.57125
2011-01-31 02:00:00,4.77375
2011-01-31 03:00:00,3.16625
2011-01-31 04:00:00,2.45875
2011-01-31 05:00:00,3.8675
2011-01-31 06:00:00,33.90375
2011-01-31 07:00:00,67.44375
2011-01-31 08:00:00,173.19875
2011-01-31 09:00:00,84.49125
2011-01-31 10:00:00,34.04375
2011-01-31 11:00:00,33.915
2011-01-31 12:00:00,46.345
2011-01-31 13:00:00,50.25625
2011-01-31 14:00:00,48.43375
2011-01-31 15:00:00,46.1825
2011-01-31 16:00:00,70.875
2011-01-31 17:00:00,155.74125
2011-01-31 18:00:00,151.115
2011-01-31 19:00:00,98.3625
2011-01-31 20:00:00,60.17875
2011-01-31 21:00:00,43.53
2011-01-31 22:00:00,30.50875
2011-01-31 23:00:00,18.32875
2011-02-20 00:00:00,37.28625
2011-02-20 01:00:00,21.02625
2011-02-20 02:00:00,16.21875
2011-02-20 03:00:00,14.22125
2011-02-20 04:00:00,3.2
2011-02-20 06:00:00,4.78
2011-02-20 07:00:00,16.88625
2011-02-20 08:00:00,25.9675
2011-02-20 09:00:00,39.3175
2011-02-20 10:00:00,85.2125
2011-02-20 11:00:00,95.41
2011-02-20 12:00:00,106.1375
2011-02-20 13:00:00,126.53875
2011-02-20 14:00:00,118.92875
2011-02-20 15:00:00,123.10625
2011-02-20 16:00:00,124.8925
2011-02-20 17:00:00,117.87875
2011-02-20 18:00:00,108.3575
2011-02-20 19:00:00,106.77
2011-02-20 20:00:00,95.23125
2011-02-20 21:00:00,62.8
2011-02-20 22:00:00,50.81375
2011-02-20 23:00:00,37.47
2011-02-21 00:00:00,20.92875
2011-02-21 01:00:00,18.9975
2011-02-21 02:00:00,11.3675
2011-02-21 03:00:00,5.59125
2011-02-21 04:00:00,4.80625
2011-02-21 05:00:00,8.8625
2011-02-21 06:00:00,46.41875
2011-02-21 07:00:00,68.25375
2011-02-21 08:00:00,79.2725
2011-02-21 09:00:00,98.32
2011-02-21 10:00:00,79.67125
2011-02-21 11:00:00,81.57125
2011-02-21 12:00:00,86.34
2011-02-21 13:00:00,53.4475
2011-02-21 14:00:00,87.1875
2011-02-21 15:00:00,86.00625
2011-02-21 16:00:00,58.8675
2011-02-21 17:00:00,82.44
2011-02-21 18:00:00,75.40625
2011-02-21 19:00:00,75.58875
2011-02-21 20:00:00,50.0025
2011-02-21 21:00:00,43.3675
2011-02-21 22:00:00,27.76625
2011-02-21 23:00:00,19.04125
2011-02-22 06:00:00,33.4025
2011-02-22 07:00:00,72.4
2011-02-22 08:00:00,196.97125
2011-02-22 09:00:00,91.03125
2011-02-22 10:00:00,38.77
2011-02-22 11:00:00,43.97125
2011-02-22 12:00:00,46.91375
2011-02-22 13:00:00,57.97375
2011-02-22 14:00:00,57.395
2011-02-22 15:00:00,71.68
2011-02-22 16:00:00,71.995
2011-02-22 17:00:00,180.82625
2011-02-22 18:00:00,172.42375
2011-02-22 19:00:00,86.41375
2011-02-22 20:00:00,70.2525
2011-02-22 21:00:00,56.0825
2011-02-22 22:00:00,36.45625
2011-02-22 23:00:00,23.03
2011-02-23 00:00:00,14.65125
2011-02-23 01:00:00,6.74
2011-02-23 02:00:00,3.8825
2011-02-23 03:00:00,2.19125
2011-02-23 05:00:00,6.48
2011-02-23 06:00:00,32.5225
2011-02-23 07:00:00,77.1025
2011-02-23 08:00:00,204.295
2011-02-23 09:00:00,112.24
2011-02-23 10:00:00,50.89125
2011-02-23 11:00:00,60.84625
2011-02-23 12:00:00,71.59125
2011-02-23 13:00:00,80.42
2011-02-23 14:00:00,84.795
2011-02-23 15:00:00,86.06
2011-02-23 16:00:00,110.6475
2011-02-23 17:00:00,235.82125
2011-02-23 18:00:00,223.615
2011-02-23 19:00:00,115.12
2011-02-23 20:00:00,76.77375
2011-02-23 21:00:00,64.5225
2011-02-23 22:00:00,50.3375
2011-02-23 23:00:00,28.19
2011-02-24 00:00:00,14.93875
2011-02-24 01:00:00,7.34875
2011-02-24 02:00:00,4.15125
2011-02-24 03:00:00,2.535
2011-02-24 05:00:00,6.77125
2011-02-24 06:00:00,35.26625
2011-02-24 07:00:00,88.1825
2011-02-24 08:00:00,223.66375
2011-02-24 09:00:00,109.41875
2011-02-24 10:00:00,59.30125
2011-02-24 11:00:00,78.18375
2011-02-24 12:00:00,91.80125
2011-02-24 13:00:00,88.5275
2011-02-24 14:00:00,89.5225
2011-02-24 15:00:00,43.43
2011-02-24 16:00:00,50.45125
2011-02-24 17:00:00,221.4
2011-02-24 18:00:00,192.725
2011-02-24 19:00:00,50.7925
2011-02-24 20:00:00,84.59875
2011-02-24 21:00:00,69.12375
2011-02-24 22:00:00,51.74
2011-02-24 23:00:00,38.595
2011-02-25 00:00:00,27.67625
2011-02-25 01:00:00,11.095
2011-02-25 02:00:00,9.7875
2011-02-25 03:00:00,2.88125
2011-02-25 05:00:00,9.39625
2011-02-25 06:00:00,36.81375
2011-02-25 07:00:00,41.32875
2011-02-25 08:00:00,227.47125
2011-02-25 09:00:00,39.69125
2011-02-25 10:00:00,34.475
2011-02-25 11:00:00,167.23
2011-02-25 12:00:00,199.86625
2011-02-25 13:00:00,200.06375
2011-02-25 14:00:00,201.495
2011-02-25 15:00:00,187.2
2011-02-25 16:00:00,98.515
2011-02-25 17:00:00,206.12875
2011-02-25 18:00:00,193.54
2011-02-25 19:00:00,101.40125
2011-02-25 20:00:00,78.3175
2011-02-25 21:00:00,52.42625
2011-02-25 22:00:00,40.965
2011-02-25 23:00:00,29.4775
2011-02-26 00:00:00,33.65
2011-02-26 01:00:00,20.51375
2011-02-26 02:00:00,16.1225
2011-02-26 03:00:00,15.60125
2011-02-26 04:00:00,3.32625
2011-02-26 05:00:00,2.885
2011-02-26 06:00:00,6.035
2011-02-26 07:00:00,21.2475
2011-02-26 08:00:00,40.98625
2011-02-26 09:00:00,56.73125
2011-02-26 10:00:00,90.62375
2011-02-26 11:00:00,104.075
2011-02-26 12:00:00,105.0575
2011-02-26 13:00:00,115.99
2011-02-26 14:00:00,111.16875
2011-02-26 15:00:00,114.7275
2011-02-26 16:00:00,113.3725
2011-02-26 17:00:00,116.985
2011-02-26 18:00:00,110.3025
2011-02-26 19:00:00,86.015
2011-02-26 20:00:00,72.71
2011-02-26 21:00:00,50.13625
2011-02-26 22:00:00,45.19625
2011-02-26 23:00:00,40.1925
2011-02-27 00:00:00,35.74125
2011-02-27 01:00:00,27.61125
2011-02-27 02:00:00,21.4925
2011-02-27 03:00:00,16.17625
2011-02-27 04:00:00,5.15
2011-02-27 06:00:00,5.32875
2011-02-27 07:00:00,23.2175
2011-02-27 08:00:00,46.74125
2011-02-27 09:00:00,59.64375
2011-02-27 10:00:00,82.9825
2011-02-27 11:00:00,111.52875
2011-02-27 12:00:00,117.54125
2011-02-27 13:00:00,133.8125
2011-02-27 14:00:00,161.1125
2011-02-27 15:00:00,220.20875
2011-02-27 16:00:00,258.30125
2011-02-27 17:00:00,128.77125
2011-02-27 18:00:00,108.08625
2011-02-27 19:00:00,107.475
2011-02-27 20:00:00,89.57
2011-02-27 21:00:00,80.62375
2011-02-27 22:00:00,69.1425
2011-02-27 23:00:00,41.875
2011-02-28 00:00:00,20.325
2011-02-28 01:00:00,6.375
2011-02-28 03:00:00,3.43625
2011-02-28 05:00:00,9.09
2011-02-28 06:00:00,43.9425
2011-02-28 07:00:00,89.26375
2011-02-28 08:00:00,227.86625
2011-02-28 09:00:00,106.9625
2011-02-28 10:00:00,135.1325
2011-02-28 11:00:00,142.49875
2011-02-28 12:00:00,158.51875
2011-02-28 13:00:00,125.7875
2011-02-28 14:00:00,40.0375
2011-02-28 15:00:00,41.00625
2011-02-28 16:00:00,51.23375
2011-02-28 17:00:00,211.21
2011-02-28 18:00:00,264.7075
2011-02-28 19:00:00,64.43125
2011-02-28 20:00:00,64.5175
2011-02-28 21:00:00,77.555
2011-02-28 22:00:00,49.3775
2011-02-28 23:00:00,31.1375
2011-03-20 00:00:00,39.92125
2011-03-20 01:00:00,29.55625
2011-03-20 02:00:00,21.97875
2011-03-20 03:00:00,16.68375
2011-03-20 04:00:00,3.37125
2011-03-20 05:00:00,3.14125
2011-03-20 06:00:00,6.11875
2011-03-20 07:00:00,28.675
2011-03-20 08:00:00,48.715
2011-03-20 09:00:00,73.8425
2011-03-20 10:00:00,104.42375
2011-03-20 11:00:00,113.92125
2011-03-20 12:00:00,125.5975
2011-03-20 13:00:00,125.89
2011-03-20 14:00:00,128.6775
2011-03-20 15:00:00,124.9225
2011-03-20 16:00:00,133.97875
2011-03-20 17:00:00,114.62125
2011-03-20 18:00:00,116.8975
2011-03-20 19:00:00,102.72375
2011-03-20 20:00:00,89.89375
2011-03-20 21:00:00,66.2325
2011-03-20 22:00:00,59.41625
2011-03-20 23:00:00,40.15875
2011-03-21 00:00:00,16.77375
2011-03-21 01:00:00,7.5
2011-03-21 02:00:00,8.68625
2011-03-21 03:00:00,4.035
2011-03-21 05:00:00,7.63
2011-03-21 06:00:00,42.77125
2011-03-21 07:00:00,50.83125
2011-03-21 08:00:00,247.6875
2011-03-21 09:00:00,103.5525
2011-03-21 10:00:00,84.24375
2011-03-21 11:00:00,90.48625
2011-03-21 12:00:00,106.46125
2011-03-21 13:00:00,162.5925
2011-03-21 14:00:00,162.84875
2011-03-21 15:00:00,173.79625
2011-03-21 16:00:00,186.24375
2011-03-21 17:00:00,338.925
2011-03-21 18:00:00,315.985
2011-03-21 19:00:00,205.67
2011-03-21 20:00:00,183.44625
2011-03-21 21:00:00,138.695
2011-03-21 22:00:00,119.96125
2011-03-21 23:00:00,106.46625
2011-03-22 00:00:00,30.81875
2011-03-22 01:00:00,8.06
2011-03-22 02:00:00,7.89625
2011-03-22 03:00:00,4.49
2011-03-22 04:00:00,4.61
2011-03-22 05:00:00,11.85875
2011-03-22 06:00:00,48.46
2011-03-22 07:00:00,88.5
2011-03-22 08:00:00,265.94375
2011-03-22 09:00:00,105.35875
2011-03-22 10:00:00,92.995
2011-03-22 11:00:00,94.635
2011-03-22 12:00:00,155.3875
2011-03-22 13:00:00,157.28
2011-03-22 14:00:00,161.60625
2011-03-22 15:00:00,162.30125
2011-03-22 16:00:00,189.31375
2011-03-22 17:00:00,329.9175
2011-03-22 18:00:00,319.27375
2011-03-22 19:00:00,147.4275
2011-03-22 20:00:00,136.3425
2011-03-22 21:00:00,96.5525
2011-03-22 22:00:00,73.7075
2011-03-22 23:00:00,36.835
2011-03-23 00:00:00,19.9175
2011-03-23 01:00:00,7.205
2011-03-23 02:00:00,6.85125
2011-03-23 03:00:00,3.945
2011-03-23 05:00:00,9.6
2011-03-23 06:00:00,47.785
2011-03-23 07:00:00,93.41125
2011-03-23 08:00:00,262.49375
2011-03-23 09:00:00,109.135
2011-03-23 10:00:00,75.25
2011-03-23 11:00:00,76.19875
2011-03-23 12:00:00,80.4975
2011-03-23 13:00:00,42.05125
2011-03-23 14:00:00,83.5875
2011-03-23 15:00:00,88.9425
2011-03-23 16:00:00,120.76125
2011-03-23 17:00:00,252.74875
2011-03-23 18:00:00,212.7425
2011-03-23 19:00:00,47.28375
2011-03-23 20:00:00,47.2975
2011-03-23 21:00:00,54.39625
2011-03-23 22:00:00,36.18625
2011-03-23 23:00:00,31.9875
2011-03-24 00:00:00,17.15625
2011-03-24 01:00:00,7.01625
2011-03-24 02:00:00,6.5675
2011-03-24 03:00:00,3.21875
2011-03-24 04:00:00,2.685
2011-03-24 05:00:00,8.92
2011-03-24 06:00:00,45.27375
2011-03-24 07:00:00,55.75
2011-03-24 08:00:00,215.17
2011-03-24 09:00:00,116.17125
2011-03-24 10:00:00,53.5175
2011-03-24 11:00:00,66.39125
2011-03-24 12:00:00,80.89625
2011-03-24 13:00:00,86.265
2011-03-24 14:00:00,81.9
2011-03-24 15:00:00,81.39625
2011-03-24 16:00:00,97.63875
2011-03-24 17:00:00,253.85625
2011-03-24 18:00:00,229.74625
2011-03-24 19:00:00,106.76
2011-03-24 20:00:00,84.54
2011-03-24 21:00:00,56.73
2011-03-24 22:00:00,46.49875
2011-03-24 23:00:00,29.81375
2011-03-25 00:00:00,18.9025
2011-03-25 01:00:00,6.815
2011-03-25 02:00:00,4.96375
2011-03-25 03:00:00,3.3325
2011-03-25 04:00:00,2.68
2011-03-25 05:00:00,8.95625
2011-03-25 06:00:00,38.0075
2011-03-25 07:00:00,99.895
2011-03-25 08:00:00,247.93875
2011-03-25 09:00:00,120.1725
2011-03-25 10:00:00,67.8225
2011-03-25 11:00:00,77.48375
2011-03-25 12:00:00,90.395
2011-03-25 13:00:00,91.00125
2011-03-25 14:00:00,100.265
2011-03-25 15:00:00,97.12875
2011-03-25 16:00:00,109.6225
2011-03-25 17:00:00,238.94875
2011-03-25 18:00:00,231.25
2011-03-25 19:00:00,107.5425
2011-03-25 20:00:00,85.1425
2011-03-25 21:00:00,63.51125
2011-03-25 22:00:00,45.25
2011-03-25 23:00:00,32.18875
2011-03-26 00:00:00,36.0
2011-03-26 01:00:00,21.97125
2011-03-26 02:00:00,17.2775
2011-03-26 03:00:00,13.735
2011-03-26 04:00:00,4.0
2011-03-26 05:00:00,3.28375
2011-03-26 06:00:00,8.53625
2011-03-26 07:00:00,28.90625
2011-03-26 08:00:00,38.54625
2011-03-26 09:00:00,57.12375
2011-03-26 10:00:00,85.42375
2011-03-26 11:00:00,86.4425
2011-03-26 12:00:00,100.36625
2011-03-26 13:00:00,105.13875
2011-03-26 14:00:00,117.27625
2011-03-26 15:00:00,122.93875
2011-03-26 16:00:00,117.35125
2011-03-26 17:00:00,98.635
2011-03-26 18:00:00,98.2375
2011-03-26 19:00:00,70.58625
2011-03-26 20:00:00,65.10375
2011-03-26 21:00:00,52.26375
2011-03-26 22:00:00,45.595
2011-03-26 23:00:00,32.18375
2011-03-27 00:00:00,39.19875
2011-03-27 01:00:00,22.9075
2011-03-27 02:00:00,18.75875
2011-03-27 03:00:00,16.06875
2011-03-27 04:00:00,4.95
2011-03-27 06:00:00,6.825
2011-03-27 07:00:00,26.00625
2011-03-27 08:00:00,32.795
2011-03-27 09:00:00,43.015
2011-03-27 10:00:00,73.575
2011-03-27 11:00:00,80.695
2011-03-27 12:00:00,88.59625
2011-03-27 13:00:00,101.0075
2011-03-27 14:00:00,110.88875
2011-03-27 15:00:00,105.99125
2011-03-27 16:00:00,129.85375
2011-03-27 17:00:00,102.63375
2011-03-27 18:00:00,90.775
2011-03-27 19:00:00,86.38
2011-03-27 20:00:00,63.89875
2011-03-27 21:00:00,43.5125
2011-03-27 22:00:00,40.52625
2011-03-27 23:00:00,32.1075
2011-03-28 00:00:00,14.02
2011-03-28 01:00:00,5.9725
2011-03-28 02:00:00,4.73125
2011-03-28 03:00:00,2.76875
2011-03-28 05:00:00,7.27125
2011-03-28 06:00:00,39.5275
2011-03-28 07:00:00,103.28125
2011-03-28 08:00:00,245.19375
2011-03-28 09:00:00,119.98625
2011-03-28 10:00:00,62.5075
2011-03-28 11:00:00,60.805
2011-03-28 12:00:00,70.0025
2011-03-28 13:00:00,79.42375
2011-03-28 14:00:00,81.95125
2011-03-28 15:00:00,86.5425
2011-03-28 16:00:00,114.04875
2011-03-28 17:00:00,252.09625
2011-03-28 18:00:00,237.565
2011-03-28 19:00:00,117.575
2011-03-28 20:00:00,98.99125
2011-03-28 21:00:00,70.805
2011-03-28 22:00:00,51.57875
2011-03-28 23:00:00,30.15125
2011-03-29 00:00:00,15.26875
2011-03-29 01:00:00,4.85625
2011-03-29 02:00:00,5.825
2011-03-29 03:00:00,3.25375
2011-03-29 04:00:00,2.31375
2011-03-29 05:00:00,6.695
2011-03-29 06:00:00,40.8025
2011-03-29 07:00:00,105.1275
2011-03-29 08:00:00,248.65625
2011-03-29 09:00:00,121.79125
2011-03-29 10:00:00,70.25375
2011-03-29 11:00:00,83.58625
2011-03-29 12:00:00,88.755
2011-03-29 13:00:00,85.43625
2011-03-29 14:00:00,91.72625
2011-03-29 15:00:00,97.00375
2011-03-29 16:00:00,113.94
2011-03-29 17:00:00,257.06625
2011-03-29 18:00:00,259.8175
2011-03-29 19:00:00,123.14375
2011-03-29 20:00:00,108.0775
2011-03-29 21:00:00,85.195
2011-03-29 22:00:00,69.41625
2011-03-29 23:00:00,27.9025
2011-03-30 00:00:00,19.28
2011-03-30 01:00:00,8.4375
2011-03-30 02:00:00,6.9375
2011-03-30 03:00:00,4.49875
2011-03-30 04:00:00,4.355
2011-03-30 05:00:00,9.57625
2011-03-30 06:00:00,47.84375
2011-03-30 07:00:00,99.7825
2011-03-30 08:00:00,273.13625
2011-03-30 09:00:00,115.905
2011-03-30 10:00:00,80.8175
2011-03-30 11:00:00,80.36375
2011-03-30 12:00:00,87.60125
2011-03-30 13:00:00,89.4
2011-03-30 14:00:00,89.67
2011-03-30 15:00:00,39.21875
2011-03-30 16:00:00,45.17125
2011-03-30 17:00:00,222.52875
2011-03-30 18:00:00,218.54125
2011-03-30 19:00:00,93.00875
2011-03-30 20:00:00,48.07625
2011-03-30 21:00:00,58.6
2011-03-30 22:00:00,40.56375
2011-03-30 23:00:00,29.2775
2011-03-31 00:00:00,13.155
2011-03-31 01:00:00,5.905
2011-03-31 02:00:00,7.1275
2011-03-31 03:00:00,3.715
2011-03-31 04:00:00,3.175
2011-03-31 05:00:00,8.5575
2011-03-31 06:00:00,33.77625
2011-03-31 07:00:00,61.2925
2011-03-31 08:00:00,240.89875
2011-03-31 09:00:00,59.90625
2011-03-31 10:00:00,35.60375
2011-03-31 11:00:00,38.46
2011-03-31 12:00:00,42.4725
2011-03-31 13:00:00,42.56625
2011-03-31 14:00:00,42.255
2011-03-31 15:00:00,37.76125
2011-03-31 16:00:00,89.68875
2011-03-31 17:00:00,242.14125
2011-03-31 18:00:00,230.37375
2011-03-31 19:00:00,98.83125
2011-03-31 20:00:00,47.00125
2011-03-31 21:00:00,57.2325
2011-03-31 22:00:00,41.63625
2011-03-31 23:00:00,39.2125
2011-04-20 00:00:00,28.3475
2011-04-20 01:00:00,7.49125
2011-04-20 02:00:00,8.35875
2011-04-20 03:00:00,4.3375
2011-04-20 04:00:00,4.55
2011-04-20 05:00:00,14.00375
2011-04-20 06:00:00,51.8375
2011-04-20 07:00:00,147.8875
2011-04-20 08:00:00,383.68625
2011-04-20 09:00:00,197.1125
2011-04-20 10:00:00,115.58875
2011-04-20 11:00:00,144.675
2011-04-20 12:00:00,153.25
2011-04-20 13:00:00,152.33125
2011-04-20 14:00:00,148.60625
2011-04-20 15:00:00,149.01625
2011-04-20 16:00:00,225.21
2011-04-20 17:00:00,374.56875
2011-04-20 18:00:00,371.47125
2011-04-20 19:00:00,253.0125
2011-04-20 20:00:00,174.03375
2011-04-20 21:00:00,150.975
2011-04-20 22:00:00,136.335
2011-04-20 23:00:00,98.4125
2011-04-21 00:00:00,36.1625
2011-04-21 01:00:00,15.41125
2011-04-21 02:00:00,13.08875
2011-04-21 03:00:00,5.2725
2011-04-21 04:00:00,5.22875
2011-04-21 05:00:00,10.255
2011-04-21 06:00:00,54.48125
2011-04-21 07:00:00,160.525
2011-04-21 08:00:00,282.07125
2011-04-21 09:00:00,155.1125
2011-04-21 10:00:00,128.15125
2011-04-21 11:00:00,139.27
2011-04-21 12:00:00,145.7725
2011-04-21 13:00:00,145.665
2011-04-21 14:00:00,138.98375
2011-04-21 15:00:00,143.45875
2011-04-21 16:00:00,205.86875
2011-04-21 17:00:00,345.34
2011-04-21 18:00:00,335.62
2011-04-21 19:00:00,210.8
2011-04-21 20:00:00,196.33375
2011-04-21 21:00:00,113.4025
2011-04-21 22:00:00,98.03125
2011-04-21 23:00:00,53.89375
2011-04-22 00:00:00,31.72875
2011-04-22 01:00:00,16.37625
2011-04-22 02:00:00,9.33125
2011-04-22 03:00:00,5.61625
2011-04-22 04:00:00,4.52875
2011-04-22 05:00:00,12.4
2011-04-22 06:00:00,53.9525
2011-04-22 07:00:00,139.43625
2011-04-22 08:00:00,283.8
2011-04-22 09:00:00,110.625
2011-04-22 10:00:00,124.6025
2011-04-22 11:00:00,101.22375
2011-04-22 12:00:00,106.54375
2011-04-22 13:00:00,87.30625
2011-04-22 14:00:00,74.70125
2011-04-22 15:00:00,87.36125
2011-04-22 16:00:00,102.6775
2011-04-22 17:00:00,229.49625
2011-04-22 18:00:00,214.165
2011-04-22 19:00:00,104.41
2011-04-22 20:00:00,94.96
2011-04-22 21:00:00,65.90875
2011-04-22 22:00:00,46.7675
2011-04-22 23:00:00,51.14375
2011-04-23 00:00:00,37.36875
2011-04-23 01:00:00,27.74375
2011-04-23 02:00:00,27.2475
2011-04-23 03:00:00,19.67
2011-04-23 04:00:00,7.44625
2011-04-23 05:00:00,7.3325
2011-04-23 06:00:00,15.20375
2011-04-23 07:00:00,83.94
2011-04-23 08:00:00,59.94625
2011-04-23 09:00:00,78.16
2011-04-23 10:00:00,115.70625
2011-04-23 11:00:00,122.06
2011-04-23 12:00:00,164.40375
2011-04-23 13:00:00,168.24125
2011-04-23 14:00:00,242.44375
2011-04-23 15:00:00,263.75
2011-04-23 16:00:00,267.32
2011-04-23 17:00:00,268.02625
2011-04-23 18:00:00,237.83625
2011-04-23 19:00:00,169.65875
2011-04-23 20:00:00,128.97625
2011-04-23 21:00:00,127.15375
2011-04-23 22:00:00,114.9675
2011-04-23 23:00:00,79.3325
2011-04-24 00:00:00,46.8175
2011-04-24 01:00:00,36.13625
2011-04-24 02:00:00,35.11875
2011-04-24 03:00:00,27.48125
2011-04-24 04:00:00,10.01875
2011-04-24 05:00:00,10.40375
2011-04-24 06:00:00,19.59375
2011-04-24 07:00:00,79.37875
2011-04-24 08:00:00,99.35625
2011-04-24 09:00:00,133.5075
2011-04-24 10:00:00,227.4075
2011-04-24 11:00:00,391.255
2011-04-24 12:00:00,407.6425
2011-04-24 13:00:00,392.14375
2011-04-24 14:00:00,392.06125
2011-04-24 15:00:00,402.0
2011-04-24 16:00:00,384.47125
2011-04-24 17:00:00,399.1675
2011-04-24 18:00:00,381.83875
2011-04-24 19:00:00,190.36625
2011-04-24 20:00:00,162.08875
2011-04-24 21:00:00,92.72125
2011-04-24 22:00:00,58.5725
2011-04-24 23:00:00,61.98125
2011-04-25 00:00:00,24.53875
2011-04-25 01:00:00,13.62125
2011-04-25 02:00:00,7.315
2011-04-25 03:00:00,4.62875
2011-04-25 04:00:00,4.4875
2011-04-25 05:00:00,14.95125
2011-04-25 06:00:00,58.33625
2011-04-25 07:00:00,149.9875
2011-04-25 08:00:00,380.87125
2011-04-25 09:00:00,168.84
2011-04-25 10:00:00,116.94125
2011-04-25 11:00:00,137.7925
2011-04-25 12:00:00,146.66125
2011-04-25 13:00:00,149.1675
2011-04-25 14:00:00,149.42375
2011-04-25 15:00:00,152.64625
2011-04-25 16:00:00,224.695
2011-04-25 17:00:00,380.17
2011-04-25 18:00:00,379.93875
2011-04-25 19:00:00,238.90625
2011-04-25 20:00:00,178.67
2011-04-25 21:00:00,154.18625
2011-04-25 22:00:00,107.75375
2011-04-25 23:00:00,62.29125
2011-04-26 00:00:00,28.765
2011-04-26 01:00:00,13.92125
2011-04-26 02:00:00,6.63125
2011-04-26 03:00:00,4.14625
2011-04-26 04:00:00,4.65
2011-04-26 05:00:00,10.89125
2011-04-26 06:00:00,57.465
2011-04-26 07:00:00,183.23
2011-04-26 08:00:00,377.85375
2011-04-26 09:00:00,199.74875
2011-04-26 10:00:00,115.68625
2011-04-26 11:00:00,138.90625
2011-04-26 12:00:00,150.10375
2011-04-26 13:00:00,152.7225
2011-04-26 14:00:00,145.155
2011-04-26 15:00:00,146.65
2011-04-26 16:00:00,225.23875
2011-04-26 17:00:00,383.38125
2011-04-26 18:00:00,381.91125
2011-04-26 19:00:00,228.995
2011-04-26 20:00:00,174.97125
2011-04-26 21:00:00,166.43875
2011-04-26 22:00:00,122.8325
2011-04-26 23:00:00,62.055
2011-04-27 00:00:00,27.7475
2011-04-27 01:00:00,14.86625
2011-04-27 02:00:00,7.235
2011-04-27 03:00:00,4.19125
2011-04-27 04:00:00,4.455
2011-04-27 05:00:00,10.56375
2011-04-27 06:00:00,57.48875
2011-04-27 07:00:00,159.60625
2011-04-27 08:00:00,371.81125
2011-04-27 09:00:00,154.5875
2011-04-27 10:00:00,106.58625
2011-04-27 11:00:00,115.86375
2011-04-27 12:00:00,139.4175
2011-04-27 13:00:00,138.92875
2011-04-27 14:00:00,141.36625
2011-04-27 15:00:00,144.2025
2011-04-27 16:00:00,222.7675
2011-04-27 17:00:00,367.06125
2011-04-27 18:00:00,360.16375
2011-04-27 19:00:00,219.9875
2011-04-27 20:00:00,163.16625
2011-04-27 21:00:00,129.1225
2011-04-27 22:00:00,110.06
2011-04-27 23:00:00,71.74625
2011-04-28 00:00:00,37.01375
2011-04-28 01:00:00,16.6475
2011-04-28 02:00:00,8.8025
2011-04-28 03:00:00,5.35125
2011-04-28 04:00:00,5.14
2011-04-28 05:00:00,11.01375
2011-04-28 06:00:00,60.07875
2011-04-28 07:00:00,188.49625
2011-04-28 08:00:00,377.54875
2011-04-28 09:00:00,163.025
2011-04-28 10:00:00,111.205
2011-04-28 11:00:00,109.91875
2011-04-28 12:00:00,128.31625
2011-04-28 13:00:00,125.5775
2011-04-28 14:00:00,127.33375
2011-04-28 15:00:00,147.22375
2011-04-28 16:00:00,208.82
2011-04-28 17:00:00,377.2375
2011-04-28 18:00:00,374.77875
2011-04-28 19:00:00,221.15
2011-04-28 20:00:00,200.54
2011-04-28 21:00:00,154.93625
2011-04-28 22:00:00,112.50625
2011-04-28 23:00:00,79.0075
2011-04-29 00:00:00,43.0625
2011-04-29 01:00:00,20.49125
2011-04-29 02:00:00,13.185
2011-04-29 03:00:00,6.21
2011-04-29 04:00:00,5.2525
2011-04-29 05:00:00,14.4175
2011-04-29 06:00:00,57.6625
2011-04-29 07:00:00,206.385
2011-04-29 08:00:00,370.0325
2011-04-29 09:00:00,195.52
2011-04-29 10:00:00,153.7325
2011-04-29 11:00:00,166.59875
2011-04-29 12:00:00,175.80875
2011-04-29 13:00:00,176.66875
2011-04-29 14:00:00,184.79
2011-04-29 15:00:00,170.43125
2011-04-29 16:00:00,210.17125
2011-04-29 17:00:00,344.50625
2011-04-29 18:00:00,342.58375
2011-04-29 19:00:00,198.315
2011-04-29 20:00:00,163.1175
2011-04-29 21:00:00,121.9575
2011-04-29 22:00:00,99.1275
2011-04-29 23:00:00,54.81875
2011-04-30 00:00:00,41.9075
2011-04-30 01:00:00,34.4725
2011-04-30 02:00:00,32.865
2011-04-30 03:00:00,23.0175
2011-04-30 04:00:00,5.665
2011-04-30 05:00:00,4.95875
2011-04-30 06:00:00,22.32875
2011-04-30 07:00:00,79.80875
2011-04-30 08:00:00,96.81375
2011-04-30 09:00:00,161.83625
2011-04-30 10:00:00,237.5775
2011-04-30 11:00:00,272.16125
2011-04-30 12:00:00,297.49375
2011-04-30 13:00:00,304.36
2011-04-30 14:00:00,305.47125
2011-04-30 15:00:00,307.8125
2011-04-30 16:00:00,310.18375
2011-04-30 17:00:00,288.87375
2011-04-30 18:00:00,272.335
2011-04-30 19:00:00,237.4225
2011-04-30 20:00:00,147.19
2011-04-30 21:00:00,111.43
2011-04-30 22:00:00,97.9225
2011-04-30 23:00:00,60.17625
2011-05-20 00:00:00,39.58
2011-05-20 01:00:00,25.5725
2011-05-20 02:00:00,12.63
2011-05-20 03:00:00,5.5775
2011-05-20 04:00:00,5.55
2011-05-20 05:00:00,21.53375
2011-05-20 06:00:00,89.07875
2011-05-20 07:00:00,259.73875
2011-05-20 08:00:00,461.4775
2011-05-20 09:00:00,209.13
2011-05-20 10:00:00,155.935
2011-05-20 11:00:00,167.55
2011-05-20 12:00:00,213.61
2011-05-20 13:00:00,211.9675
2011-05-20 14:00:00,215.14125
2011-05-20 15:00:00,213.62875
2011-05-20 16:00:00,342.81625
2011-05-20 17:00:00,466.615
2011-05-20 18:00:00,475.61625
2011-05-20 19:00:00,351.50375
2011-05-20 20:00:00,232.49875
2011-05-20 21:00:00,173.72375
2011-05-20 22:00:00,129.20875
2011-05-20 23:00:00,102.82375
2011-05-21 00:00:00,89.68875
2011-05-21 01:00:00,72.0125
2011-05-21 02:00:00,64.44625
2011-05-21 03:00:00,28.78
2011-05-21 04:00:00,8.06875
2011-05-21 05:00:00,8.97125
2011-05-21 06:00:00,26.9675
2011-05-21 07:00:00,72.94625
2011-05-21 08:00:00,128.30625
2011-05-21 09:00:00,207.29875
2011-05-21 10:00:00,311.19875
2011-05-21 11:00:00,379.78375
2011-05-21 12:00:00,383.83125
2011-05-21 13:00:00,389.9075
2011-05-21 14:00:00,386.655
2011-05-21 15:00:00,400.9775
2011-05-21 16:00:00,393.92125
2011-05-21 17:00:00,390.17375
2011-05-21 18:00:00,374.8225
2011-05-21 19:00:00,346.4325
2011-05-21 20:00:00,231.66625
2011-05-21 21:00:00,187.22
2011-05-21 22:00:00,133.465
2011-05-21 23:00:00,101.32875
2011-05-22 00:00:00,99.33125
2011-05-22 01:00:00,67.36125
2011-05-22 02:00:00,62.74625
2011-05-22 03:00:00,30.97875
2011-05-22 04:00:00,12.01375
2011-05-22 05:00:00,12.215
2011-05-22 06:00:00,17.675
2011-05-22 07:00:00,84.335
2011-05-22 08:00:00,106.89125
2011-05-22 09:00:00,188.35
2011-05-22 10:00:00,310.87125
2011-05-22 11:00:00,381.3675
2011-05-22 12:00:00,390.19
2011-05-22 13:00:00,396.98
2011-05-22 14:00:00,348.8275
2011-05-22 15:00:00,398.9975
2011-05-22 16:00:00,399.39375
2011-05-22 17:00:00,398.71125
2011-05-22 18:00:00,387.27625
2011-05-22 19:00:00,349.6
2011-05-22 20:00:00,239.9675
2011-05-22 21:00:00,165.49125
2011-05-22 22:00:00,122.3425
2011-05-22 23:00:00,85.675
2011-05-23 00:00:00,29.7525
2011-05-23 01:00:00,12.94
2011-05-23 02:00:00,8.15125
2011-05-23 03:00:00,4.10625
2011-05-23 04:00:00,5.2475
2011-05-23 05:00:00,17.745
2011-05-23 06:00:00,98.3
2011-05-23 07:00:00,215.425
2011-05-23 08:00:00,384.17625
2011-05-23 09:00:00,191.0775
2011-05-23 10:00:00,126.0825
2011-05-23 11:00:00,157.2
2011-05-23 12:00:00,192.78375
2011-05-23 13:00:00,178.4175
2011-05-23 14:00:00,169.48875
2011-05-23 15:00:00,172.50875
2011-05-23 16:00:00,292.9475
2011-05-23 17:00:00,475.12125
2011-05-23 18:00:00,504.685
2011-05-23 19:00:00,379.0075
2011-05-23 20:00:00,201.78375
2011-05-23 21:00:00,140.27125
2011-05-23 22:00:00,114.25875
2011-05-23 23:00:00,77.2225
2011-05-24 00:00:00,25.615
2011-05-24 01:00:00,12.1225
2011-05-24 02:00:00,18.42875
2011-05-24 03:00:00,4.9425
2011-05-24 04:00:00,5.45
2011-05-24 05:00:00,18.905
2011-05-24 06:00:00,108.815
2011-05-24 07:00:00,181.57
2011-05-24 08:00:00,414.49
2011-05-24 09:00:00,222.66125
2011-05-24 10:00:00,118.53875
2011-05-24 11:00:00,154.8425
2011-05-24 12:00:00,184.32375
2011-05-24 13:00:00,182.82625
2011-05-24 14:00:00,168.2725
2011-05-24 15:00:00,175.815
2011-05-24 16:00:00,297.16375
2011-05-24 17:00:00,482.46125
2011-05-24 18:00:00,499.2275
2011-05-24 19:00:00,367.85875
2011-05-24 20:00:00,272.31625
2011-05-24 21:00:00,197.3825
2011-05-24 22:00:00,91.65625
2011-05-24 23:00:00,91.32625
2011-05-25 00:00:00,28.8775
2011-05-25 01:00:00,14.53125
2011-05-25 02:00:00,10.22625
2011-05-25 03:00:00,4.52625
2011-05-25 04:00:00,5.16875
2011-05-25 05:00:00,21.31
2011-05-25 06:00:00,103.80875
2011-05-25 07:00:00,277.9525
2011-05-25 08:00:00,424.38375
2011-05-25 09:00:00,215.94875
2011-05-25 10:00:00,117.575
2011-05-25 11:00:00,159.55875
2011-05-25 12:00:00,179.61875
2011-05-25 13:00:00,174.9
2011-05-25 14:00:00,162.89125
2011-05-25 15:00:00,167.225
2011-05-25 16:00:00,292.07375
2011-05-25 17:00:00,548.7775
2011-05-25 18:00:00,519.70875
2011-05-25 19:00:00,377.99625
2011-05-25 20:00:00,298.03125
2011-05-25 21:00:00,193.205
2011-05-25 22:00:00,146.52125
2011-05-25 23:00:00,96.6325
2011-05-26 00:00:00,51.71875
2011-05-26 01:00:00,19.40375
2011-05-26 02:00:00,11.2875
2011-05-26 03:00:00,4.7475
2011-05-26 04:00:00,5.13125
2011-05-26 05:00:00,21.33375
2011-05-26 06:00:00,94.05625
2011-05-26 07:00:00,178.60375
2011-05-26 08:00:00,416.49375
2011-05-26 09:00:00,216.54125
2011-05-26 10:00:00,127.1675
2011-05-26 11:00:00,153.89125
2011-05-26 12:00:00,181.94
2011-05-26 13:00:00,167.66625
2011-05-26 14:00:00,163.58625
2011-05-26 15:00:00,171.6475
2011-05-26 16:00:00,295.51375
2011-05-26 17:00:00,517.08375
2011-05-26 18:00:00,508.48625
2011-05-26 19:00:00,360.62375
2011-05-26 20:00:00,290.08875
2011-05-26 21:00:00,198.15875
2011-05-26 22:00:00,149.97125
2011-05-26 23:00:00,122.72625
2011-05-27 00:00:00,60.8075
2011-05-27 01:00:00,27.7275
2011-05-27 02:00:00,16.45375
2011-05-27 03:00:00,6.05625
2011-05-27 04:00:00,6.355
2011-05-27 05:00:00,25.92625
2011-05-27 06:00:00,101.95375
2011-05-27 07:00:00,276.02375
2011-05-27 08:00:00,426.52375
2011-05-27 09:00:00,217.7925
2011-05-27 10:00:00,162.79625
2011-05-27 11:00:00,163.14125
2011-05-27 12:00:00,215.72625
2011-05-27 13:00:00,220.0925
2011-05-27 14:00:00,217.39875
2011-05-27 15:00:00,219.41125
2011-05-27 16:00:00,330.13875
2011-05-27 17:00:00,503.9475
2011-05-27 18:00:00,456.51125
2011-05-27 19:00:00,251.7175
2011-05-27 20:00:00,217.12875
2011-05-27 21:00:00,150.44125
2011-05-27 22:00:00,135.0125
2011-05-27 23:00:00,106.3575
2011-05-28 00:00:00,99.065
2011-05-28 01:00:00,81.875
2011-05-28 02:00:00,63.44625
2011-05-28 03:00:00,26.8825
2011-05-28 04:00:00,9.0375
2011-05-28 05:00:00,9.98875
2011-05-28 06:00:00,35.2325
2011-05-28 07:00:00,85.25875
2011-05-28 08:00:00,119.915
2011-05-28 09:00:00,214.54625
2011-05-28 10:00:00,307.6925
2011-05-28 11:00:00,389.54875
2011-05-28 12:00:00,399.765
2011-05-28 13:00:00,404.9975
2011-05-28 14:00:00,399.61625
2011-05-28 15:00:00,407.28125
2011-05-28 16:00:00,402.27375
2011-05-28 17:00:00,402.77375
2011-05-28 18:00:00,383.55625
2011-05-28 19:00:00,341.46125
2011-05-28 20:00:00,249.89375
2011-05-28 21:00:00,189.055
2011-05-28 22:00:00,167.20875
2011-05-28 23:00:00,131.3525
2011-05-29 00:00:00,103.03375
2011-05-29 01:00:00,82.6675
2011-05-29 02:00:00,64.8575
2011-05-29 03:00:00,27.665
2011-05-29 04:00:00,11.24625
2011-05-29 05:00:00,11.2625
2011-05-29 06:00:00,17.5575
2011-05-29 07:00:00,56.18625
2011-05-29 08:00:00,81.31
2011-05-29 09:00:00,120.125
2011-05-29 10:00:00,249.0675
2011-05-29 11:00:00,262.045
2011-05-29 12:00:00,306.61875
2011-05-29 13:00:00,405.27875
2011-05-29 14:00:00,398.52
2011-05-29 15:00:00,396.925
2011-05-29 16:00:00,394.65125
2011-05-29 17:00:00,393.51375
2011-05-29 18:00:00,276.9025
2011-05-29 19:00:00,266.31375
2011-05-29 20:00:00,216.65375
2011-05-29 21:00:00,165.80125
2011-05-29 22:00:00,124.4025
2011-05-29 23:00:00,115.5575
2011-05-30 00:00:00,41.7325
2011-05-30 01:00:00,68.44875
2011-05-30 02:00:00,38.665
2011-05-30 03:00:00,19.1725
2011-05-30 04:00:00,12.31
2011-05-30 05:00:00,13.1725
2011-05-30 06:00:00,65.62625
2011-05-30 07:00:00,113.8475
2011-05-30 08:00:00,150.8275
2011-05-30 09:00:00,213.19125
2011-05-30 10:00:00,291.52875
2011-05-30 11:00:00,380.21625
2011-05-30 12:00:00,380.07
2011-05-30 13:00:00,383.34
2011-05-30 14:00:00,385.58625
2011-05-30 15:00:00,370.68375
2011-05-30 16:00:00,370.4375
2011-05-30 17:00:00,375.67875
2011-05-30 18:00:00,371.525
2011-05-30 19:00:00,289.90875
2011-05-30 20:00:00,361.12375
2011-05-30 21:00:00,287.37625
2011-05-30 22:00:00,202.47375
2011-05-30 23:00:00,128.4275
2011-05-31 00:00:00,47.1225
2011-05-31 01:00:00,18.7375
2011-05-31 02:00:00,9.74
2011-05-31 03:00:00,4.38
2011-05-31 04:00:00,5.66
2011-05-31 05:00:00,20.935
2011-05-31 06:00:00,113.57625
2011-05-31 07:00:00,304.7375
2011-05-31 08:00:00,428.255
2011-05-31 09:00:00,192.06125
2011-05-31 10:00:00,124.23875
2011-05-31 11:00:00,141.41375
2011-05-31 12:00:00,154.11375
2011-05-31 13:00:00,152.66625
2011-05-31 14:00:00,147.41875
2011-05-31 15:00:00,151.90625
2011-05-31 16:00:00,242.1325
2011-05-31 17:00:00,519.8925
2011-05-31 18:00:00,512.87375
2011-05-31 19:00:00,369.1125
2011-05-31 20:00:00,268.18875
2011-05-31 21:00:00,208.63125
2011-05-31 22:00:00,147.675
2011-05-31 23:00:00,85.38
2011-06-20 00:00:00,35.38125
2011-06-20 01:00:00,15.2725
2011-06-20 02:00:00,8.68
2011-06-20 03:00:00,4.37125
2011-06-20 04:00:00,4.91375
2011-06-20 05:00:00,19.735
2011-06-20 06:00:00,99.55
2011-06-20 07:00:00,179.6525
2011-06-20 08:00:00,411.53875
2011-06-20 09:00:00,208.81625
2011-06-20 10:00:00,130.48375
2011-06-20 11:00:00,136.19
2011-06-20 12:00:00,177.405
2011-06-20 13:00:00,181.14375
2011-06-20 14:00:00,171.77125
2011-06-20 15:00:00,173.2775
2011-06-20 16:00:00,299.895
2011-06-20 17:00:00,508.65625
2011-06-20 18:00:00,521.89625
2011-06-20 19:00:00,388.1975
2011-06-20 20:00:00,284.16375
2011-06-20 21:00:00,187.5625
2011-06-20 22:00:00,123.79625
2011-06-20 23:00:00,88.0425
2011-06-21 00:00:00,33.73375
2011-06-21 01:00:00,15.1
2011-06-21 02:00:00,7.5675
2011-06-21 03:00:00,4.74125
2011-06-21 04:00:00,5.81625
2011-06-21 05:00:00,21.365
2011-06-21 06:00:00,104.6925
2011-06-21 07:00:00,200.33125
2011-06-21 08:00:00,397.655
2011-06-21 09:00:00,194.71875
2011-06-21 10:00:00,129.11875
2011-06-21 11:00:00,141.705
2011-06-21 12:00:00,160.61625
2011-06-21 13:00:00,167.90625
2011-06-21 14:00:00,165.03625
2011-06-21 15:00:00,171.82125
2011-06-21 16:00:00,289.51125
2011-06-21 17:00:00,560.5025
2011-06-21 18:00:00,525.65
2011-06-21 19:00:00,363.645
2011-06-21 20:00:00,254.15125
2011-06-21 21:00:00,215.82875
2011-06-21 22:00:00,154.35
2011-06-21 23:00:00,84.66125
2011-06-22 00:00:00,37.24625
2011-06-22 01:00:00,21.08125
2011-06-22 02:00:00,9.165
2011-06-22 03:00:00,4.76125
2011-06-22 04:00:00,5.905
2011-06-22 05:00:00,21.5675
2011-06-22 06:00:00,106.42
2011-06-22 07:00:00,311.03875
2011-06-22 08:00:00,415.06375
2011-06-22 09:00:00,210.63
2011-06-22 10:00:00,126.0075
2011-06-22 11:00:00,149.4575
2011-06-22 12:00:00,169.11375
2011-06-22 13:00:00,159.65125
2011-06-22 14:00:00,162.815
2011-06-22 15:00:00,159.25875
2011-06-22 16:00:00,273.625
2011-06-22 17:00:00,551.49875
2011-06-22 18:00:00,535.95375
2011-06-22 19:00:00,367.415
2011-06-22 20:00:00,272.89875
2011-06-22 21:00:00,217.84375
2011-06-22 22:00:00,163.82125
2011-06-22 23:00:00,94.0125
2011-06-23 00:00:00,48.67625
2011-06-23 01:00:00,20.70375
2011-06-23 02:00:00,10.7275
2011-06-23 03:00:00,6.12
2011-06-23 04:00:00,6.61625
2011-06-23 05:00:00,24.17875
2011-06-23 06:00:00,122.59375
2011-06-23 07:00:00,316.875
2011-06-23 08:00:00,412.0525
2011-06-23 09:00:00,213.86625
2011-06-23 10:00:00,123.26625
2011-06-23 11:00:00,144.23125
2011-06-23 12:00:00,173.4475
2011-06-23 13:00:00,174.29
2011-06-23 14:00:00,168.915
2011-06-23 15:00:00,166.55625
2011-06-23 16:00:00,291.7825
2011-06-23 17:00:00,527.3375
2011-06-23 18:00:00,506.8625
2011-06-23 19:00:00,364.44125
2011-06-23 20:00:00,284.75125
2011-06-23 21:00:00,213.225
2011-06-23 22:00:00,160.94375
2011-06-23 23:00:00,124.835
2011-06-24 00:00:00,57.30875
2011-06-24 01:00:00,22.88
2011-06-24 02:00:00,13.9275
2011-06-24 03:00:00,5.20375
2011-06-24 04:00:00,5.68375
2011-06-24 05:00:00,21.71875
2011-06-24 06:00:00,99.89375
2011-06-24 07:00:00,273.9425
2011-06-24 08:00:00,420.99375
2011-06-24 09:00:00,217.4875
2011-06-24 10:00:00,143.99125
2011-06-24 11:00:00,150.14875
2011-06-24 12:00:00,213.14625
2011-06-24 13:00:00,214.5025
2011-06-24 14:00:00,218.22
2011-06-24 15:00:00,205.5925
2011-06-24 16:00:00,335.945
2011-06-24 17:00:00,533.73125
2011-06-24 18:00:00,487.70375
2011-06-24 19:00:00,369.2475
2011-06-24 20:00:00,295.95
2011-06-24 21:00:00,226.6975
2011-06-24 22:00:00,194.65625
2011-06-24 23:00:00,140.72625
2011-06-25 00:00:00,115.77375
2011-06-25 01:00:00,84.715
2011-06-25 02:00:00,78.235
2011-06-25 03:00:00,33.8425
2011-06-25 04:00:00,12.2025
2011-06-25 05:00:00,13.3625
2011-06-25 06:00:00,34.515
2011-06-25 07:00:00,86.25625
2011-06-25 08:00:00,169.23625
2011-06-25 09:00:00,205.84625
2011-06-25 10:00:00,299.3525
2011-06-25 11:00:00,384.605
2011-06-25 12:00:00,419.7025
2011-06-25 13:00:00,421.02125
2011-06-25 14:00:00,415.885
2011-06-25 15:00:00,397.46
2011-06-25 16:00:00,427.9125
2011-06-25 17:00:00,416.00875
2011-06-25 18:00:00,393.165
2011-06-25 19:00:00,359.55
2011-06-25 20:00:00,256.78125
2011-06-25 21:00:00,212.70875
2011-06-25 22:00:00,200.0575
2011-06-25 23:00:00,166.85875
2011-06-26 00:00:00,104.68625
2011-06-26 01:00:00,89.35875
2011-06-26 02:00:00,80.675
2011-06-26 03:00:00,38.73
2011-06-26 04:00:00,14.9075
2011-06-26 05:00:00,14.89375
2011-06-26 06:00:00,28.4075
2011-06-26 07:00:00,66.40875
2011-06-26 08:00:00,119.705
2011-06-26 09:00:00,196.0275
2011-06-26 10:00:00,309.45125
2011-06-26 11:00:00,383.6475
2011-06-26 12:00:00,402.48125
2011-06-26 13:00:00,392.70875
2011-06-26 14:00:00,393.45
2011-06-26 15:00:00,391.7975
2011-06-26 16:00:00,393.92375
2011-06-26 17:00:00,387.66375
2011-06-26 18:00:00,384.76
2011-06-26 19:00:00,348.12625
2011-06-26 20:00:00,244.46625
2011-06-26 21:00:00,201.3125
2011-06-26 22:00:00,196.13625
2011-06-26 23:00:00,144.135
2011-06-27 00:00:00,35.035
2011-06-27 01:00:00,14.675
2011-06-27 02:00:00,8.845
2011-06-27 03:00:00,5.605
2011-06-27 04:00:00,5.33375
2011-06-27 05:00:00,21.96375
2011-06-27 06:00:00,112.35375
2011-06-27 07:00:00,321.12
2011-06-27 08:00:00,393.41125
2011-06-27 09:00:00,212.4075
2011-06-27 10:00:00,119.06625
2011-06-27 11:00:00,156.11875
2011-06-27 12:00:00,170.68375
2011-06-27 13:00:00,170.09875
2011-06-27 14:00:00,160.79125
2011-06-27 15:00:00,162.92875
2011-06-27 16:00:00,291.9075
2011-06-27 17:00:00,553.21125
2011-06-27 18:00:00,526.92
2011-06-27 19:00:00,393.2425
2011-06-27 20:00:00,288.9525
2011-06-27 21:00:00,187.92375
2011-06-27 22:00:00,138.3625
2011-06-27 23:00:00,89.0575
2011-06-28 00:00:00,36.385
2011-06-28 01:00:00,18.41125
2011-06-28 02:00:00,11.2775
2011-06-28 03:00:00,5.715
2011-06-28 04:00:00,5.845
2011-06-28 05:00:00,21.05875
2011-06-28 06:00:00,107.75125
2011-06-28 07:00:00,312.5275
2011-06-28 08:00:00,412.59
2011-06-28 09:00:00,208.2275
2011-06-28 10:00:00,122.1875
2011-06-28 11:00:00,144.6125
2011-06-28 12:00:00,167.8
2011-06-28 13:00:00,173.9625
2011-06-28 14:00:00,154.35375
2011-06-28 15:00:00,155.46375
2011-06-28 16:00:00,252.2675
2011-06-28 17:00:00,451.87
2011-06-28 18:00:00,430.14
2011-06-28 19:00:00,350.80625
2011-06-28 20:00:00,285.77875
2011-06-28 21:00:00,204.81625
2011-06-28 22:00:00,153.8675
2011-06-28 23:00:00,93.5525
2011-06-29 00:00:00,40.8075
2011-06-29 01:00:00,21.2475
2011-06-29 02:00:00,9.09875
2011-06-29 03:00:00,5.135
2011-06-29 04:00:00,5.69625
2011-06-29 05:00:00,21.33375
2011-06-29 06:00:00,112.3375
2011-06-29 07:00:00,316.09375
2011-06-29 08:00:00,444.52875
2011-06-29 09:00:00,208.45875
2011-06-29 10:00:00,123.23625
2011-06-29 11:00:00,166.77125
2011-06-29 12:00:00,187.9725
2011-06-29 13:00:00,185.43
2011-06-29 14:00:00,166.7975
2011-06-29 15:00:00,168.92375
2011-06-29 16:00:00,301.6025
2011-06-29 17:00:00,559.57375
2011-06-29 18:00:00,547.94125
2011-06-29 19:00:00,380.41
2011-06-29 20:00:00,303.29625
2011-06-29 21:00:00,224.03625
2011-06-29 22:00:00,167.435
2011-06-29 23:00:00,101.76875
2011-06-30 00:00:00,48.79125
2011-06-30 01:00:00,20.1125
2011-06-30 02:00:00,9.60125
2011-06-30 03:00:00,6.93
2011-06-30 04:00:00,5.58875
2011-06-30 05:00:00,25.5125
2011-06-30 06:00:00,119.0725
2011-06-30 07:00:00,324.98125
2011-06-30 08:00:00,443.68
2011-06-30 09:00:00,212.98375
2011-06-30 10:00:00,124.60625
2011-06-30 11:00:00,166.4775
2011-06-30 12:00:00,184.4175
2011-06-30 13:00:00,183.4
2011-06-30 14:00:00,168.26875
2011-06-30 15:00:00,178.405
2011-06-30 16:00:00,294.76125
2011-06-30 17:00:00,559.16
2011-06-30 18:00:00,536.0375
2011-06-30 19:00:00,383.4775
2011-06-30 20:00:00,302.54
2011-06-30 21:00:00,223.385
2011-06-30 22:00:00,170.2075
2011-06-30 23:00:00,127.525
2011-07-20 00:00:00,45.38
2011-07-20 01:00:00,17.25875
2011-07-20 02:00:00,8.80125
2011-07-20 03:00:00,6.5975
2011-07-20 04:00:00,6.24125
2011-07-20 05:00:00,27.2275
2011-07-20 06:00:00,117.56375
2011-07-20 07:00:00,310.33625
2011-07-20 08:00:00,413.12875
2011-07-20 09:00:00,208.10375
2011-07-20 10:00:00,115.82875
2011-07-20 11:00:00,142.02125
2011-07-20 12:00:00,162.0675
2011-07-20 13:00:00,156.115
2011-07-20 14:00:00,156.83875
2011-07-20 15:00:00,156.5725
2011-07-20 16:00:00,257.91875
2011-07-20 17:00:00,503.465
2011-07-20 18:00:00,499.5125
2011-07-20 19:00:00,371.75625
2011-07-20 20:00:00,280.33
2011-07-20 21:00:00,218.26375
2011-07-20 22:00:00,160.31375
2011-07-20 23:00:00,101.49625
2011-07-21 00:00:00,50.19375
2011-07-21 01:00:00,18.59375
2011-07-21 02:00:00,9.19125
2011-07-21 03:00:00,6.17375
2011-07-21 04:00:00,5.97625
2011-07-21 05:00:00,21.7775
2011-07-21 06:00:00,121.58
2011-07-21 07:00:00,310.85625
2011-07-21 08:00:00,419.9975
2011-07-21 09:00:00,202.1075
2011-07-21 10:00:00,123.18625
2011-07-21 11:00:00,135.56625
2011-07-21 12:00:00,148.8525
2011-07-21 13:00:00,147.3775
2011-07-21 14:00:00,144.45875
2011-07-21 15:00:00,146.67875
2011-07-21 16:00:00,241.03125
2011-07-21 17:00:00,463.46875
2011-07-21 18:00:00,465.845
2011-07-21 19:00:00,346.29125
2011-07-21 20:00:00,276.71375
2011-07-21 21:00:00,215.62625
2011-07-21 22:00:00,165.29375
2011-07-21 23:00:00,125.92875
2011-07-22 00:00:00,67.6875
2011-07-22 01:00:00,28.03
2011-07-22 02:00:00,19.49375
2011-07-22 03:00:00,6.15625
2011-07-22 04:00:00,6.39
2011-07-22 05:00:00,24.24625
2011-07-22 06:00:00,105.33375
2011-07-22 07:00:00,281.60125
2011-07-22 08:00:00,424.34
2011-07-22 09:00:00,214.37
2011-07-22 10:00:00,154.57
2011-07-22 11:00:00,158.83
2011-07-22 12:00:00,209.92125
2011-07-22 13:00:00,210.0725
2011-07-22 14:00:00,204.09125
2011-07-22 15:00:00,193.94375
2011-07-22 16:00:00,281.58375
2011-07-22 17:00:00,467.9825
2011-07-22 18:00:00,452.2275
2011-07-22 19:00:00,330.52625
2011-07-22 20:00:00,283.04125
2011-07-22 21:00:00,209.3975
2011-07-22 22:00:00,186.78125
2011-07-22 23:00:00,141.10625
2011-07-23 00:00:00,110.4575
2011-07-23 01:00:00,81.83625
2011-07-23 02:00:00,74.57625
2011-07-23 03:00:00,33.4
2011-07-23 04:00:00,14.41
2011-07-23 05:00:00,13.14875
2011-07-23 06:00:00,35.175
2011-07-23 07:00:00,120.03875
2011-07-23 08:00:00,169.87625
2011-07-23 09:00:00,214.9125
2011-07-23 10:00:00,297.69
2011-07-23 11:00:00,358.74125
2011-07-23 12:00:00,375.50375
2011-07-23 13:00:00,368.4975
2011-07-23 14:00:00,371.61875
2011-07-23 15:00:00,371.5325
2011-07-23 16:00:00,361.39375
2011-07-23 17:00:00,362.16875
2011-07-23 18:00:00,358.64875
2011-07-23 19:00:00,337.87625
2011-07-23 20:00:00,270.075
2011-07-23 21:00:00,243.76875
2011-07-23 22:00:00,215.28375
2011-07-23 23:00:00,201.18125
2011-07-24 00:00:00,113.2425
2011-07-24 01:00:00,83.85875
2011-07-24 02:00:00,80.8125
2011-07-24 03:00:00,36.68
2011-07-24 04:00:00,14.44125
2011-07-24 05:00:00,14.2975
2011-07-24 06:00:00,26.265
2011-07-24 07:00:00,72.94
2011-07-24 08:00:00,162.68625
2011-07-24 09:00:00,209.63625
2011-07-24 10:00:00,293.78375
2011-07-24 11:00:00,363.11125
2011-07-24 12:00:00,372.45125
2011-07-24 13:00:00,364.99
2011-07-24 14:00:00,364.57875
2011-07-24 15:00:00,352.43125
2011-07-24 16:00:00,353.7275
2011-07-24 17:00:00,360.9875
2011-07-24 18:00:00,352.88
2011-07-24 19:00:00,345.99375
2011-07-24 20:00:00,266.66875
2011-07-24 21:00:00,228.20375
2011-07-24 22:00:00,199.9425
2011-07-24 23:00:00,156.755
2011-07-25 00:00:00,47.925
2011-07-25 01:00:00,17.0325
2011-07-25 02:00:00,9.47
2011-07-25 03:00:00,5.865
2011-07-25 04:00:00,5.96875
2011-07-25 05:00:00,23.84125
2011-07-25 06:00:00,121.7175
2011-07-25 07:00:00,311.03
2011-07-25 08:00:00,398.76375
2011-07-25 09:00:00,193.96
2011-07-25 10:00:00,118.345
2011-07-25 11:00:00,137.00625
2011-07-25 12:00:00,158.465
2011-07-25 13:00:00,154.64625
2011-07-25 14:00:00,138.07625
2011-07-25 15:00:00,140.90625
2011-07-25 16:00:00,271.04875
2011-07-25 17:00:00,498.025
2011-07-25 18:00:00,495.7875
2011-07-25 19:00:00,390.29625
2011-07-25 20:00:00,274.065
2011-07-25 21:00:00,181.59625
2011-07-25 22:00:00,133.2
2011-07-25 23:00:00,80.6625
2011-07-26 00:00:00,47.02625
2011-07-26 01:00:00,19.46
2011-07-26 02:00:00,9.2225
2011-07-26 03:00:00,6.2375
2011-07-26 04:00:00,6.22625
2011-07-26 05:00:00,21.65125
2011-07-26 06:00:00,115.3
2011-07-26 07:00:00,313.5675
2011-07-26 08:00:00,423.05375
2011-07-26 09:00:00,204.125
2011-07-26 10:00:00,126.7525
2011-07-26 11:00:00,163.36375
2011-07-26 12:00:00,188.9425
2011-07-26 13:00:00,188.055
2011-07-26 14:00:00,171.5075
2011-07-26 15:00:00,173.11875
2011-07-26 16:00:00,279.90125
2011-07-26 17:00:00,560.665
2011-07-26 18:00:00,552.0875
2011-07-26 19:00:00,373.9425
2011-07-26 20:00:00,294.08125
2011-07-26 21:00:00,232.4125
2011-07-26 22:00:00,160.43375
2011-07-26 23:00:00,88.39125
2011-07-27 00:00:00,47.45
2011-07-27 01:00:00,17.5625
2011-07-27 02:00:00,10.2675
2011-07-27 03:00:00,4.65375
2011-07-27 04:00:00,5.08
2011-07-27 05:00:00,26.17625
2011-07-27 06:00:00,113.93625
2011-07-27 07:00:00,313.1925
2011-07-27 08:00:00,438.97375
2011-07-27 09:00:00,206.81125
2011-07-27 10:00:00,119.98125
2011-07-27 11:00:00,166.65625
2011-07-27 12:00:00,193.2125
2011-07-27 13:00:00,188.56
2011-07-27 14:00:00,169.81875
2011-07-27 15:00:00,175.74
2011-07-27 16:00:00,290.6775
2011-07-27 17:00:00,551.01625
2011-07-27 18:00:00,551.19625
2011-07-27 19:00:00,394.20375
2011-07-27 20:00:00,301.42375
2011-07-27 21:00:00,225.3875
2011-07-27 22:00:00,163.84625
2011-07-27 23:00:00,96.53375
2011-07-28 00:00:00,51.3
2011-07-28 01:00:00,20.46125
2011-07-28 02:00:00,10.61875
2011-07-28 03:00:00,4.815
2011-07-28 04:00:00,5.6725
2011-07-28 05:00:00,25.84625
2011-07-28 06:00:00,112.0025
2011-07-28 07:00:00,314.535
2011-07-28 08:00:00,412.515
2011-07-28 09:00:00,202.81
2011-07-28 10:00:00,120.21875
2011-07-28 11:00:00,136.31
2011-07-28 12:00:00,154.4375
2011-07-28 13:00:00,149.26375
2011-07-28 14:00:00,153.565
2011-07-28 15:00:00,150.51
2011-07-28 16:00:00,246.705
2011-07-28 17:00:00,503.96375
2011-07-28 18:00:00,482.45875
2011-07-28 19:00:00,362.23875
2011-07-28 20:00:00,275.56
2011-07-28 21:00:00,213.7525
2011-07-28 22:00:00,156.73375
2011-07-28 23:00:00,125.24875
2011-07-29 00:00:00,60.5775
2011-07-29 01:00:00,27.9975
2011-07-29 02:00:00,19.59625
2011-07-29 03:00:00,6.34375
2011-07-29 04:00:00,6.25
2011-07-29 05:00:00,23.7975
2011-07-29 06:00:00,104.07125
2011-07-29 07:00:00,279.05
2011-07-29 08:00:00,416.2975
2011-07-29 09:00:00,217.66125
2011-07-29 10:00:00,157.18
2011-07-29 11:00:00,162.08
2011-07-29 12:00:00,211.1175
2011-07-29 13:00:00,215.09875
2011-07-29 14:00:00,211.90875
2011-07-29 15:00:00,216.34
2011-07-29 16:00:00,280.0575
2011-07-29 17:00:00,479.95875
2011-07-29 18:00:00,464.98
2011-07-29 19:00:00,333.32125
2011-07-29 20:00:00,283.17
2011-07-29 21:00:00,239.12125
2011-07-29 22:00:00,187.875
2011-07-29 23:00:00,140.63375
2011-07-30 00:00:00,126.07625
2011-07-30 01:00:00,79.75125
2011-07-30 02:00:00,75.845
2011-07-30 03:00:00,33.53375
2011-07-30 04:00:00,13.54625
2011-07-30 05:00:00,11.8925
2011-07-30 06:00:00,31.44
2011-07-30 07:00:00,63.295
2011-07-30 08:00:00,137.8625
2011-07-30 09:00:00,223.1575
2011-07-30 10:00:00,292.96125
2011-07-30 11:00:00,365.57875
2011-07-30 12:00:00,383.71625
2011-07-30 13:00:00,387.45
2011-07-30 14:00:00,380.08
2011-07-30 15:00:00,363.89
2011-07-30 16:00:00,368.175
2011-07-30 17:00:00,373.02125
2011-07-30 18:00:00,373.79875
2011-07-30 19:00:00,367.93125
2011-07-30 20:00:00,283.39375
2011-07-30 21:00:00,245.35
2011-07-30 22:00:00,249.00375
2011-07-30 23:00:00,220.77875
2011-07-31 00:00:00,111.35875
2011-07-31 01:00:00,81.3325
2011-07-31 02:00:00,81.67625
2011-07-31 03:00:00,35.13125
2011-07-31 04:00:00,14.1425
2011-07-31 05:00:00,14.66
2011-07-31 06:00:00,26.99375
2011-07-31 07:00:00,79.39
2011-07-31 08:00:00,160.56
2011-07-31 09:00:00,201.69125
2011-07-31 10:00:00,289.665
2011-07-31 11:00:00,358.595
2011-07-31 12:00:00,376.36375
2011-07-31 13:00:00,374.27625
2011-07-31 14:00:00,361.76375
2011-07-31 15:00:00,354.37
2011-07-31 16:00:00,360.3675
2011-07-31 17:00:00,365.1275
2011-07-31 18:00:00,358.3775
2011-07-31 19:00:00,344.8125
2011-07-31 20:00:00,270.42
2011-07-31 21:00:00,231.49375
2011-07-31 22:00:00,167.70125
2011-07-31 23:00:00,126.07
2011-08-20 00:00:00,105.1875
2011-08-20 01:00:00,83.18875
2011-08-20 02:00:00,72.4275
2011-08-20 03:00:00,35.49625
2011-08-20 04:00:00,11.42875
2011-08-20 05:00:00,15.34875
2011-08-20 06:00:00,25.08625
2011-08-20 07:00:00,81.11125
2011-08-20 08:00:00,112.81875
2011-08-20 09:00:00,204.35
2011-08-20 10:00:00,293.25875
2011-08-20 11:00:00,375.9825
2011-08-20 12:00:00,377.075
2011-08-20 13:00:00,375.585
2011-08-20 14:00:00,387.5525
2011-08-20 15:00:00,369.45875
2011-08-20 16:00:00,374.31875
2011-08-20 17:00:00,385.63625
2011-08-20 18:00:00,357.98875
2011-08-20 19:00:00,345.50375
2011-08-20 20:00:00,264.91875
2011-08-20 21:00:00,195.8675
2011-08-20 22:00:00,165.24
2011-08-20 23:00:00,119.78375
2011-08-21 00:00:00,119.75625
2011-08-21 01:00:00,81.26625
2011-08-21 02:00:00,82.5625
2011-08-21 03:00:00,36.31375
2011-08-21 04:00:00,11.18875
2011-08-21 05:00:00,9.99875
2011-08-21 06:00:00,14.00125
2011-08-21 07:00:00,68.36625
2011-08-21 08:00:00,99.92
2011-08-21 09:00:00,210.235
2011-08-21 10:00:00,298.38875
2011-08-21 11:00:00,356.1775
2011-08-21 12:00:00,372.7025
2011-08-21 13:00:00,381.5075
2011-08-21 14:00:00,255.455
2011-08-21 15:00:00,263.895
2011-08-21 16:00:00,282.70125
2011-08-21 17:00:00,249.525
2011-08-21 18:00:00,252.96
2011-08-21 19:00:00,334.825
2011-08-21 20:00:00,219.2875
2011-08-21 21:00:00,177.84375
2011-08-21 22:00:00,155.2525
2011-08-21 23:00:00,92.14375
2011-08-22 00:00:00,40.5925
2011-08-22 01:00:00,21.61875
2011-08-22 02:00:00,10.06625
2011-08-22 03:00:00,4.99
2011-08-22 04:00:00,6.43125
2011-08-22 05:00:00,26.06625
2011-08-22 06:00:00,110.76875
2011-08-22 07:00:00,306.675
2011-08-22 08:00:00,387.53125
2011-08-22 09:00:00,205.80875
2011-08-22 10:00:00,121.00875
2011-08-22 11:00:00,156.25875
2011-08-22 12:00:00,194.20875
2011-08-22 13:00:00,190.12375
2011-08-22 14:00:00,180.7475
2011-08-22 15:00:00,181.1975
2011-08-22 16:00:00,306.21625
2011-08-22 17:00:00,572.0
2011-08-22 18:00:00,553.045
2011-08-22 19:00:00,395.1575
2011-08-22 20:00:00,304.5675
2011-08-22 21:00:00,218.72875
2011-08-22 22:00:00,125.3475
2011-08-22 23:00:00,93.185
2011-08-23 00:00:00,33.80375
2011-08-23 01:00:00,17.1675
2011-08-23 02:00:00,9.76125
2011-08-23 03:00:00,3.93875
2011-08-23 04:00:00,4.81
2011-08-23 05:00:00,24.62375
2011-08-23 06:00:00,109.3025
2011-08-23 07:00:00,323.86375
2011-08-23 08:00:00,426.235
2011-08-23 09:00:00,215.12375
2011-08-23 10:00:00,120.05375
2011-08-23 11:00:00,160.28
2011-08-23 12:00:00,208.12625
2011-08-23 13:00:00,197.27125
2011-08-23 14:00:00,180.06625
2011-08-23 15:00:00,181.8225
2011-08-23 16:00:00,305.81125
2011-08-23 17:00:00,575.8875
2011-08-23 18:00:00,557.5
2011-08-23 19:00:00,379.7175
2011-08-23 20:00:00,298.23
2011-08-23 21:00:00,203.2925
2011-08-23 22:00:00,151.63375
2011-08-23 23:00:00,88.7025
2011-08-24 00:00:00,36.29125
2011-08-24 01:00:00,16.39625
2011-08-24 02:00:00,9.05125
2011-08-24 03:00:00,4.775
2011-08-24 04:00:00,5.795
2011-08-24 05:00:00,23.47375
2011-08-24 06:00:00,108.22875
2011-08-24 07:00:00,319.42375
2011-08-24 08:00:00,411.5075
2011-08-24 09:00:00,216.0475
2011-08-24 10:00:00,121.06875
2011-08-24 11:00:00,152.2375
2011-08-24 12:00:00,182.82
2011-08-24 13:00:00,186.03625
2011-08-24 14:00:00,176.63375
2011-08-24 15:00:00,177.25375
2011-08-24 16:00:00,290.6775
2011-08-24 17:00:00,558.58125
2011-08-24 18:00:00,536.58
2011-08-24 19:00:00,363.41625
2011-08-24 20:00:00,285.40875
2011-08-24 21:00:00,194.3775
2011-08-24 22:00:00,157.985
2011-08-24 23:00:00,100.09875
2011-08-25 00:00:00,48.94375
2011-08-25 01:00:00,22.60625
2011-08-25 02:00:00,9.66
2011-08-25 03:00:00,5.77875
2011-08-25 04:00:00,5.58
2011-08-25 05:00:00,24.44125
2011-08-25 06:00:00,101.98875
2011-08-25 07:00:00,301.01625
2011-08-25 08:00:00,416.36375
2011-08-25 09:00:00,221.485
2011-08-25 10:00:00,126.37125
2011-08-25 11:00:00,144.37625
2011-08-25 12:00:00,137.7575
2011-08-25 13:00:00,139.665
2011-08-25 14:00:00,155.08
2011-08-25 15:00:00,160.22875
2011-08-25 16:00:00,270.15375
2011-08-25 17:00:00,414.09875
2011-08-25 18:00:00,415.5625
2011-08-25 19:00:00,310.09375
2011-08-25 20:00:00,223.2025
2011-08-25 21:00:00,194.1875
2011-08-25 22:00:00,131.84625
2011-08-25 23:00:00,105.81875
2011-08-26 00:00:00,49.01
2011-08-26 01:00:00,22.20875
2011-08-26 02:00:00,13.40875
2011-08-26 03:00:00,5.49125
2011-08-26 04:00:00,6.3775
2011-08-26 05:00:00,19.98375
2011-08-26 06:00:00,91.74375
2011-08-26 07:00:00,243.7925
2011-08-26 08:00:00,402.14625
2011-08-26 09:00:00,205.73875
2011-08-26 10:00:00,158.12375
2011-08-26 11:00:00,160.2875
2011-08-26 12:00:00,216.44875
2011-08-26 13:00:00,220.0975
2011-08-26 14:00:00,211.67875
2011-08-26 15:00:00,208.205
2011-08-26 16:00:00,313.3125
2011-08-26 17:00:00,497.28125
2011-08-26 18:00:00,436.12125
2011-08-26 19:00:00,326.35375
2011-08-26 20:00:00,237.85875
2011-08-26 21:00:00,207.88875
2011-08-26 22:00:00,166.89875
2011-08-26 23:00:00,132.8825
2011-08-27 00:00:00,108.62375
2011-08-27 01:00:00,81.1375
2011-08-27 02:00:00,75.93
2011-08-27 03:00:00,37.97
2011-08-27 04:00:00,11.51
2011-08-27 05:00:00,11.72
2011-08-27 06:00:00,25.645
2011-08-27 07:00:00,70.13
2011-08-27 08:00:00,131.30125
2011-08-27 09:00:00,205.87875
2011-08-27 10:00:00,252.2575
2011-08-27 11:00:00,171.82875
2011-08-27 12:00:00,229.46125
2011-08-27 13:00:00,233.6
2011-08-27 14:00:00,164.315
2011-08-27 15:00:00,164.20125
2011-08-27 16:00:00,164.57625
2011-08-27 17:00:00,158.27375
2011-08-28 07:00:00,150.2575
2011-08-28 08:00:00,165.6125
2011-08-28 09:00:00,207.50125
2011-08-28 10:00:00,301.8975
2011-08-28 11:00:00,367.5725
2011-08-28 12:00:00,413.87875
2011-08-28 13:00:00,429.9675
2011-08-28 14:00:00,377.495
2011-08-28 15:00:00,372.89
2011-08-28 16:00:00,362.98375
2011-08-28 17:00:00,414.4725
2011-08-28 18:00:00,391.64375
2011-08-28 19:00:00,355.7075
2011-08-28 20:00:00,252.83875
2011-08-28 21:00:00,194.6975
2011-08-28 22:00:00,145.255
2011-08-28 23:00:00,96.79875
2011-08-29 00:00:00,34.455
2011-08-29 01:00:00,14.0975
2011-08-29 02:00:00,9.78125
2011-08-29 03:00:00,6.68125
2011-08-29 04:00:00,5.30875
2011-08-29 05:00:00,23.795
2011-08-29 06:00:00,109.09625
2011-08-29 07:00:00,321.81125
2011-08-29 08:00:00,403.31125
2011-08-29 09:00:00,211.32125
2011-08-29 10:00:00,124.79625
2011-08-29 11:00:00,156.00375
2011-08-29 12:00:00,194.6
2011-08-29 13:00:00,206.36875
2011-08-29 14:00:00,184.8275
2011-08-29 15:00:00,183.07875
2011-08-29 16:00:00,307.25625
2011-08-29 17:00:00,555.1725
2011-08-29 18:00:00,523.375
2011-08-29 19:00:00,392.83125
2011-08-29 20:00:00,295.75375
2011-08-29 21:00:00,220.78375
2011-08-29 22:00:00,135.38625
2011-08-29 23:00:00,87.61
2011-08-30 00:00:00,33.23125
2011-08-30 01:00:00,15.53625
2011-08-30 02:00:00,9.7025
2011-08-30 03:00:00,4.57
2011-08-30 04:00:00,5.00375
2011-08-30 05:00:00,23.1525
2011-08-30 06:00:00,109.00125
2011-08-30 07:00:00,325.9875
2011-08-30 08:00:00,419.63
2011-08-30 09:00:00,208.5075
2011-08-30 10:00:00,126.5275
2011-08-30 11:00:00,159.16125
2011-08-30 12:00:00,204.37375
2011-08-30 13:00:00,199.51625
2011-08-30 14:00:00,178.11
2011-08-30 15:00:00,181.02625
2011-08-30 16:00:00,303.04375
2011-08-30 17:00:00,571.585
2011-08-30 18:00:00,550.7
2011-08-30 19:00:00,378.84625
2011-08-30 20:00:00,296.2475
2011-08-30 21:00:00,185.3075
2011-08-30 22:00:00,155.82375
2011-08-30 23:00:00,89.9375
2011-08-31 00:00:00,33.78625
2011-08-31 01:00:00,16.03375
2011-08-31 02:00:00,9.61125
2011-08-31 03:00:00,4.84625
2011-08-31 04:00:00,5.7825
2011-08-31 05:00:00,23.3975
2011-08-31 06:00:00,106.28125
2011-08-31 07:00:00,317.98
2011-08-31 08:00:00,409.865
2011-08-31 09:00:00,217.79375
2011-08-31 10:00:00,123.42125
2011-08-31 11:00:00,156.155
2011-08-31 12:00:00,184.165
2011-08-31 13:00:00,199.71125
2011-08-31 14:00:00,177.1425
2011-08-31 15:00:00,176.65875
2011-08-31 16:00:00,296.6575
2011-08-31 17:00:00,575.06375
2011-08-31 18:00:00,527.3325
2011-08-31 19:00:00,363.73625
2011-08-31 20:00:00,294.75
2011-08-31 21:00:00,191.7125
2011-08-31 22:00:00,150.74125
2011-08-31 23:00:00,82.93375
2011-09-20 00:00:00,33.03
2011-09-20 01:00:00,12.08625
2011-09-20 02:00:00,6.66125
2011-09-20 03:00:00,4.54625
2011-09-20 04:00:00,4.94875
2011-09-20 05:00:00,22.475
2011-09-20 06:00:00,107.15125
2011-09-20 07:00:00,288.60875
2011-09-20 08:00:00,235.5625
2011-09-20 09:00:00,150.01625
2011-09-20 10:00:00,144.02875
2011-09-20 11:00:00,143.63625
2011-09-20 12:00:00,118.60875
2011-09-20 13:00:00,116.9975
2011-09-20 14:00:00,158.9525
2011-09-20 15:00:00,179.525
2011-09-20 16:00:00,251.1375
2011-09-20 17:00:00,406.95125
2011-09-20 18:00:00,395.8575
2011-09-20 19:00:00,277.7975
2011-09-20 20:00:00,192.54875
2011-09-20 21:00:00,122.055
2011-09-20 22:00:00,118.4625
2011-09-20 23:00:00,67.38875
2011-09-21 00:00:00,25.79
2011-09-21 01:00:00,10.56
2011-09-21 02:00:00,7.67
2011-09-21 03:00:00,4.6475
2011-09-21 04:00:00,5.035
2011-09-21 05:00:00,14.1325
2011-09-21 06:00:00,100.6575
2011-09-21 07:00:00,240.0975
2011-09-21 08:00:00,351.89375
2011-09-21 09:00:00,170.80625
2011-09-21 10:00:00,113.36375
2011-09-21 11:00:00,124.64375
2011-09-21 12:00:00,169.15625
2011-09-21 13:00:00,163.41625
2011-09-21 14:00:00,158.8525
2011-09-21 15:00:00,162.54375
2011-09-21 16:00:00,294.7725
2011-09-21 17:00:00,442.70125
2011-09-21 18:00:00,332.11125
2011-09-21 19:00:00,166.96875
2011-09-21 20:00:00,137.69125
2011-09-21 21:00:00,103.55875
2011-09-21 22:00:00,118.62625
2011-09-21 23:00:00,65.57
2011-09-22 00:00:00,24.75375
2011-09-22 01:00:00,10.585
2011-09-22 02:00:00,18.71625
2011-09-22 03:00:00,4.3525
2011-09-22 04:00:00,4.66875
2011-09-22 05:00:00,15.59375
2011-09-22 06:00:00,95.7
2011-09-22 07:00:00,195.1675
2011-09-22 08:00:00,316.66125
2011-09-22 09:00:00,152.02125
2011-09-22 10:00:00,128.08875
2011-09-22 11:00:00,132.785
2011-09-22 12:00:00,137.75
2011-09-22 13:00:00,139.80375
2011-09-22 14:00:00,136.73125
2011-09-22 15:00:00,140.2025
2011-09-22 16:00:00,295.54625
2011-09-22 17:00:00,500.64125
2011-09-22 18:00:00,370.73875
2011-09-22 19:00:00,207.69875
2011-09-22 20:00:00,141.0525
2011-09-22 21:00:00,129.5625
2011-09-22 22:00:00,108.94125
2011-09-22 23:00:00,91.8775
2011-09-23 00:00:00,30.78125
2011-09-23 01:00:00,15.01375
2011-09-23 02:00:00,18.31375
2011-09-23 03:00:00,4.555
2011-09-23 04:00:00,4.46125
2011-09-23 05:00:00,14.8375
2011-09-23 06:00:00,86.5075
2011-09-23 07:00:00,157.1875
2011-09-23 08:00:00,232.4075
2011-09-23 09:00:00,139.6075
2011-09-23 10:00:00,128.3875
2011-09-23 11:00:00,128.23625
2011-09-23 12:00:00,149.70625
2011-09-23 13:00:00,136.16625
2011-09-23 14:00:00,135.2075
2011-09-23 15:00:00,149.25875
2011-09-23 16:00:00,168.93375
2011-09-23 17:00:00,294.94375
2011-09-23 18:00:00,292.23125
2011-09-23 19:00:00,203.65875
2011-09-23 20:00:00,161.01875
2011-09-23 21:00:00,114.325
2011-09-23 22:00:00,118.74875
2011-09-23 23:00:00,96.90125
2011-09-24 00:00:00,89.76125
2011-09-24 01:00:00,72.60875
2011-09-24 02:00:00,64.58625
2011-09-24 03:00:00,30.98125
2011-09-24 04:00:00,13.40125
2011-09-24 05:00:00,15.39125
2011-09-24 06:00:00,21.04
2011-09-24 07:00:00,85.605
2011-09-24 08:00:00,118.25
2011-09-24 09:00:00,148.1775
2011-09-24 10:00:00,195.99875
2011-09-24 11:00:00,217.945
2011-09-24 12:00:00,244.92125
2011-09-24 13:00:00,270.07125
2011-09-24 14:00:00,296.84
2011-09-24 15:00:00,290.8825
2011-09-24 16:00:00,264.73625
2011-09-24 17:00:00,277.34875
2011-09-24 18:00:00,245.14875
2011-09-24 19:00:00,203.6375
2011-09-24 20:00:00,175.565
2011-09-24 21:00:00,137.79375
2011-09-24 22:00:00,126.92
2011-09-24 23:00:00,100.2525
2011-09-25 00:00:00,99.69375
2011-09-25 01:00:00,81.1125
2011-09-25 02:00:00,62.21
2011-09-25 03:00:00,32.99125
2011-09-25 04:00:00,14.75
2011-09-25 05:00:00,17.6575
2011-09-25 06:00:00,16.03625
2011-09-25 07:00:00,57.85875
2011-09-25 08:00:00,78.2
2011-09-25 09:00:00,148.9625
2011-09-25 10:00:00,200.0725
2011-09-25 11:00:00,272.2075
2011-09-25 12:00:00,276.15125
2011-09-25 13:00:00,296.01125
2011-09-25 14:00:00,275.735
2011-09-25 15:00:00,270.3725
2011-09-25 16:00:00,383.8075
2011-09-25 17:00:00,274.095
2011-09-25 18:00:00,269.06875
2011-09-25 19:00:00,210.4075
2011-09-25 20:00:00,173.77125
2011-09-25 21:00:00,113.5675
2011-09-25 22:00:00,127.6325
2011-09-25 23:00:00,106.93875
2011-09-26 00:00:00,30.21
2011-09-26 01:00:00,12.8275
2011-09-26 02:00:00,7.51125
2011-09-26 03:00:00,4.01125
2011-09-26 04:00:00,5.08375
2011-09-26 05:00:00,20.9975
2011-09-26 06:00:00,96.68875
2011-09-26 07:00:00,204.66
2011-09-26 08:00:00,341.84125
2011-09-26 09:00:00,190.35625
2011-09-26 10:00:00,129.66125
2011-09-26 11:00:00,145.69125
2011-09-26 12:00:00,143.8
2011-09-26 13:00:00,157.0625
2011-09-26 14:00:00,164.70875
2011-09-26 15:00:00,170.3775
2011-09-26 16:00:00,300.2925
2011-09-26 17:00:00,547.7075
2011-09-26 18:00:00,406.375
2011-09-26 19:00:00,297.68875
2011-09-26 20:00:00,184.62625
2011-09-26 21:00:00,135.1975
2011-09-26 22:00:00,114.97125
2011-09-26 23:00:00,72.68125
2011-09-27 00:00:00,28.49875
2011-09-27 01:00:00,11.2075
2011-09-27 02:00:00,7.65875
2011-09-27 03:00:00,4.05125
2011-09-27 04:00:00,4.6225
2011-09-27 05:00:00,13.9325
2011-09-27 06:00:00,98.9325
2011-09-27 07:00:00,207.5575
2011-09-27 08:00:00,360.255
2011-09-27 09:00:00,183.7675
2011-09-27 10:00:00,148.7725
2011-09-27 11:00:00,140.97
2011-09-27 12:00:00,161.635
2011-09-27 13:00:00,160.1775
2011-09-27 14:00:00,135.15625
2011-09-27 15:00:00,138.58375
2011-09-27 16:00:00,270.10375
2011-09-27 17:00:00,306.995
2011-09-27 18:00:00,298.70125
2011-09-27 19:00:00,213.1225
2011-09-27 20:00:00,226.11
2011-09-27 21:00:00,153.415
2011-09-27 22:00:00,129.87375
2011-09-27 23:00:00,67.5225
2011-09-28 00:00:00,31.81875
2011-09-28 01:00:00,12.52625
2011-09-28 02:00:00,7.12
2011-09-28 03:00:00,4.505
2011-09-28 04:00:00,6.04
2011-09-28 05:00:00,15.335
2011-09-28 06:00:00,60.3325
2011-09-28 07:00:00,131.08375
2011-09-28 08:00:00,220.0675
2011-09-28 09:00:00,163.31
2011-09-28 10:00:00,87.19
2011-09-28 11:00:00,139.40125
2011-09-28 12:00:00,141.195
2011-09-28 13:00:00,166.00625
2011-09-28 14:00:00,174.6
2011-09-28 15:00:00,167.22125
2011-09-28 16:00:00,298.025
2011-09-28 17:00:00,550.52875
2011-09-28 18:00:00,345.80125
2011-09-28 19:00:00,284.22
2011-09-28 20:00:00,143.5625
2011-09-28 21:00:00,116.0275
2011-09-28 22:00:00,129.31125
2011-09-28 23:00:00,64.57625
2011-09-29 00:00:00,27.45
2011-09-29 01:00:00,11.21875
2011-09-29 02:00:00,18.2625
2011-09-29 03:00:00,4.465
2011-09-29 04:00:00,5.68
2011-09-29 05:00:00,21.78625
2011-09-29 06:00:00,106.55125
2011-09-29 07:00:00,238.15
2011-09-29 08:00:00,413.0725
2011-09-29 09:00:00,217.72125
2011-09-29 10:00:00,127.88125
2011-09-29 11:00:00,156.74875
2011-09-29 12:00:00,190.7075
2011-09-29 13:00:00,192.9175
2011-09-29 14:00:00,184.3575
2011-09-29 15:00:00,184.50875
2011-09-29 16:00:00,302.1125
2011-09-29 17:00:00,544.54125
2011-09-29 18:00:00,526.52
2011-09-29 19:00:00,349.01625
2011-09-29 20:00:00,285.00625
2011-09-29 21:00:00,174.06875
2011-09-29 22:00:00,130.81125
2011-09-29 23:00:00,88.48625
2011-09-30 00:00:00,53.1775
2011-09-30 01:00:00,25.09
2011-09-30 02:00:00,12.04125
2011-09-30 03:00:00,5.16625
2011-09-30 04:00:00,5.17375
2011-09-30 05:00:00,23.63
2011-09-30 06:00:00,91.91625
2011-09-30 07:00:00,276.99
2011-09-30 08:00:00,447.77875
2011-09-30 09:00:00,213.68375
2011-09-30 10:00:00,165.0125
2011-09-30 11:00:00,170.00375
2011-09-30 12:00:00,205.8775
2011-09-30 13:00:00,197.905
2011-09-30 14:00:00,201.015
2011-09-30 15:00:00,203.60875
2011-09-30 16:00:00,335.9325
2011-09-30 17:00:00,512.93375
2011-09-30 18:00:00,485.59875
2011-09-30 19:00:00,301.90875
2011-09-30 20:00:00,208.745
2011-09-30 21:00:00,159.65875
2011-09-30 22:00:00,124.80625
2011-09-30 23:00:00,105.04125
2011-10-20 00:00:00,30.67
2011-10-20 01:00:00,13.915
2011-10-20 02:00:00,9.355
2011-10-20 03:00:00,4.12875
2011-10-20 04:00:00,4.90375
2011-10-20 05:00:00,24.955
2011-10-20 06:00:00,92.91625
2011-10-20 07:00:00,273.76375
2011-10-20 08:00:00,367.5375
2011-10-20 09:00:00,212.4675
2011-10-20 10:00:00,141.34875
2011-10-20 11:00:00,144.16
2011-10-20 12:00:00,172.7325
2011-10-20 13:00:00,172.17625
2011-10-20 14:00:00,154.65
2011-10-20 15:00:00,151.675
2011-10-20 16:00:00,245.05
2011-10-20 17:00:00,427.3475
2011-10-20 18:00:00,417.8475
2011-10-20 19:00:00,254.44125
2011-10-20 20:00:00,199.35625
2011-10-20 21:00:00,128.67875
2011-10-20 22:00:00,113.04625
2011-10-20 23:00:00,80.98125
2011-10-21 00:00:00,53.98375
2011-10-21 01:00:00,24.73125
2011-10-21 02:00:00,13.41375
2011-10-21 03:00:00,5.8075
2011-10-21 04:00:00,5.35
2011-10-21 05:00:00,21.55
2011-10-21 06:00:00,89.34875
2011-10-21 07:00:00,224.7075
2011-10-21 08:00:00,428.445
2011-10-21 09:00:00,206.005
2011-10-21 10:00:00,160.5525
2011-10-21 11:00:00,166.1125
2011-10-21 12:00:00,196.91375
2011-10-21 13:00:00,195.405
2011-10-21 14:00:00,198.10625
2011-10-21 15:00:00,198.26125
2011-10-21 16:00:00,296.8975
2011-10-21 17:00:00,433.71875
2011-10-21 18:00:00,419.92125
2011-10-21 19:00:00,242.1875
2011-10-21 20:00:00,181.41875
2011-10-21 21:00:00,131.67
2011-10-21 22:00:00,113.50625
2011-10-21 23:00:00,85.93125
2011-10-22 00:00:00,85.485
2011-10-22 01:00:00,71.19375
2011-10-22 02:00:00,66.42125
2011-10-22 03:00:00,30.7
2011-10-22 04:00:00,8.985
2011-10-22 05:00:00,9.03125
2011-10-22 06:00:00,18.8175
2011-10-22 07:00:00,78.0675
2011-10-22 08:00:00,98.62625
2011-10-22 09:00:00,151.76875
2011-10-22 10:00:00,214.19375
2011-10-22 11:00:00,243.18125
2011-10-22 12:00:00,296.77875
2011-10-22 13:00:00,332.63375
2011-10-22 14:00:00,311.62125
2011-10-22 15:00:00,310.19625
2011-10-22 16:00:00,308.69875
2011-10-22 17:00:00,263.615
2011-10-22 18:00:00,230.65375
2011-10-22 19:00:00,218.0675
2011-10-22 20:00:00,157.03875
2011-10-22 21:00:00,122.70625
2011-10-22 22:00:00,109.93125
2011-10-22 23:00:00,82.41625
2011-10-23 00:00:00,85.7075
2011-10-23 01:00:00,68.70375
2011-10-23 02:00:00,56.36375
2011-10-23 03:00:00,37.2475
2011-10-23 04:00:00,10.78875
2011-10-23 05:00:00,9.895
2011-10-23 06:00:00,16.16375
2011-10-23 07:00:00,72.88125
2011-10-23 08:00:00,92.06125
2011-10-23 09:00:00,136.7
2011-10-23 10:00:00,225.425
2011-10-23 11:00:00,253.71125
2011-10-23 12:00:00,315.2025
2011-10-23 13:00:00,328.5125
2011-10-23 14:00:00,330.21875
2011-10-23 15:00:00,326.0075
2011-10-23 16:00:00,325.3075
2011-10-23 17:00:00,280.455
2011-10-23 18:00:00,252.50875
2011-10-23 19:00:00,204.04125
2011-10-23 20:00:00,150.63625
2011-10-23 21:00:00,108.8525
2011-10-23 22:00:00,84.9875
2011-10-23 23:00:00,66.43
2011-10-24 00:00:00,36.25625
2011-10-24 01:00:00,10.16875
2011-10-24 02:00:00,6.88875
2011-10-24 03:00:00,5.785
2011-10-24 04:00:00,5.66875
2011-10-24 05:00:00,23.8725
2011-10-24 06:00:00,98.745
2011-10-24 07:00:00,247.32625
2011-10-24 08:00:00,390.2225
2011-10-24 09:00:00,197.00375
2011-10-24 10:00:00,118.925
2011-10-24 11:00:00,127.625
2011-10-24 12:00:00,177.4125
2011-10-24 13:00:00,171.695
2011-10-24 14:00:00,169.7075
2011-10-24 15:00:00,184.8225
2011-10-24 16:00:00,308.095
2011-10-24 17:00:00,477.745
2011-10-24 18:00:00,501.58125
2011-10-24 19:00:00,185.74
2011-10-24 20:00:00,219.9225
2011-10-24 21:00:00,145.30375
2011-10-24 22:00:00,120.83875
2011-10-24 23:00:00,68.00375
2011-10-25 00:00:00,38.24
2011-10-25 01:00:00,12.85375
2011-10-25 02:00:00,6.89375
2011-10-25 03:00:00,5.37875
2011-10-25 04:00:00,6.43875
2011-10-25 05:00:00,24.045
2011-10-25 06:00:00,98.175
2011-10-25 07:00:00,274.38
2011-10-25 08:00:00,461.32125
2011-10-25 09:00:00,208.72625
2011-10-25 10:00:00,130.3625
2011-10-25 11:00:00,137.78375
2011-10-25 12:00:00,183.355
2011-10-25 13:00:00,181.31125
2011-10-25 14:00:00,167.0975
2011-10-25 15:00:00,179.71
2011-10-25 16:00:00,312.7575
2011-10-25 17:00:00,577.95625
2011-10-25 18:00:00,495.2975
2011-10-25 19:00:00,294.375
2011-10-25 20:00:00,216.54
2011-10-25 21:00:00,144.57375
2011-10-25 22:00:00,129.06625
2011-10-25 23:00:00,68.02375
2011-10-26 00:00:00,40.66625
2011-10-26 01:00:00,14.34625
2011-10-26 02:00:00,7.45125
2011-10-26 03:00:00,4.59625
2011-10-26 04:00:00,4.4725
2011-10-26 05:00:00,25.8575
2011-10-26 06:00:00,105.4825
2011-10-26 07:00:00,279.05625
2011-10-26 08:00:00,447.46125
2011-10-26 09:00:00,214.385
2011-10-26 10:00:00,126.04375
2011-10-26 11:00:00,139.33125
2011-10-26 12:00:00,177.98125
2011-10-26 13:00:00,178.32
2011-10-26 14:00:00,166.25875
2011-10-26 15:00:00,173.65375
2011-10-26 16:00:00,282.53875
2011-10-26 17:00:00,474.96
2011-10-26 18:00:00,461.33375
2011-10-26 19:00:00,262.89
2011-10-26 20:00:00,197.4125
2011-10-26 21:00:00,157.18125
2011-10-26 22:00:00,121.02125
2011-10-26 23:00:00,66.67375
2011-10-27 00:00:00,35.16625
2011-10-27 01:00:00,8.645
2011-10-27 02:00:00,10.07625
2011-10-27 03:00:00,4.385
2011-10-27 04:00:00,4.8375
2011-10-27 05:00:00,18.43375
2011-10-27 06:00:00,66.75875
2011-10-27 07:00:00,236.08375
2011-10-27 08:00:00,294.595
2011-10-27 09:00:00,209.4925
2011-10-27 10:00:00,118.49625
2011-10-27 11:00:00,120.72
2011-10-27 12:00:00,121.015
2011-10-27 13:00:00,152.37625
2011-10-27 14:00:00,150.7125
2011-10-27 15:00:00,162.0125
2011-10-27 16:00:00,302.70375
2011-10-27 17:00:00,387.12375
2011-10-27 18:00:00,377.44875
2011-10-27 19:00:00,225.56875
2011-10-27 20:00:00,193.26125
2011-10-27 21:00:00,127.08375
2011-10-27 22:00:00,89.77125
2011-10-27 23:00:00,74.45125
2011-10-28 00:00:00,48.75125
2011-10-28 01:00:00,21.00625
2011-10-28 02:00:00,10.61375
2011-10-28 03:00:00,3.60375
2011-10-28 04:00:00,3.92375
2011-10-28 05:00:00,21.97
2011-10-28 06:00:00,86.96625
2011-10-28 07:00:00,178.74375
2011-10-28 08:00:00,396.66125
2011-10-28 09:00:00,183.59875
2011-10-28 10:00:00,144.39875
2011-10-28 11:00:00,166.98125
2011-10-28 12:00:00,181.71375
2011-10-28 13:00:00,181.30375
2011-10-28 14:00:00,179.85
2011-10-28 15:00:00,172.3175
2011-10-28 16:00:00,213.90125
2011-10-28 17:00:00,387.53
2011-10-28 18:00:00,362.39375
2011-10-28 19:00:00,213.48875
2011-10-28 20:00:00,126.2525
2011-10-28 21:00:00,90.87125
2011-10-28 22:00:00,61.19125
2011-10-28 23:00:00,58.84375
2011-10-29 00:00:00,54.275
2011-10-29 01:00:00,38.8025
2011-10-29 02:00:00,40.185
2011-10-29 03:00:00,16.425
2011-10-29 04:00:00,6.16125
2011-10-29 05:00:00,5.40875
2011-10-29 06:00:00,15.82625
2011-10-29 07:00:00,98.675
2011-10-29 08:00:00,100.055
2011-10-29 09:00:00,106.8825
2011-10-29 10:00:00,97.26125
2011-10-29 11:00:00,97.6175
2011-10-29 12:00:00,103.24625
2011-10-29 13:00:00,103.86875
2011-10-29 14:00:00,102.81
2011-10-29 15:00:00,99.725
2011-10-29 16:00:00,102.3825
2011-10-29 17:00:00,103.93375
2011-10-29 18:00:00,108.9675
2011-10-29 19:00:00,138.8325
2011-10-29 20:00:00,116.74
2011-10-29 21:00:00,88.28125
2011-10-29 22:00:00,78.94375
2011-10-29 23:00:00,63.245
2011-10-30 00:00:00,57.85375
2011-10-30 01:00:00,43.0225
2011-10-30 02:00:00,41.6075
2011-10-30 03:00:00,17.57125
2011-10-30 04:00:00,5.3275
2011-10-30 05:00:00,4.4925
2011-10-30 06:00:00,14.62875
2011-10-30 07:00:00,52.5
2011-10-30 08:00:00,76.18375
2011-10-30 09:00:00,131.70625
2011-10-30 10:00:00,201.77
2011-10-30 11:00:00,223.99875
2011-10-30 12:00:00,268.13625
2011-10-30 13:00:00,283.94125
2011-10-30 14:00:00,305.44125
2011-10-30 15:00:00,318.00875
2011-10-30 16:00:00,295.1675
2011-10-30 17:00:00,250.6925
2011-10-30 18:00:00,198.15
2011-10-30 19:00:00,281.92
2011-10-30 20:00:00,140.7525
2011-10-30 21:00:00,94.395
2011-10-30 22:00:00,66.96625
2011-10-30 23:00:00,55.1525
2011-10-31 00:00:00,21.85375
2011-10-31 01:00:00,10.515
2011-10-31 02:00:00,4.96375
2011-10-31 03:00:00,3.7125
2011-10-31 04:00:00,4.21375
2011-10-31 05:00:00,21.85
2011-10-31 06:00:00,95.35875
2011-10-31 07:00:00,240.35625
2011-10-31 08:00:00,414.2625
2011-10-31 09:00:00,189.835
2011-10-31 10:00:00,137.26375
2011-10-31 11:00:00,140.63875
2011-10-31 12:00:00,169.98
2011-10-31 13:00:00,160.62375
2011-10-31 14:00:00,156.53625
2011-10-31 15:00:00,175.9575
2011-10-31 16:00:00,266.205
2011-10-31 17:00:00,454.0275
2011-10-31 18:00:00,425.52
2011-10-31 19:00:00,254.515
2011-10-31 20:00:00,204.63375
2011-10-31 21:00:00,128.6325
2011-10-31 22:00:00,99.815
2011-10-31 23:00:00,59.30125
2011-11-20 00:00:00,82.87625
2011-11-20 01:00:00,71.2675
2011-11-20 02:00:00,67.55375
2011-11-20 03:00:00,34.685
2011-11-20 04:00:00,8.445
2011-11-20 05:00:00,8.155
2011-11-20 06:00:00,17.99375
2011-11-20 07:00:00,73.54375
2011-11-20 08:00:00,99.265
2011-11-20 09:00:00,146.795
2011-11-20 10:00:00,219.4675
2011-11-20 11:00:00,291.8425
2011-11-20 12:00:00,310.86125
2011-11-20 13:00:00,329.59125
2011-11-20 14:00:00,333.0575
2011-11-20 15:00:00,323.615
2011-11-20 16:00:00,317.31875
2011-11-20 17:00:00,307.785
2011-11-20 18:00:00,301.07125
2011-11-20 19:00:00,236.59875
2011-11-20 20:00:00,182.885
2011-11-20 21:00:00,132.29375
2011-11-20 22:00:00,74.16375
2011-11-20 23:00:00,63.31125
2011-11-21 00:00:00,31.53875
2011-11-21 01:00:00,9.6825
2011-11-21 02:00:00,6.86875
2011-11-21 03:00:00,4.57625
2011-11-21 04:00:00,4.84875
2011-11-21 05:00:00,13.5225
2011-11-21 06:00:00,83.48875
2011-11-21 07:00:00,246.70125
2011-11-21 08:00:00,368.79375
2011-11-21 09:00:00,189.6925
2011-11-21 10:00:00,121.5625
2011-11-21 11:00:00,125.4225
2011-11-21 12:00:00,172.4575
2011-11-21 13:00:00,168.59125
2011-11-21 14:00:00,151.30625
2011-11-21 15:00:00,97.2525
2011-11-21 16:00:00,107.635
2011-11-21 17:00:00,149.63
2011-11-21 18:00:00,243.96875
2011-11-21 19:00:00,131.65125
2011-11-21 20:00:00,127.0675
2011-11-21 21:00:00,92.13875
2011-11-21 22:00:00,65.215
2011-11-21 23:00:00,50.37625
2011-11-22 00:00:00,24.29
2011-11-22 01:00:00,8.94375
2011-11-22 02:00:00,6.48375
2011-11-22 03:00:00,6.305
2011-11-22 04:00:00,6.16875
2011-11-22 05:00:00,16.4775
2011-11-22 06:00:00,81.02625
2011-11-22 07:00:00,118.9125
2011-11-22 08:00:00,194.05125
2011-11-22 09:00:00,123.5725
2011-11-22 10:00:00,106.5
2011-11-22 11:00:00,100.63875
2011-11-22 12:00:00,99.52625
2011-11-22 13:00:00,94.5875
2011-11-22 14:00:00,93.87625
2011-11-22 15:00:00,101.36875
2011-11-22 16:00:00,112.20375
2011-11-22 17:00:00,177.18375
2011-11-22 18:00:00,166.37125
2011-11-22 19:00:00,143.91125
2011-11-22 20:00:00,178.39
2011-11-22 21:00:00,119.6375
2011-11-22 22:00:00,110.97
2011-11-22 23:00:00,68.555
2011-11-23 00:00:00,27.5225
2011-11-23 01:00:00,11.02875
2011-11-23 02:00:00,7.5075
2011-11-23 03:00:00,3.3325
2011-11-23 04:00:00,4.7
2011-11-23 05:00:00,16.60875
2011-11-23 06:00:00,81.58625
2011-11-23 07:00:00,232.21375
2011-11-23 08:00:00,359.30125
2011-11-23 09:00:00,189.20125
2011-11-23 10:00:00,108.7375
2011-11-23 11:00:00,129.76
2011-11-23 12:00:00,169.65625
2011-11-23 13:00:00,152.5075
2011-11-23 14:00:00,158.7625
2011-11-23 15:00:00,151.63
2011-11-23 16:00:00,217.5825
2011-11-23 17:00:00,303.125
2011-11-23 18:00:00,354.435
2011-11-23 19:00:00,221.93125
2011-11-23 20:00:00,170.47
2011-11-23 21:00:00,119.9025
2011-11-23 22:00:00,88.83625
2011-11-23 23:00:00,64.3025
2011-11-24 00:00:00,37.245
2011-11-24 01:00:00,31.335
2011-11-24 02:00:00,17.91375
2011-11-24 03:00:00,8.3275
2011-11-24 04:00:00,7.2825
2011-11-24 05:00:00,16.74125
2011-11-24 06:00:00,58.77875
2011-11-24 07:00:00,129.12125
2011-11-24 08:00:00,182.055
2011-11-24 09:00:00,190.26625
2011-11-24 10:00:00,200.10625
2011-11-24 11:00:00,223.2
2011-11-24 12:00:00,242.8375
2011-11-24 13:00:00,244.09625
2011-11-24 14:00:00,246.94625
2011-11-24 15:00:00,239.47125
2011-11-24 16:00:00,274.30625
2011-11-24 17:00:00,269.72375
2011-11-24 18:00:00,243.71625
2011-11-24 19:00:00,227.8975
2011-11-24 20:00:00,158.24625
2011-11-24 21:00:00,116.29875
2011-11-24 22:00:00,97.45375
2011-11-24 23:00:00,67.0825
2011-11-25 00:00:00,46.9525
2011-11-25 01:00:00,21.36875
2011-11-25 02:00:00,10.39
2011-11-25 03:00:00,4.44125
2011-11-25 04:00:00,4.305
2011-11-25 05:00:00,24.60125
2011-11-25 06:00:00,81.12375
2011-11-25 07:00:00,231.11125
2011-11-25 08:00:00,379.91125
2011-11-25 09:00:00,218.40875
2011-11-25 10:00:00,155.465
2011-11-25 11:00:00,157.745
2011-11-25 12:00:00,192.9525
2011-11-25 13:00:00,198.7175
2011-11-25 14:00:00,200.97875
2011-11-25 15:00:00,203.94875
2011-11-25 16:00:00,294.7725
2011-11-25 17:00:00,477.03875
2011-11-25 18:00:00,463.5225
2011-11-25 19:00:00,250.7125
2011-11-25 20:00:00,186.32375
2011-11-25 21:00:00,131.94375
2011-11-25 22:00:00,106.80375
2011-11-25 23:00:00,70.0975
2011-11-26 00:00:00,76.16625
2011-11-26 01:00:00,61.96125
2011-11-26 02:00:00,52.75125
2011-11-26 03:00:00,26.17625
2011-11-26 04:00:00,8.56
2011-11-26 05:00:00,7.86125
2011-11-26 06:00:00,18.19125
2011-11-26 07:00:00,53.94
2011-11-26 08:00:00,114.9325
2011-11-26 09:00:00,155.92375
2011-11-26 10:00:00,212.94875
2011-11-26 11:00:00,259.20125
2011-11-26 12:00:00,311.24125
2011-11-26 13:00:00,327.54
2011-11-26 14:00:00,313.03375
2011-11-26 15:00:00,321.6825
2011-11-26 16:00:00,274.2025
2011-11-26 17:00:00,261.1675
2011-11-26 18:00:00,213.1825
2011-11-26 19:00:00,197.1425
2011-11-26 20:00:00,159.96625
2011-11-26 21:00:00,116.65375
2011-11-26 22:00:00,104.83875
2011-11-26 23:00:00,80.565
2011-11-27 00:00:00,83.22875
2011-11-27 01:00:00,69.9825
2011-11-27 02:00:00,57.74
2011-11-27 03:00:00,37.73
2011-11-27 04:00:00,9.27875
2011-11-27 05:00:00,7.25125
2011-11-27 06:00:00,12.90875
2011-11-27 07:00:00,82.20125
2011-11-27 08:00:00,101.5175
2011-11-27 09:00:00,147.7125
2011-11-27 10:00:00,232.25125
2011-11-27 11:00:00,299.65625
2011-11-27 12:00:00,339.51375
2011-11-27 13:00:00,341.94125
2011-11-27 14:00:00,435.61
2011-11-27 15:00:00,430.62375
2011-11-27 16:00:00,344.29625
2011-11-27 17:00:00,315.42
2011-11-27 18:00:00,252.56875
2011-11-27 19:00:00,227.70625
2011-11-27 20:00:00,168.585
2011-11-27 21:00:00,124.8725
2011-11-27 22:00:00,110.6025
2011-11-27 23:00:00,78.77125
2011-11-28 00:00:00,40.15375
2011-11-28 01:00:00,13.69
2011-11-28 03:00:00,4.99625
2011-11-28 04:00:00,5.8475
2011-11-28 05:00:00,23.39
2011-11-28 06:00:00,96.66625
2011-11-28 07:00:00,291.6925
2011-11-28 08:00:00,382.9225
2011-11-28 09:00:00,196.3375
2011-11-28 10:00:00,122.33875
2011-11-28 11:00:00,125.42875
2011-11-28 12:00:00,193.315
2011-11-28 13:00:00,185.3875
2011-11-28 14:00:00,183.44125
2011-11-28 15:00:00,186.45875
2011-11-28 16:00:00,306.67375
2011-11-28 17:00:00,545.0175
2011-11-28 18:00:00,518.52
2011-11-28 19:00:00,310.195
2011-11-28 20:00:00,230.76
2011-11-28 21:00:00,179.0425
2011-11-28 22:00:00,120.005
2011-11-28 23:00:00,67.20625
2011-11-29 00:00:00,29.4425
2011-11-29 01:00:00,11.4575
2011-11-29 02:00:00,7.53125
2011-11-29 03:00:00,4.42625
2011-11-29 04:00:00,4.5425
2011-11-29 05:00:00,22.39875
2011-11-29 06:00:00,101.07375
2011-11-29 07:00:00,298.47125
2011-11-29 08:00:00,429.955
2011-11-29 09:00:00,182.9975
2011-11-29 10:00:00,136.755
2011-11-29 11:00:00,114.26
2011-11-29 12:00:00,105.31125
2011-11-29 13:00:00,106.58125
2011-11-29 14:00:00,95.415
2011-11-29 15:00:00,102.3425
2011-11-29 16:00:00,110.8525
2011-11-29 17:00:00,338.55
2011-11-29 18:00:00,346.1375
2011-11-29 19:00:00,209.695
2011-11-29 20:00:00,173.74375
2011-11-29 21:00:00,128.95
2011-11-29 22:00:00,103.36875
2011-11-29 23:00:00,61.00375
2011-11-30 00:00:00,30.79625
2011-11-30 01:00:00,17.3075
2011-11-30 02:00:00,6.59375
2011-11-30 03:00:00,3.60625
2011-11-30 04:00:00,4.23875
2011-11-30 05:00:00,20.15
2011-11-30 06:00:00,85.65375
2011-11-30 07:00:00,205.02875
2011-11-30 08:00:00,381.3875
2011-11-30 09:00:00,186.72
2011-11-30 10:00:00,132.1125
2011-11-30 11:00:00,143.185
2011-11-30 12:00:00,150.515
2011-11-30 13:00:00,149.40375
2011-11-30 14:00:00,148.89375
2011-11-30 15:00:00,155.57625
2011-11-30 16:00:00,204.42375
2011-11-30 17:00:00,392.1425
2011-11-30 18:00:00,374.98875
2011-11-30 19:00:00,193.92375
2011-11-30 20:00:00,161.34125
2011-11-30 21:00:00,120.0025
2011-11-30 22:00:00,88.59125
2011-11-30 23:00:00,61.04
2011-12-20 00:00:00,29.39125
2011-12-20 01:00:00,12.82375
2011-12-20 02:00:00,6.1975
2011-12-20 03:00:00,5.585
2011-12-20 04:00:00,5.28375
2011-12-20 05:00:00,23.705
2011-12-20 06:00:00,90.03
2011-12-20 07:00:00,264.71875
2011-12-20 08:00:00,424.92625
2011-12-20 09:00:00,219.075
2011-12-20 10:00:00,129.46
2011-12-20 11:00:00,128.25625
2011-12-20 12:00:00,159.9875
2011-12-20 13:00:00,158.155
2011-12-20 14:00:00,154.67625
2011-12-20 15:00:00,158.32375
2011-12-20 16:00:00,262.1825
2011-12-20 17:00:00,399.48625
2011-12-20 18:00:00,377.08375
2011-12-20 19:00:00,227.92875
2011-12-20 20:00:00,192.17375
2011-12-20 21:00:00,140.64375
2011-12-20 22:00:00,106.01375
2011-12-20 23:00:00,66.4625
2011-12-21 00:00:00,33.54375
2011-12-21 01:00:00,15.32375
2011-12-21 02:00:00,6.98625
2011-12-21 03:00:00,6.10125
2011-12-21 04:00:00,6.03125
2011-12-21 05:00:00,24.4
2011-12-21 06:00:00,89.3225
2011-12-21 07:00:00,235.64375
2011-12-21 08:00:00,190.58875
2011-12-21 09:00:00,198.70375
2011-12-21 10:00:00,125.81875
2011-12-21 11:00:00,125.96
2011-12-21 12:00:00,101.36625
2011-12-21 13:00:00,91.24875
2011-12-21 14:00:00,140.45125
2011-12-21 15:00:00,146.36
2011-12-21 16:00:00,103.23125
2011-12-21 17:00:00,123.9075
2011-12-21 18:00:00,276.555
2011-12-21 19:00:00,208.4675
2011-12-21 20:00:00,181.42375
2011-12-21 21:00:00,132.76375
2011-12-21 22:00:00,125.36375
2011-12-21 23:00:00,71.7525
2011-12-22 00:00:00,42.0
2011-12-22 01:00:00,9.53125
2011-12-22 02:00:00,11.2475
2011-12-22 03:00:00,5.14
2011-12-22 04:00:00,6.645
2011-12-22 05:00:00,25.575
2011-12-22 06:00:00,90.69375
2011-12-22 07:00:00,257.8175
2011-12-22 08:00:00,406.83375
2011-12-22 09:00:00,206.30625
2011-12-22 10:00:00,118.79875
2011-12-22 11:00:00,126.86625
2011-12-22 12:00:00,162.10375
2011-12-22 13:00:00,153.015
2011-12-22 14:00:00,148.55625
2011-12-22 15:00:00,153.8875
2011-12-22 16:00:00,249.9325
2011-12-22 17:00:00,410.31125
2011-12-22 18:00:00,402.9175
2011-12-22 19:00:00,249.82125
2011-12-22 20:00:00,143.84625
2011-12-22 21:00:00,101.5525
2011-12-22 22:00:00,56.485
2011-12-22 23:00:00,65.52
2011-12-23 00:00:00,46.29375
2011-12-23 01:00:00,22.27
2011-12-23 02:00:00,11.26625
2011-12-23 03:00:00,6.715
2011-12-23 04:00:00,5.7125
2011-12-23 05:00:00,20.7625
2011-12-23 06:00:00,84.205
2011-12-23 07:00:00,255.825
2011-12-23 08:00:00,409.415
2011-12-23 09:00:00,217.2125
2011-12-23 10:00:00,147.56625
2011-12-23 11:00:00,161.80375
2011-12-23 12:00:00,185.5825
2011-12-23 13:00:00,187.1375
2011-12-23 14:00:00,184.7225
2011-12-23 15:00:00,183.60875
2011-12-23 16:00:00,216.695
2011-12-23 17:00:00,378.415
2011-12-23 18:00:00,377.0875
2011-12-23 19:00:00,203.265
2011-12-23 20:00:00,155.42125
2011-12-23 21:00:00,121.725
2011-12-23 22:00:00,102.125
2011-12-23 23:00:00,74.50375
2011-12-24 00:00:00,75.18625
2011-12-24 01:00:00,67.925
2011-12-24 02:00:00,60.1275
2011-12-24 03:00:00,27.83625
2011-12-24 04:00:00,7.84375
2011-12-24 05:00:00,7.5475
2011-12-24 06:00:00,16.39375
2011-12-24 07:00:00,68.06375
2011-12-24 08:00:00,86.8325
2011-12-24 09:00:00,187.38875
2011-12-24 10:00:00,196.21875
2011-12-24 11:00:00,220.70375
2011-12-24 12:00:00,244.3675
2011-12-24 13:00:00,251.265
2011-12-24 14:00:00,250.83625
2011-12-24 15:00:00,219.06625
2011-12-24 16:00:00,214.17125
2011-12-24 17:00:00,176.95
2011-12-24 18:00:00,201.27125
2011-12-24 19:00:00,197.15875
2011-12-24 20:00:00,118.755
2011-12-24 21:00:00,95.67
2011-12-24 22:00:00,87.87625
2011-12-24 23:00:00,66.23375
2011-12-25 00:00:00,61.31875
2011-12-25 01:00:00,53.185
2011-12-25 02:00:00,50.8125
2011-12-25 03:00:00,22.38
2011-12-25 05:00:00,6.56125
2011-12-25 06:00:00,12.6775
2011-12-25 07:00:00,37.715
2011-12-25 08:00:00,82.98625
2011-12-25 09:00:00,112.1425
2011-12-25 10:00:00,147.1275
2011-12-25 11:00:00,190.19125
2011-12-25 12:00:00,196.06125
2011-12-25 13:00:00,200.87125
2011-12-25 14:00:00,219.10875
2011-12-25 15:00:00,224.565
2011-12-25 16:00:00,227.25125
2011-12-25 17:00:00,198.8275
2011-12-25 18:00:00,173.55
2011-12-25 19:00:00,183.3525
2011-12-25 20:00:00,139.9425
2011-12-25 21:00:00,84.53875
2011-12-25 22:00:00,66.06625
2011-12-25 23:00:00,49.25125
2011-12-26 00:00:00,26.27
2011-12-26 01:00:00,37.10125
2011-12-26 02:00:00,17.4775
2011-12-26 04:00:00,7.51125
2011-12-26 05:00:00,14.54125
2011-12-26 06:00:00,53.385
2011-12-26 07:00:00,175.8275
2011-12-26 08:00:00,183.21625
2011-12-26 09:00:00,193.20625
2011-12-26 10:00:00,176.6025
2011-12-26 11:00:00,175.36875
2011-12-26 12:00:00,209.15625
2011-12-26 13:00:00,207.085
2011-12-26 14:00:00,204.94125
2011-12-26 15:00:00,207.01375
2011-12-26 16:00:00,216.19
2011-12-26 17:00:00,201.8
2011-12-26 18:00:00,214.42875
2011-12-26 19:00:00,215.11625
2011-12-26 20:00:00,166.30875
2011-12-26 21:00:00,108.305
2011-12-26 22:00:00,84.93375
2011-12-26 23:00:00,55.935
2011-12-27 00:00:00,25.34625
2011-12-27 01:00:00,15.16125
2011-12-27 02:00:00,6.18875
2011-12-27 03:00:00,3.22375
2011-12-27 04:00:00,3.985
2011-12-27 05:00:00,21.03125
2011-12-27 06:00:00,84.03625
2011-12-27 07:00:00,207.37125
2011-12-27 08:00:00,393.235
2011-12-27 09:00:00,137.67875
2011-12-27 10:00:00,124.235
2011-12-27 11:00:00,116.76
2011-12-27 12:00:00,108.555
2011-12-27 13:00:00,102.43875
2011-12-27 14:00:00,103.58875
2011-12-27 15:00:00,102.67625
2011-12-27 16:00:00,109.71125
2011-12-27 17:00:00,285.5375
2011-12-27 18:00:00,332.42375
2011-12-27 19:00:00,209.4625
2011-12-27 20:00:00,177.00625
2011-12-27 21:00:00,137.4625
2011-12-27 22:00:00,107.4325
2011-12-27 23:00:00,55.825
2011-12-28 00:00:00,28.74625
2011-12-28 01:00:00,15.01875
2011-12-28 02:00:00,6.265
2011-12-28 03:00:00,2.90375
2011-12-28 05:00:00,21.195
2011-12-28 06:00:00,83.73125
2011-12-28 07:00:00,212.35
2011-12-28 08:00:00,421.15875
2011-12-28 09:00:00,203.735
2011-12-28 10:00:00,139.2825
2011-12-28 11:00:00,153.8125
2011-12-28 12:00:00,143.835
2011-12-28 13:00:00,149.3325
2011-12-28 14:00:00,149.37
2011-12-28 15:00:00,155.99
2011-12-28 16:00:00,198.5175
2011-12-28 17:00:00,373.935
2011-12-28 18:00:00,379.19625
2011-12-28 19:00:00,178.90875
2011-12-28 20:00:00,156.0125
2011-12-28 21:00:00,115.86
2011-12-28 22:00:00,91.64625
2011-12-28 23:00:00,65.66125
2011-12-29 00:00:00,31.1025
2011-12-29 01:00:00,14.635
2011-12-29 02:00:00,7.795
2011-12-29 03:00:00,3.01625
2011-12-29 04:00:00,3.7975
2011-12-29 05:00:00,21.54375
2011-12-29 06:00:00,84.2075
2011-12-29 07:00:00,194.69875
2011-12-29 08:00:00,390.0575
2011-12-29 09:00:00,191.04625
2011-12-29 10:00:00,113.8775
2011-12-29 11:00:00,130.47875
2011-12-29 12:00:00,138.90875
2011-12-29 13:00:00,143.3625
2011-12-29 14:00:00,151.65125
2011-12-29 15:00:00,152.3275
2011-12-29 16:00:00,191.6675
2011-12-29 17:00:00,365.1
2011-12-29 18:00:00,349.68
2011-12-29 19:00:00,213.19
2011-12-29 20:00:00,163.57875
2011-12-29 21:00:00,132.0275
2011-12-29 22:00:00,97.40625
2011-12-29 23:00:00,69.92375
2011-12-30 00:00:00,39.5025
2011-12-30 01:00:00,20.15
2011-12-30 02:00:00,11.4975
2011-12-30 03:00:00,4.285
2011-12-30 04:00:00,3.97125
2011-12-30 05:00:00,22.125
2011-12-30 06:00:00,78.78
2011-12-30 07:00:00,181.9625
2011-12-30 08:00:00,390.45875
2011-12-30 09:00:00,214.7
2011-12-30 10:00:00,128.24375
2011-12-30 11:00:00,154.605
2011-12-30 12:00:00,169.9925
2011-12-30 13:00:00,182.205
2011-12-30 14:00:00,183.85875
2011-12-30 15:00:00,193.6775
2011-12-30 16:00:00,252.2475
2011-12-30 17:00:00,377.1675
2011-12-30 18:00:00,363.685
2011-12-30 19:00:00,193.345
2011-12-30 20:00:00,174.62625
2011-12-30 21:00:00,129.255
2011-12-30 22:00:00,104.5925
2011-12-30 23:00:00,79.01375
2011-12-31 00:00:00,77.07
2011-12-31 01:00:00,70.70625
2011-12-31 02:00:00,67.04875
2011-12-31 03:00:00,30.7675
2011-12-31 04:00:00,7.23
2011-12-31 05:00:00,6.68125
2011-12-31 06:00:00,18.23125
2011-12-31 07:00:00,108.0525
2011-12-31 08:00:00,115.0775
2011-12-31 09:00:00,157.4775
2011-12-31 10:00:00,213.075
2011-12-31 11:00:00,255.51125
2011-12-31 12:00:00,346.7325
2011-12-31 13:00:00,335.675
2011-12-31 14:00:00,298.76625
2011-12-31 15:00:00,299.095
2011-12-31 16:00:00,279.17875
2011-12-31 17:00:00,254.525
2011-12-31 18:00:00,223.6475
2011-12-31 19:00:00,216.52625
2011-12-31 20:00:00,151.49375
2011-12-31 21:00:00,118.4575
2011-12-31 22:00:00,104.54125
2011-12-31 23:00:00,80.88875
2012-01-20 00:00:00,27.69875
2012-01-20 01:00:00,10.255
2012-01-20 02:00:00,8.55625
2012-01-20 03:00:00,4.9525
2012-01-20 04:00:00,3.495
2012-01-20 05:00:00,23.7375
2012-01-20 06:00:00,79.6725
2012-01-20 07:00:00,197.62125
2012-01-20 08:00:00,452.65375
2012-01-20 09:00:00,197.23125
2012-01-20 10:00:00,148.70875
2012-01-20 11:00:00,156.1825
2012-01-20 12:00:00,161.36625
2012-01-20 13:00:00,153.3175
2012-01-20 14:00:00,161.69375
2012-01-20 15:00:00,157.78
2012-01-20 16:00:00,167.92875
2012-01-20 17:00:00,384.65625
2012-01-20 18:00:00,346.06125
2012-01-20 19:00:00,167.8575
2012-01-20 20:00:00,161.16
2012-01-20 21:00:00,93.53125
2012-01-20 22:00:00,68.24
2012-01-20 23:00:00,59.0025
2012-01-21 00:00:00,38.215
2012-01-21 01:00:00,44.50875
2012-01-21 02:00:00,38.745
2012-01-21 03:00:00,18.84875
2012-01-21 04:00:00,5.73125
2012-01-21 05:00:00,4.94375
2012-01-21 06:00:00,5.97875
2012-01-21 07:00:00,109.94375
2012-01-21 08:00:00,115.69375
2012-01-21 09:00:00,136.71625
2012-01-21 10:00:00,144.03875
2012-01-21 11:00:00,164.0575
2012-01-21 12:00:00,178.9675
2012-01-21 13:00:00,175.675
2012-01-21 14:00:00,137.1275
2012-01-21 15:00:00,137.6175
2012-01-21 16:00:00,175.5925
2012-01-21 17:00:00,170.36125
2012-01-21 18:00:00,164.9525
2012-01-21 19:00:00,142.3625
2012-01-21 20:00:00,144.155
2012-01-21 21:00:00,78.6375
2012-01-21 22:00:00,63.93
2012-01-21 23:00:00,56.57125
2012-01-22 00:00:00,55.48375
2012-01-22 01:00:00,45.92375
2012-01-22 02:00:00,42.8025
2012-01-22 03:00:00,23.375
2012-01-22 04:00:00,4.9825
2012-01-22 05:00:00,3.74125
2012-01-22 06:00:00,4.5325
2012-01-22 07:00:00,106.58125
2012-01-22 08:00:00,110.55875
2012-01-22 09:00:00,136.23
2012-01-22 10:00:00,142.25
2012-01-22 11:00:00,146.02625
2012-01-22 12:00:00,146.705
2012-01-22 13:00:00,160.68875
2012-01-22 14:00:00,149.8825
2012-01-22 15:00:00,143.66
2012-01-22 16:00:00,143.09875
2012-01-22 17:00:00,146.45625
2012-01-22 18:00:00,141.86625
2012-01-22 19:00:00,141.95875
2012-01-22 20:00:00,133.8825
2012-01-22 21:00:00,68.6325
2012-01-22 22:00:00,57.605
2012-01-22 23:00:00,42.7225
2012-01-23 00:00:00,18.98375
2012-01-23 01:00:00,8.30875
2012-01-23 02:00:00,5.28
2012-01-23 03:00:00,3.64125
2012-01-23 04:00:00,3.67125
2012-01-23 05:00:00,23.6075
2012-01-23 06:00:00,85.665
2012-01-23 07:00:00,137.64375
2012-01-23 08:00:00,213.49125
2012-01-23 09:00:00,188.24125
2012-01-23 10:00:00,127.62875
2012-01-23 11:00:00,123.525
2012-01-23 12:00:00,117.8075
2012-01-23 13:00:00,82.5925
2012-01-23 14:00:00,76.095
2012-01-23 15:00:00,132.9
2012-01-23 16:00:00,118.0075
2012-01-23 17:00:00,358.42875
2012-01-23 18:00:00,339.1975
2012-01-23 19:00:00,125.74875
2012-01-23 20:00:00,126.1875
2012-01-23 21:00:00,92.74625
2012-01-23 22:00:00,75.71375
2012-01-23 23:00:00,50.8325
2012-01-24 00:00:00,20.09375
2012-01-24 01:00:00,8.58625
2012-01-24 02:00:00,7.10375
2012-01-24 03:00:00,3.765
2012-01-24 04:00:00,3.63375
2012-01-24 05:00:00,23.79375
2012-01-24 06:00:00,85.53625
2012-01-24 07:00:00,173.48125
2012-01-24 08:00:00,474.00875
2012-01-24 09:00:00,168.83875
2012-01-24 10:00:00,120.16375
2012-01-24 11:00:00,110.31
2012-01-24 12:00:00,115.3975
2012-01-24 13:00:00,115.23125
2012-01-24 14:00:00,163.41
2012-01-24 15:00:00,172.1425
2012-01-24 16:00:00,275.06
2012-01-24 17:00:00,481.635
2012-01-24 18:00:00,459.35375
2012-01-24 19:00:00,272.0625
2012-01-24 20:00:00,157.20125
2012-01-24 21:00:00,141.29875
2012-01-24 22:00:00,104.945
2012-01-24 23:00:00,68.89375
2012-01-25 00:00:00,23.58375
2012-01-25 01:00:00,8.94125
2012-01-25 02:00:00,6.85875
2012-01-25 03:00:00,3.66125
2012-01-25 04:00:00,3.15
2012-01-25 05:00:00,22.535
2012-01-25 06:00:00,80.84125
2012-01-25 07:00:00,196.12
2012-01-25 08:00:00,467.8075
2012-01-25 09:00:00,195.4825
2012-01-25 10:00:00,156.4825
2012-01-25 11:00:00,133.27375
2012-01-25 12:00:00,150.19
2012-01-25 13:00:00,152.77
2012-01-25 14:00:00,151.87125
2012-01-25 15:00:00,189.7825
2012-01-25 16:00:00,192.2
2012-01-25 17:00:00,447.33625
2012-01-25 18:00:00,453.2525
2012-01-25 19:00:00,206.19875
2012-01-25 20:00:00,159.31
2012-01-25 21:00:00,128.15875
2012-01-25 22:00:00,100.9925
2012-01-25 23:00:00,59.60875
2012-01-26 00:00:00,23.1325
2012-01-26 01:00:00,9.32625
2012-01-26 02:00:00,6.98375
2012-01-26 03:00:00,3.82125
2012-01-26 04:00:00,4.0175
2012-01-26 05:00:00,23.97
2012-01-26 06:00:00,86.45375
2012-01-26 07:00:00,194.94
2012-01-26 08:00:00,482.53625
2012-01-26 09:00:00,183.87875
2012-01-26 10:00:00,134.9325
2012-01-26 11:00:00,122.1525
2012-01-26 12:00:00,135.44125
2012-01-26 13:00:00,186.7125
2012-01-26 14:00:00,179.76875
2012-01-26 15:00:00,188.64125
2012-01-26 16:00:00,275.2225
2012-01-26 17:00:00,481.0175
2012-01-26 18:00:00,473.5775
2012-01-26 19:00:00,264.78875
2012-01-26 20:00:00,205.7025
2012-01-26 21:00:00,152.16125
2012-01-26 22:00:00,118.9675
2012-01-26 23:00:00,98.0425
2012-01-27 00:00:00,42.36
2012-01-27 01:00:00,17.22125
2012-01-27 02:00:00,10.2875
2012-01-27 03:00:00,4.53125
2012-01-27 04:00:00,3.63375
2012-01-27 05:00:00,27.11
2012-01-27 06:00:00,103.095
2012-01-27 07:00:00,260.49125
2012-01-27 08:00:00,393.5225
2012-01-27 09:00:00,179.0625
2012-01-27 10:00:00,156.16
2012-01-27 11:00:00,209.34
2012-01-27 12:00:00,243.995
2012-01-27 13:00:00,256.5425
2012-01-27 14:00:00,258.66875
2012-01-27 15:00:00,261.6175
2012-01-27 16:00:00,279.0925
2012-01-27 17:00:00,464.33875
2012-01-27 18:00:00,426.12375
2012-01-27 19:00:00,248.5375
2012-01-27 20:00:00,177.0975
2012-01-27 21:00:00,132.05875
2012-01-27 22:00:00,106.10875
2012-01-27 23:00:00,74.05625
2012-01-28 00:00:00,63.645
2012-01-28 01:00:00,50.98125
2012-01-28 02:00:00,45.28375
2012-01-28 03:00:00,22.04375
2012-01-28 04:00:00,5.2325
2012-01-28 05:00:00,3.8125
2012-01-28 06:00:00,7.30625
2012-01-28 07:00:00,103.3425
2012-01-28 08:00:00,114.65875
2012-01-28 09:00:00,146.99875
2012-01-28 10:00:00,158.66625
2012-01-28 11:00:00,164.895
2012-01-28 12:00:00,172.41
2012-01-28 13:00:00,208.90125
2012-01-28 14:00:00,339.65
2012-01-28 15:00:00,351.71125
2012-01-28 16:00:00,391.6275
2012-01-28 17:00:00,326.13875
2012-01-28 18:00:00,274.1675
2012-01-28 19:00:00,239.145
2012-01-28 20:00:00,214.08375
2012-01-28 21:00:00,121.54375
2012-01-28 22:00:00,106.72875
2012-01-28 23:00:00,78.93875
2012-01-29 00:00:00,68.1175
2012-01-29 01:00:00,56.85
2012-01-29 02:00:00,49.04125
2012-01-29 03:00:00,24.65125
2012-01-29 04:00:00,6.3
2012-01-29 05:00:00,5.40875
2012-01-29 06:00:00,6.65125
2012-01-29 07:00:00,95.04375
2012-01-29 08:00:00,103.26375
2012-01-29 09:00:00,139.72625
2012-01-29 10:00:00,163.41375
2012-01-29 11:00:00,191.13375
2012-01-29 12:00:00,211.34375
2012-01-29 13:00:00,210.75625
2012-01-29 14:00:00,208.78375
2012-01-29 15:00:00,303.92375
2012-01-29 16:00:00,302.21625
2012-01-29 17:00:00,279.57375
2012-01-29 18:00:00,206.89375
2012-01-29 19:00:00,178.60625
2012-01-29 20:00:00,138.7825
2012-01-29 21:00:00,91.36875
2012-01-29 22:00:00,87.13625
2012-01-29 23:00:00,57.70375
2012-01-30 00:00:00,22.07375
2012-01-30 01:00:00,6.51625
2012-01-30 02:00:00,6.0825
2012-01-30 03:00:00,3.19875
2012-01-30 04:00:00,2.6225
2012-01-30 05:00:00,22.49875
2012-01-30 06:00:00,80.465
2012-01-30 07:00:00,181.7925
2012-01-30 08:00:00,403.7275
2012-01-30 09:00:00,177.17875
2012-01-30 10:00:00,133.95625
2012-01-30 11:00:00,128.8925
2012-01-30 12:00:00,155.15125
2012-01-30 13:00:00,147.89375
2012-01-30 14:00:00,159.43875
2012-01-30 15:00:00,158.43875
2012-01-30 16:00:00,210.94875
2012-01-30 17:00:00,413.1075
2012-01-30 18:00:00,410.66375
2012-01-30 19:00:00,170.77
2012-01-30 20:00:00,159.325
2012-01-30 21:00:00,126.015
2012-01-30 22:00:00,81.66125
2012-01-30 23:00:00,50.05625
2012-01-31 00:00:00,20.355
2012-01-31 01:00:00,7.53625
2012-01-31 02:00:00,6.39875
2012-01-31 03:00:00,3.53
2012-01-31 04:00:00,3.035
2012-01-31 05:00:00,22.8275
2012-01-31 06:00:00,83.2975
2012-01-31 07:00:00,192.605
2012-01-31 08:00:00,470.8775
2012-01-31 09:00:00,185.10625
2012-01-31 10:00:00,142.2325
2012-01-31 11:00:00,171.28625
2012-01-31 12:00:00,180.265
2012-01-31 13:00:00,202.355
2012-01-31 14:00:00,217.62625
2012-01-31 15:00:00,226.825
2012-01-31 16:00:00,331.4725
2012-01-31 17:00:00,473.46875
2012-01-31 18:00:00,474.5125
2012-01-31 19:00:00,336.305
2012-01-31 20:00:00,203.63625
2012-01-31 21:00:00,174.4975
2012-01-31 22:00:00,119.92875
2012-01-31 23:00:00,80.06875
2012-02-20 00:00:00,22.3125
2012-02-20 01:00:00,24.2675
2012-02-20 02:00:00,18.71875
2012-02-20 03:00:00,7.55875
2012-02-20 05:00:00,14.1625
2012-02-20 06:00:00,26.89625
2012-02-20 07:00:00,114.0075
2012-02-20 08:00:00,136.9175
2012-02-20 09:00:00,165.47
2012-02-20 10:00:00,161.7625
2012-02-20 11:00:00,173.725
2012-02-20 12:00:00,177.87625
2012-02-20 13:00:00,179.1425
2012-02-20 14:00:00,200.86875
2012-02-20 15:00:00,221.84
2012-02-20 16:00:00,332.81375
2012-02-20 17:00:00,340.0425
2012-02-20 18:00:00,240.805
2012-02-20 19:00:00,229.68
2012-02-20 20:00:00,211.31375
2012-02-20 21:00:00,116.83375
2012-02-20 22:00:00,90.6475
2012-02-20 23:00:00,63.50625
2012-02-21 00:00:00,21.32375
2012-02-21 01:00:00,7.825
2012-02-21 02:00:00,5.665
2012-02-21 04:00:00,3.14
2012-02-21 05:00:00,23.515
2012-02-21 06:00:00,85.78625
2012-02-21 07:00:00,201.36375
2012-02-21 08:00:00,464.6375
2012-02-21 09:00:00,220.11
2012-02-21 10:00:00,135.7025
2012-02-21 11:00:00,140.2375
2012-02-21 12:00:00,156.21
2012-02-21 13:00:00,170.27
2012-02-21 14:00:00,167.39625
2012-02-21 15:00:00,169.84125
2012-02-21 16:00:00,261.05625
2012-02-21 17:00:00,443.595
2012-02-21 18:00:00,432.38875
2012-02-21 19:00:00,261.595
2012-02-21 20:00:00,197.455
2012-02-21 21:00:00,162.0375
2012-02-21 22:00:00,109.29
2012-02-21 23:00:00,57.60375
2012-02-22 00:00:00,23.63
2012-02-22 01:00:00,9.72625
2012-02-22 02:00:00,5.94375
2012-02-22 03:00:00,3.76625
2012-02-22 04:00:00,2.7475
2012-02-22 05:00:00,23.91875
2012-02-22 06:00:00,84.29625
2012-02-22 07:00:00,246.51375
2012-02-22 08:00:00,502.445
2012-02-22 09:00:00,243.1825
2012-02-22 10:00:00,160.05625
2012-02-22 11:00:00,170.1825
2012-02-22 12:00:00,190.80875
2012-02-22 13:00:00,197.26875
2012-02-22 14:00:00,199.57125
2012-02-22 15:00:00,233.02625
2012-02-22 16:00:00,326.61
2012-02-22 17:00:00,485.16625
2012-02-22 18:00:00,480.98625
2012-02-22 19:00:00,284.345
2012-02-22 20:00:00,203.73625
2012-02-22 21:00:00,194.56375
2012-02-22 22:00:00,126.01
2012-02-22 23:00:00,78.385
2012-02-23 00:00:00,36.4625
2012-02-23 01:00:00,11.33375
2012-02-23 02:00:00,9.87875
2012-02-23 03:00:00,5.04625
2012-02-23 04:00:00,4.08625
2012-02-23 05:00:00,26.16375
2012-02-23 06:00:00,85.74375
2012-02-23 07:00:00,242.36375
2012-02-23 08:00:00,475.25
2012-02-23 09:00:00,232.845
2012-02-23 10:00:00,191.7525
2012-02-23 11:00:00,207.45625
2012-02-23 12:00:00,232.525
2012-02-23 13:00:00,232.7875
2012-02-23 14:00:00,231.1625
2012-02-23 15:00:00,236.15375
2012-02-23 16:00:00,338.6775
2012-02-23 17:00:00,493.85
2012-02-23 18:00:00,499.02125
2012-02-23 19:00:00,333.1825
2012-02-23 20:00:00,208.93875
2012-02-23 21:00:00,159.97875
2012-02-23 22:00:00,128.6875
2012-02-23 23:00:00,103.38
2012-02-24 00:00:00,46.64
2012-02-24 01:00:00,19.25125
2012-02-24 02:00:00,10.45
2012-02-24 03:00:00,5.15
2012-02-24 04:00:00,4.00875
2012-02-24 05:00:00,26.7275
2012-02-24 06:00:00,85.84
2012-02-24 07:00:00,264.715
2012-02-24 08:00:00,480.31375
2012-02-24 09:00:00,160.7575
2012-02-24 10:00:00,142.45875
2012-02-24 11:00:00,188.08875
2012-02-24 12:00:00,206.15875
2012-02-24 13:00:00,207.48625
2012-02-24 14:00:00,217.24
2012-02-24 15:00:00,169.155
2012-02-24 16:00:00,193.4375
2012-02-24 17:00:00,366.57375
2012-02-24 18:00:00,453.02
2012-02-24 19:00:00,258.20875
2012-02-24 20:00:00,201.3475
2012-02-24 21:00:00,145.695
2012-02-24 22:00:00,123.9375
2012-02-24 23:00:00,98.3
2012-02-25 00:00:00,76.45875
2012-02-25 01:00:00,60.3425
2012-02-25 02:00:00,48.18625
2012-02-25 03:00:00,17.24375
2012-02-25 04:00:00,5.58125
2012-02-25 05:00:00,5.38375
2012-02-25 06:00:00,9.15125
2012-02-25 07:00:00,102.705
2012-02-25 08:00:00,105.7475
2012-02-25 09:00:00,115.08
2012-02-25 10:00:00,183.2375
2012-02-25 11:00:00,179.98875
2012-02-25 12:00:00,207.92125
2012-02-25 13:00:00,226.95375
2012-02-25 14:00:00,204.645
2012-02-25 15:00:00,220.30625
2012-02-25 16:00:00,198.43375
2012-02-25 17:00:00,168.075
2012-02-25 18:00:00,164.43125
2012-02-25 19:00:00,147.59
2012-02-25 20:00:00,136.93125
2012-02-25 21:00:00,77.08875
2012-02-25 22:00:00,72.1225
2012-02-25 23:00:00,61.91
2012-02-26 00:00:00,63.345
2012-02-26 01:00:00,52.83125
2012-02-26 02:00:00,46.9625
2012-02-26 03:00:00,24.655
2012-02-26 04:00:00,4.41375
2012-02-26 05:00:00,3.96125
2012-02-26 06:00:00,6.94625
2012-02-26 07:00:00,63.4675
2012-02-26 08:00:00,84.9675
2012-02-26 09:00:00,127.6325
2012-02-26 10:00:00,187.39375
2012-02-26 11:00:00,187.73125
2012-02-26 12:00:00,223.95375
2012-02-26 13:00:00,249.16375
2012-02-26 14:00:00,272.16375
2012-02-26 15:00:00,326.26125
2012-02-26 16:00:00,324.225
2012-02-26 17:00:00,302.1675
2012-02-26 18:00:00,217.90125
2012-02-26 19:00:00,216.4
2012-02-26 20:00:00,186.32
2012-02-26 21:00:00,95.16375
2012-02-26 22:00:00,80.49
2012-02-26 23:00:00,50.28375
2012-02-27 00:00:00,18.08625
2012-02-27 01:00:00,7.67125
2012-02-27 02:00:00,6.57
2012-02-27 03:00:00,3.1275
2012-02-27 04:00:00,2.49
2012-02-27 05:00:00,23.15625
2012-02-27 06:00:00,83.68
2012-02-27 07:00:00,203.67625
2012-02-27 08:00:00,456.07125
2012-02-27 09:00:00,206.64625
2012-02-27 10:00:00,158.82125
2012-02-27 11:00:00,176.69125
2012-02-27 12:00:00,192.09875
2012-02-27 13:00:00,194.125
2012-02-27 14:00:00,206.11125
2012-02-27 15:00:00,230.54375
2012-02-27 16:00:00,339.14625
2012-02-27 17:00:00,485.11625
2012-02-27 18:00:00,474.31125
2012-02-27 19:00:00,346.465
2012-02-27 20:00:00,248.09375
2012-02-27 21:00:00,174.44
2012-02-27 22:00:00,119.4675
2012-02-27 23:00:00,80.87625
2012-02-28 00:00:00,29.1075
2012-02-28 01:00:00,10.57375
2012-02-28 02:00:00,8.44625
2012-02-28 03:00:00,4.48
2012-02-28 04:00:00,2.8275
2012-02-28 05:00:00,22.01
2012-02-28 06:00:00,86.70625
2012-02-28 07:00:00,178.3975
2012-02-28 08:00:00,456.8375
2012-02-28 09:00:00,194.6375
2012-02-28 10:00:00,142.70625
2012-02-28 11:00:00,156.15375
2012-02-28 12:00:00,181.69125
2012-02-28 13:00:00,184.8175
2012-02-28 14:00:00,188.85125
2012-02-28 15:00:00,194.83625
2012-02-28 16:00:00,293.45125
2012-02-28 17:00:00,479.94125
2012-02-28 18:00:00,477.75125
2012-02-28 19:00:00,278.20125
2012-02-28 20:00:00,199.31375
2012-02-28 21:00:00,147.16
2012-02-28 22:00:00,115.09875
2012-02-28 23:00:00,58.125
2012-02-29 00:00:00,24.63875
2012-02-29 01:00:00,9.75
2012-02-29 02:00:00,6.01
2012-02-29 03:00:00,3.16625
2012-02-29 05:00:00,24.47375
2012-02-29 06:00:00,84.31
2012-02-29 07:00:00,227.12125
2012-02-29 08:00:00,493.815
2012-02-29 09:00:00,75.265
2012-02-29 10:00:00,68.295
2012-02-29 11:00:00,69.39375
2012-02-29 12:00:00,82.09875
2012-02-29 13:00:00,169.79375
2012-02-29 14:00:00,167.8025
2012-02-29 15:00:00,182.3225
2012-02-29 16:00:00,195.415
2012-02-29 17:00:00,431.2575
2012-02-29 18:00:00,321.02
2012-02-29 19:00:00,262.585
2012-02-29 20:00:00,162.69125
2012-02-29 21:00:00,126.54125
2012-02-29 22:00:00,98.7925
2012-02-29 23:00:00,79.35375
2012-03-20 00:00:00,30.96
2012-03-20 01:00:00,18.89
2012-03-20 02:00:00,6.19875
2012-03-20 03:00:00,4.2725
2012-03-20 04:00:00,4.105
2012-03-20 05:00:00,29.57875
2012-03-20 06:00:00,121.60625
2012-03-20 07:00:00,127.96125
2012-03-20 08:00:00,549.37
2012-03-20 09:00:00,307.61
2012-03-20 10:00:00,160.3675
2012-03-20 11:00:00,167.97125
2012-03-20 12:00:00,202.75
2012-03-20 13:00:00,206.3625
2012-03-20 14:00:00,209.80125
2012-03-20 15:00:00,254.52375
2012-03-20 16:00:00,340.175
2012-03-20 17:00:00,684.945
2012-03-20 18:00:00,685.09125
2012-03-20 19:00:00,436.88125
2012-03-20 20:00:00,329.2325
2012-03-20 21:00:00,222.82
2012-03-20 22:00:00,158.13375
2012-03-20 23:00:00,99.41625
2012-03-21 00:00:00,34.28375
2012-03-21 01:00:00,19.84
2012-03-21 02:00:00,7.0925
2012-03-21 03:00:00,4.27
2012-03-21 04:00:00,4.4775
2012-03-21 05:00:00,30.16625
2012-03-21 06:00:00,122.36625
2012-03-21 07:00:00,140.25625
2012-03-21 08:00:00,454.305
2012-03-21 09:00:00,311.635
2012-03-21 10:00:00,169.93
2012-03-21 11:00:00,166.9725
2012-03-21 12:00:00,233.26125
2012-03-21 13:00:00,227.64
2012-03-21 14:00:00,225.465
2012-03-21 15:00:00,233.2575
2012-03-21 16:00:00,369.505
2012-03-21 17:00:00,686.12875
2012-03-21 18:00:00,692.64625
2012-03-21 19:00:00,508.16625
2012-03-21 20:00:00,296.19125
2012-03-21 21:00:00,225.77
2012-03-21 22:00:00,167.1325
2012-03-21 23:00:00,109.4925
2012-03-22 00:00:00,47.71
2012-03-22 01:00:00,20.18
2012-03-22 02:00:00,9.39125
2012-03-22 03:00:00,5.39
2012-03-22 04:00:00,4.63875
2012-03-22 05:00:00,29.31125
2012-03-22 06:00:00,122.34625
2012-03-22 07:00:00,342.3225
2012-03-22 08:00:00,551.23375
2012-03-22 09:00:00,302.55625
2012-03-22 10:00:00,176.4875
2012-03-22 11:00:00,172.32375
2012-03-22 12:00:00,222.5225
2012-03-22 13:00:00,232.37125
2012-03-22 14:00:00,221.0625
2012-03-22 15:00:00,258.4125
2012-03-22 16:00:00,385.5225
2012-03-22 17:00:00,730.0125
2012-03-22 18:00:00,738.355
2012-03-22 19:00:00,511.9
2012-03-22 20:00:00,314.6725
2012-03-22 21:00:00,236.995
2012-03-22 22:00:00,182.68875
2012-03-22 23:00:00,126.045
2012-03-23 00:00:00,57.0025
2012-03-23 01:00:00,23.735
2012-03-23 02:00:00,10.0625
2012-03-23 03:00:00,5.925
2012-03-23 04:00:00,5.60125
2012-03-23 05:00:00,30.01875
2012-03-23 06:00:00,122.71875
2012-03-23 07:00:00,348.81875
2012-03-23 08:00:00,543.05125
2012-03-23 09:00:00,312.61
2012-03-23 10:00:00,194.33
2012-03-23 11:00:00,240.2225
2012-03-23 12:00:00,338.11375
2012-03-23 13:00:00,366.94
2012-03-23 14:00:00,363.665
2012-03-23 15:00:00,365.10875
2012-03-23 16:00:00,444.77625
2012-03-23 17:00:00,739.165
2012-03-23 18:00:00,739.85875
2012-03-23 19:00:00,496.11875
2012-03-23 20:00:00,354.11625
2012-03-23 21:00:00,263.03375
2012-03-23 22:00:00,252.4075
2012-03-23 23:00:00,164.30625
2012-03-24 00:00:00,111.5125
2012-03-24 01:00:00,84.62125
2012-03-24 02:00:00,59.45125
2012-03-24 03:00:00,26.81875
2012-03-24 04:00:00,13.77125
2012-03-24 05:00:00,13.55625
2012-03-24 06:00:00,29.61625
2012-03-24 07:00:00,106.25
2012-03-24 08:00:00,214.55875
2012-03-24 09:00:00,285.50625
2012-03-24 10:00:00,357.55
2012-03-24 11:00:00,426.77625
2012-03-24 12:00:00,234.7725
2012-03-24 13:00:00,222.005
2012-03-24 14:00:00,216.78
2012-03-24 15:00:00,226.49125
2012-03-24 16:00:00,213.0725
2012-03-24 17:00:00,197.2475
2012-03-24 18:00:00,170.0575
2012-03-24 19:00:00,158.945
2012-03-24 20:00:00,133.775
2012-03-24 21:00:00,133.1475
2012-03-24 22:00:00,120.295
2012-03-24 23:00:00,118.7975
2012-03-25 00:00:00,91.345
2012-03-25 01:00:00,77.71875
2012-03-25 02:00:00,59.72
2012-03-25 03:00:00,24.56625
2012-03-25 04:00:00,10.9675
2012-03-25 05:00:00,10.46375
2012-03-25 06:00:00,11.445
2012-03-25 07:00:00,98.215
2012-03-25 08:00:00,132.54375
2012-03-25 09:00:00,220.59875
2012-03-25 10:00:00,287.915
2012-03-25 11:00:00,353.83375
2012-03-25 12:00:00,365.81375
2012-03-25 13:00:00,386.48125
2012-03-25 14:00:00,392.15625
2012-03-25 15:00:00,388.37125
2012-03-25 16:00:00,449.8575
2012-03-25 17:00:00,467.50625
2012-03-25 18:00:00,414.58375
2012-03-25 19:00:00,308.0975
2012-03-25 20:00:00,220.49125
2012-03-25 21:00:00,168.815
2012-03-25 22:00:00,114.56625
2012-03-25 23:00:00,63.43375
2012-03-26 00:00:00,29.67625
2012-03-26 01:00:00,13.56
2012-03-26 02:00:00,8.3825
2012-03-26 03:00:00,4.1075
2012-03-26 04:00:00,4.985
2012-03-26 05:00:00,29.87125
2012-03-26 06:00:00,117.11875
2012-03-26 07:00:00,355.6525
2012-03-26 08:00:00,598.37625
2012-03-26 09:00:00,316.8425
2012-03-26 10:00:00,188.63875
2012-03-26 11:00:00,213.88
2012-03-26 12:00:00,230.20375
2012-03-26 13:00:00,230.13
2012-03-26 14:00:00,224.14
2012-03-26 15:00:00,231.075
2012-03-26 16:00:00,353.8475
2012-03-26 17:00:00,562.02625
2012-03-26 18:00:00,525.14125
2012-03-26 19:00:00,292.74375
2012-03-26 20:00:00,213.82125
2012-03-26 21:00:00,172.67
2012-03-26 22:00:00,118.11
2012-03-26 23:00:00,67.77625
2012-03-27 00:00:00,22.26375
2012-03-27 01:00:00,7.83625
2012-03-27 02:00:00,6.71875
2012-03-27 03:00:00,3.45875
2012-03-27 04:00:00,2.8525
2012-03-27 05:00:00,23.54
2012-03-27 06:00:00,95.1825
2012-03-27 07:00:00,234.82625
2012-03-27 08:00:00,483.57875
2012-03-27 09:00:00,236.57875
2012-03-27 10:00:00,155.79625
2012-03-27 11:00:00,174.17125
2012-03-27 12:00:00,193.11375
2012-03-27 13:00:00,197.40875
2012-03-27 14:00:00,199.86625
2012-03-27 15:00:00,210.02625
2012-03-27 16:00:00,287.9775
2012-03-27 17:00:00,571.37125
2012-03-27 18:00:00,508.40625
2012-03-27 19:00:00,288.0375
2012-03-27 20:00:00,250.4775
2012-03-27 21:00:00,156.8625
2012-03-27 22:00:00,122.34625
2012-03-27 23:00:00,73.07375
2012-03-28 00:00:00,27.135
2012-03-28 01:00:00,11.19
2012-03-28 02:00:00,7.42875
2012-03-28 03:00:00,3.64875
2012-03-28 04:00:00,3.41
2012-03-28 05:00:00,25.2975
2012-03-28 06:00:00,99.785
2012-03-28 07:00:00,294.50125
2012-03-28 08:00:00,537.1875
2012-03-28 09:00:00,312.56875
2012-03-28 10:00:00,188.2775
2012-03-28 11:00:00,205.395
2012-03-28 12:00:00,249.37875
2012-03-28 13:00:00,238.4725
2012-03-28 14:00:00,240.18
2012-03-28 15:00:00,262.91625
2012-03-28 16:00:00,346.88
2012-03-28 17:00:00,712.3925
2012-03-28 18:00:00,719.05375
2012-03-28 19:00:00,504.05125
2012-03-28 20:00:00,382.2325
2012-03-28 21:00:00,251.0525
2012-03-28 22:00:00,188.89375
2012-03-28 23:00:00,110.63375
2012-03-29 00:00:00,48.59375
2012-03-29 01:00:00,20.38375
2012-03-29 02:00:00,12.60625
2012-03-29 03:00:00,5.70625
2012-03-29 04:00:00,6.0
2012-03-29 05:00:00,30.03375
2012-03-29 06:00:00,119.61125
2012-03-29 07:00:00,354.47875
2012-03-29 08:00:00,583.28625
2012-03-29 09:00:00,326.20625
2012-03-29 10:00:00,190.53625
2012-03-29 11:00:00,209.54625
2012-03-29 12:00:00,237.4375
2012-03-29 13:00:00,227.8675
2012-03-29 14:00:00,225.865
2012-03-29 15:00:00,235.82
2012-03-29 16:00:00,363.96125
2012-03-29 17:00:00,581.9925
2012-03-29 18:00:00,578.5925
2012-03-29 19:00:00,381.15375
2012-03-29 20:00:00,248.905
2012-03-29 21:00:00,181.96125
2012-03-29 22:00:00,143.3725
2012-03-29 23:00:00,99.195
2012-03-30 00:00:00,47.74625
2012-03-30 01:00:00,20.95625
2012-03-30 02:00:00,8.82875
2012-03-30 03:00:00,4.2925
2012-03-30 04:00:00,4.52375
2012-03-30 05:00:00,25.59
2012-03-30 06:00:00,94.06375
2012-03-30 07:00:00,265.71875
2012-03-30 08:00:00,551.59
2012-03-30 09:00:00,271.56625
2012-03-30 10:00:00,176.97125
2012-03-30 11:00:00,194.66375
2012-03-30 12:00:00,215.235
2012-03-30 13:00:00,120.51
2012-03-30 14:00:00,112.34375
2012-03-30 15:00:00,114.75125
2012-03-30 16:00:00,118.47625
2012-03-30 17:00:00,508.65625
2012-03-30 18:00:00,499.07125
2012-03-30 19:00:00,283.15375
2012-03-30 20:00:00,218.1875
2012-03-30 21:00:00,166.8425
2012-03-30 22:00:00,124.12125
2012-03-30 23:00:00,111.2025
2012-03-31 00:00:00,86.1675
2012-03-31 01:00:00,69.92125
2012-03-31 02:00:00,54.21125
2012-03-31 03:00:00,23.65875
2012-03-31 04:00:00,10.28625
2012-03-31 05:00:00,9.98
2012-03-31 06:00:00,11.60625
2012-03-31 07:00:00,93.385
2012-03-31 08:00:00,152.36125
2012-03-31 09:00:00,257.87375
2012-03-31 10:00:00,313.74125
2012-03-31 11:00:00,444.05
2012-03-31 12:00:00,496.365
2012-03-31 13:00:00,523.85125
2012-03-31 14:00:00,469.31375
2012-03-31 15:00:00,471.67125
2012-03-31 16:00:00,473.22375
2012-03-31 17:00:00,449.81125
2012-03-31 18:00:00,327.89
2012-03-31 19:00:00,271.44375
2012-03-31 20:00:00,203.05375
2012-03-31 21:00:00,157.47875
2012-03-31 22:00:00,132.67375
2012-03-31 23:00:00,89.47375
2012-04-20 00:00:00,54.6925
2012-04-20 01:00:00,22.76375
2012-04-20 02:00:00,10.365
2012-04-20 03:00:00,6.31875
2012-04-20 04:00:00,5.1425
2012-04-20 05:00:00,29.88875
2012-04-20 06:00:00,119.49375
2012-04-20 07:00:00,337.54125
2012-04-20 08:00:00,533.87875
2012-04-20 09:00:00,322.4525
2012-04-20 10:00:00,210.13
2012-04-20 11:00:00,245.89875
2012-04-20 12:00:00,352.10625
2012-04-20 13:00:00,374.8775
2012-04-20 14:00:00,377.2425
2012-04-20 15:00:00,385.87625
2012-04-20 16:00:00,462.805
2012-04-20 17:00:00,729.78125
2012-04-20 18:00:00,708.17
2012-04-20 19:00:00,502.17875
2012-04-20 20:00:00,356.80125
2012-04-20 21:00:00,248.94875
2012-04-20 22:00:00,218.14
2012-04-20 23:00:00,166.73125
2012-04-21 00:00:00,109.54375
2012-04-21 01:00:00,92.59125
2012-04-21 02:00:00,68.60125
2012-04-21 03:00:00,29.26625
2012-04-21 04:00:00,13.22125
2012-04-21 05:00:00,13.535
2012-04-21 06:00:00,35.73375
2012-04-21 07:00:00,91.26875
2012-04-21 08:00:00,198.39
2012-04-21 09:00:00,286.00625
2012-04-21 10:00:00,383.44625
2012-04-21 11:00:00,418.5375
2012-04-21 12:00:00,573.66875
2012-04-21 13:00:00,605.0775
2012-04-21 14:00:00,593.45375
2012-04-21 15:00:00,624.2625
2012-04-21 16:00:00,580.67625
2012-04-21 17:00:00,608.0525
2012-04-21 18:00:00,478.67875
2012-04-21 19:00:00,232.29125
2012-04-21 20:00:00,141.9925
2012-04-21 21:00:00,139.5025
2012-04-21 22:00:00,173.0975
2012-04-21 23:00:00,127.92625
2012-04-22 00:00:00,103.82875
2012-04-22 01:00:00,95.3075
2012-04-22 02:00:00,73.5275
2012-04-22 03:00:00,30.7875
2012-04-22 04:00:00,12.85375
2012-04-22 05:00:00,12.49875
2012-04-22 06:00:00,24.1575
2012-04-22 07:00:00,81.24375
2012-04-22 08:00:00,82.34625
2012-04-22 09:00:00,105.44
2012-04-22 10:00:00,142.27875
2012-04-22 11:00:00,156.7025
2012-04-22 12:00:00,155.01125
2012-04-22 13:00:00,156.8475
2012-04-22 14:00:00,151.19375
2012-04-22 15:00:00,165.8225
2012-04-22 16:00:00,168.115
2012-04-22 17:00:00,184.3275
2012-04-22 18:00:00,174.71
2012-04-22 19:00:00,160.5375
2012-04-22 20:00:00,152.85625
2012-04-22 21:00:00,113.83875
2012-04-22 22:00:00,76.7575
2012-04-22 23:00:00,67.89375
2012-04-23 00:00:00,24.98875
2012-04-23 01:00:00,9.76125
2012-04-23 02:00:00,7.505
2012-04-23 03:00:00,3.71
2012-04-23 04:00:00,3.64125
2012-04-23 05:00:00,25.39125
2012-04-23 06:00:00,98.9125
2012-04-23 07:00:00,158.575
2012-04-23 08:00:00,560.6125
2012-04-23 09:00:00,286.11125
2012-04-23 10:00:00,168.075
2012-04-23 11:00:00,171.77125
2012-04-23 12:00:00,150.82875
2012-04-23 13:00:00,153.02875
2012-04-23 14:00:00,156.17125
2012-04-23 15:00:00,190.165
2012-04-23 16:00:00,211.45125
2012-04-23 17:00:00,414.9275
2012-04-23 18:00:00,457.81875
2012-04-23 19:00:00,332.495
2012-04-23 20:00:00,241.00375
2012-04-23 21:00:00,161.31625
2012-04-23 22:00:00,122.21375
2012-04-23 23:00:00,74.7675
2012-04-24 00:00:00,25.59125
2012-04-24 01:00:00,11.3
2012-04-24 02:00:00,6.61125
2012-04-24 03:00:00,3.60875
2012-04-24 04:00:00,2.97
2012-04-24 05:00:00,26.495
2012-04-24 06:00:00,101.78875
2012-04-24 07:00:00,319.69125
2012-04-24 08:00:00,621.9725
2012-04-24 09:00:00,321.10875
2012-04-24 10:00:00,188.34125
2012-04-24 11:00:00,226.015
2012-04-24 12:00:00,247.77375
2012-04-24 13:00:00,247.11125
2012-04-24 14:00:00,243.64875
2012-04-24 15:00:00,264.22125
2012-04-24 16:00:00,404.52625
2012-04-24 17:00:00,684.34
2012-04-24 18:00:00,694.91
2012-04-24 19:00:00,483.12625
2012-04-24 20:00:00,318.325
2012-04-24 21:00:00,247.65375
2012-04-24 22:00:00,164.26125
2012-04-24 23:00:00,106.4625
2012-04-25 00:00:00,34.9675
2012-04-25 01:00:00,11.04875
2012-04-25 02:00:00,7.5
2012-04-25 03:00:00,3.3375
2012-04-25 04:00:00,3.2275
2012-04-25 05:00:00,28.1475
2012-04-25 06:00:00,105.5025
2012-04-25 07:00:00,338.06375
2012-04-25 08:00:00,629.27
2012-04-25 09:00:00,333.03375
2012-04-25 10:00:00,213.4125
2012-04-25 11:00:00,237.615
2012-04-25 12:00:00,263.13
2012-04-25 13:00:00,254.69375
2012-04-25 14:00:00,257.45625
2012-04-25 15:00:00,287.30625
2012-04-25 16:00:00,396.7875
2012-04-25 17:00:00,739.8475
2012-04-25 18:00:00,735.2475
2012-04-25 19:00:00,478.31875
2012-04-25 20:00:00,367.205
2012-04-25 21:00:00,257.94125
2012-04-25 22:00:00,209.595
2012-04-25 23:00:00,117.935
2012-04-26 00:00:00,43.44875
2012-04-26 01:00:00,14.82375
2012-04-26 02:00:00,11.94875
2012-04-26 03:00:00,5.61375
2012-04-26 04:00:00,5.73
2012-04-26 05:00:00,30.39875
2012-04-26 06:00:00,126.90375
2012-04-26 07:00:00,156.205
2012-04-26 08:00:00,549.49
2012-04-26 09:00:00,135.66125
2012-04-26 10:00:00,183.21375
2012-04-26 11:00:00,181.84875
2012-04-26 12:00:00,231.64375
2012-04-26 13:00:00,225.96875
2012-04-26 14:00:00,224.2025
2012-04-26 15:00:00,229.72875
2012-04-26 16:00:00,298.0775
2012-04-26 17:00:00,676.405
2012-04-26 18:00:00,660.81375
2012-04-26 19:00:00,425.11125
2012-04-26 20:00:00,302.83375
2012-04-26 21:00:00,228.23125
2012-04-26 22:00:00,197.525
2012-04-26 23:00:00,126.57375
2012-04-27 00:00:00,55.67125
2012-04-27 01:00:00,27.20125
2012-04-27 02:00:00,13.81625
2012-04-27 03:00:00,6.605
2012-04-27 04:00:00,5.14875
2012-04-27 05:00:00,29.7775
2012-04-27 06:00:00,103.0775
2012-04-27 07:00:00,337.695
2012-04-27 08:00:00,662.24
2012-04-27 09:00:00,329.92
2012-04-27 10:00:00,217.07875
2012-04-27 11:00:00,238.5675
2012-04-27 12:00:00,330.9675
2012-04-27 13:00:00,346.36
2012-04-27 14:00:00,347.21375
2012-04-27 15:00:00,388.82875
2012-04-27 16:00:00,422.88625
2012-04-27 17:00:00,683.1475
2012-04-27 18:00:00,667.5625
2012-04-27 19:00:00,477.2525
2012-04-27 20:00:00,288.24
2012-04-27 21:00:00,194.80625
2012-04-27 22:00:00,157.51
2012-04-27 23:00:00,118.08
2012-04-28 00:00:00,89.02625
2012-04-28 01:00:00,66.49125
2012-04-28 02:00:00,61.04625
2012-04-28 03:00:00,25.555
2012-04-28 04:00:00,11.47875
2012-04-28 05:00:00,10.74625
2012-04-28 06:00:00,27.3075
2012-04-28 07:00:00,100.1225
2012-04-28 08:00:00,162.4275
2012-04-28 09:00:00,260.17625
2012-04-28 10:00:00,338.47625
2012-04-28 11:00:00,413.34375
2012-04-28 12:00:00,408.63375
2012-04-28 13:00:00,472.7025
2012-04-28 14:00:00,494.965
2012-04-28 15:00:00,457.75375
2012-04-28 16:00:00,488.75375
2012-04-28 17:00:00,418.1325
2012-04-28 18:00:00,169.20625
2012-04-28 19:00:00,173.39625
2012-04-28 20:00:00,218.705
2012-04-28 21:00:00,149.5675
2012-04-28 22:00:00,140.37
2012-04-28 23:00:00,141.035
2012-04-29 00:00:00,57.2775
2012-04-29 01:00:00,76.51875
2012-04-29 02:00:00,66.71
2012-04-29 03:00:00,27.39625
2012-04-29 04:00:00,11.25625
2012-04-29 05:00:00,11.4025
2012-04-29 06:00:00,17.8525
2012-04-29 07:00:00,86.88
2012-04-29 08:00:00,115.18
2012-04-29 09:00:00,245.87875
2012-04-29 10:00:00,348.29
2012-04-29 11:00:00,433.2475
2012-04-29 12:00:00,554.09875
2012-04-29 13:00:00,572.3625
2012-04-29 14:00:00,588.69875
2012-04-29 15:00:00,601.625
2012-04-29 16:00:00,507.28125
2012-04-29 17:00:00,483.66
2012-04-29 18:00:00,442.5375
2012-04-29 19:00:00,380.72875
2012-04-29 20:00:00,278.44375
2012-04-29 21:00:00,181.2125
2012-04-29 22:00:00,137.67375
2012-04-29 23:00:00,76.3625
2012-04-30 00:00:00,36.0275
2012-04-30 01:00:00,10.64375
2012-04-30 02:00:00,8.4925
2012-04-30 03:00:00,4.52625
2012-04-30 04:00:00,4.51375
2012-04-30 05:00:00,29.2925
2012-04-30 06:00:00,107.50125
2012-04-30 07:00:00,330.3475
2012-04-30 08:00:00,630.15375
2012-04-30 09:00:00,314.66
2012-04-30 10:00:00,201.47375
2012-04-30 11:00:00,201.2825
2012-04-30 12:00:00,215.525
2012-04-30 13:00:00,239.9475
2012-04-30 14:00:00,237.4075
2012-04-30 15:00:00,253.5525
2012-04-30 16:00:00,396.35125
2012-04-30 17:00:00,729.8525
2012-04-30 18:00:00,726.6975
2012-04-30 19:00:00,474.22625
2012-04-30 20:00:00,302.38375
2012-04-30 21:00:00,239.70375
2012-04-30 22:00:00,163.10875
2012-04-30 23:00:00,82.33375
2012-05-20 00:00:00,149.03625
2012-05-20 01:00:00,102.525
2012-05-20 02:00:00,74.2075
2012-05-20 03:00:00,33.58
2012-05-20 04:00:00,15.925
2012-05-20 05:00:00,14.1225
2012-05-20 06:00:00,26.07625
2012-05-20 07:00:00,66.585
2012-05-20 08:00:00,145.01125
2012-05-20 09:00:00,282.75875
2012-05-20 10:00:00,461.4925
2012-05-20 11:00:00,578.5225
2012-05-20 12:00:00,653.615
2012-05-20 13:00:00,660.725
2012-05-20 14:00:00,621.51375
2012-05-20 15:00:00,612.69125
2012-05-20 16:00:00,572.29625
2012-05-20 17:00:00,525.3175
2012-05-20 18:00:00,466.0475
2012-05-20 19:00:00,362.79875
2012-05-20 20:00:00,276.77875
2012-05-20 21:00:00,214.87875
2012-05-20 22:00:00,129.01125
2012-05-20 23:00:00,74.40125
2012-05-21 00:00:00,33.89375
2012-05-21 01:00:00,18.26125
2012-05-21 02:00:00,8.5675
2012-05-21 03:00:00,4.655
2012-05-21 04:00:00,5.355
2012-05-21 05:00:00,32.43625
2012-05-21 06:00:00,83.84875
2012-05-21 07:00:00,145.70125
2012-05-21 08:00:00,327.2125
2012-05-21 09:00:00,131.69125
2012-05-21 10:00:00,121.48
2012-05-21 11:00:00,153.58375
2012-05-21 12:00:00,188.565
2012-05-21 13:00:00,137.34125
2012-05-21 14:00:00,139.325
2012-05-21 15:00:00,223.85875
2012-05-21 16:00:00,332.38125
2012-05-21 17:00:00,666.26375
2012-05-21 18:00:00,679.58
2012-05-21 19:00:00,500.49125
2012-05-21 20:00:00,347.2925
2012-05-21 21:00:00,260.46125
2012-05-21 22:00:00,160.165
2012-05-21 23:00:00,82.86
2012-05-22 00:00:00,36.48125
2012-05-22 01:00:00,18.58625
2012-05-22 02:00:00,8.24375
2012-05-22 03:00:00,6.1675
2012-05-22 04:00:00,5.83125
2012-05-22 05:00:00,32.815
2012-05-22 06:00:00,88.83875
2012-05-22 07:00:00,139.2825
2012-05-22 08:00:00,476.005
2012-05-22 09:00:00,312.7525
2012-05-22 10:00:00,193.66875
2012-05-22 11:00:00,217.255
2012-05-22 12:00:00,200.4725
2012-05-22 13:00:00,251.69875
2012-05-22 14:00:00,205.84375
2012-05-22 15:00:00,265.89625
2012-05-22 16:00:00,384.23875
2012-05-22 17:00:00,795.8425
2012-05-22 18:00:00,741.9775
2012-05-22 19:00:00,502.72375
2012-05-22 20:00:00,360.84125
2012-05-22 21:00:00,238.34375
2012-05-22 22:00:00,173.755
2012-05-22 23:00:00,100.74875
2012-05-23 00:00:00,44.39375
2012-05-23 01:00:00,21.83625
2012-05-23 02:00:00,9.29
2012-05-23 03:00:00,6.6825
2012-05-23 04:00:00,6.18375
2012-05-23 05:00:00,33.485
2012-05-23 06:00:00,154.28125
2012-05-23 07:00:00,426.215
2012-05-23 08:00:00,442.60875
2012-05-23 09:00:00,332.59625
2012-05-23 10:00:00,195.155
2012-05-23 11:00:00,215.86
2012-05-23 12:00:00,285.12
2012-05-23 13:00:00,226.25375
2012-05-23 14:00:00,243.505
2012-05-23 15:00:00,281.725
2012-05-23 16:00:00,358.30375
2012-05-23 17:00:00,637.56875
2012-05-23 18:00:00,642.1825
2012-05-23 19:00:00,338.57
2012-05-23 20:00:00,299.06125
2012-05-23 21:00:00,212.78
2012-05-23 22:00:00,173.60375
2012-05-23 23:00:00,115.69
2012-05-24 00:00:00,62.85375
2012-05-24 01:00:00,20.1875
2012-05-24 02:00:00,12.0425
2012-05-24 03:00:00,6.54375
2012-05-24 04:00:00,6.23375
2012-05-24 05:00:00,33.43125
2012-05-24 06:00:00,154.7375
2012-05-24 07:00:00,426.925
2012-05-24 08:00:00,668.6775
2012-05-24 09:00:00,333.8325
2012-05-24 10:00:00,184.78875
2012-05-24 11:00:00,228.16125
2012-05-24 12:00:00,303.0675
2012-05-24 13:00:00,291.7925
2012-05-24 14:00:00,245.265
2012-05-24 15:00:00,274.98625
2012-05-24 16:00:00,400.3575
2012-05-24 17:00:00,787.72875
2012-05-24 18:00:00,779.2
2012-05-24 19:00:00,549.22375
2012-05-24 20:00:00,395.05125
2012-05-24 21:00:00,198.30125
2012-05-24 22:00:00,186.19
2012-05-24 23:00:00,147.04
2012-05-25 00:00:00,69.715
2012-05-25 01:00:00,40.16
2012-05-25 02:00:00,14.66375
2012-05-25 03:00:00,8.32375
2012-05-25 04:00:00,7.6325
2012-05-25 05:00:00,33.6725
2012-05-25 06:00:00,153.23875
2012-05-25 07:00:00,379.76375
2012-05-25 08:00:00,589.41875
2012-05-25 09:00:00,295.845
2012-05-25 10:00:00,222.34875
2012-05-25 11:00:00,245.92125
2012-05-25 12:00:00,323.0225
2012-05-25 13:00:00,331.93125
2012-05-25 14:00:00,328.075
2012-05-25 15:00:00,323.96375
2012-05-25 16:00:00,444.965
2012-05-25 17:00:00,676.29
2012-05-25 18:00:00,698.7175
2012-05-25 19:00:00,525.8025
2012-05-25 20:00:00,370.7525
2012-05-25 21:00:00,267.2225
2012-05-25 22:00:00,274.1425
2012-05-25 23:00:00,210.22375
2012-05-26 00:00:00,138.45
2012-05-26 01:00:00,108.80625
2012-05-26 02:00:00,74.98875
2012-05-26 03:00:00,27.875
2012-05-26 04:00:00,12.9525
2012-05-26 05:00:00,14.01625
2012-05-26 06:00:00,36.54375
2012-05-26 07:00:00,93.085
2012-05-26 08:00:00,190.16375
2012-05-26 09:00:00,282.62875
2012-05-26 10:00:00,387.4925
2012-05-26 11:00:00,410.10375
2012-05-26 12:00:00,437.77625
2012-05-26 13:00:00,435.395
2012-05-26 14:00:00,423.2775
2012-05-26 15:00:00,421.99125
2012-05-26 16:00:00,531.3075
2012-05-26 17:00:00,539.35
2012-05-26 18:00:00,514.99875
2012-05-26 19:00:00,396.315
2012-05-26 20:00:00,293.03625
2012-05-26 21:00:00,254.6975
2012-05-26 22:00:00,253.54875
2012-05-26 23:00:00,203.74125
2012-05-27 00:00:00,138.5725
2012-05-27 01:00:00,113.28
2012-05-27 02:00:00,84.38875
2012-05-27 03:00:00,35.76625
2012-05-27 04:00:00,14.27125
2012-05-27 05:00:00,14.62875
2012-05-27 06:00:00,24.0225
2012-05-27 07:00:00,76.16
2012-05-27 08:00:00,150.805
2012-05-27 09:00:00,269.07625
2012-05-27 10:00:00,379.57375
2012-05-27 11:00:00,419.645
2012-05-27 12:00:00,419.42125
2012-05-27 13:00:00,524.04375
2012-05-27 14:00:00,518.70625
2012-05-27 15:00:00,521.98375
2012-05-27 16:00:00,518.47875
2012-05-27 17:00:00,523.6575
2012-05-27 18:00:00,489.5975
2012-05-27 19:00:00,378.38125
2012-05-27 20:00:00,285.565
2012-05-27 21:00:00,204.535
2012-05-27 22:00:00,118.7275
2012-05-27 23:00:00,91.66
2012-05-28 00:00:00,50.00125
2012-05-28 01:00:00,52.625
2012-05-28 02:00:00,31.62625
2012-05-28 03:00:00,14.65875
2012-05-28 04:00:00,10.3625
2012-05-28 05:00:00,26.5025
2012-05-28 06:00:00,89.75375
2012-05-28 07:00:00,337.8175
2012-05-28 08:00:00,227.3375
2012-05-28 09:00:00,284.88125
2012-05-28 10:00:00,335.90125
2012-05-28 11:00:00,352.02125
2012-05-28 12:00:00,366.46
2012-05-28 13:00:00,364.75125
2012-05-28 14:00:00,361.725
2012-05-28 15:00:00,392.17125
2012-05-28 16:00:00,419.175
2012-05-28 17:00:00,488.2875
2012-05-28 18:00:00,481.6275
2012-05-28 19:00:00,467.5175
2012-05-28 20:00:00,354.22125
2012-05-28 21:00:00,271.60625
2012-05-28 22:00:00,255.29
2012-05-28 23:00:00,133.21125
2012-05-29 00:00:00,49.92125
2012-05-29 01:00:00,17.21
2012-05-29 02:00:00,9.8275
2012-05-29 03:00:00,5.4375
2012-05-29 04:00:00,7.56
2012-05-29 05:00:00,34.49
2012-05-29 06:00:00,163.5275
2012-05-29 07:00:00,357.855
2012-05-29 08:00:00,651.33375
2012-05-29 09:00:00,327.9925
2012-05-29 10:00:00,178.25125
2012-05-29 11:00:00,222.335
2012-05-29 12:00:00,263.29875
2012-05-29 13:00:00,254.955
2012-05-29 14:00:00,242.545
2012-05-29 15:00:00,267.22375
2012-05-29 16:00:00,376.57625
2012-05-29 17:00:00,758.95125
2012-05-29 18:00:00,755.14875
2012-05-29 19:00:00,553.81
2012-05-29 20:00:00,367.63875
2012-05-29 21:00:00,193.83
2012-05-29 22:00:00,145.9925
2012-05-29 23:00:00,91.88875
2012-05-30 00:00:00,41.79375
2012-05-30 01:00:00,18.605
2012-05-30 02:00:00,9.6525
2012-05-30 03:00:00,5.325
2012-05-30 04:00:00,6.22375
2012-05-30 05:00:00,34.19375
2012-05-30 06:00:00,160.20625
2012-05-30 07:00:00,189.125
2012-05-30 08:00:00,668.5725
2012-05-30 09:00:00,336.74375
2012-05-30 10:00:00,177.80625
2012-05-30 11:00:00,221.55875
2012-05-30 12:00:00,310.24625
2012-05-30 13:00:00,303.68875
2012-05-30 14:00:00,257.645
2012-05-30 15:00:00,272.255
2012-05-30 16:00:00,392.4325
2012-05-30 17:00:00,809.67375
2012-05-30 18:00:00,820.30375
2012-05-30 19:00:00,527.14
2012-05-30 20:00:00,361.265
2012-05-30 21:00:00,277.53375
2012-05-30 22:00:00,280.56375
2012-05-30 23:00:00,155.0525
2012-05-31 00:00:00,66.4225
2012-05-31 01:00:00,22.31875
2012-05-31 02:00:00,11.07
2012-05-31 03:00:00,6.975
2012-05-31 04:00:00,7.6825
2012-05-31 05:00:00,34.8425
2012-05-31 06:00:00,162.57
2012-05-31 07:00:00,457.55875
2012-05-31 08:00:00,692.4675
2012-05-31 09:00:00,329.65125
2012-05-31 10:00:00,192.6725
2012-05-31 11:00:00,240.19625
2012-05-31 12:00:00,310.63875
2012-05-31 13:00:00,293.0025
2012-05-31 14:00:00,247.69375
2012-05-31 15:00:00,272.7875
2012-05-31 16:00:00,448.21
2012-05-31 17:00:00,818.405
2012-05-31 18:00:00,814.4125
2012-05-31 19:00:00,545.74875
2012-05-31 20:00:00,389.39875
2012-05-31 21:00:00,286.00875
2012-05-31 22:00:00,287.6625
2012-05-31 23:00:00,180.9
2012-06-20 00:00:00,49.80125
2012-06-20 01:00:00,22.54625
2012-06-20 02:00:00,9.38125
2012-06-20 03:00:00,6.5775
2012-06-20 04:00:00,8.06375
2012-06-20 05:00:00,39.1875
2012-06-20 06:00:00,163.075
2012-06-20 07:00:00,386.80625
2012-06-20 08:00:00,644.45875
2012-06-20 09:00:00,327.89875
2012-06-20 10:00:00,181.4075
2012-06-20 11:00:00,214.21375
2012-06-20 12:00:00,272.10125
2012-06-20 13:00:00,262.36
2012-06-20 14:00:00,228.23875
2012-06-20 15:00:00,263.62125
2012-06-20 16:00:00,396.27375
2012-06-20 17:00:00,764.50875
2012-06-20 18:00:00,761.51
2012-06-20 19:00:00,541.61
2012-06-20 20:00:00,422.97
2012-06-20 21:00:00,355.79125
2012-06-20 22:00:00,301.06
2012-06-20 23:00:00,139.44375
2012-06-21 00:00:00,66.20625
2012-06-21 01:00:00,23.1
2012-06-21 02:00:00,11.33
2012-06-21 03:00:00,5.94875
2012-06-21 04:00:00,7.4375
2012-06-21 05:00:00,39.66125
2012-06-21 06:00:00,167.89625
2012-06-21 07:00:00,473.62625
2012-06-21 08:00:00,609.80625
2012-06-21 09:00:00,316.73875
2012-06-21 10:00:00,174.1575
2012-06-21 11:00:00,226.22875
2012-06-21 12:00:00,268.6475
2012-06-21 13:00:00,265.51
2012-06-21 14:00:00,225.51875
2012-06-21 15:00:00,249.03125
2012-06-21 16:00:00,395.24875
2012-06-21 17:00:00,765.58375
2012-06-21 18:00:00,774.2975
2012-06-21 19:00:00,517.155
2012-06-21 20:00:00,413.41625
2012-06-21 21:00:00,332.61875
2012-06-21 22:00:00,333.465
2012-06-21 23:00:00,154.1
2012-06-22 00:00:00,76.895
2012-06-22 01:00:00,40.785
2012-06-22 02:00:00,19.5725
2012-06-22 03:00:00,7.8025
2012-06-22 04:00:00,8.0675
2012-06-22 05:00:00,38.14125
2012-06-22 06:00:00,163.51125
2012-06-22 07:00:00,411.38625
2012-06-22 08:00:00,680.87375
2012-06-22 09:00:00,351.93375
2012-06-22 10:00:00,243.45375
2012-06-22 11:00:00,277.38125
2012-06-22 12:00:00,339.045
2012-06-22 13:00:00,341.18375
2012-06-22 14:00:00,340.73875
2012-06-22 15:00:00,322.86875
2012-06-22 16:00:00,424.06375
2012-06-22 17:00:00,789.41375
2012-06-22 18:00:00,730.4175
2012-06-22 19:00:00,529.5725
2012-06-22 20:00:00,381.36375
2012-06-22 21:00:00,249.2575
2012-06-22 22:00:00,277.10125
2012-06-22 23:00:00,201.97
2012-06-23 00:00:00,163.59625
2012-06-23 01:00:00,112.79
2012-06-23 02:00:00,88.36375
2012-06-23 03:00:00,30.3975
2012-06-23 04:00:00,13.84625
2012-06-23 05:00:00,13.8075
2012-06-23 06:00:00,34.715
2012-06-23 07:00:00,80.9775
2012-06-23 08:00:00,176.3175
2012-06-23 09:00:00,293.81375
2012-06-23 10:00:00,437.37875
2012-06-23 11:00:00,516.2375
2012-06-23 12:00:00,557.61625
2012-06-23 13:00:00,566.8275
2012-06-23 14:00:00,584.3125
2012-06-23 15:00:00,550.67375
2012-06-23 16:00:00,547.77625
2012-06-23 17:00:00,550.75125
2012-06-23 18:00:00,519.40375
2012-06-23 19:00:00,427.02625
2012-06-23 20:00:00,352.0775
2012-06-23 21:00:00,314.72125
2012-06-23 22:00:00,278.0
2012-06-23 23:00:00,216.4
2012-06-24 00:00:00,170.8875
2012-06-24 01:00:00,127.45
2012-06-24 02:00:00,102.515
2012-06-24 03:00:00,36.27875
2012-06-24 04:00:00,17.3875
2012-06-24 05:00:00,16.60375
2012-06-24 06:00:00,23.55875
2012-06-24 07:00:00,74.0325
2012-06-24 08:00:00,123.26625
2012-06-24 09:00:00,255.86
2012-06-24 10:00:00,444.66125
2012-06-24 11:00:00,517.84625
2012-06-24 12:00:00,550.6875
2012-06-24 13:00:00,557.825
2012-06-24 14:00:00,526.775
2012-06-24 15:00:00,515.65125
2012-06-24 16:00:00,521.47625
2012-06-24 17:00:00,527.39625
2012-06-24 18:00:00,518.66375
2012-06-24 19:00:00,428.53375
2012-06-24 20:00:00,328.70625
2012-06-24 21:00:00,228.06125
2012-06-24 22:00:00,159.47375
2012-06-24 23:00:00,109.5925
2012-06-25 00:00:00,46.13875
2012-06-25 01:00:00,21.09
2012-06-25 02:00:00,10.29
2012-06-25 03:00:00,6.1275
2012-06-25 04:00:00,8.87125
2012-06-25 05:00:00,41.21875
2012-06-25 06:00:00,154.065
2012-06-25 07:00:00,464.67
2012-06-25 08:00:00,642.6025
2012-06-25 09:00:00,328.60875
2012-06-25 10:00:00,181.83875
2012-06-25 11:00:00,233.45125
2012-06-25 12:00:00,262.805
2012-06-25 13:00:00,256.7225
2012-06-25 14:00:00,243.14375
2012-06-25 15:00:00,267.0575
2012-06-25 16:00:00,412.21
2012-06-25 17:00:00,772.4925
2012-06-25 18:00:00,773.315
2012-06-25 19:00:00,582.12125
2012-06-25 20:00:00,426.87125
2012-06-25 21:00:00,285.5675
2012-06-25 22:00:00,232.87
2012-06-25 23:00:00,133.01875
2012-06-26 00:00:00,40.98875
2012-06-26 01:00:00,17.96625
2012-06-26 02:00:00,9.6725
2012-06-26 03:00:00,5.8875
2012-06-26 04:00:00,8.67375
2012-06-26 05:00:00,44.4075
2012-06-26 06:00:00,162.4325
2012-06-26 07:00:00,469.43
2012-06-26 08:00:00,712.38625
2012-06-26 09:00:00,324.97125
2012-06-26 10:00:00,194.3575
2012-06-26 11:00:00,236.005
2012-06-26 12:00:00,271.74375
2012-06-26 13:00:00,259.06875
2012-06-26 14:00:00,244.96
2012-06-26 15:00:00,270.88125
2012-06-26 16:00:00,405.10125
2012-06-26 17:00:00,791.26375
2012-06-26 18:00:00,787.33125
2012-06-26 19:00:00,558.39875
2012-06-26 20:00:00,429.105
2012-06-26 21:00:00,298.9475
2012-06-26 22:00:00,239.55125
2012-06-26 23:00:00,146.44375
2012-06-27 00:00:00,43.35625
2012-06-27 01:00:00,17.23625
2012-06-27 02:00:00,9.4775
2012-06-27 03:00:00,6.61125
2012-06-27 04:00:00,8.81
2012-06-27 05:00:00,40.70625
2012-06-27 06:00:00,162.65875
2012-06-27 07:00:00,451.28375
2012-06-27 08:00:00,685.54
2012-06-27 09:00:00,322.5725
2012-06-27 10:00:00,191.96
2012-06-27 11:00:00,237.8075
2012-06-27 12:00:00,279.86875
2012-06-27 13:00:00,268.0475
2012-06-27 14:00:00,290.3025
2012-06-27 15:00:00,273.5125
2012-06-27 16:00:00,419.26875
2012-06-27 17:00:00,768.18625
2012-06-27 18:00:00,768.955
2012-06-27 19:00:00,568.32125
2012-06-27 20:00:00,434.6925
2012-06-27 21:00:00,337.18375
2012-06-27 22:00:00,278.61375
2012-06-27 23:00:00,157.355
2012-06-28 00:00:00,59.7775
2012-06-28 01:00:00,22.66375
2012-06-28 02:00:00,10.73125
2012-06-28 03:00:00,7.26625
2012-06-28 04:00:00,7.8775
2012-06-28 05:00:00,38.865
2012-06-28 06:00:00,155.0325
2012-06-28 07:00:00,479.835
2012-06-28 08:00:00,694.79375
2012-06-28 09:00:00,330.425
2012-06-28 10:00:00,195.2075
2012-06-28 11:00:00,239.59625
2012-06-28 12:00:00,293.24625
2012-06-28 13:00:00,277.1125
2012-06-28 14:00:00,277.92
2012-06-28 15:00:00,293.3075
2012-06-28 16:00:00,431.43625
2012-06-28 17:00:00,763.9625
2012-06-28 18:00:00,770.0375
2012-06-28 19:00:00,557.295
2012-06-28 20:00:00,443.41375
2012-06-28 21:00:00,329.6325
2012-06-28 22:00:00,281.66875
2012-06-28 23:00:00,186.01875
2012-06-29 00:00:00,73.09875
2012-06-29 01:00:00,37.22625
2012-06-29 02:00:00,17.775
2012-06-29 03:00:00,8.23125
2012-06-29 04:00:00,9.26
2012-06-29 05:00:00,38.41125
2012-06-29 06:00:00,154.1275
2012-06-29 07:00:00,416.90625
2012-06-29 08:00:00,698.195
2012-06-29 09:00:00,356.505
2012-06-29 10:00:00,242.59875
2012-06-29 11:00:00,281.045
2012-06-29 12:00:00,313.23625
2012-06-29 13:00:00,316.01375
2012-06-29 14:00:00,308.29125
2012-06-29 15:00:00,313.55875
2012-06-29 16:00:00,404.15125
2012-06-29 17:00:00,731.6725
2012-06-29 18:00:00,715.33
2012-06-29 19:00:00,502.39125
2012-06-29 20:00:00,386.32
2012-06-29 21:00:00,402.73875
2012-06-29 22:00:00,302.72375
2012-06-29 23:00:00,173.9575
2012-06-30 00:00:00,148.23875
2012-06-30 01:00:00,117.5525
2012-06-30 02:00:00,86.70625
2012-06-30 03:00:00,30.9075
2012-06-30 04:00:00,14.5225
2012-06-30 05:00:00,13.77375
2012-06-30 06:00:00,29.11375
2012-06-30 07:00:00,82.74625
2012-06-30 08:00:00,191.30375
2012-06-30 09:00:00,280.83875
2012-06-30 10:00:00,443.7075
2012-06-30 11:00:00,494.80125
2012-06-30 12:00:00,519.39
2012-06-30 13:00:00,523.7025
2012-06-30 14:00:00,521.6225
2012-06-30 15:00:00,518.0025
2012-06-30 16:00:00,485.63375
2012-06-30 17:00:00,515.91125
2012-06-30 18:00:00,499.00625
2012-06-30 19:00:00,437.32
2012-06-30 20:00:00,315.61375
2012-06-30 21:00:00,292.73625
2012-06-30 22:00:00,267.10875
2012-06-30 23:00:00,209.97375
2012-07-20 00:00:00,67.13125
2012-07-20 01:00:00,34.27875
2012-07-20 02:00:00,14.5375
2012-07-20 03:00:00,7.4225
2012-07-20 04:00:00,8.2875
2012-07-20 05:00:00,40.2975
2012-07-20 06:00:00,159.535
2012-07-20 07:00:00,375.60375
2012-07-20 08:00:00,601.74
2012-07-20 09:00:00,347.05125
2012-07-20 10:00:00,226.40375
2012-07-20 11:00:00,233.89
2012-07-20 12:00:00,264.89125
2012-07-20 13:00:00,265.5475
2012-07-20 14:00:00,257.485
2012-07-20 15:00:00,304.36375
2012-07-20 16:00:00,359.19625
2012-07-20 17:00:00,544.62875
2012-07-20 18:00:00,587.82
2012-07-20 19:00:00,324.8825
2012-07-20 20:00:00,159.09625
2012-07-20 21:00:00,227.6225
2012-07-20 22:00:00,196.76125
2012-07-20 23:00:00,173.39125
2012-07-21 00:00:00,156.79375
2012-07-21 01:00:00,109.7875
2012-07-21 02:00:00,70.5525
2012-07-21 03:00:00,27.535
2012-07-21 04:00:00,14.295
2012-07-21 05:00:00,14.88375
2012-07-21 06:00:00,32.05125
2012-07-21 07:00:00,92.75
2012-07-21 08:00:00,205.81625
2012-07-21 09:00:00,287.74
2012-07-21 10:00:00,190.935
2012-07-21 11:00:00,424.8425
2012-07-21 12:00:00,201.705
2012-07-21 13:00:00,190.42875
2012-07-21 14:00:00,371.295
2012-07-21 15:00:00,200.08875
2012-07-21 16:00:00,185.70125
2012-07-21 17:00:00,181.13875
2012-07-21 18:00:00,356.42
2012-07-21 19:00:00,316.32
2012-07-21 20:00:00,165.2175
2012-07-21 21:00:00,203.4275
2012-07-21 22:00:00,182.35
2012-07-21 23:00:00,159.11875
2012-07-22 00:00:00,133.63625
2012-07-22 01:00:00,117.23875
2012-07-22 02:00:00,87.095
2012-07-22 03:00:00,33.935
2012-07-22 04:00:00,15.7725
2012-07-22 05:00:00,15.4375
2012-07-22 06:00:00,23.55625
2012-07-22 07:00:00,83.86375
2012-07-22 08:00:00,157.88875
2012-07-22 09:00:00,270.795
2012-07-22 10:00:00,364.82
2012-07-22 11:00:00,385.86
2012-07-22 12:00:00,415.27125
2012-07-22 13:00:00,417.0875
2012-07-22 14:00:00,395.42625
2012-07-22 15:00:00,390.84
2012-07-22 16:00:00,407.52125
2012-07-22 17:00:00,413.08625
2012-07-22 18:00:00,400.65625
2012-07-22 19:00:00,340.48625
2012-07-22 20:00:00,267.95625
2012-07-22 21:00:00,216.38625
2012-07-22 22:00:00,157.49
2012-07-22 23:00:00,112.65
2012-07-23 00:00:00,44.60125
2012-07-23 01:00:00,17.33375
2012-07-23 02:00:00,8.95375
2012-07-23 03:00:00,6.74375
2012-07-23 04:00:00,8.43625
2012-07-23 05:00:00,42.1075
2012-07-23 06:00:00,151.46625
2012-07-23 07:00:00,458.61625
2012-07-23 08:00:00,619.12375
2012-07-23 09:00:00,325.58125
2012-07-23 10:00:00,184.0175
2012-07-23 11:00:00,230.8625
2012-07-23 12:00:00,268.675
2012-07-23 13:00:00,264.9775
2012-07-23 14:00:00,239.98375
2012-07-23 15:00:00,266.43125
2012-07-23 16:00:00,362.1675
2012-07-23 17:00:00,790.51375
2012-07-23 18:00:00,783.75
2012-07-23 19:00:00,541.04625
2012-07-23 20:00:00,426.585
2012-07-23 21:00:00,299.8275
2012-07-23 22:00:00,231.4625
2012-07-23 23:00:00,132.74125
2012-07-24 00:00:00,54.21875
2012-07-24 01:00:00,20.56625
2012-07-24 02:00:00,9.27625
2012-07-24 03:00:00,5.88625
2012-07-24 04:00:00,7.88125
2012-07-24 05:00:00,43.03375
2012-07-24 06:00:00,169.9225
2012-07-24 07:00:00,493.5625
2012-07-24 08:00:00,606.98125
2012-07-24 09:00:00,310.00625
2012-07-24 10:00:00,178.4925
2012-07-24 11:00:00,199.14125
2012-07-24 12:00:00,257.3475
2012-07-24 13:00:00,243.18875
2012-07-24 14:00:00,226.27
2012-07-24 15:00:00,267.3825
2012-07-24 16:00:00,351.3925
2012-07-24 17:00:00,760.97375
2012-07-24 18:00:00,666.59375
2012-07-24 19:00:00,527.66
2012-07-24 20:00:00,421.01
2012-07-24 21:00:00,303.6725
2012-07-24 22:00:00,241.9475
2012-07-24 23:00:00,137.91625
2012-07-25 00:00:00,48.8475
2012-07-25 01:00:00,23.17125
2012-07-25 02:00:00,8.98125
2012-07-25 03:00:00,6.0825
2012-07-25 04:00:00,7.79
2012-07-25 05:00:00,41.11
2012-07-25 06:00:00,168.26
2012-07-25 07:00:00,443.84875
2012-07-25 08:00:00,681.37875
2012-07-25 09:00:00,319.9025
2012-07-25 10:00:00,196.5425
2012-07-25 11:00:00,240.98125
2012-07-25 12:00:00,297.9875
2012-07-25 13:00:00,274.54
2012-07-25 14:00:00,245.94625
2012-07-25 15:00:00,266.92625
2012-07-25 16:00:00,406.1225
2012-07-25 17:00:00,795.58125
2012-07-25 18:00:00,792.78
2012-07-25 19:00:00,569.40375
2012-07-25 20:00:00,432.72
2012-07-25 21:00:00,339.48875
2012-07-25 22:00:00,270.09375
2012-07-25 23:00:00,147.8775
2012-07-26 00:00:00,62.29875
2012-07-26 01:00:00,22.7625
2012-07-26 02:00:00,9.72625
2012-07-26 03:00:00,6.76
2012-07-26 04:00:00,7.805
2012-07-26 05:00:00,40.61375
2012-07-26 06:00:00,168.35125
2012-07-26 07:00:00,478.26875
2012-07-26 08:00:00,623.05
2012-07-26 09:00:00,327.60625
2012-07-26 10:00:00,192.95125
2012-07-26 11:00:00,213.20625
2012-07-26 12:00:00,267.99
2012-07-26 13:00:00,254.50625
2012-07-26 14:00:00,206.71
2012-07-26 15:00:00,221.6525
2012-07-26 16:00:00,379.085
2012-07-26 17:00:00,719.885
2012-07-26 18:00:00,719.52
2012-07-26 19:00:00,527.495
2012-07-26 20:00:00,435.05
2012-07-26 21:00:00,343.59375
2012-07-26 22:00:00,285.125
2012-07-26 23:00:00,161.43875
2012-07-27 00:00:00,77.10625
2012-07-27 01:00:00,40.6275
2012-07-27 02:00:00,20.145
2012-07-27 03:00:00,7.63375
2012-07-27 04:00:00,8.64625
2012-07-27 05:00:00,38.38875
2012-07-27 06:00:00,162.9075
2012-07-27 07:00:00,442.85625
2012-07-27 08:00:00,664.52625
2012-07-27 09:00:00,344.35375
2012-07-27 10:00:00,244.7225
2012-07-27 11:00:00,277.665
2012-07-27 12:00:00,333.42125
2012-07-27 13:00:00,336.3925
2012-07-27 14:00:00,333.6125
2012-07-27 15:00:00,345.1225
2012-07-27 16:00:00,412.51375
2012-07-27 17:00:00,735.935
2012-07-27 18:00:00,748.08625
2012-07-27 19:00:00,510.99375
2012-07-27 20:00:00,377.66875
2012-07-27 21:00:00,304.7325
2012-07-27 22:00:00,283.585
2012-07-27 23:00:00,195.04375
2012-07-28 00:00:00,165.01375
2012-07-28 01:00:00,117.1375
2012-07-28 02:00:00,88.9925
2012-07-28 03:00:00,34.17125
2012-07-28 04:00:00,15.10125
2012-07-28 05:00:00,16.17125
2012-07-28 06:00:00,36.1225
2012-07-28 07:00:00,91.5875
2012-07-28 08:00:00,170.37625
2012-07-28 09:00:00,277.80125
2012-07-28 10:00:00,443.6325
2012-07-28 11:00:00,513.0975
2012-07-28 12:00:00,538.8925
2012-07-28 13:00:00,542.045
2012-07-28 14:00:00,539.16875
2012-07-28 15:00:00,520.605
2012-07-28 16:00:00,522.7125
2012-07-28 17:00:00,527.37625
2012-07-28 18:00:00,514.73
2012-07-28 19:00:00,374.12625
2012-07-28 20:00:00,252.11375
2012-07-28 21:00:00,259.595
2012-07-28 22:00:00,242.57
2012-07-28 23:00:00,215.9925
2012-07-29 00:00:00,150.63
2012-07-29 01:00:00,118.26875
2012-07-29 02:00:00,92.26
2012-07-29 03:00:00,35.995
2012-07-29 04:00:00,16.45625
2012-07-29 05:00:00,14.70875
2012-07-29 06:00:00,23.5125
2012-07-29 07:00:00,80.51125
2012-07-29 08:00:00,132.3425
2012-07-29 09:00:00,253.88125
2012-07-29 10:00:00,404.4975
2012-07-29 11:00:00,493.12
2012-07-29 12:00:00,535.70625
2012-07-29 13:00:00,534.4875
2012-07-29 14:00:00,535.98375
2012-07-29 15:00:00,538.53125
2012-07-29 16:00:00,522.375
2012-07-29 17:00:00,519.23
2012-07-29 18:00:00,510.7775
2012-07-29 19:00:00,386.47125
2012-07-29 20:00:00,283.695
2012-07-29 21:00:00,219.035
2012-07-29 22:00:00,152.2125
2012-07-29 23:00:00,110.97875
2012-07-30 00:00:00,53.69625
2012-07-30 01:00:00,16.75125
2012-07-30 02:00:00,11.4275
2012-07-30 03:00:00,6.485
2012-07-30 04:00:00,8.82625
2012-07-30 05:00:00,43.78
2012-07-30 06:00:00,152.32625
2012-07-30 07:00:00,468.93
2012-07-30 08:00:00,634.60875
2012-07-30 09:00:00,327.4025
2012-07-30 10:00:00,186.115
2012-07-30 11:00:00,230.82875
2012-07-30 12:00:00,271.99125
2012-07-30 13:00:00,264.13875
2012-07-30 14:00:00,241.83125
2012-07-30 15:00:00,270.7925
2012-07-30 16:00:00,368.3925
2012-07-30 17:00:00,753.39875
2012-07-30 18:00:00,704.78
2012-07-30 19:00:00,545.655
2012-07-30 20:00:00,413.5775
2012-07-30 21:00:00,282.08375
2012-07-30 22:00:00,233.5675
2012-07-30 23:00:00,126.265
2012-07-31 00:00:00,48.29375
2012-07-31 01:00:00,20.7875
2012-07-31 02:00:00,8.96875
2012-07-31 03:00:00,6.5775
2012-07-31 04:00:00,7.88125
2012-07-31 05:00:00,42.70875
2012-07-31 06:00:00,167.385
2012-07-31 07:00:00,435.72125
2012-07-31 08:00:00,629.49125
2012-07-31 09:00:00,326.23
2012-07-31 10:00:00,190.49125
2012-07-31 11:00:00,229.32375
2012-07-31 12:00:00,284.73
2012-07-31 13:00:00,253.00125
2012-07-31 14:00:00,237.58625
2012-07-31 15:00:00,265.865
2012-07-31 16:00:00,354.07625
2012-07-31 17:00:00,813.90875
2012-07-31 18:00:00,760.75
2012-07-31 19:00:00,528.56875
2012-07-31 20:00:00,394.64
2012-07-31 21:00:00,273.49625
2012-07-31 22:00:00,228.66125
2012-07-31 23:00:00,152.89625
2012-08-20 00:00:00,37.33375
2012-08-20 01:00:00,19.12375
2012-08-20 02:00:00,8.535
2012-08-20 03:00:00,6.91875
2012-08-20 04:00:00,9.0175
2012-08-20 05:00:00,41.62875
2012-08-20 06:00:00,153.455
2012-08-20 07:00:00,465.14125
2012-08-20 08:00:00,670.68625
2012-08-20 09:00:00,331.0525
2012-08-20 10:00:00,199.9
2012-08-20 11:00:00,227.64875
2012-08-20 12:00:00,295.72
2012-08-20 13:00:00,288.50625
2012-08-20 14:00:00,255.7025
2012-08-20 15:00:00,274.5825
2012-08-20 16:00:00,445.0625
2012-08-20 17:00:00,833.39
2012-08-20 18:00:00,688.46375
2012-08-20 19:00:00,419.655
2012-08-20 20:00:00,296.23625
2012-08-20 21:00:00,234.06375
2012-08-20 22:00:00,146.99375
2012-08-20 23:00:00,95.04875
2012-08-21 00:00:00,37.4275
2012-08-21 01:00:00,19.19625
2012-08-21 02:00:00,7.315
2012-08-21 03:00:00,6.96125
2012-08-21 04:00:00,7.33
2012-08-21 05:00:00,41.79375
2012-08-21 06:00:00,171.87125
2012-08-21 07:00:00,483.06625
2012-08-21 08:00:00,676.54875
2012-08-21 09:00:00,330.79
2012-08-21 10:00:00,197.605
2012-08-21 11:00:00,237.44875
2012-08-21 12:00:00,298.4775
2012-08-21 13:00:00,295.365
2012-08-21 14:00:00,251.47125
2012-08-21 15:00:00,281.49375
2012-08-21 16:00:00,466.3625
2012-08-21 17:00:00,840.12875
2012-08-21 18:00:00,842.50125
2012-08-21 19:00:00,294.14625
2012-08-21 20:00:00,408.14875
2012-08-21 21:00:00,280.19625
2012-08-21 22:00:00,148.93375
2012-08-21 23:00:00,102.3375
2012-08-22 00:00:00,43.41
2012-08-22 01:00:00,19.78625
2012-08-22 02:00:00,9.585
2012-08-22 03:00:00,7.20375
2012-08-22 04:00:00,7.8075
2012-08-22 05:00:00,39.82
2012-08-22 06:00:00,174.015
2012-08-22 07:00:00,483.9475
2012-08-22 08:00:00,679.11375
2012-08-22 09:00:00,332.01375
2012-08-22 10:00:00,198.00375
2012-08-22 11:00:00,238.7675
2012-08-22 12:00:00,298.77375
2012-08-22 13:00:00,285.84875
2012-08-22 14:00:00,253.05125
2012-08-22 15:00:00,274.7825
2012-08-22 16:00:00,427.74
2012-08-22 17:00:00,816.4125
2012-08-22 18:00:00,793.24375
2012-08-22 19:00:00,542.18875
2012-08-22 20:00:00,414.06625
2012-08-22 21:00:00,301.32
2012-08-22 22:00:00,265.92875
2012-08-22 23:00:00,123.34
2012-08-23 00:00:00,65.8375
2012-08-23 01:00:00,24.1875
2012-08-23 02:00:00,11.67375
2012-08-23 03:00:00,7.04375
2012-08-23 04:00:00,7.68875
2012-08-23 05:00:00,41.5625
2012-08-23 06:00:00,162.09375
2012-08-23 07:00:00,441.3375
2012-08-23 08:00:00,664.98125
2012-08-23 09:00:00,332.31625
2012-08-23 10:00:00,200.46625
2012-08-23 11:00:00,244.7075
2012-08-23 12:00:00,303.74125
2012-08-23 13:00:00,286.87375
2012-08-23 14:00:00,248.42375
2012-08-23 15:00:00,272.53
2012-08-23 16:00:00,430.535
2012-08-23 17:00:00,833.03
2012-08-23 18:00:00,825.99875
2012-08-23 19:00:00,592.08875
2012-08-23 20:00:00,435.65
2012-08-23 21:00:00,324.08
2012-08-23 22:00:00,265.7175
2012-08-23 23:00:00,175.99875
2012-08-24 00:00:00,74.09625
2012-08-24 01:00:00,38.86875
2012-08-24 02:00:00,19.65875
2012-08-24 03:00:00,8.38
2012-08-24 04:00:00,8.03125
2012-08-24 05:00:00,40.61875
2012-08-24 06:00:00,157.0875
2012-08-24 07:00:00,400.62125
2012-08-24 08:00:00,657.36125
2012-08-24 09:00:00,369.465
2012-08-24 10:00:00,252.8325
2012-08-24 11:00:00,283.20375
2012-08-24 12:00:00,361.64375
2012-08-24 13:00:00,359.88875
2012-08-24 14:00:00,359.53875
2012-08-24 15:00:00,357.525
2012-08-24 16:00:00,472.5025
2012-08-24 17:00:00,822.85875
2012-08-24 18:00:00,760.22625
2012-08-24 19:00:00,544.2925
2012-08-24 20:00:00,388.465
2012-08-24 21:00:00,299.085
2012-08-24 22:00:00,260.31125
2012-08-24 23:00:00,204.82625
2012-08-25 00:00:00,161.15125
2012-08-25 01:00:00,123.70375
2012-08-25 02:00:00,101.4925
2012-08-25 03:00:00,34.84
2012-08-25 04:00:00,16.31375
2012-08-25 05:00:00,15.18
2012-08-25 06:00:00,33.3625
2012-08-25 07:00:00,80.62
2012-08-25 08:00:00,185.445
2012-08-25 09:00:00,287.285
2012-08-25 10:00:00,410.01
2012-08-25 11:00:00,442.82875
2012-08-25 12:00:00,552.29125
2012-08-25 13:00:00,565.04375
2012-08-25 14:00:00,361.05375
2012-08-25 15:00:00,318.47
2012-08-25 16:00:00,390.635
2012-08-25 17:00:00,396.35625
2012-08-25 18:00:00,415.5975
2012-08-25 19:00:00,366.1425
2012-08-25 20:00:00,195.165
2012-08-25 21:00:00,219.02375
2012-08-25 22:00:00,188.7275
2012-08-25 23:00:00,171.68875
2012-08-26 00:00:00,146.77125
2012-08-26 01:00:00,122.1225
2012-08-26 02:00:00,92.40125
2012-08-26 03:00:00,37.445
2012-08-26 04:00:00,15.3025
2012-08-26 05:00:00,14.8525
2012-08-26 06:00:00,17.1325
2012-08-26 07:00:00,79.14625
2012-08-26 08:00:00,136.75125
2012-08-26 09:00:00,258.26875
2012-08-26 10:00:00,401.46625
2012-08-26 11:00:00,425.76125
2012-08-26 12:00:00,363.72
2012-08-26 13:00:00,292.0225
2012-08-26 14:00:00,365.11875
2012-08-26 15:00:00,216.7225
2012-08-26 16:00:00,210.855
2012-08-26 17:00:00,336.71625
2012-08-26 18:00:00,345.04625
2012-08-26 19:00:00,304.59875
2012-08-26 20:00:00,227.5225
2012-08-26 21:00:00,188.785
2012-08-26 22:00:00,135.2725
2012-08-26 23:00:00,95.245
2012-08-27 00:00:00,43.30625
2012-08-27 01:00:00,16.83
2012-08-27 02:00:00,8.1975
2012-08-27 03:00:00,6.92125
2012-08-27 04:00:00,8.85625
2012-08-27 05:00:00,41.64875
2012-08-27 06:00:00,152.525
2012-08-27 07:00:00,293.75
2012-08-27 08:00:00,543.06875
2012-08-27 09:00:00,310.72625
2012-08-27 10:00:00,195.675
2012-08-27 11:00:00,226.7325
2012-08-27 12:00:00,289.685
2012-08-27 13:00:00,276.865
2012-08-27 14:00:00,254.21625
2012-08-27 15:00:00,271.29125
2012-08-27 16:00:00,431.565
2012-08-27 17:00:00,835.03375
2012-08-27 18:00:00,833.86125
2012-08-27 19:00:00,585.68625
2012-08-27 20:00:00,434.52125
2012-08-27 21:00:00,289.8275
2012-08-27 22:00:00,233.07
2012-08-27 23:00:00,126.21
2012-08-28 00:00:00,47.5925
2012-08-28 01:00:00,18.90625
2012-08-28 02:00:00,9.52125
2012-08-28 03:00:00,6.4625
2012-08-28 04:00:00,8.1025
2012-08-28 05:00:00,41.92
2012-08-28 06:00:00,166.14875
2012-08-28 07:00:00,317.46625
2012-08-28 08:00:00,607.465
2012-08-28 09:00:00,327.2775
2012-08-28 10:00:00,191.74875
2012-08-28 11:00:00,234.62125
2012-08-28 12:00:00,278.99875
2012-08-28 13:00:00,270.2775
2012-08-28 14:00:00,246.94625
2012-08-28 15:00:00,269.79625
2012-08-28 16:00:00,450.5725
2012-08-28 17:00:00,827.9825
2012-08-28 18:00:00,830.06
2012-08-28 19:00:00,582.15
2012-08-28 20:00:00,428.69375
2012-08-28 21:00:00,306.4375
2012-08-28 22:00:00,235.37
2012-08-28 23:00:00,149.74875
2012-08-29 00:00:00,51.04875
2012-08-29 01:00:00,18.4225
2012-08-29 02:00:00,10.61125
2012-08-29 03:00:00,6.94875
2012-08-29 04:00:00,7.34
2012-08-29 05:00:00,40.2425
2012-08-29 06:00:00,174.24625
2012-08-29 07:00:00,457.955
2012-08-29 08:00:00,709.03125
2012-08-29 09:00:00,337.44875
2012-08-29 10:00:00,195.7575
2012-08-29 11:00:00,242.05625
2012-08-29 12:00:00,299.96375
2012-08-29 13:00:00,298.06125
2012-08-29 14:00:00,252.49
2012-08-29 15:00:00,273.59375
2012-08-29 16:00:00,461.51375
2012-08-29 17:00:00,865.3625
2012-08-29 18:00:00,835.8725
2012-08-29 19:00:00,590.53375
2012-08-29 20:00:00,437.46375
2012-08-29 21:00:00,320.61625
2012-08-29 22:00:00,270.9425
2012-08-29 23:00:00,156.7825
2012-08-30 00:00:00,67.2375
2012-08-30 01:00:00,22.325
2012-08-30 02:00:00,12.65375
2012-08-30 03:00:00,6.82875
2012-08-30 04:00:00,7.60125
2012-08-30 05:00:00,40.4975
2012-08-30 06:00:00,166.87625
2012-08-30 07:00:00,470.3825
2012-08-30 08:00:00,692.975
2012-08-30 09:00:00,331.22
2012-08-30 10:00:00,197.92625
2012-08-30 11:00:00,246.0525
2012-08-30 12:00:00,297.90375
2012-08-30 13:00:00,287.6625
2012-08-30 14:00:00,250.7925
2012-08-30 15:00:00,273.87375
2012-08-30 16:00:00,429.43
2012-08-30 17:00:00,863.15375
2012-08-30 18:00:00,827.76125
2012-08-30 19:00:00,604.495
2012-08-30 20:00:00,449.03125
2012-08-30 21:00:00,325.83625
2012-08-30 22:00:00,258.41625
2012-08-30 23:00:00,162.47875
2012-08-31 00:00:00,73.06625
2012-08-31 01:00:00,36.885
2012-08-31 02:00:00,14.03875
2012-08-31 03:00:00,8.44375
2012-08-31 04:00:00,8.9625
2012-08-31 05:00:00,39.6925
2012-08-31 06:00:00,158.95
2012-08-31 07:00:00,375.00375
2012-08-31 08:00:00,651.24
2012-08-31 09:00:00,352.78
2012-08-31 10:00:00,241.205
2012-08-31 11:00:00,274.9
2012-08-31 12:00:00,344.30875
2012-08-31 13:00:00,342.28
2012-08-31 14:00:00,324.86625
2012-08-31 15:00:00,326.51
2012-08-31 16:00:00,458.8
2012-08-31 17:00:00,832.0925
2012-08-31 18:00:00,788.07
2012-08-31 19:00:00,540.10125
2012-08-31 20:00:00,401.91125
2012-08-31 21:00:00,302.345
2012-08-31 22:00:00,270.36875
2012-08-31 23:00:00,203.515
2012-09-20 00:00:00,55.75
2012-09-20 01:00:00,19.91375
2012-09-20 02:00:00,13.11375
2012-09-20 03:00:00,7.22125
2012-09-20 04:00:00,7.68125
2012-09-20 05:00:00,44.15375
2012-09-20 06:00:00,181.61
2012-09-20 07:00:00,473.67625
2012-09-20 08:00:00,757.99125
2012-09-20 09:00:00,356.99625
2012-09-20 10:00:00,208.04375
2012-09-20 11:00:00,239.4075
2012-09-20 12:00:00,324.32875
2012-09-20 13:00:00,318.68125
2012-09-20 14:00:00,315.49
2012-09-20 15:00:00,329.85
2012-09-20 16:00:00,460.385
2012-09-20 17:00:00,863.92875
2012-09-20 18:00:00,846.6625
2012-09-20 19:00:00,527.72125
2012-09-20 20:00:00,402.4625
2012-09-20 21:00:00,301.825
2012-09-20 22:00:00,224.22
2012-09-20 23:00:00,145.38375
2012-09-21 00:00:00,73.55625
2012-09-21 01:00:00,35.73875
2012-09-21 02:00:00,21.11875
2012-09-21 03:00:00,9.31875
2012-09-21 04:00:00,9.8475
2012-09-21 05:00:00,45.6925
2012-09-21 06:00:00,173.135
2012-09-21 07:00:00,472.89125
2012-09-21 08:00:00,727.43
2012-09-21 09:00:00,353.615
2012-09-21 10:00:00,246.335
2012-09-21 11:00:00,279.72875
2012-09-21 12:00:00,367.2175
2012-09-21 13:00:00,395.485
2012-09-21 14:00:00,387.12125
2012-09-21 15:00:00,387.83875
2012-09-21 16:00:00,508.495
2012-09-21 17:00:00,843.52125
2012-09-21 18:00:00,789.94875
2012-09-21 19:00:00,567.63375
2012-09-21 20:00:00,397.48375
2012-09-21 21:00:00,271.87625
2012-09-21 22:00:00,233.77875
2012-09-21 23:00:00,177.28875
2012-09-22 00:00:00,153.2525
2012-09-22 01:00:00,108.395
2012-09-22 02:00:00,80.135
2012-09-22 03:00:00,31.48625
2012-09-22 04:00:00,19.95625
2012-09-22 05:00:00,20.16625
2012-09-22 06:00:00,34.70375
2012-09-22 07:00:00,90.72375
2012-09-22 08:00:00,193.27
2012-09-22 09:00:00,313.2525
2012-09-22 10:00:00,403.575
2012-09-22 11:00:00,546.3575
2012-09-22 12:00:00,594.5575
2012-09-22 13:00:00,591.48625
2012-09-22 14:00:00,585.97625
2012-09-22 15:00:00,567.485
2012-09-22 16:00:00,561.33625
2012-09-22 17:00:00,554.3375
2012-09-22 18:00:00,522.0675
2012-09-22 19:00:00,427.72
2012-09-22 20:00:00,298.0875
2012-09-22 21:00:00,276.9425
2012-09-22 22:00:00,262.4775
2012-09-22 23:00:00,215.44125
2012-09-23 00:00:00,158.71625
2012-09-23 01:00:00,113.2225
2012-09-23 02:00:00,77.83
2012-09-23 03:00:00,37.91375
2012-09-23 04:00:00,12.905
2012-09-23 05:00:00,12.52625
2012-09-23 06:00:00,21.44125
2012-09-23 07:00:00,96.6775
2012-09-23 08:00:00,138.84
2012-09-23 09:00:00,271.89375
2012-09-23 10:00:00,411.42125
2012-09-23 11:00:00,481.81375
2012-09-23 12:00:00,613.86
2012-09-23 13:00:00,645.705
2012-09-23 14:00:00,625.79125
2012-09-23 15:00:00,624.26625
2012-09-23 16:00:00,617.435
2012-09-23 17:00:00,552.09125
2012-09-23 18:00:00,495.66125
2012-09-23 19:00:00,355.4625
2012-09-23 20:00:00,258.5025
2012-09-23 21:00:00,187.36125
2012-09-23 22:00:00,145.93375
2012-09-23 23:00:00,76.075
2012-09-24 00:00:00,45.09375
2012-09-24 01:00:00,14.71375
2012-09-24 02:00:00,9.535
2012-09-24 03:00:00,5.37
2012-09-24 04:00:00,9.0425
2012-09-24 05:00:00,42.67875
2012-09-24 06:00:00,158.1575
2012-09-24 07:00:00,447.795
2012-09-24 08:00:00,792.64125
2012-09-24 09:00:00,348.8575
2012-09-24 10:00:00,207.09875
2012-09-24 11:00:00,262.25125
2012-09-24 12:00:00,322.9025
2012-09-24 13:00:00,307.2625
2012-09-24 14:00:00,305.76125
2012-09-24 15:00:00,312.94875
2012-09-24 16:00:00,456.31875
2012-09-24 17:00:00,837.8475
2012-09-24 18:00:00,823.74875
2012-09-24 19:00:00,487.33125
2012-09-24 20:00:00,349.90875
2012-09-24 21:00:00,264.165
2012-09-24 22:00:00,150.15875
2012-09-24 23:00:00,97.1325
2012-09-25 00:00:00,43.81
2012-09-25 01:00:00,14.76375
2012-09-25 02:00:00,8.4775
2012-09-25 03:00:00,4.82
2012-09-25 04:00:00,7.63375
2012-09-25 05:00:00,42.0375
2012-09-25 06:00:00,175.185
2012-09-25 07:00:00,450.15875
2012-09-25 08:00:00,773.93375
2012-09-25 09:00:00,351.54625
2012-09-25 10:00:00,203.90375
2012-09-25 11:00:00,236.5025
2012-09-25 12:00:00,309.925
2012-09-25 13:00:00,312.18125
2012-09-25 14:00:00,315.74375
2012-09-25 15:00:00,326.5075
2012-09-25 16:00:00,476.46875
2012-09-25 17:00:00,878.87625
2012-09-25 18:00:00,870.32125
2012-09-25 19:00:00,572.44125
2012-09-25 20:00:00,424.51625
2012-09-25 21:00:00,267.5025
2012-09-25 22:00:00,233.2175
2012-09-25 23:00:00,136.10375
2012-09-26 00:00:00,43.04625
2012-09-26 01:00:00,22.48875
2012-09-26 02:00:00,6.4675
2012-09-26 03:00:00,5.38875
2012-09-26 04:00:00,7.70125
2012-09-26 05:00:00,41.1825
2012-09-26 06:00:00,172.27
2012-09-26 07:00:00,502.02375
2012-09-26 08:00:00,747.30625
2012-09-26 09:00:00,341.9175
2012-09-26 10:00:00,205.65625
2012-09-26 11:00:00,225.83125
2012-09-26 12:00:00,328.17
2012-09-26 13:00:00,318.35
2012-09-26 14:00:00,284.53125
2012-09-26 15:00:00,295.62
2012-09-26 16:00:00,458.52625
2012-09-26 17:00:00,818.52875
2012-09-26 18:00:00,836.3375
2012-09-26 19:00:00,578.62625
2012-09-26 20:00:00,433.39
2012-09-26 21:00:00,307.3375
2012-09-26 22:00:00,242.7275
2012-09-26 23:00:00,111.09625
2012-09-27 00:00:00,65.32875
2012-09-27 01:00:00,21.55375
2012-09-27 02:00:00,12.6475
2012-09-27 03:00:00,7.44
2012-09-27 04:00:00,7.32625
2012-09-27 05:00:00,39.805
2012-09-27 06:00:00,164.61875
2012-09-27 07:00:00,486.2675
2012-09-27 08:00:00,707.75875
2012-09-27 09:00:00,336.48625
2012-09-27 10:00:00,196.4675
2012-09-27 11:00:00,240.72125
2012-09-27 12:00:00,304.34375
2012-09-27 13:00:00,293.62125
2012-09-27 14:00:00,286.655
2012-09-27 15:00:00,297.5725
2012-09-27 16:00:00,462.01
2012-09-27 17:00:00,742.4675
2012-09-27 18:00:00,756.375
2012-09-27 19:00:00,578.575
2012-09-27 20:00:00,413.20875
2012-09-27 21:00:00,252.0175
2012-09-27 22:00:00,162.6175
2012-09-27 23:00:00,120.41125
2012-09-28 00:00:00,64.465
2012-09-28 01:00:00,27.84375
2012-09-28 02:00:00,12.39125
2012-09-28 03:00:00,6.56875
2012-09-28 04:00:00,7.9675
2012-09-28 05:00:00,37.99
2012-09-28 06:00:00,153.01625
2012-09-28 07:00:00,407.4375
2012-09-28 08:00:00,508.2025
2012-09-28 09:00:00,348.81375
2012-09-28 10:00:00,224.065
2012-09-28 11:00:00,277.16375
2012-09-28 12:00:00,395.86
2012-09-28 13:00:00,396.245
2012-09-28 14:00:00,392.97375
2012-09-28 15:00:00,391.35
2012-09-28 16:00:00,516.93375
2012-09-28 17:00:00,820.6825
2012-09-28 18:00:00,837.6325
2012-09-28 19:00:00,518.245
2012-09-28 20:00:00,380.005
2012-09-28 21:00:00,260.8225
2012-09-28 22:00:00,226.1475
2012-09-28 23:00:00,169.98125
2012-09-29 00:00:00,151.19
2012-09-29 01:00:00,108.76
2012-09-29 02:00:00,78.31125
2012-09-29 03:00:00,34.36
2012-09-29 04:00:00,20.6575
2012-09-29 05:00:00,17.46
2012-09-29 06:00:00,34.27375
2012-09-29 07:00:00,101.67625
2012-09-29 08:00:00,197.81625
2012-09-29 09:00:00,301.2675
2012-09-29 10:00:00,410.7225
2012-09-29 11:00:00,490.27875
2012-09-29 12:00:00,642.5675
2012-09-29 13:00:00,644.05875
2012-09-29 14:00:00,625.0275
2012-09-29 15:00:00,593.97375
2012-09-29 16:00:00,590.5525
2012-09-29 17:00:00,595.12375
2012-09-29 18:00:00,482.65
2012-09-29 19:00:00,356.2425
2012-09-29 20:00:00,255.79625
2012-09-29 21:00:00,239.16375
2012-09-29 22:00:00,216.7725
2012-09-29 23:00:00,180.98875
2012-09-30 00:00:00,158.04375
2012-09-30 01:00:00,111.47625
2012-09-30 02:00:00,74.53875
2012-09-30 03:00:00,41.85375
2012-09-30 04:00:00,12.63
2012-09-30 05:00:00,12.00625
2012-09-30 06:00:00,26.85125
2012-09-30 07:00:00,101.79125
2012-09-30 08:00:00,136.0625
2012-09-30 09:00:00,278.41875
2012-09-30 10:00:00,419.65
2012-09-30 11:00:00,554.985
2012-09-30 12:00:00,633.8075
2012-09-30 13:00:00,637.76875
2012-09-30 14:00:00,613.5525
2012-09-30 15:00:00,624.81125
2012-09-30 16:00:00,624.52625
2012-09-30 17:00:00,602.685
2012-09-30 18:00:00,447.89125
2012-09-30 19:00:00,234.41875
2012-09-30 20:00:00,201.26375
2012-09-30 21:00:00,184.73625
2012-09-30 22:00:00,131.4725
2012-09-30 23:00:00,75.40875
2012-10-20 00:00:00,136.215
2012-10-20 01:00:00,108.68
2012-10-20 02:00:00,73.84
2012-10-20 03:00:00,30.83625
2012-10-20 04:00:00,11.96375
2012-10-20 05:00:00,11.14875
2012-10-20 06:00:00,31.075
2012-10-20 07:00:00,121.53
2012-10-20 08:00:00,185.55875
2012-10-20 09:00:00,308.44875
2012-10-20 10:00:00,405.04
2012-10-20 11:00:00,493.84375
2012-10-20 12:00:00,603.865
2012-10-20 13:00:00,625.57125
2012-10-20 14:00:00,624.4925
2012-10-20 15:00:00,603.795
2012-10-20 16:00:00,559.68875
2012-10-20 17:00:00,557.7225
2012-10-20 18:00:00,505.54625
2012-10-20 19:00:00,347.59875
2012-10-20 20:00:00,255.35125
2012-10-20 21:00:00,238.4275
2012-10-20 22:00:00,184.975
2012-10-20 23:00:00,159.9925
2012-10-21 00:00:00,136.0175
2012-10-21 01:00:00,112.0075
2012-10-21 02:00:00,75.08875
2012-10-21 03:00:00,43.15625
2012-10-21 04:00:00,11.53875
2012-10-21 05:00:00,11.29125
2012-10-21 06:00:00,20.13875
2012-10-21 07:00:00,108.7825
2012-10-21 08:00:00,140.48875
2012-10-21 09:00:00,269.425
2012-10-21 10:00:00,398.04625
2012-10-21 11:00:00,472.60375
2012-10-21 12:00:00,558.905
2012-10-21 13:00:00,588.22375
2012-10-21 14:00:00,643.3475
2012-10-21 15:00:00,590.4375
2012-10-21 16:00:00,606.9675
2012-10-21 17:00:00,527.065
2012-10-21 18:00:00,483.11625
2012-10-21 19:00:00,336.4
2012-10-21 20:00:00,250.73
2012-10-21 21:00:00,172.635
2012-10-21 22:00:00,129.965
2012-10-21 23:00:00,94.2525
2012-10-22 00:00:00,41.94625
2012-10-22 01:00:00,14.3775
2012-10-22 02:00:00,9.0225
2012-10-22 03:00:00,5.67125
2012-10-22 04:00:00,8.4875
2012-10-22 05:00:00,35.58875
2012-10-22 06:00:00,153.33375
2012-10-22 07:00:00,373.44375
2012-10-22 08:00:00,764.63875
2012-10-22 09:00:00,350.1175
2012-10-22 10:00:00,214.62375
2012-10-22 11:00:00,267.33125
2012-10-22 12:00:00,319.17875
2012-10-22 13:00:00,308.16
2012-10-22 14:00:00,306.885
2012-10-22 15:00:00,320.79
2012-10-22 16:00:00,487.21
2012-10-22 17:00:00,910.315
2012-10-22 18:00:00,729.59
2012-10-22 19:00:00,484.365
2012-10-22 20:00:00,349.42625
2012-10-22 21:00:00,247.265
2012-10-22 22:00:00,152.73
2012-10-22 23:00:00,96.15875
2012-10-23 00:00:00,39.365
2012-10-23 01:00:00,14.55
2012-10-23 02:00:00,6.87875
2012-10-23 03:00:00,5.52125
2012-10-23 04:00:00,7.5425
2012-10-23 05:00:00,41.425
2012-10-23 06:00:00,170.5175
2012-10-23 07:00:00,444.5725
2012-10-23 08:00:00,772.65
2012-10-23 09:00:00,361.64625
2012-10-23 10:00:00,220.955
2012-10-23 11:00:00,233.5875
2012-10-23 12:00:00,312.92125
2012-10-23 13:00:00,307.83875
2012-10-23 14:00:00,310.805
2012-10-23 15:00:00,319.29625
2012-10-23 16:00:00,473.02125
2012-10-23 17:00:00,887.46375
2012-10-23 18:00:00,865.67875
2012-10-23 19:00:00,566.85875
2012-10-23 20:00:00,412.85875
2012-10-23 21:00:00,261.70375
2012-10-23 22:00:00,181.41625
2012-10-23 23:00:00,98.64125
2012-10-24 00:00:00,45.525
2012-10-24 01:00:00,19.48625
2012-10-24 02:00:00,7.90875
2012-10-24 03:00:00,6.50625
2012-10-24 04:00:00,7.14875
2012-10-24 05:00:00,42.59375
2012-10-24 06:00:00,175.7375
2012-10-24 07:00:00,445.73375
2012-10-24 08:00:00,548.8325
2012-10-24 09:00:00,369.2875
2012-10-24 10:00:00,220.17125
2012-10-24 11:00:00,245.69125
2012-10-24 12:00:00,316.52
2012-10-24 13:00:00,314.28125
2012-10-24 14:00:00,310.33125
2012-10-24 15:00:00,315.2125
2012-10-24 16:00:00,484.1475
2012-10-24 17:00:00,873.9375
2012-10-24 18:00:00,857.58
2012-10-24 19:00:00,566.985
2012-10-24 20:00:00,427.18875
2012-10-24 21:00:00,297.1625
2012-10-24 22:00:00,260.195
2012-10-24 23:00:00,120.18375
2012-10-25 00:00:00,57.635
2012-10-25 01:00:00,23.14
2012-10-25 02:00:00,11.8125
2012-10-25 03:00:00,6.05375
2012-10-25 04:00:00,7.085
2012-10-25 05:00:00,42.1775
2012-10-25 06:00:00,162.55875
2012-10-25 07:00:00,435.645
2012-10-25 08:00:00,549.94125
2012-10-25 09:00:00,363.6
2012-10-25 10:00:00,198.09625
2012-10-25 11:00:00,193.5825
2012-10-25 12:00:00,258.8425
2012-10-25 13:00:00,255.4575
2012-10-25 14:00:00,266.00125
2012-10-25 15:00:00,330.26875
2012-10-25 16:00:00,446.49875
2012-10-25 17:00:00,736.85875
2012-10-25 18:00:00,367.94375
2012-10-25 19:00:00,320.9825
2012-10-25 20:00:00,288.21625
2012-10-25 21:00:00,254.82625
2012-10-25 22:00:00,208.2525
2012-10-25 23:00:00,134.84
2012-10-26 00:00:00,68.2325
2012-10-26 01:00:00,25.7625
2012-10-26 02:00:00,11.2125
2012-10-26 03:00:00,6.64
2012-10-26 04:00:00,7.50375
2012-10-26 05:00:00,40.62125
2012-10-26 06:00:00,153.67125
2012-10-26 07:00:00,410.96625
2012-10-26 08:00:00,511.0775
2012-10-26 09:00:00,363.06125
2012-10-26 10:00:00,216.58
2012-10-26 11:00:00,251.43625
2012-10-26 12:00:00,341.1475
2012-10-26 13:00:00,349.3325
2012-10-26 14:00:00,355.1375
2012-10-26 15:00:00,371.88875
2012-10-26 16:00:00,449.16875
2012-10-26 17:00:00,735.245
2012-10-26 18:00:00,691.97125
2012-10-26 19:00:00,320.81625
2012-10-26 20:00:00,282.12375
2012-10-26 21:00:00,256.18
2012-10-26 22:00:00,200.82375
2012-10-26 23:00:00,161.2275
2012-10-27 00:00:00,144.08
2012-10-27 01:00:00,118.86875
2012-10-27 02:00:00,73.97625
2012-10-27 03:00:00,32.6025
2012-10-27 04:00:00,16.6975
2012-10-27 05:00:00,17.805
2012-10-27 06:00:00,30.95625
2012-10-27 07:00:00,102.29625
2012-10-27 08:00:00,197.73875
2012-10-27 09:00:00,303.80625
2012-10-27 10:00:00,392.9425
2012-10-27 11:00:00,468.82
2012-10-27 12:00:00,618.69375
2012-10-27 13:00:00,639.08625
2012-10-27 14:00:00,606.7325
2012-10-27 15:00:00,466.99375
2012-10-27 16:00:00,480.99
2012-10-27 17:00:00,490.53375
2012-10-27 18:00:00,473.0825
2012-10-27 19:00:00,356.07375
2012-10-27 20:00:00,249.64
2012-10-27 21:00:00,221.5875
2012-10-27 22:00:00,203.8525
2012-10-27 23:00:00,155.8525
2012-10-28 00:00:00,131.625
2012-10-28 01:00:00,109.1075
2012-10-28 02:00:00,79.725
2012-10-28 03:00:00,38.14375
2012-10-28 04:00:00,17.7675
2012-10-28 05:00:00,19.4
2012-10-28 06:00:00,22.5825
2012-10-28 07:00:00,85.645
2012-10-28 08:00:00,142.39375
2012-10-28 09:00:00,265.125
2012-10-28 10:00:00,359.48875
2012-10-28 11:00:00,439.7075
2012-10-28 12:00:00,483.225
2012-10-28 13:00:00,485.54125
2012-10-28 14:00:00,482.85125
2012-10-28 15:00:00,475.09
2012-10-28 16:00:00,312.50625
2012-10-28 17:00:00,240.515
2012-10-28 18:00:00,191.775
2012-10-28 19:00:00,183.31875
2012-10-28 20:00:00,176.74625
2012-10-28 21:00:00,156.2175
2012-10-28 22:00:00,119.38125
2012-10-28 23:00:00,82.19
2012-10-29 00:00:00,32.76625
2012-10-30 13:00:00,162.62625
2012-10-30 14:00:00,162.5375
2012-10-30 15:00:00,197.3825
2012-10-30 16:00:00,242.55875
2012-10-30 17:00:00,373.4175
2012-10-30 18:00:00,412.43375
2012-10-30 19:00:00,496.1975
2012-10-30 20:00:00,249.8325
2012-10-30 21:00:00,185.07875
2012-10-30 22:00:00,131.47125
2012-10-30 23:00:00,96.66875
2012-10-31 00:00:00,32.1825
2012-10-31 01:00:00,15.4125
2012-10-31 02:00:00,6.89125
2012-10-31 03:00:00,5.3225
2012-10-31 04:00:00,7.22625
2012-10-31 05:00:00,33.95375
2012-10-31 06:00:00,144.6775
2012-10-31 07:00:00,330.2
2012-10-31 08:00:00,667.1275
2012-10-31 09:00:00,315.83875
2012-10-31 10:00:00,167.97375
2012-10-31 11:00:00,175.45125
2012-10-31 12:00:00,240.80875
2012-10-31 13:00:00,243.34875
2012-10-31 14:00:00,224.94875
2012-10-31 15:00:00,237.34125
2012-10-31 16:00:00,360.38375
2012-10-31 17:00:00,616.47375
2012-10-31 18:00:00,581.3225
2012-10-31 19:00:00,365.0475
2012-10-31 20:00:00,310.04875
2012-10-31 21:00:00,200.71
2012-10-31 22:00:00,136.44625
2012-10-31 23:00:00,101.7825
2012-11-20 00:00:00,30.8925
2012-11-20 01:00:00,15.98375
2012-11-20 02:00:00,6.265
2012-11-20 03:00:00,4.48625
2012-11-20 04:00:00,8.605
2012-11-20 05:00:00,38.65
2012-11-20 06:00:00,141.4
2012-11-20 07:00:00,340.905
2012-11-20 08:00:00,652.16375
2012-11-20 09:00:00,330.65375
2012-11-20 10:00:00,191.24
2012-11-20 11:00:00,209.7225
2012-11-20 12:00:00,234.27375
2012-11-20 13:00:00,238.28
2012-11-20 14:00:00,221.05
2012-11-20 15:00:00,254.5025
2012-11-20 16:00:00,364.93125
2012-11-20 17:00:00,577.20375
2012-11-20 18:00:00,533.72625
2012-11-20 19:00:00,369.71125
2012-11-20 20:00:00,298.09125
2012-11-20 21:00:00,200.44
2012-11-20 22:00:00,151.35625
2012-11-20 23:00:00,107.15
2012-11-21 00:00:00,33.405
2012-11-21 01:00:00,15.945
2012-11-21 02:00:00,6.69875
2012-11-21 03:00:00,5.62375
2012-11-21 04:00:00,6.2
2012-11-21 05:00:00,31.25875
2012-11-21 06:00:00,136.70375
2012-11-21 07:00:00,325.135
2012-11-21 08:00:00,643.66125
2012-11-21 09:00:00,307.05625
2012-11-21 10:00:00,196.325
2012-11-21 11:00:00,211.1
2012-11-21 12:00:00,241.53125
2012-11-21 13:00:00,246.50625
2012-11-21 14:00:00,269.9825
2012-11-21 15:00:00,274.36125
2012-11-21 16:00:00,358.78125
2012-11-21 17:00:00,594.09375
2012-11-21 18:00:00,532.72625
2012-11-21 19:00:00,359.47125
2012-11-21 20:00:00,269.4125
2012-11-21 21:00:00,201.155
2012-11-21 22:00:00,144.58375
2012-11-21 23:00:00,125.3825
2012-11-22 00:00:00,42.96
2012-11-22 01:00:00,39.44375
2012-11-22 02:00:00,24.17375
2012-11-22 03:00:00,9.26625
2012-11-22 04:00:00,8.6675
2012-11-22 05:00:00,19.6175
2012-11-22 06:00:00,50.5925
2012-11-22 07:00:00,211.63875
2012-11-22 08:00:00,228.77625
2012-11-22 09:00:00,275.03125
2012-11-22 10:00:00,265.05125
2012-11-22 11:00:00,361.50375
2012-11-22 12:00:00,525.13875
2012-11-22 13:00:00,570.4675
2012-11-22 14:00:00,557.77375
2012-11-22 15:00:00,551.48125
2012-11-22 16:00:00,547.60375
2012-11-22 17:00:00,469.81875
2012-11-22 18:00:00,375.88125
2012-11-22 19:00:00,283.21875
2012-11-22 20:00:00,230.62375
2012-11-22 21:00:00,194.7025
2012-11-22 22:00:00,152.85125
2012-11-22 23:00:00,135.4975
2012-11-23 00:00:00,50.41
2012-11-23 01:00:00,23.9625
2012-11-23 02:00:00,11.215
2012-11-23 03:00:00,7.095
2012-11-23 04:00:00,8.43875
2012-11-23 05:00:00,33.11125
2012-11-23 06:00:00,136.59625
2012-11-23 07:00:00,334.3075
2012-11-23 08:00:00,583.3525
2012-11-23 09:00:00,312.1525
2012-11-23 10:00:00,192.80375
2012-11-23 11:00:00,232.57625
2012-11-23 12:00:00,282.20875
2012-11-23 13:00:00,293.56375
2012-11-23 14:00:00,359.0225
2012-11-23 15:00:00,347.71125
2012-11-23 16:00:00,460.96375
2012-11-23 17:00:00,772.39875
2012-11-23 18:00:00,716.3
2012-11-23 19:00:00,418.59125
2012-11-23 20:00:00,335.12
2012-11-23 21:00:00,252.69
2012-11-23 22:00:00,172.4025
2012-11-23 23:00:00,123.05125
2012-11-24 00:00:00,123.70125
2012-11-24 01:00:00,106.54
2012-11-24 02:00:00,61.84125
2012-11-24 03:00:00,19.96625
2012-11-24 04:00:00,8.5725
2012-11-24 05:00:00,7.65125
2012-11-24 06:00:00,20.6125
2012-11-24 07:00:00,98.2825
2012-11-24 08:00:00,168.07125
2012-11-24 09:00:00,216.25
2012-11-24 10:00:00,255.66
2012-11-24 11:00:00,285.20875
2012-11-24 12:00:00,335.6325
2012-11-24 13:00:00,348.78
2012-11-24 14:00:00,343.40125
2012-11-24 15:00:00,342.17875
2012-11-24 16:00:00,336.34375
2012-11-24 17:00:00,306.52125
2012-11-24 18:00:00,288.7325
2012-11-24 19:00:00,252.2525
2012-11-24 20:00:00,196.37875
2012-11-24 21:00:00,145.35875
2012-11-24 22:00:00,125.015
2012-11-24 23:00:00,99.9525
2012-11-25 00:00:00,112.7675
2012-11-25 01:00:00,116.8675
2012-11-25 02:00:00,61.365
2012-11-25 03:00:00,27.9625
2012-11-25 04:00:00,9.3
2012-11-25 05:00:00,8.9125
2012-11-25 06:00:00,17.785
2012-11-25 07:00:00,74.485
2012-11-25 08:00:00,135.3925
2012-11-25 09:00:00,191.5725
2012-11-25 10:00:00,240.84
2012-11-25 11:00:00,275.99
2012-11-25 12:00:00,307.9375
2012-11-25 13:00:00,306.915
2012-11-25 14:00:00,311.83875
2012-11-25 15:00:00,309.52125
2012-11-25 16:00:00,325.3525
2012-11-25 17:00:00,284.505
2012-11-25 18:00:00,240.215
2012-11-25 19:00:00,210.70625
2012-11-25 20:00:00,165.34625
2012-11-25 21:00:00,134.14125
2012-11-25 22:00:00,93.21
2012-11-25 23:00:00,70.9525
2012-11-26 00:00:00,26.65375
2012-11-26 01:00:00,20.40625
2012-11-26 02:00:00,7.755
2012-11-26 03:00:00,5.4
2012-11-26 04:00:00,7.545
2012-11-26 05:00:00,36.2975
2012-11-26 06:00:00,140.9025
2012-11-26 07:00:00,338.9675
2012-11-26 08:00:00,696.34625
2012-11-26 09:00:00,296.94625
2012-11-26 10:00:00,185.41125
2012-11-26 11:00:00,221.02625
2012-11-26 12:00:00,245.63375
2012-11-26 13:00:00,241.61625
2012-11-26 14:00:00,235.0125
2012-11-26 15:00:00,242.8325
2012-11-26 16:00:00,364.88375
2012-11-26 17:00:00,598.4775
2012-11-26 18:00:00,554.21875
2012-11-26 19:00:00,345.465
2012-11-26 20:00:00,272.09875
2012-11-26 21:00:00,198.2625
2012-11-26 22:00:00,132.025
2012-11-26 23:00:00,90.6725
2012-11-27 00:00:00,29.85
2012-11-27 01:00:00,15.78125
2012-11-27 02:00:00,6.11875
2012-11-27 03:00:00,4.67875
2012-11-27 04:00:00,6.89
2012-11-27 05:00:00,32.775
2012-11-27 06:00:00,135.96
2012-11-27 07:00:00,170.485
2012-11-27 08:00:00,466.2775
2012-11-27 09:00:00,295.72375
2012-11-27 10:00:00,139.86375
2012-11-27 11:00:00,150.57875
2012-11-27 12:00:00,177.9875
2012-11-27 13:00:00,180.3125
2012-11-27 14:00:00,177.25875
2012-11-27 15:00:00,207.20375
2012-11-27 16:00:00,308.195
2012-11-27 17:00:00,532.19375
2012-11-27 18:00:00,508.09625
2012-11-27 19:00:00,347.94125
2012-11-27 20:00:00,244.0825
2012-11-27 21:00:00,160.725
2012-11-27 22:00:00,125.4
2012-11-27 23:00:00,88.53125
2012-11-28 00:00:00,27.525
2012-11-28 01:00:00,38.72625
2012-11-28 02:00:00,10.83625
2012-11-28 03:00:00,4.3975
2012-11-28 04:00:00,7.66625
2012-11-28 05:00:00,34.6775
2012-11-28 06:00:00,136.47625
2012-11-28 07:00:00,370.0
2012-11-28 08:00:00,666.1875
2012-11-28 09:00:00,324.17875
2012-11-28 10:00:00,177.4
2012-11-28 11:00:00,190.81375
2012-11-28 12:00:00,218.7975
2012-11-28 13:00:00,234.3625
2012-11-28 14:00:00,227.335
2012-11-28 15:00:00,251.6675
2012-11-28 16:00:00,354.135
2012-11-28 17:00:00,577.84125
2012-11-28 18:00:00,542.63625
2012-11-28 19:00:00,363.2075
2012-11-28 20:00:00,250.41625
2012-11-28 21:00:00,182.2275
2012-11-28 22:00:00,122.985
2012-11-28 23:00:00,86.2475
2012-11-29 00:00:00,31.1975
2012-11-29 01:00:00,23.09625
2012-11-29 02:00:00,6.85875
2012-11-29 04:00:00,6.87875
2012-11-29 05:00:00,34.6775
2012-11-29 06:00:00,141.18125
2012-11-29 07:00:00,348.975
2012-11-29 08:00:00,644.7275
2012-11-29 09:00:00,314.19625
2012-11-29 10:00:00,175.43
2012-11-29 11:00:00,206.5525
2012-11-29 12:00:00,243.325
2012-11-29 13:00:00,243.7775
2012-11-29 14:00:00,230.23625
2012-11-29 15:00:00,258.5375
2012-11-29 16:00:00,353.25125
2012-11-29 17:00:00,589.19125
2012-11-29 18:00:00,549.29125
2012-11-29 19:00:00,366.16625
2012-11-29 20:00:00,260.4675
2012-11-29 21:00:00,162.585
2012-11-29 22:00:00,148.15625
2012-11-29 23:00:00,131.25875
2012-11-30 00:00:00,45.47625
2012-11-30 01:00:00,25.7925
2012-11-30 02:00:00,11.195
2012-11-30 03:00:00,7.44125
2012-11-30 04:00:00,7.77875
2012-11-30 05:00:00,33.26
2012-11-30 06:00:00,135.36125
2012-11-30 07:00:00,330.98125
2012-11-30 08:00:00,631.53
2012-11-30 09:00:00,313.89375
2012-11-30 10:00:00,193.18
2012-11-30 11:00:00,204.45
2012-11-30 12:00:00,267.97125
2012-11-30 13:00:00,272.3375
2012-11-30 14:00:00,261.55875
2012-11-30 15:00:00,265.35
2012-11-30 16:00:00,369.37875
2012-11-30 17:00:00,584.7175
2012-11-30 18:00:00,509.9925
2012-11-30 19:00:00,337.1525
2012-11-30 20:00:00,252.53875
2012-11-30 21:00:00,195.48
2012-11-30 22:00:00,153.5975
2012-11-30 23:00:00,135.83625
2012-12-20 00:00:00,41.32375
2012-12-20 01:00:00,16.61875
2012-12-20 02:00:00,7.2475
2012-12-20 03:00:00,4.6075
2012-12-20 04:00:00,6.68125
2012-12-20 05:00:00,34.3475
2012-12-20 06:00:00,138.16375
2012-12-20 07:00:00,347.125
2012-12-20 08:00:00,697.1425
2012-12-20 09:00:00,303.89
2012-12-20 10:00:00,174.78375
2012-12-20 11:00:00,179.07375
2012-12-20 12:00:00,235.5075
2012-12-20 13:00:00,236.14
2012-12-20 14:00:00,230.175
2012-12-20 15:00:00,246.16
2012-12-20 16:00:00,320.27125
2012-12-20 17:00:00,578.325
2012-12-20 18:00:00,540.10375
2012-12-20 19:00:00,269.13
2012-12-20 20:00:00,217.38
2012-12-20 21:00:00,165.405
2012-12-20 22:00:00,109.65875
2012-12-20 23:00:00,111.4425
2012-12-21 00:00:00,52.56625
2012-12-21 01:00:00,27.555
2012-12-21 02:00:00,12.87375
2012-12-21 03:00:00,7.695
2012-12-21 04:00:00,9.135
2012-12-21 05:00:00,33.53875
2012-12-21 06:00:00,121.12625
2012-12-21 07:00:00,336.58375
2012-12-21 08:00:00,628.53875
2012-12-21 09:00:00,307.26375
2012-12-21 10:00:00,196.3225
2012-12-21 11:00:00,197.1725
2012-12-21 12:00:00,230.23375
2012-12-21 13:00:00,232.725
2012-12-21 14:00:00,231.27125
2012-12-21 15:00:00,241.48375
2012-12-21 16:00:00,307.185
2012-12-21 17:00:00,559.60375
2012-12-21 18:00:00,518.5675
2012-12-21 19:00:00,318.8325
2012-12-21 20:00:00,234.79
2012-12-21 21:00:00,161.8925
2012-12-21 22:00:00,128.79375
2012-12-21 23:00:00,95.59375
2012-12-22 00:00:00,109.85875
2012-12-22 01:00:00,111.82125
2012-12-22 02:00:00,61.39875
2012-12-22 03:00:00,21.905
2012-12-22 04:00:00,9.59125
2012-12-22 05:00:00,7.31875
2012-12-22 06:00:00,20.66875
2012-12-22 07:00:00,98.20375
2012-12-22 08:00:00,162.755
2012-12-22 09:00:00,205.145
2012-12-22 10:00:00,248.3425
2012-12-22 11:00:00,281.99375
2012-12-22 12:00:00,329.29875
2012-12-22 13:00:00,341.3975
2012-12-22 14:00:00,342.6825
2012-12-22 15:00:00,338.2625
2012-12-22 16:00:00,333.6325
2012-12-22 17:00:00,301.24
2012-12-22 18:00:00,278.32625
2012-12-22 19:00:00,248.135
2012-12-22 20:00:00,187.1225
2012-12-22 21:00:00,137.5525
2012-12-22 22:00:00,116.01
2012-12-22 23:00:00,94.04875
2012-12-23 00:00:00,112.51
2012-12-23 01:00:00,114.71125
2012-12-23 02:00:00,63.65625
2012-12-23 03:00:00,33.8925
2012-12-23 04:00:00,11.47375
2012-12-23 05:00:00,7.86625
2012-12-23 06:00:00,16.64
2012-12-23 07:00:00,80.33875
2012-12-23 08:00:00,132.14625
2012-12-23 09:00:00,184.56625
2012-12-23 10:00:00,231.41
2012-12-23 11:00:00,268.8325
2012-12-23 12:00:00,319.23875
2012-12-23 13:00:00,338.675
2012-12-23 14:00:00,373.365
2012-12-23 15:00:00,386.9275
2012-12-23 16:00:00,384.85125
2012-12-23 17:00:00,299.87375
2012-12-23 18:00:00,254.56625
2012-12-23 19:00:00,214.04
2012-12-23 20:00:00,169.68125
2012-12-23 21:00:00,128.0075
2012-12-23 22:00:00,81.11
2012-12-23 23:00:00,74.105
2012-12-24 00:00:00,29.055
2012-12-24 01:00:00,17.74125
2012-12-24 02:00:00,8.0325
2012-12-24 03:00:00,6.18375
2012-12-24 05:00:00,32.9125
2012-12-24 06:00:00,130.91375
2012-12-24 07:00:00,321.8775
2012-12-24 08:00:00,670.07875
2012-12-24 09:00:00,290.49875
2012-12-24 10:00:00,176.6175
2012-12-24 11:00:00,172.54375
2012-12-24 12:00:00,201.53625
2012-12-24 13:00:00,192.1975
2012-12-24 14:00:00,194.805
2012-12-24 15:00:00,212.60125
2012-12-24 16:00:00,249.21125
2012-12-24 17:00:00,426.2475
2012-12-24 18:00:00,452.37125
2012-12-24 19:00:00,307.5675
2012-12-24 20:00:00,223.73
2012-12-24 21:00:00,147.42
2012-12-24 22:00:00,131.25375
2012-12-24 23:00:00,104.47875
2012-12-25 00:00:00,31.4625
2012-12-25 01:00:00,43.155
2012-12-25 02:00:00,22.4275
2012-12-25 04:00:00,7.64125
2012-12-25 05:00:00,16.93
2012-12-25 06:00:00,49.1025
2012-12-25 07:00:00,209.86625
2012-12-25 08:00:00,227.195
2012-12-25 09:00:00,247.025
2012-12-25 10:00:00,236.3675
2012-12-25 11:00:00,263.84
2012-12-25 12:00:00,324.93125
2012-12-25 13:00:00,414.86875
2012-12-25 14:00:00,400.5325
2012-12-25 15:00:00,351.615
2012-12-25 16:00:00,363.095
2012-12-25 17:00:00,329.14375
2012-12-25 18:00:00,323.4725
2012-12-25 19:00:00,296.9725
2012-12-25 20:00:00,226.64625
2012-12-25 21:00:00,162.49
2012-12-25 22:00:00,129.95
2012-12-25 23:00:00,79.175
2012-12-26 00:00:00,31.075
2012-12-26 01:00:00,31.465
2012-12-26 02:00:00,23.96375
2012-12-26 03:00:00,5.85375
2012-12-26 04:00:00,8.145
2012-12-26 05:00:00,33.51375
2012-12-26 06:00:00,124.39625
2012-12-26 07:00:00,185.01875
2012-12-26 08:00:00,348.725
2012-12-26 09:00:00,182.475
2012-12-26 10:00:00,167.805
2012-12-26 11:00:00,171.0175
2012-12-26 12:00:00,189.47625
2012-12-26 13:00:00,187.8325
2012-12-26 14:00:00,192.90875
2012-12-26 15:00:00,205.61125
2012-12-26 16:00:00,233.145
2012-12-26 17:00:00,396.4075
2012-12-26 18:00:00,413.385
2012-12-26 19:00:00,244.47875
2012-12-26 20:00:00,213.5925
2012-12-26 21:00:00,155.27125
2012-12-26 22:00:00,97.4275
2012-12-26 23:00:00,80.35625
2012-12-27 00:00:00,30.105
2012-12-27 01:00:00,15.71625
2012-12-27 02:00:00,20.935
2012-12-27 03:00:00,4.98625
2012-12-27 04:00:00,7.82875
2012-12-27 05:00:00,32.725
2012-12-27 06:00:00,118.65125
2012-12-27 07:00:00,351.87625
2012-12-27 08:00:00,641.2325
2012-12-27 09:00:00,327.1925
2012-12-27 10:00:00,178.23625
2012-12-27 11:00:00,181.06375
2012-12-27 12:00:00,215.85125
2012-12-27 13:00:00,215.7525
2012-12-27 14:00:00,206.6775
2012-12-27 15:00:00,216.56125
2012-12-27 16:00:00,306.42625
2012-12-27 17:00:00,565.0825
2012-12-27 18:00:00,538.76375
2012-12-27 19:00:00,330.24125
2012-12-27 20:00:00,239.78375
2012-12-27 21:00:00,152.84375
2012-12-27 22:00:00,126.4925
2012-12-27 23:00:00,93.81875
2012-12-28 00:00:00,44.5675
2012-12-28 01:00:00,24.85375
2012-12-28 02:00:00,13.93
2012-12-28 03:00:00,6.45125
2012-12-28 04:00:00,7.7325
2012-12-28 05:00:00,32.6925
2012-12-28 06:00:00,123.49
2012-12-28 07:00:00,338.09
2012-12-28 08:00:00,629.9175
2012-12-28 09:00:00,315.85
2012-12-28 10:00:00,192.93375
2012-12-28 11:00:00,196.7625
2012-12-28 12:00:00,231.04875
2012-12-28 13:00:00,233.0175
2012-12-28 14:00:00,229.6275
2012-12-28 15:00:00,247.12625
2012-12-28 16:00:00,322.57375
2012-12-28 17:00:00,577.8075
2012-12-28 18:00:00,490.38375
2012-12-28 19:00:00,327.3375
2012-12-28 20:00:00,233.97625
2012-12-28 21:00:00,149.24
2012-12-28 22:00:00,127.73
2012-12-28 23:00:00,105.13875
2012-12-29 00:00:00,113.89875
2012-12-29 01:00:00,108.2975
2012-12-29 02:00:00,63.415
2012-12-29 03:00:00,27.42875
2012-12-29 04:00:00,8.97625
2012-12-29 05:00:00,8.2225
2012-12-29 06:00:00,19.20125
2012-12-29 07:00:00,86.6475
2012-12-29 08:00:00,142.31625
2012-12-29 09:00:00,196.2575
2012-12-29 10:00:00,199.02625
2012-12-29 11:00:00,219.18875
2012-12-29 12:00:00,228.10375
2012-12-29 13:00:00,228.57375
2012-12-29 14:00:00,294.9375
2012-12-29 15:00:00,294.06875
2012-12-29 16:00:00,305.385
2012-12-29 17:00:00,283.7375
2012-12-29 18:00:00,275.41375
2012-12-29 19:00:00,251.155
2012-12-29 20:00:00,198.905
2012-12-29 21:00:00,142.1225
2012-12-29 22:00:00,119.22125
2012-12-29 23:00:00,105.155
2012-12-30 00:00:00,113.8925
2012-12-30 01:00:00,110.9475
2012-12-30 02:00:00,64.0725
2012-12-30 03:00:00,28.59625
2012-12-30 04:00:00,9.76375
2012-12-30 05:00:00,7.7975
2012-12-30 06:00:00,16.67875
2012-12-30 07:00:00,83.29375
2012-12-30 08:00:00,138.5375
2012-12-30 09:00:00,185.84375
2012-12-30 10:00:00,237.7975
2012-12-30 11:00:00,268.12625
2012-12-30 12:00:00,315.9075
2012-12-30 13:00:00,317.62125
2012-12-30 14:00:00,322.43125
2012-12-30 15:00:00,316.3325
2012-12-30 16:00:00,313.58125
2012-12-30 17:00:00,275.8725
2012-12-30 18:00:00,240.5125
2012-12-30 19:00:00,208.1075
2012-12-30 20:00:00,166.00375
2012-12-30 21:00:00,105.08125
2012-12-30 22:00:00,78.12125
2012-12-30 23:00:00,58.80625
2012-12-31 00:00:00,27.40625
2012-12-31 01:00:00,20.71875
2012-12-31 02:00:00,8.53375
2012-12-31 03:00:00,6.13625
2012-12-31 04:00:00,8.51125
2012-12-31 05:00:00,35.08
2012-12-31 06:00:00,126.945
2012-12-31 07:00:00,328.5525
2012-12-31 08:00:00,624.25625
2012-12-31 09:00:00,289.08
2012-12-31 10:00:00,170.385
2012-12-31 11:00:00,172.40625
2012-12-31 12:00:00,194.6075
2012-12-31 13:00:00,199.10125
2012-12-31 14:00:00,199.165
2012-12-31 15:00:00,213.31375
2012-12-31 16:00:00,324.6925
2012-12-31 17:00:00,567.44875
2012-12-31 18:00:00,510.865
2012-12-31 19:00:00,346.76125
2012-12-31 20:00:00,241.97
2012-12-31 21:00:00,154.52875
2012-12-31 22:00:00,116.29
2012-12-31 23:00:00,74.35625
